Coin on file:	ADA
Created by:	chris
Created on:	09/18/2021T03:00:1631948402Z

Recorded,Currency,Open,High,Low,Volume,Last,Volume30day
2021-09-18T03:00:02.659Z,-USD,000002.406,00002.4418,00002.3118,66436818.95,00002.3573,4061109027.13
2021-09-18T04:00:01.983Z,-USD,0000002.42,00002.4418,00002.3118,66590610.58,00002.3742,4063257332.44
2021-09-18T05:00:02.052Z,-USD,00002.4328,00002.4418,00002.3118,66788847.7,00002.3924,4065796976.89
2021-09-18T06:00:02.083Z,-USD,00002.4274,00002.4324,00002.3118,66624760.84,00002.4074,4067523989.74
2021-09-18T07:00:02.385Z,-USD,00002.4258,00002.4324,00002.3118,67603746.48,00002.3969,4069841772.73
2021-09-18T08:00:02.626Z,-USD,00002.4047,00002.4235,00002.3118,67936286.02,00002.3969,4071538275.53
2021-09-18T09:00:01.852Z,-USD,00002.4151,000002.421,00002.3118,68009347.59,00002.3993,4073140812.46
2021-09-18T10:00:01.968Z,-USD,00002.3926,00002.4148,00002.3118,67013787.3,00002.4003,4074455169.93
2021-09-18T11:00:02.344Z,-USD,00002.3644,00002.4395,00002.3118,64419988.83,00002.4141,4077618673.23
2021-09-18T12:00:02.46Z,-USD,00002.3641,00002.4395,00002.3118,64087794.61,00002.3934,4080616322.64
2021-09-18T13:00:02.675Z,-USD,00002.3894,00002.4395,00002.3118,62353318.72,00002.3944,4082976142.85
2021-09-18T14:00:01.88Z,-USD,00002.3592,00002.4395,00002.3118,60595545.9,00002.4004,4084967898.05
2021-09-18T14:27:57.952Z,-USD,00002.3782,00002.4395,00002.3118,58603527.35,00002.4017,4085970746.6
2021-09-18T14:28:37.246Z,-USD,00002.3782,00002.4395,00002.3118,58633612.83,00002.4019,4086000832.08
2021-09-18T14:31:17.504Z,-USD,00002.3782,00002.4395,00002.3118,58742684.42,00002.4023,4086109903.67
2021-09-18T15:00:02.118Z,-USD,00002.3782,00002.4395,00002.3118,59490211.3,00002.3961,4086857430.55
2021-09-18T16:00:02.322Z,-USD,00002.3695,00002.4395,00002.3118,58922695.75,00002.3932,4089048527.37
2021-09-18T17:00:02.107Z,-USD,00002.3812,00002.4395,00002.3118,59433672.58,000002.376,4091916880.83
2021-09-18T18:00:07.221Z,-USD,000002.357,00002.4395,00002.3118,59706756.71,000002.381,4094415224.19
2021-09-18T19:00:01.787Z,-USD,000002.352,00002.4395,00002.3118,56358831.58,00002.3724,4096634661.37
2021-09-18T20:00:02.515Z,-USD,00002.3652,00002.4395,00002.3118,55589930.2,00002.3833,4098112902.55
2021-09-18T21:00:02.121Z,-USD,00002.3363,00002.4395,00002.3118,55019309.2,00002.3672,4100043241.62
2021-09-18T22:00:02.335Z,-USD,00002.3527,00002.4395,00002.3118,53001319.93,00002.3583,4101570482.83
2021-09-18T23:00:01.768Z,-USD,00002.3339,00002.4395,00002.3118,52286229.39,00002.3633,4103268270.87
2021-09-19T00:00:02.394Z,-USD,00002.3512,00002.4395,00002.3118,52464541.04,00002.3716,4105356619.14
2021-09-19T01:00:02.002Z,-USD,00002.3444,00002.4395,00002.3352,50980333.54,00002.3531,3893436782.69
2021-09-19T02:00:02.019Z,-USD,00002.3624,00002.4395,00002.3374,50134914.74,00002.3624,3895486843.24
2021-09-19T03:00:02.664Z,-USD,00002.3575,00002.4395,00002.3374,49152644.67,00002.3642,3896410089.03
2021-09-19T04:00:02.654Z,-USD,00002.3738,00002.4395,00002.3374,48031167.38,00002.3497,3897439664.48
2021-09-19T05:00:02.407Z,-USD,00002.3937,00002.4395,00002.3374,46105448.67,00002.3539,3898053790.02
2021-09-19T06:00:02.187Z,-USD,00002.4075,00002.4395,00002.3374,44940210.86,00002.3664,3898608643.6
2021-09-19T07:00:02.005Z,-USD,00002.3971,00002.4395,00002.3374,43440522.49,00002.3827,3899421020.09
2021-09-19T08:00:02.143Z,-USD,00002.3977,00002.4395,00002.3374,42762488.36,00002.3754,3900439668.16
2021-09-19T09:00:01.925Z,-USD,00002.3985,00002.4395,00002.3374,41864275.32,00002.3886,3901143839.08
2021-09-19T10:00:01.868Z,-USD,00002.4007,00002.4395,00002.3374,41471988.4,00002.3798,3902066760.73
2021-09-19T11:00:02.48Z,-USD,00002.4154,00002.4242,00002.3374,39052740.34,00002.3655,3902813540.64
2021-09-19T12:00:02.523Z,-USD,00002.3947,000002.408,00002.3235,38606664.59,00002.3292,3905389044.38
2021-09-19T13:00:02.684Z,-USD,00002.3925,00002.4059,00002.3216,38808326.85,00002.3344,3907924783.74
2021-09-19T14:00:02.607Z,-USD,00002.4013,00002.4045,00002.3216,38320485.2,00002.3504,3909458754.01
2021-09-19T15:00:02.684Z,-USD,000002.396,00002.4045,00002.3216,37799546.27,00002.3593,3910820635.83
2021-09-19T16:00:02.634Z,-USD,00002.3926,00002.3987,00002.3216,37136462.44,000002.359,3912350229.13
2021-09-19T17:00:02.62Z,-USD,00002.3767,00002.3969,00002.3216,35882278.34,00002.3442,3913941122.76
2021-09-19T18:00:01.7Z,-USD,00002.3811,00002.3969,00002.3216,35230056.4,00002.3416,3915788530.69
2021-09-19T19:00:01.839Z,-USD,00002.3718,00002.3969,00002.3216,34619965.64,00002.3454,3917394518.94
2021-09-19T20:00:01.841Z,-USD,000002.385,00002.3969,00002.3211,35183879.88,00002.3213,3919444089.11
2021-09-19T21:00:02.299Z,-USD,00002.3661,00002.3969,000002.301,37851634.07,00002.3266,3924069576.18
2021-09-19T22:00:02.24Z,-USD,00002.3581,00002.3969,00002.2813,41359830.43,00002.3071,3929078689.09
2021-09-19T23:00:02.396Z,-USD,00002.3641,00002.3969,00002.2611,45389804.46,00002.2704,3934800684.36
2021-09-20T00:00:01.696Z,-USD,000002.371,00002.3969,00002.2611,46813660.94,00002.2829,3938314529.82
2021-09-20T01:00:01.876Z,-USD,00002.3524,00002.3969,00002.2051,54805036.2,00002.2263,3864105411.32
2021-09-20T02:00:02.151Z,-USD,00002.3644,00002.3969,00002.2051,56854306.0,00002.2623,3868173533.68
2021-09-20T03:00:02.274Z,-USD,00002.3644,00002.3969,000002.157,66489427.38,00002.1783,3878738704.37
2021-09-20T04:00:02.153Z,-USD,00002.3506,00002.3969,00002.1231,76307510.12,00002.1702,3889580598.73
2021-09-20T05:00:01.965Z,-USD,00002.3542,00002.3969,00002.1173,84011208.54,00002.1786,3897903635.06
2021-09-20T06:00:01.919Z,-USD,00002.3652,00002.3969,00002.1173,88213407.71,00002.1897,3902660198.15
2021-09-20T07:00:02.042Z,-USD,00002.3829,00002.3969,00002.1173,91098612.54,00002.1638,3906391690.32
2021-09-20T08:00:02.121Z,-USD,00002.3751,00002.3969,00002.1029,98087172.82,00002.1167,3914362781.83
2021-09-20T09:00:01.892Z,-USD,00002.3908,00002.3969,00002.1029,101110343.49,00002.1513,3918087424.44
2021-09-20T10:00:01.701Z,-USD,00002.3796,00002.3834,00002.1029,103603709.78,00002.1309,3921503385.19
2021-09-20T11:00:02.361Z,-USD,00002.3662,00002.3759,00002.1029,109471012.21,00002.1114,3928126822.81
2021-09-20T12:00:02.361Z,-USD,00002.3281,00002.3759,00002.0258,126589673.88,00002.0612,3947824481.65
2021-09-20T13:00:02.403Z,-USD,00002.3353,00002.3759,000001.977,148866333.13,00002.0896,3972634339.71
2021-09-20T14:00:02.73Z,-USD,00002.3509,00002.3759,000001.977,163968597.7,00002.1829,3989264989.18
2021-09-20T15:00:01.832Z,-USD,00002.3581,00002.3759,000001.977,170910598.61,00002.1549,3997567689.82
2021-09-20T16:00:02.357Z,-USD,00002.3586,000002.365,000001.977,177657017.45,000002.155,4005841610.01
2021-09-20T17:00:02.536Z,-USD,000002.343,00002.3579,000001.977,183319017.5,00002.1458,4013095915.05
2021-09-20T18:00:02.544Z,-USD,00002.3415,00002.3571,000001.977,187285631.71,00002.1602,4018919694.17
2021-09-20T19:00:02.469Z,-USD,00002.3457,00002.3496,000001.977,197541419.12,00002.0723,4030767758.05
2021-09-20T20:00:02.434Z,-USD,00002.3216,00002.3436,000001.977,209817785.94,000002.113,4045098297.62
2021-09-20T21:00:02.46Z,-USD,00002.3258,00002.3436,000001.977,215475425.94,00002.0839,4055380214.1
2021-09-20T22:00:02.44Z,-USD,00002.3065,00002.3252,000001.977,217070991.16,000002.094,4061986384.45
2021-09-20T23:00:02.52Z,-USD,00002.2718,000002.295,000001.977,219812866.2,00002.1101,4070464279.91
2021-09-21T00:00:02.956Z,-USD,00002.2835,00002.2928,000001.977,222991839.11,00002.0775,4077145512.64
2021-09-21T01:00:02.191Z,-USD,00002.2265,00002.2649,00001.9716,230539450.6,00002.0157,3957097755.07
2021-09-21T02:00:01.777Z,-USD,00002.2614,00002.2618,00001.9716,236490459.79,000002.126,3967099714.23
2021-09-21T03:00:02.103Z,-USD,00002.1731,00002.1989,00001.9716,234033287.9,00002.1436,3975277153.41
2021-09-21T04:00:02.34Z,-USD,00002.1657,00002.1989,00001.9716,227633130.56,00002.0937,3979667306.42
2021-09-21T05:00:02.612Z,-USD,00002.1773,00002.1989,00001.9716,224057908.49,00002.0692,3984398236.39
2021-09-21T06:00:02.518Z,-USD,00002.1885,00002.1925,00001.9716,223907859.83,00002.0759,3989060733.75
2021-09-21T07:00:02.272Z,-USD,00002.1636,00002.1877,00001.9716,223623453.2,00002.1159,3992449805.08
2021-09-21T08:00:02.419Z,-USD,00002.1193,00002.1877,00001.9716,219122046.81,000002.138,3995938170.81
2021-09-21T09:00:02.545Z,-USD,00002.1488,00002.1877,00001.9716,218914666.5,00002.1392,3999437563.47
2021-09-21T10:00:02.395Z,-USD,00002.1307,00002.1877,00001.9716,218199264.5,00002.1206,4002139772.39
2021-09-21T11:00:02.6Z,-USD,00002.1119,00002.1877,00001.9716,217164686.73,00002.1566,4007746086.51
2021-09-21T12:00:02.507Z,-USD,00002.0589,00002.1877,00001.9716,203123149.05,00002.1688,4013445961.04
2021-09-21T13:00:02.679Z,-USD,00002.0939,000002.229,00001.9716,192140902.87,00002.1829,4027373594.6
2021-09-21T14:00:01.857Z,-USD,00002.1796,000002.229,00001.9716,180880152.49,00002.1606,4032671900.05
2021-09-21T15:00:02.144Z,-USD,00002.1541,000002.229,00001.9716,180793776.04,00002.1094,4040808508.71
2021-09-21T16:00:02.617Z,-USD,00002.1525,000002.229,00001.9716,176806819.87,00002.1318,4045126393.85
2021-09-21T17:00:03.462Z,-USD,00002.1452,000002.229,00001.9716,174986629.1,00002.0808,4050555694.11
2021-09-21T18:00:01.824Z,-USD,00002.1617,000002.229,00001.9716,177096989.99,00002.0552,4058459417.09
2021-09-21T19:00:02.438Z,-USD,00002.0715,000002.229,00001.9716,172024784.66,00002.0601,4065271034.76
2021-09-21T20:00:02.298Z,-USD,00002.1152,000002.229,00001.9716,163835538.38,000002.044,4071390822.5
2021-09-21T21:00:01.766Z,-USD,00002.0828,000002.229,00001.9716,167655075.22,00001.9857,4085528526.84
2021-09-21T22:00:02.225Z,-USD,00002.0946,000002.229,00001.9111,183224498.61,00002.0273,4107703093.35
2021-09-21T23:00:02.124Z,-USD,00002.1105,000002.229,00001.9111,184711109.48,00001.9746,4117618850.67
2021-09-22T00:00:02.323Z,-USD,000002.082,000002.229,00001.9111,187373020.46,00001.9827,4126960634.94
2021-09-22T01:00:02.686Z,-USD,00002.0166,000002.229,00001.9111,177786845.11,00001.9957,3928760762.86
2021-09-22T02:00:01.838Z,-USD,000002.122,000002.229,00001.9111,175787919.02,00002.0532,3936763518.75
2021-09-22T03:00:02.496Z,-USD,00002.1403,000002.229,00001.9111,171549251.64,00002.0439,3940806830.92
2021-09-22T04:00:01.855Z,-USD,00002.0972,000002.229,00001.9111,172345907.51,000002.052,3945863586.96
2021-09-22T05:00:01.961Z,-USD,00002.0691,000002.229,00001.9111,172114705.07,00002.0233,3950362581.24
2021-09-22T06:00:02.356Z,-USD,00002.0764,000002.229,00001.9111,170801297.46,00002.0558,3953712121.12
2021-09-22T07:00:02.359Z,-USD,000002.118,000002.229,00001.9111,170633342.79,00002.0934,3956930511.39
2021-09-22T08:00:02.458Z,-USD,00002.1406,000002.229,00001.9111,172721883.35,00002.1476,3962549443.68
2021-09-22T09:00:03.657Z,-USD,00002.1389,000002.229,00001.9111,172816808.57,00002.1142,3966098899.61
2021-09-22T10:00:01.805Z,-USD,00002.1194,000002.229,00001.9111,173790064.94,00002.1411,3969798133.2
2021-09-22T11:00:02.368Z,-USD,00002.1566,000002.229,00001.9111,172142546.71,00002.1114,3973736542.85
2021-09-22T12:00:02.378Z,-USD,00002.1741,000002.229,00001.9111,170679973.98,00002.0934,3978036834.58
2021-09-22T13:00:02.638Z,-USD,00002.1776,00002.1903,00001.9111,161845724.27,00002.1103,3983217909.43
2021-09-22T14:00:01.835Z,-USD,00002.1607,00002.1659,00001.9111,162148838.92,00002.1196,3988671067.52
2021-09-22T15:00:01.945Z,-USD,000002.109,00002.1573,00001.9111,160427346.21,00002.1281,3995149151.76
2021-09-22T16:00:02.268Z,-USD,00002.1361,00002.1917,00001.9111,164717990.76,00002.1881,4003711174.42
2021-09-22T17:00:02.156Z,-USD,00002.0788,00002.2122,00001.9111,167073907.89,00002.2098,4011503337.19
2021-09-22T18:00:02.557Z,-USD,00002.0543,00002.2174,00001.9111,164648683.13,00002.1822,4017005122.63
2021-09-22T19:00:02.158Z,-USD,00002.0579,00002.2562,00001.9111,170693926.09,00002.1998,4029820985.13
2021-09-22T20:00:02.676Z,-USD,00002.0407,00002.2562,00001.9111,172179591.87,00002.2163,4037466233.84
2021-09-22T21:00:01.933Z,-USD,000001.989,00002.2562,00001.9111,163919043.87,00002.2493,4043367003.44
2021-09-22T22:00:02.514Z,-USD,00002.0252,00002.2562,00001.9642,145869527.11,00002.2286,4047453001.75
2021-09-22T23:00:02.005Z,-USD,00001.9802,00002.2562,00001.9642,140071873.97,00002.2398,4051568663.24
2021-09-23T00:00:03.545Z,-USD,00001.9873,00002.2697,00001.9682,134977648.46,00002.2578,4055803978.19
2021-09-23T01:00:02.49Z,-USD,00001.9982,00002.2697,00001.9821,131667816.85,00002.2256,3844960364.34
2021-09-23T02:00:02.357Z,-USD,000002.057,00002.2697,00002.0159,127726896.02,00002.2425,3849016170.38
2021-09-23T03:00:02.712Z,-USD,00002.0403,00002.2697,00002.0159,126295399.32,00002.2453,3851616299.95
2021-09-23T04:00:01.926Z,-USD,00002.0483,00002.2914,00002.0159,128133466.55,00002.2902,3858513021.17
2021-09-23T05:00:02.221Z,-USD,00002.0266,00002.2914,00002.0266,127156157.65,00002.2696,3862043095.19
2021-09-23T06:00:02.32Z,-USD,00002.0587,00002.2914,00002.0342,127220161.79,00002.2602,3865470835.45
2021-09-23T07:00:03.134Z,-USD,00002.0961,00002.2914,000002.077,125718345.59,00002.2728,3867305184.5
2021-09-23T08:00:02.122Z,-USD,00002.1449,00002.2914,000002.077,122521254.99,00002.2714,3869598504.45
2021-09-23T09:00:02.3Z,-USD,00002.1128,00002.2914,000002.077,121179089.91,00002.2281,3871790050.05
2021-09-23T10:00:02.464Z,-USD,00002.1429,00002.2914,000002.077,119841621.8,00002.2384,3874156392.25
2021-09-23T11:00:05.825Z,-USD,0000002.11,00002.2914,000002.077,119136595.19,00002.2202,3877395875.92
2021-09-23T12:00:02.063Z,-USD,00002.0911,00002.2914,00002.0865,117588498.17,00002.1974,3880162151.58
2021-09-23T13:00:02.551Z,-USD,00002.1105,00002.2914,00000002.1,115792704.85,00002.2051,3883539196.85
2021-09-23T14:00:01.849Z,-USD,00002.1193,00002.2914,00002.1109,113844104.37,00002.2382,3887043849.28
2021-09-23T15:00:02.469Z,-USD,00002.1274,00002.2914,00002.1274,110533795.96,00002.2468,3890198896.24
2021-09-23T16:00:01.835Z,-USD,0000002.19,00002.2914,000002.163,104630767.12,00002.2151,3892879565.74
2021-09-23T17:00:02.388Z,-USD,00002.2094,00002.2914,000002.163,99224772.18,00002.2176,3895257899.99
2021-09-23T18:00:01.982Z,-USD,00002.1836,00002.2914,00002.1744,99523080.28,00002.2598,3901053516.96
2021-09-23T19:00:01.805Z,-USD,00002.1977,00002.2914,00002.1813,89784354.77,00002.2673,3904151169.26
2021-09-23T20:00:02.516Z,-USD,00002.2173,00002.2914,00002.1813,84310399.55,00002.2679,3906324024.58
2021-09-23T21:00:02.25Z,-USD,00002.2479,00002.2914,00002.1813,81697102.74,00002.2516,3909639217.71
2021-09-23T22:00:02.175Z,-USD,00002.2286,00002.2914,00002.1813,79744306.74,00002.2513,3911714075.74
2021-09-23T23:00:01.951Z,-USD,00002.2381,00002.2914,00002.1813,78855391.88,00002.2612,3914947866.75
2021-09-24T00:00:02.48Z,-USD,00002.2579,00002.3478,00002.1813,81732941.74,000002.331,3922064095.28
2021-09-24T01:00:02.228Z,-USD,00002.2274,00002.3478,00002.1813,82483804.16,000002.298,3801239645.02
2021-09-24T02:00:02.084Z,-USD,00002.2437,00002.3478,00002.1813,82658506.81,00002.3078,3805471994.41
2021-09-24T03:00:01.973Z,-USD,00002.2436,00002.3478,00002.1813,84269562.95,00002.2925,3809672931.68
2021-09-24T04:00:02.45Z,-USD,00002.2904,00002.3478,00002.1813,80551678.52,00002.2842,3812861362.62
2021-09-24T05:00:02.206Z,-USD,00002.2692,00002.3478,00002.1813,80121988.43,00002.2823,3815951334.75
2021-09-24T06:00:02.643Z,-USD,0000002.26,00002.3478,00002.1813,80129990.35,00002.2658,3819388587.47
2021-09-24T07:00:02.623Z,-USD,00002.2769,00002.3478,00002.1813,80327574.72,00002.2505,3821428277.57
2021-09-24T08:00:01.884Z,-USD,00002.2726,00002.3478,00002.1813,81775526.23,00002.3099,3825178872.57
2021-09-24T09:00:02.126Z,-USD,00002.2273,00002.3478,00002.1813,81964239.9,00002.2927,3827540855.89
2021-09-24T10:00:02.248Z,-USD,00002.2368,00002.3478,0000002.14,96320451.15,00002.1401,3844268279.83
2021-09-24T11:00:02.663Z,-USD,00002.2169,00002.3478,00002.1173,106419248.6,00002.1368,3857604156.43
2021-09-24T12:00:02.133Z,-USD,00002.2004,00002.3478,00002.0636,126787033.36,00002.2736,3880763611.28
2021-09-24T13:00:02.817Z,-USD,00002.2055,00002.3478,00002.0636,136479154.57,00002.1503,3893814389.39
2021-09-24T14:00:02.591Z,-USD,00002.2379,00002.3478,00002.0636,142848634.57,00002.2138,3903683381.2
2021-09-24T15:00:02.124Z,-USD,000002.248,00002.3478,00002.0636,147391567.37,00002.2324,3911377846.36
2021-09-24T16:00:01.961Z,-USD,00002.2134,00002.3478,00002.0636,148850168.65,00002.2079,3915519554.46
2021-09-24T17:00:02.316Z,-USD,00002.2183,00002.3478,00002.0636,151684733.94,00002.2466,3920728649.55
2021-09-24T18:00:02.431Z,-USD,00002.2625,00002.3478,00002.0636,150226672.7,00002.2085,3925082307.95
2021-09-24T19:00:02.41Z,-USD,00002.2677,00002.3478,00002.0636,150561848.34,00002.2332,3928498589.62
2021-09-24T20:00:01.732Z,-USD,00002.2676,00002.3478,00002.0636,153129733.79,00002.2618,3933268284.69
2021-09-24T21:00:02.101Z,-USD,00002.2526,00002.3478,00002.0636,155076754.09,000002.286,3938521989.06
2021-09-24T22:00:02.204Z,-USD,00002.2525,00002.3478,00002.0636,158579056.12,00002.2946,3944082180.24
2021-09-24T23:00:01.997Z,-USD,00002.2599,00002.3478,00002.0636,158730377.82,00002.3091,3947496575.38
2021-09-25T00:00:02.169Z,-USD,00002.3291,00002.3469,00002.0636,154994415.3,00002.2796,3950854415.34
2021-09-25T01:00:02.578Z,-USD,00002.2981,00002.3318,00002.0636,152134794.7,000002.293,3786749502.47
2021-09-25T02:00:01.928Z,-USD,00002.3103,00002.3283,00002.0636,152193069.57,00002.2917,3791048126.78
2021-09-25T03:00:01.987Z,-USD,00002.2934,00002.3283,00002.0636,150169252.08,00002.2785,3793219567.04
2021-09-25T04:00:02.605Z,-USD,00002.2823,000002.375,00002.0636,158884015.6,00002.3586,3805157537.76
2021-09-25T05:00:02.68Z,-USD,00002.2828,00002.3834,00002.0636,160873104.99,00002.3663,3810203566.62
2021-09-25T06:00:02.668Z,-USD,00002.2653,00002.3834,00002.0636,160859595.17,00002.3363,3813662923.83
2021-09-25T07:00:01.846Z,-USD,00002.2506,00002.3834,00002.0636,160971252.97,00002.3728,3815787081.49
2021-09-25T08:00:01.884Z,-USD,00002.3048,00002.3834,00002.0636,160315209.02,00002.3219,3818893508.19
2021-09-25T09:00:02.034Z,-USD,00002.2965,00002.3834,00002.0636,163766946.75,00002.3221,3824691914.03
2021-09-25T10:00:01.83Z,-USD,00002.1395,00002.3834,00002.0636,149471402.25,00002.3418,3827207771.04
2021-09-25T11:00:02.586Z,-USD,00002.1321,00002.3834,00002.0636,138461431.11,00002.3462,3829459374.9
2021-09-25T12:00:02.497Z,-USD,00002.2679,00002.3834,00002.1261,118080832.56,00002.3359,3832290620.67
2021-09-25T13:00:02.182Z,-USD,00002.1565,00002.3834,00002.1261,108578056.16,00002.3509,3835939645.81
2021-09-25T14:00:02.678Z,-USD,00002.2147,000002.401,00002.1813,104568131.39,00002.3949,3841683280.9
2021-09-25T15:00:02.678Z,-USD,00002.2321,000002.401,00002.1813,101576356.29,00002.3661,3846358199.83
2021-09-25T16:00:01.769Z,-USD,00002.2031,00002.4604,000002.197,107169607.79,00002.4273,3856068827.73
2021-09-25T17:00:02.512Z,-USD,00002.2479,00002.4604,00002.2027,110604819.34,000002.418,3864709205.34
2021-09-25T18:00:01.743Z,-USD,00002.2135,00002.4604,00002.2083,112249162.86,00002.3897,3870749870.76
2021-09-25T19:00:01.831Z,-USD,00002.2301,00002.4604,000002.227,117389376.25,00002.3966,3879268430.09
2021-09-25T20:00:02.078Z,-USD,00002.2599,00002.4604,000002.238,119797553.91,000002.371,3886441852.66
2021-09-25T21:00:02.047Z,-USD,00002.2876,00002.4604,000002.238,119547384.26,00002.3544,3891483812.48
2021-09-25T22:00:01.967Z,-USD,00002.2977,00002.4604,000002.238,118044800.73,00002.3198,3895529396.08
2021-09-25T23:00:02.555Z,-USD,00002.3054,00002.4604,000002.238,119345966.14,00002.3188,3900240193.38
2021-09-26T00:00:01.749Z,-USD,00002.2797,00002.4604,000002.238,119270647.84,00002.3018,3903507772.89
2021-09-26T01:00:01.825Z,-USD,00002.2928,00002.4604,000002.238,122518429.9,000002.264,3737483855.71
2021-09-26T02:00:02.1Z,-USD,00002.2901,00002.4604,00002.2346,122086696.35,00002.2456,3741367365.94
2021-09-26T03:00:01.99Z,-USD,000002.279,00002.4604,0000002.21,125656416.38,00002.2422,3747095190.0
2021-09-26T04:00:02.515Z,-USD,00002.3624,00002.4604,0000002.21,116560677.49,00002.2565,3749969078.79
2021-09-26T05:00:01.75Z,-USD,00002.3657,00002.4604,0000002.21,114999322.43,00002.2507,3753426043.8
2021-09-26T06:00:02.535Z,-USD,00002.3343,00002.4604,0000002.21,114103859.49,00002.2334,3755985303.32
2021-09-26T07:00:02.664Z,-USD,000002.373,00002.4604,0000002.21,114183046.0,0000002.22,3758212065.38
2021-09-26T08:00:02.631Z,-USD,00002.3242,00002.4604,0000002.15,119085650.96,00002.1819,3766195408.05
2021-09-26T09:00:02.674Z,-USD,0000002.32,00002.4604,0000002.15,117569571.5,00002.1923,3770488389.57
2021-09-26T10:00:01.845Z,-USD,00002.3413,00002.4604,0000002.15,119305793.01,00002.2672,3774725007.21
2021-09-26T11:00:01.798Z,-USD,00002.3475,00002.4604,0000002.15,121453846.32,00002.2523,3779127906.65
2021-09-26T12:00:02.079Z,-USD,00002.3356,00002.4604,0000002.15,120347944.0,00002.2659,3780880647.78
2021-09-26T13:00:02.198Z,-USD,00002.3495,00002.4604,0000002.15,119688601.38,000002.269,3783847040.65
2021-09-26T14:00:02.218Z,-USD,00002.3904,00002.4604,0000002.15,116353531.68,00002.2629,3786343722.49
2021-09-26T15:00:02.375Z,-USD,00002.3606,00002.4604,0000002.15,116988629.0,00002.2804,3791565966.73
2021-09-26T16:00:02.518Z,-USD,00002.4212,00002.4446,0000002.15,110998774.96,00002.2843,3795310417.73
2021-09-26T17:00:02.496Z,-USD,00002.4191,00002.4311,0000002.15,105684217.28,00002.2667,3798618554.87
2021-09-26T18:00:01.767Z,-USD,00002.3901,00002.4131,0000002.15,102342388.81,00002.2515,3801349091.82
2021-09-26T19:00:01.978Z,-USD,00002.3971,00002.4039,0000002.15,98020155.17,00002.2597,3805507987.68
2021-09-26T20:00:02.12Z,-USD,00002.3709,00002.3779,0000002.15,92429887.16,00002.2507,3807098390.9
2021-09-26T21:00:02.114Z,-USD,00002.3544,00002.3561,0000002.15,89937722.38,00002.2692,3809646655.48
2021-09-26T22:00:02.208Z,-USD,000002.321,00002.3272,0000002.15,86921518.14,00002.2558,3810666828.49
2021-09-26T23:00:02.421Z,-USD,00002.3219,00002.3272,0000002.15,86186036.24,000002.212,3814665866.51
2021-09-27T00:00:02.585Z,-USD,00002.3014,00002.3034,0000002.15,87895546.28,00002.2082,3819615983.1
2021-09-27T01:00:01.792Z,-USD,000002.268,00000002.3,0000002.15,86617857.85,000002.244,3731906639.12
2021-09-27T02:00:01.815Z,-USD,00002.2458,00000002.3,0000002.15,87548148.7,00002.2676,3736684414.59
2021-09-27T03:00:01.926Z,-USD,00002.2416,00000002.3,0000002.15,85785011.42,00002.2576,3740659000.72
2021-09-27T04:00:02.541Z,-USD,00002.2604,00000002.3,0000002.15,85386614.15,000002.236,3743127690.84
2021-09-27T05:00:02.144Z,-USD,00002.2511,00000002.3,0000002.15,84320003.24,00002.2416,3745512164.03
2021-09-27T06:00:02.117Z,-USD,00002.2341,00000002.3,0000002.15,83474830.33,00002.2446,3747237655.89
2021-09-27T07:00:02.227Z,-USD,00002.2206,00000002.3,0000002.15,82754702.73,00002.2354,3748881644.57
2021-09-27T08:00:02.214Z,-USD,00002.1828,00000002.3,00002.1616,76533997.32,00002.2318,3750598484.4
2021-09-27T09:00:02.262Z,-USD,00002.1945,00000002.3,00002.1882,73840554.01,00002.2317,3752096698.18
2021-09-27T10:00:02.303Z,-USD,00002.2671,00000002.3,00002.1886,71559870.12,00002.2197,3754064076.39
2021-09-27T11:00:01.866Z,-USD,00002.2504,00000002.3,00002.1886,68866562.74,00002.2276,3755760419.42
2021-09-27T12:00:01.882Z,-USD,00002.2663,00000002.3,00002.1886,68702852.8,00002.2279,3757353508.74
2021-09-27T13:00:02.11Z,-USD,00002.2701,00000002.3,00002.1886,68853732.61,00002.2141,3760472373.88
2021-09-27T14:00:02.199Z,-USD,000002.264,00000002.3,00002.1886,69295449.32,00002.2028,3763405638.52
2021-09-27T15:00:02.738Z,-USD,00002.2793,00000002.3,00002.1886,68286596.73,00002.1905,3767634007.46
2021-09-27T16:00:02.049Z,-USD,00002.2856,00002.2945,000002.178,69383848.53,00002.1953,3772469449.41
2021-09-27T17:00:02.063Z,-USD,00002.2654,00002.2824,000002.158,70504321.01,000002.172,3776909994.32
2021-09-27T18:00:02.964Z,-USD,00002.2481,00002.2823,000002.158,71279889.45,00002.1678,3780419223.8
2021-09-27T19:00:02.296Z,-USD,00002.2599,00002.2823,000002.158,70039895.32,00002.1662,3783331877.49
2021-09-27T20:00:02.256Z,-USD,000002.252,00002.2823,000002.157,72074658.33,00002.1894,3786940770.89
2021-09-27T21:00:02.424Z,-USD,00002.2691,00002.2772,000002.157,74499867.47,000002.162,3791921202.88
2021-09-27T22:00:02.669Z,-USD,00002.2567,00002.2772,000002.157,75672997.73,00002.1946,3794105474.46
2021-09-27T23:00:01.766Z,-USD,00002.2067,00002.2772,000002.157,74448111.32,00002.1812,3796896979.28
2021-09-28T00:00:02.209Z,-USD,00002.2069,00002.2772,00002.1303,74475138.64,00002.1303,3801909513.09
2021-09-28T01:00:02.458Z,-USD,00002.2424,00002.2772,00002.1227,73948445.48,00002.1445,3707842906.61
2021-09-28T02:00:01.85Z,-USD,00002.2691,00002.2772,00002.1227,72525015.19,00002.1556,3711251389.6
2021-09-28T03:00:01.975Z,-USD,00002.2587,00002.2622,00002.1227,70970795.15,00002.1558,3713659195.77
2021-09-28T04:00:02.216Z,-USD,00002.2387,00002.2611,00002.1227,70352231.95,00002.1547,3715447300.78
2021-09-28T05:00:01.939Z,-USD,00002.2414,00002.2611,00002.1227,69603878.67,00002.1661,3717083778.13
2021-09-28T06:00:02.042Z,-USD,00002.2454,00002.2611,00002.1227,69345611.55,00002.1538,3718553339.18
2021-09-28T07:00:02.341Z,-USD,00002.2338,00002.2496,00002.1227,69938989.32,00002.1356,3720805894.37
2021-09-28T08:00:02.528Z,-USD,00002.2289,00002.2496,00002.1036,72231700.83,00002.1194,3724810613.99
2021-09-28T09:00:02.378Z,-USD,00002.2317,00002.2496,00002.1036,74379907.48,000002.125,3728443885.23
2021-09-28T10:00:02.386Z,-USD,00002.2208,00002.2363,00002.1036,74336525.78,00002.1256,3730374526.4
2021-09-28T11:00:02.074Z,-USD,00002.2278,00002.2363,00002.1036,74120813.75,00002.1197,3731850505.39
2021-09-28T12:00:02.338Z,-USD,00002.2263,00002.2363,00002.1036,74156725.14,00002.1338,3733482997.97
2021-09-28T13:00:02.449Z,-USD,00002.2109,00002.2363,00002.1036,73149315.6,00002.1141,3735606730.09
2021-09-28T14:00:02.665Z,-USD,00002.2018,00002.2363,00002.1036,74266818.34,00002.1165,3739643599.54
2021-09-28T15:00:01.936Z,-USD,00002.1954,00002.2132,00002.0855,75719519.61,00002.0916,3745339033.98
2021-09-28T16:00:02.569Z,-USD,00002.1959,00002.2061,00002.0678,75608095.15,00002.0765,3750050499.64
2021-09-28T17:00:02.866Z,-USD,00002.1756,00002.2061,00002.0545,75036435.83,00002.0545,3753927385.12
2021-09-28T18:00:02.31Z,-USD,00002.1676,00002.2061,00002.0311,77610327.01,00002.0416,3760028421.71
2021-09-28T19:00:02.452Z,-USD,00002.1679,00002.2061,00002.0291,81510896.04,000002.075,3766824442.56
2021-09-28T20:00:02.524Z,-USD,00002.1882,000002.201,00002.0291,81103085.7,000002.063,3770150877.43
2021-09-28T21:00:02.277Z,-USD,00002.1637,000002.201,00002.0291,79526974.85,00002.0721,3773483014.83
2021-09-28T22:00:01.703Z,-USD,00002.1941,000002.201,00002.0291,79526676.57,00002.0839,3775620778.5
2021-09-28T23:00:02.446Z,-USD,000002.181,00002.1833,00002.0291,78954037.07,00002.0506,3777848617.24
2021-09-29T00:00:02.799Z,-USD,00002.1304,00002.1738,00002.0291,77745276.01,00002.0389,3781656440.45
2021-09-29T01:00:02.151Z,-USD,00002.1445,00002.1738,00002.0236,79784685.9,00002.0524,3683226198.77
2021-09-29T02:00:01.875Z,-USD,00002.1559,00002.1738,00002.0236,79369455.17,00002.0546,3686234768.02
2021-09-29T03:00:02.624Z,-USD,00002.1539,00002.1738,00002.0236,79184513.32,00002.0613,3688448818.81
2021-09-29T04:00:02.225Z,-USD,00002.1545,00002.1738,00002.0236,80306872.31,00002.0754,3691348538.59
2021-09-29T05:00:01.856Z,-USD,00002.1641,00002.1738,00002.0236,82185981.63,00002.0884,3694862524.86
2021-09-29T06:00:02.48Z,-USD,00002.1541,00002.1575,00002.0236,82097035.02,00002.0877,3696243860.39
2021-09-29T07:00:02.046Z,-USD,00002.1357,00002.1454,00002.0236,82237452.16,00002.1216,3698641672.11
2021-09-29T08:00:02.639Z,-USD,00002.1205,00002.1454,00002.0236,79470090.9,00002.1219,3699915780.96
2021-09-29T09:00:02.32Z,-USD,000002.126,00002.1454,00002.0236,77641021.99,00002.1192,3701679930.39
2021-09-29T10:00:02.706Z,-USD,00002.1265,00002.1454,00002.0236,79539519.79,00002.1015,3705510840.34
2021-09-29T11:00:03.436Z,-USD,00002.1194,00002.1454,00002.0236,82743222.17,00002.1425,3710205660.2
2021-09-29T12:00:02.427Z,-USD,00002.1329,00002.1454,00002.0236,84851813.05,00002.1305,3713951669.47
2021-09-29T13:00:02.041Z,-USD,000002.115,00002.1454,00002.0236,86834362.19,000002.106,3718068224.87
2021-09-29T14:00:02.192Z,-USD,00002.1167,00002.1442,00002.0236,87465142.71,00002.0998,3722701659.59
2021-09-29T15:00:02.089Z,-USD,00002.0907,00002.1442,00002.0236,84867254.45,00002.0951,3725802559.91
2021-09-29T16:00:01.756Z,-USD,000002.075,00002.1442,00002.0236,84322618.65,00002.0533,3729970612.73
2021-09-29T17:00:02.569Z,-USD,00002.0534,00002.1442,00002.0236,83860543.93,00002.0552,3733476393.47
2021-09-29T18:00:02.127Z,-USD,00002.0437,00002.1442,00002.0236,82163845.99,00002.0327,3737830260.77
2021-09-29T19:00:01.734Z,-USD,00002.0731,00002.1442,00002.0236,80234708.11,00002.0412,3742696412.01
2021-09-29T20:00:02.534Z,-USD,00002.0634,00002.1442,00002.0236,80534606.61,00002.0365,3746344661.27
2021-09-29T21:00:02.245Z,-USD,00002.0722,00002.1442,0000002.02,81611748.05,00002.0441,3750718101.8
2021-09-29T22:00:02.118Z,-USD,00002.0843,00002.1442,0000002.02,82485443.83,00002.0501,3753701854.38
2021-09-29T23:00:02.473Z,-USD,00002.0511,00002.1442,0000002.02,83353996.26,00002.0501,3756804614.61
2021-09-30T20:00:24.953Z,-USD,00002.0373,00002.1369,0000002.02,75427442.33,00002.1035,3717854508.82
2021-09-30T21:00:01.877Z,-USD,00002.0422,00002.1369,00002.0365,74281099.21,00002.0986,3721132017.06
2021-09-30T22:00:01.971Z,-USD,00002.0508,00002.1369,00002.0424,73510888.06,00002.1134,3723298973.87
2021-09-30T23:00:01.898Z,-USD,00002.0495,00002.1369,00002.0425,73264675.58,00002.1118,3726147901.5
2021-10-01T00:00:02.236Z,-USD,000002.066,00002.1369,00002.0512,72850069.85,00002.1141,3727965258.55
2021-10-01T01:00:02.43Z,-USD,00002.0915,00002.1369,00002.0615,71690496.37,00002.1207,3637728220.15
2021-10-01T02:00:01.807Z,-USD,00002.1131,00002.1369,00002.0615,67123999.43,00002.1235,3639765316.34
2021-10-01T03:00:02.143Z,-USD,000002.112,00002.1369,00002.0615,65759866.68,00002.1016,3642145568.96
2021-10-01T04:00:01.981Z,-USD,00002.1194,00002.1369,00002.0615,64753589.52,00002.1013,3643961666.86
2021-10-01T05:00:01.806Z,-USD,00002.1109,00002.1369,00002.0615,63014656.87,00002.1068,3645325949.26
2021-10-01T06:00:01.719Z,-USD,00002.1006,00002.1369,00002.0615,62451448.18,00002.1141,3646821460.62
2021-10-01T07:00:02.628Z,-USD,00002.0929,00002.1369,00002.0615,62193583.0,00002.1183,3648153918.98
2021-10-01T08:00:02.645Z,-USD,00002.0851,00002.1483,00002.0615,62732958.18,00002.1467,3651258330.71
2021-10-01T09:00:02.609Z,-USD,00002.0717,00002.1725,00002.0694,62932460.13,00002.1623,3653995372.49
2021-10-01T10:00:02.404Z,-USD,00002.0758,00002.1725,0000002.07,62301607.48,00002.1531,3655534588.0
2021-10-01T11:00:02.164Z,-USD,00002.0744,00002.2409,000002.072,69185342.71,00002.2301,3664272975.13
2021-10-01T12:00:02.314Z,-USD,00002.0808,00002.2431,00002.0729,74539308.89,00002.2354,3671390453.45
2021-10-01T13:00:02.328Z,-USD,00002.1035,00002.2497,00002.0729,75671913.32,00002.2125,3676385946.03
2021-10-01T14:00:02.419Z,-USD,00002.0865,00002.2497,00002.0729,75261299.9,00002.2015,3679678692.49
2021-10-01T15:00:02.422Z,-USD,00002.0844,00002.2497,00002.0729,76885193.03,00002.2013,3684043425.48
2021-10-01T16:00:02.633Z,-USD,00002.0944,00002.2497,00002.0729,76349721.0,00002.2116,3687476557.01
2021-10-01T17:00:01.817Z,-USD,00002.0857,00002.2497,00002.0853,76892255.56,00002.2266,3690909531.9
2021-10-01T18:00:02.137Z,-USD,00002.0969,00002.2497,000002.088,77278807.54,00002.2402,3693783525.31
2021-10-01T19:00:02.528Z,-USD,00002.1312,00002.2497,000002.088,75673459.8,00002.2344,3696508574.81
2021-10-01T20:00:02.642Z,-USD,00002.1035,000002.264,000002.088,76258190.32,00002.2556,3700738806.61
2021-10-01T21:00:01.797Z,-USD,00002.0995,000002.264,000002.093,76222221.56,00002.2463,3703991623.94
2021-10-01T22:00:01.864Z,-USD,00002.1138,00002.2721,000002.093,76533355.85,000002.259,3706486596.27
2021-10-01T23:00:01.744Z,-USD,00002.1131,000002.275,000002.093,78551026.96,00002.2288,3711334281.43
2021-10-02T00:00:02.671Z,-USD,00002.1157,000002.275,000002.093,79032396.06,00002.2606,3713677274.3
2021-10-02T01:00:02.583Z,-USD,000002.119,000002.275,000002.093,78837680.17,00002.2249,3541916299.38
2021-10-02T02:00:01.75Z,-USD,00002.1244,000002.275,000002.093,79991293.48,000002.226,3544955883.94
2021-10-02T03:00:01.917Z,-USD,00002.1023,000002.275,000002.093,78846455.19,000002.225,3546180002.83
2021-10-02T04:00:02.267Z,-USD,00002.1012,000002.275,00002.0991,79034402.15,00002.2054,3548217619.85
2021-10-02T05:00:01.935Z,-USD,00002.1052,000002.275,00002.1008,79906079.48,00002.2045,3550445886.57
2021-10-02T06:00:02.018Z,-USD,00002.1144,000002.275,00002.1011,79632726.7,00002.2123,3551661749.5
2021-10-02T07:00:02.099Z,-USD,00002.1195,000002.275,00002.1109,79328634.52,000002.219,3552678790.46
2021-10-02T08:00:01.754Z,-USD,00002.1465,000002.275,00002.1465,76805046.37,00002.2179,3553256296.92
2021-10-02T09:00:02.683Z,-USD,00002.1637,000002.275,00002.1507,74956282.43,00002.2115,3554199881.78
2021-10-02T10:00:02.272Z,-USD,00002.1548,000002.275,00002.1507,74984964.67,00002.2172,3555716220.12
2021-10-02T11:00:02.409Z,-USD,00002.2281,000002.275,000002.185,66419558.65,00002.2136,3556647241.29
2021-10-02T12:00:02.429Z,-USD,00002.2382,000002.275,000002.185,60993966.9,00002.2176,3557682636.25
2021-10-02T13:00:02.295Z,-USD,000002.211,000002.275,000002.185,57661568.11,00002.2368,3559258581.96
2021-10-02T14:00:02.394Z,-USD,00002.1952,000002.275,000002.185,57920580.36,00002.2455,3563238761.66
2021-10-02T15:00:02.37Z,-USD,00002.2026,000002.275,000002.195,57137110.31,000002.264,3566423487.85
2021-10-02T16:00:02.284Z,-USD,00002.2132,00002.2918,000002.195,57721350.94,000002.289,3570408787.28
2021-10-02T17:00:01.853Z,-USD,00002.2254,00002.3227,000002.195,60867917.84,00002.3152,3577109495.18
2021-10-02T18:00:01.996Z,-USD,00002.2429,00002.3227,000002.195,62694354.44,000002.303,3581678786.49
2021-10-02T19:00:03.21Z,-USD,00002.2361,00002.3227,000002.195,63702405.69,00002.3073,3585409126.41
2021-10-02T20:00:02.449Z,-USD,00002.2587,00002.3227,000002.195,62089546.51,00002.3102,3588047086.77
2021-10-02T21:00:02.484Z,-USD,00002.2477,00002.3227,000002.195,61680997.59,00002.2941,3590894461.56
2021-10-02T22:00:02.619Z,-USD,00002.2605,00002.3227,000002.195,60993657.84,00002.3107,3592688664.55
2021-10-02T23:00:02.232Z,-USD,000002.229,00002.3227,000002.195,58198839.13,00002.2981,3594730299.26
2021-10-03T00:00:02.159Z,-USD,000002.256,00002.3227,000002.195,61780451.72,00002.2522,3600697113.51
2021-10-03T01:00:02.643Z,-USD,00002.2284,00002.3227,000002.195,63100778.46,00002.2383,3496216220.93
2021-10-03T02:00:02.455Z,-USD,00002.2253,00002.3227,000002.195,62737255.25,00002.2465,3498863604.57
2021-10-03T03:00:02.212Z,-USD,00002.2228,00002.3227,000002.195,64093166.25,00002.2491,3501440869.82
2021-10-03T04:00:02.056Z,-USD,00002.2052,00002.3227,000002.195,63825291.29,0000002.26,3503211934.86
2021-10-03T05:00:02.271Z,-USD,00002.2056,00002.3227,000002.199,63229877.49,00002.2602,3504835316.53
2021-10-03T06:00:01.704Z,-USD,00002.2102,00002.3227,000002.199,63412916.26,00002.2737,3506236451.5
2021-10-03T07:00:02.137Z,-USD,00002.2182,00002.3227,000002.199,63743051.6,00002.2804,3507576215.02
2021-10-03T08:00:01.747Z,-USD,00002.2153,00002.3227,000002.199,63951700.15,00002.2718,3508373645.91
2021-10-03T09:00:02.23Z,-USD,00002.2126,00002.3227,000002.202,63967488.94,00002.2794,3509322254.9
2021-10-03T10:00:01.83Z,-USD,00002.2181,00002.3227,000002.202,64367995.88,00002.2466,3511274398.46
2021-10-03T11:00:02.311Z,-USD,00002.2137,00002.3227,000002.202,64572143.84,00002.2495,3512370415.19
2021-10-03T12:00:02.605Z,-USD,00002.2191,00002.3227,00002.2152,65028913.66,00002.2771,3513867762.96
2021-10-03T13:00:02.294Z,-USD,00002.2367,00002.3227,00002.2224,65078239.48,00002.2739,3515500854.39
2021-10-03T14:00:02.107Z,-USD,00002.2489,00002.3227,00002.2224,63684527.16,000002.289,3518145747.95
2021-10-03T15:00:01.771Z,-USD,00002.2658,00002.3227,00002.2224,62737858.33,00002.2791,3520392379.28
2021-10-03T16:00:02.635Z,-USD,00002.2906,00002.3227,00002.2224,60912554.25,000002.268,3522915661.6
2021-10-03T17:00:02.595Z,-USD,00002.3192,00002.3216,00002.2224,56080574.71,00002.2731,3524452300.83
2021-10-03T18:00:02.164Z,-USD,00002.3045,00002.3171,00002.2224,54770091.77,00002.2921,3527624482.1
2021-10-03T19:00:02.339Z,-USD,00002.3055,00002.3171,00002.2224,55739444.08,00002.2963,3532366924.5
2021-10-03T20:00:02.394Z,-USD,00002.3126,000002.315,00002.2224,55350902.72,00002.2866,3534573273.36
2021-10-03T21:00:02.153Z,-USD,00002.2931,000002.315,00002.2224,55688240.54,00002.2613,3537758733.24
2021-10-03T22:00:02.068Z,-USD,00002.3086,00002.3138,00002.2224,57936639.99,00002.2416,3541787117.74
2021-10-03T23:00:01.757Z,-USD,00002.2956,00002.3093,00002.2224,57729158.11,00002.2487,3543624337.97
2021-10-04T00:00:01.766Z,-USD,00002.2485,00002.3093,00002.2224,53555393.91,00002.2533,3545447498.93
2021-10-04T01:00:01.911Z,-USD,00002.2326,00002.3093,00002.2225,51432134.42,00002.2294,3453050079.82
2021-10-04T02:00:02.161Z,-USD,00002.2437,00002.3093,00002.2141,52088580.58,00002.2199,3456373697.57
2021-10-04T03:00:02.437Z,-USD,00002.2499,00002.3093,00002.2026,52247117.65,00002.2036,3459094787.15
2021-10-04T04:00:02.577Z,-USD,00002.2644,00002.3093,00002.1771,55062282.25,00002.1797,3463692872.66
2021-10-04T05:00:02.206Z,-USD,00002.2599,00002.3093,00002.1555,57294731.65,00002.1877,3467519578.93
2021-10-04T06:00:02.478Z,-USD,00002.2747,00002.3093,00002.1555,57475975.99,00002.1864,3469119710.3
2021-10-04T07:00:02.295Z,-USD,00002.2816,00002.3093,00002.1555,57799651.76,000002.177,3470763452.27
2021-10-04T08:00:02.455Z,-USD,00002.2719,00002.3093,00002.1555,58364578.77,00002.1914,3472131800.29
2021-10-04T09:00:02.365Z,-USD,00002.2771,00002.3093,00002.1555,59123598.68,00002.1829,3473850729.94
2021-10-04T10:00:02.176Z,-USD,00002.2516,00002.3093,00002.1555,58056367.29,00002.1915,3474723192.28
2021-10-04T11:00:02.405Z,-USD,00002.2533,00002.3093,00002.1555,58614164.27,00002.1877,3476400778.94
2021-10-04T12:00:02.181Z,-USD,00002.2758,00002.3093,00002.1555,59792340.82,00002.1749,3479108866.55
2021-10-04T13:00:03.229Z,-USD,00002.2728,00002.3093,00002.1555,60121419.34,00002.1836,3481035429.4
2021-10-04T14:00:02.249Z,-USD,00002.2893,00002.3093,00002.1555,61304110.73,00002.2094,3484870662.95
2021-10-04T15:00:02.514Z,-USD,00002.2806,00002.3093,00002.1555,65405623.77,00002.1698,3491204077.16
2021-10-04T16:00:01.811Z,-USD,00002.2684,00002.3093,00002.1502,67793505.24,00002.1831,3496119164.39
2021-10-04T17:00:01.975Z,-USD,00002.2722,00002.3093,00002.1502,70413136.88,00002.1973,3500263956.71
2021-10-04T18:00:02.628Z,-USD,00002.2964,00002.3093,00002.1502,71054639.18,000002.211,3504211044.79
2021-10-04T19:00:02.19Z,-USD,00002.2944,00002.2974,00002.1502,69697416.18,000002.212,3507494404.71
2021-10-04T20:00:02.612Z,-USD,00002.2855,00002.2887,00002.1502,70653885.59,00002.2028,3510640574.83
2021-10-04T21:00:02.314Z,-USD,00002.2591,00002.2628,00002.1502,71568556.88,00002.1834,3514807908.76
2021-10-04T22:00:02.616Z,-USD,0000002.24,00002.2628,00002.1502,70783244.46,00002.1878,3517981520.18
2021-10-04T23:00:01.945Z,-USD,00002.2511,00002.2615,00002.1502,72038518.0,00002.1821,3521062813.06
2021-10-05T00:00:01.829Z,-USD,00002.2529,00002.2545,00002.1502,73105405.54,00002.1927,3523947992.58
2021-10-05T01:00:01.97Z,-USD,00002.2251,00002.2321,00002.1502,74572670.06,00002.2143,3451525567.42
2021-10-05T02:00:02.235Z,-USD,00002.2215,000002.229,00002.1502,73776288.07,00002.1998,3454102390.77
2021-10-05T03:00:02.364Z,-USD,00002.2037,000002.229,00002.1502,72650965.61,00002.2039,3455703537.25
2021-10-05T04:00:02.384Z,-USD,00002.1744,00002.2333,00002.1502,70749764.69,00002.2183,3458556869.34
2021-10-05T05:00:01.837Z,-USD,00002.1898,00002.2333,00002.1502,69046551.84,00002.2018,3460462507.45
2021-10-05T06:00:01.692Z,-USD,00002.1885,00002.2333,00002.1502,68847320.89,00002.2172,3461857560.88
2021-10-05T07:00:02.624Z,-USD,00002.1735,00002.2333,00002.1502,68405713.75,00002.2129,3463074744.39
2021-10-05T08:00:02.359Z,-USD,00002.1968,00002.2333,00002.1502,68235704.49,00002.2156,3464307212.12
2021-10-05T09:00:02.454Z,-USD,00002.1876,00002.2333,00002.1502,67659810.87,00002.2231,3465411797.58
2021-10-05T10:00:02.347Z,-USD,00002.1944,0000002.24,00002.1502,69068267.09,00002.2394,3467684231.94
2021-10-05T11:00:02.138Z,-USD,00002.1859,00002.2502,00002.1502,69607827.49,00002.2296,3469896166.28
2021-10-05T12:00:02.334Z,-USD,00002.1735,00002.2502,00002.1502,68584780.35,00002.2262,3471582510.04
2021-10-05T13:00:02.277Z,-USD,00002.1836,00002.2502,00002.1502,69531937.34,00002.2176,3474463562.98
2021-10-05T14:00:02.345Z,-USD,000002.215,00002.2502,00002.1502,69907827.19,00002.2279,3478707658.22
2021-10-05T15:00:02.507Z,-USD,00002.1754,00002.2502,00002.1502,71887004.04,00002.1914,3487138320.12
2021-10-05T16:00:02.682Z,-USD,00002.1867,00002.2502,000002.175,71830833.86,00002.1888,3491905848.52
2021-10-05T17:00:02.625Z,-USD,00002.1947,00002.2502,000002.175,70965855.38,00002.1993,3495132641.49
2021-10-05T18:00:02.044Z,-USD,00002.2113,00002.2502,000002.175,69850038.94,00002.1988,3497984988.77
2021-10-05T19:00:02.356Z,-USD,00002.2112,00002.2502,000002.175,70387698.79,00002.2095,3501802955.49
2021-10-05T20:00:02.651Z,-USD,00002.2039,00002.2502,000002.175,70318972.45,00002.2272,3504895553.17
2021-10-05T21:00:01.92Z,-USD,000002.182,00002.2502,000002.175,70353914.5,00002.2349,3509104552.39
2021-10-05T22:00:02.228Z,-USD,00002.1888,00002.2589,000002.175,70651001.41,00002.2443,3512540561.7
2021-10-05T23:00:02.554Z,-USD,00002.1808,00002.2589,00002.1778,70869856.61,00002.2261,3515865015.89
2021-10-06T00:00:02.48Z,-USD,00002.1922,00002.2589,00002.1778,70600396.34,00002.2334,3518474875.53
2021-10-06T01:00:03.848Z,-USD,000002.214,00002.2589,00002.1778,69237759.55,00002.2211,3445410734.39
2021-10-06T02:00:02.558Z,-USD,00002.1982,00002.2589,00002.1778,69630213.48,00002.2145,3448383690.78
2021-10-06T03:00:02.558Z,-USD,00002.2043,00002.2589,00002.1778,69775336.68,000002.226,3450110134.45
2021-10-06T04:00:02.525Z,-USD,00002.2191,00002.2589,00002.1778,68919700.83,00002.2124,3452099597.4
2021-10-06T05:00:02.242Z,-USD,00002.2023,00002.2589,00002.1778,71864894.95,00002.2064,3456952423.27
2021-10-06T06:00:02.1Z,-USD,00002.2157,00002.2589,00002.1778,73160254.54,00002.2054,3459636280.28
2021-10-06T07:00:01.857Z,-USD,000002.212,00002.2589,00002.1778,74269775.96,00002.2024,3461970473.77
2021-10-06T08:00:01.881Z,-USD,00002.2144,00002.2589,000002.173,76939278.59,00002.1846,3465864462.27
2021-10-06T09:00:01.785Z,-USD,00002.2202,00002.2589,00002.1214,83209406.6,00002.1408,3473267756.98
2021-10-06T10:00:01.918Z,-USD,00002.2411,00002.2589,00002.1137,86058603.99,000002.132,3478418348.54
2021-10-06T11:00:02.583Z,-USD,00002.2307,00002.2589,00002.1137,86696012.26,00002.1495,3481266559.64
2021-10-06T12:00:02.527Z,-USD,00002.2247,00002.2589,00002.1137,89387145.7,00002.1352,3485589059.47
2021-10-06T13:00:02.795Z,-USD,00002.2176,00002.2589,00002.1137,94136994.35,00002.1671,3493270768.22
2021-10-06T14:00:02.037Z,-USD,00002.2273,00002.2589,00002.1137,103864659.69,000002.214,3507256842.71
2021-10-06T15:00:01.789Z,-USD,00002.1905,00002.2589,00002.1137,102714026.91,00002.2291,3514545495.93
2021-10-06T16:00:02.198Z,-USD,00002.1883,00002.2589,00002.1137,106655469.77,000002.236,3523226967.2
2021-10-06T17:00:02.432Z,-USD,00002.2003,00002.2589,00002.1137,108248264.26,00002.2382,3528050970.46
2021-10-06T18:00:02.61Z,-USD,00002.1991,00002.2589,00002.1137,108298299.25,00002.2235,3530924905.29
2021-10-06T19:00:02.044Z,-USD,00002.2094,00002.2589,00002.1137,108487330.74,00002.2337,3534932314.58
2021-10-06T20:00:02.302Z,-USD,00002.2269,00002.2589,00002.1137,109178349.7,00002.2406,3538737503.36
2021-10-06T21:00:02.267Z,-USD,00002.2363,00002.2589,00002.1137,110160740.91,00002.2154,3544016296.94
2021-10-06T22:00:02.387Z,-USD,00002.2449,0000002.25,00002.1137,110820140.3,00002.2143,3548019684.5
2021-10-06T23:00:02.252Z,-USD,00002.2266,0000002.25,00002.1137,113395657.98,00002.2103,3553905877.57
2021-10-07T00:00:02.344Z,-USD,00002.2339,0000002.25,00002.1137,115167951.26,00002.2104,3558336093.72
2021-10-07T01:00:02.619Z,-USD,00002.2239,0000002.25,00002.1137,118816480.58,00002.1909,3251260923.83
2021-10-07T02:00:01.765Z,-USD,00002.2146,0000002.25,00002.1137,124972806.25,00002.1718,3260399546.61
2021-10-07T03:00:01.924Z,-USD,00002.2259,0000002.25,00002.1137,127558976.48,00002.1689,3264692639.39
2021-10-07T04:00:01.977Z,-USD,00002.2104,0000002.25,00002.1137,130170752.51,00002.1651,3269327700.77
2021-10-07T05:00:01.982Z,-USD,00002.2067,0000002.25,00002.1137,128957883.61,00002.1911,3272968065.5
2021-10-07T06:00:02.06Z,-USD,00002.2064,0000002.25,00002.1137,128709509.26,00002.1925,3275393203.9
2021-10-07T07:00:02.06Z,-USD,00002.2021,0000002.25,00002.1137,128282638.63,000002.185,3277343740.16
2021-10-07T08:00:01.954Z,-USD,00002.1855,0000002.25,00002.1137,128298961.41,00002.2482,3281218680.06
2021-10-07T09:00:02.462Z,-USD,00002.1381,00002.3443,00002.1137,131465723.93,00002.3424,3291765791.08
2021-10-07T10:00:01.882Z,-USD,00002.1313,00002.3749,00002.1259,136509066.71,00002.3147,3301987902.02
2021-10-07T11:00:02.552Z,-USD,00002.1466,00002.3749,00002.1308,139129711.18,00002.2931,3307435743.52
2021-10-07T12:00:02.381Z,-USD,00002.1339,00002.3749,00002.1308,141555351.78,00002.3231,3314224509.84
2021-10-07T13:00:02.003Z,-USD,00002.1653,00002.3749,000002.151,140753226.14,00002.2965,3321161383.35
2021-10-07T14:00:02.354Z,-USD,00002.2138,00002.3749,000002.151,132458124.42,00002.3137,3326885535.31
2021-10-07T15:00:02.174Z,-USD,00002.2355,00002.3749,000002.151,135645419.28,00002.2681,3337458297.13
2021-10-07T16:00:02.337Z,-USD,00002.2336,00002.3749,000002.151,131570648.44,00002.2805,3342032301.38
2021-10-07T17:00:02.827Z,-USD,00002.2397,00002.3749,000002.151,133221122.61,00002.2892,3348395347.87
2021-10-07T18:00:02.286Z,-USD,00002.2229,00002.3749,000002.151,136374538.25,00002.2971,3354319763.53
2021-10-07T19:00:02.466Z,-USD,00002.2323,00002.3749,000002.151,136734317.19,000002.287,3358788504.6
2021-10-07T20:00:02.612Z,-USD,00002.2398,00002.3749,000002.151,136845943.29,00002.2877,3362689206.66
2021-10-07T21:00:02.671Z,-USD,00002.2198,00002.3749,000002.151,134617111.43,00002.2969,3365916759.88
2021-10-07T22:00:02.414Z,-USD,00002.2142,00002.3749,000002.151,134154388.0,00002.2948,3369249029.32
2021-10-07T23:00:01.81Z,-USD,00002.2112,00002.3749,000002.151,133506538.65,00002.2759,3374457726.09
2021-10-08T00:00:02.056Z,-USD,00002.2111,00002.3749,000002.151,131855067.52,00002.2769,3377583178.96
2021-10-08T01:00:02.337Z,-USD,00002.1885,00002.3749,000002.151,128641408.88,00002.2888,3155949040.08
2021-10-08T02:00:02.461Z,-USD,00002.1718,00002.3749,000002.151,121562690.37,00002.2882,3158002080.17
2021-10-08T03:00:02.42Z,-USD,00002.1703,00002.3749,000002.151,119718870.82,00002.2655,3160453791.86
2021-10-08T04:00:02.64Z,-USD,00002.1634,00002.3749,00002.1595,117135002.55,00002.2659,3162489736.21
2021-10-08T05:00:02.097Z,-USD,00002.1908,00002.3749,00002.1728,114841875.29,00002.2631,3163809495.95
2021-10-08T06:00:02.779Z,-USD,00002.1956,00002.3749,00002.1755,114136535.11,000002.268,3165550290.49
2021-10-08T07:00:01.68Z,-USD,00002.1853,00002.3749,00002.1755,113431516.06,00002.2779,3166775247.85
2021-10-08T08:00:02.649Z,-USD,00002.2495,00002.3749,00002.2424,111520750.96,00002.2934,3168933909.23
2021-10-08T09:00:01.806Z,-USD,00002.3438,00002.3749,00002.2537,104848920.85,00002.3072,3172707814.68
2021-10-08T10:00:02.664Z,-USD,00002.3204,00002.3416,00002.2537,96445295.51,00002.2827,3174542240.97
2021-10-08T11:00:02.738Z,-USD,00002.2943,00002.3416,00002.2537,92836318.65,00002.2908,3176324998.53
2021-10-08T12:00:01.729Z,-USD,00002.3246,00002.3416,00002.2537,88083928.3,00002.2707,3178453030.46
2021-10-08T13:00:01.748Z,-USD,00002.3011,00002.3416,00002.2537,86822925.0,00002.2645,3184079129.41
2021-10-08T14:00:01.788Z,-USD,00002.3161,00002.3416,00002.2534,85796174.07,00002.2639,3188763005.06
2021-10-08T15:00:01.932Z,-USD,00002.2701,00002.3147,00002.2534,78693364.76,00002.2779,3192225135.88
2021-10-08T16:00:01.733Z,-USD,00002.2859,00002.3147,00002.2534,78009729.7,00002.2814,3196107976.17
2021-10-08T17:00:02.074Z,-USD,00002.2908,00002.3147,00002.2534,73880846.61,00002.2725,3198328080.43
2021-10-08T18:00:02.349Z,-USD,00002.2977,00002.3129,00002.2534,71839372.02,00002.2669,3202257394.35
2021-10-08T19:00:02.991Z,-USD,00002.2874,00002.3129,00002.2534,70081556.07,00002.2712,3204891133.99
2021-10-08T20:00:02.668Z,-USD,00002.2919,00002.3129,00002.2534,69577628.39,00002.2685,3208335627.1
2021-10-08T21:00:01.935Z,-USD,00002.2977,00002.3129,00002.2157,71712659.96,00002.2326,3213647844.23
2021-10-08T22:00:02.123Z,-USD,00002.2951,00002.3129,00002.2157,70735374.0,00002.2362,3216008829.25
2021-10-08T23:00:02.58Z,-USD,00002.2757,00002.3129,00002.2157,67920651.65,00002.2425,3218384686.92
2021-10-09T00:00:01.744Z,-USD,00002.2784,00002.3129,00002.2157,67154718.38,00002.2379,3220776111.15
2021-10-09T01:00:01.779Z,-USD,00002.2881,00002.3129,00002.2157,67576596.79,00002.2441,3051368869.69
2021-10-09T02:00:01.757Z,-USD,00002.2876,00002.3129,00002.2157,67635158.59,00002.2268,3053484941.63
2021-10-09T03:00:01.973Z,-USD,00002.2643,00002.3129,00002.2157,67316280.19,00002.2419,3055596598.06
2021-10-09T04:00:02.461Z,-USD,00002.2688,00002.3129,00002.2157,66836322.8,00002.2506,3057153245.22
2021-10-09T05:00:02.076Z,-USD,00002.2653,00002.3129,00002.2157,66725345.74,00002.2539,3058354793.37
2021-10-09T06:00:02.058Z,-USD,000002.269,00002.3129,00002.2157,66068524.53,00002.2474,3059448666.58
2021-10-09T07:00:01.978Z,-USD,00002.2786,00002.3129,00002.2157,67295709.11,00002.2595,3061911326.8
2021-10-09T08:00:01.965Z,-USD,00002.2931,00002.3129,00002.2157,67858684.97,00002.2645,3064634168.64
2021-10-09T09:00:01.831Z,-USD,00002.3055,00002.3074,00002.2157,67041876.46,00002.2527,3067579292.6
2021-10-09T10:00:01.974Z,-USD,00002.2777,00002.2978,00002.2157,67199202.9,00002.2607,3069754607.49
2021-10-09T11:00:02.63Z,-USD,00002.2869,00002.2912,00002.2157,68657071.95,00002.2712,3072805791.43
2021-10-09T12:00:02.557Z,-USD,00002.2683,00002.2875,00002.2157,71538876.46,00002.2706,3077823186.69
2021-10-09T13:00:02.488Z,-USD,00002.2651,00002.2875,00002.2157,68250678.41,00002.2722,3080212278.02
2021-10-09T14:00:02.565Z,-USD,00002.2635,00002.2875,00002.2157,67324107.02,00002.2781,3083966681.81
2021-10-09T15:00:02.382Z,-USD,00002.2752,00002.2893,00002.2157,67408004.9,00002.2809,3087519407.49
2021-10-09T16:00:01.741Z,-USD,00002.2821,00002.2893,00002.2157,66732822.62,00002.2707,3090712392.47
2021-10-09T17:00:02.433Z,-USD,00002.2734,00002.2893,00002.2157,70274973.58,00002.2679,3096440495.82
2021-10-09T18:00:01.824Z,-USD,00002.2642,00000002.3,00002.2157,71534176.2,00002.2842,3101715603.77
2021-10-09T19:00:02.075Z,-USD,00002.2682,00000002.3,00002.2157,72644178.54,00002.2736,3105395049.98
2021-10-09T20:00:01.879Z,-USD,00002.2678,00000002.3,00002.2157,71934770.86,00002.2671,3108101500.5
2021-10-09T21:00:02.673Z,-USD,00002.2331,00000002.3,00002.2199,70125139.94,00002.2678,3111658001.55
2021-10-09T22:00:02.583Z,-USD,00002.2359,00000002.3,00002.2199,68957734.82,00002.2726,3112914824.37
2021-10-09T23:00:02.295Z,-USD,00002.2414,00000002.3,00002.2199,68085950.63,00002.2668,3114339119.51
2021-10-10T00:00:02.547Z,-USD,00002.2382,00000002.3,00002.2199,66768735.59,00002.2665,3115418077.41
2021-10-10T01:00:02.553Z,-USD,00002.2488,00000002.3,00002.2203,66425168.42,00002.2474,2973229904.94
2021-10-10T02:00:02.552Z,-USD,00002.2277,00000002.3,00002.2203,67270680.76,00002.2433,2976185434.41
2021-10-10T03:00:01.861Z,-USD,00002.2431,00000002.3,00002.2245,67363014.55,000002.245,2978370467.25
2021-10-10T04:00:01.882Z,-USD,00002.2501,00000002.3,00002.2245,67267277.94,00002.2608,2979847849.15
2021-10-10T05:00:02.18Z,-USD,000002.253,00000002.3,00002.2245,67633066.42,00002.2645,2981431197.26
2021-10-10T06:00:02.301Z,-USD,00002.2447,00000002.3,00002.2245,67771358.13,000002.255,2982806346.0
2021-10-10T07:00:02.218Z,-USD,00002.2603,00000002.3,00002.2245,66282142.35,00002.2676,2983625903.93
2021-10-10T08:00:02.251Z,-USD,00002.2656,00000002.3,00002.2245,64441304.97,00002.2653,2984506534.43
2021-10-10T09:00:02.179Z,-USD,00002.2528,00000002.3,00002.2245,62258487.43,00002.2738,2985249066.88
2021-10-10T10:00:02.269Z,-USD,00002.2621,00000002.3,00002.2245,61542381.34,00002.2586,2986724942.02
2021-10-10T11:00:02.648Z,-USD,00002.2749,00000002.3,00002.2245,59397480.43,00002.2525,2987699552.0
2021-10-10T12:00:07.664Z,-USD,00002.2724,00000002.3,00002.2245,55298164.17,00002.2513,2988550503.9
2021-10-10T13:00:02.71Z,-USD,00002.2733,00000002.3,00002.2245,54317885.04,00002.2441,2989984886.95
2021-10-10T14:00:01.793Z,-USD,00002.2777,00000002.3,00002.2245,51822077.05,00002.2415,2991253351.11
2021-10-10T15:00:02.025Z,-USD,00002.2799,00000002.3,00002.2245,49389773.53,00002.2443,2992378157.4
2021-10-10T16:00:02.139Z,-USD,00002.2705,00000002.3,00002.2245,47643005.91,00002.2444,2993795835.4
2021-10-10T17:00:02.385Z,-USD,00002.2674,00000002.3,00002.2245,43270860.82,00002.2426,2995158816.15
2021-10-10T18:00:02.252Z,-USD,00002.2853,00002.2916,000002.219,40177329.35,00002.2354,2997341001.99
2021-10-10T19:00:02.349Z,-USD,00002.2746,00002.2776,000002.219,38129713.99,000002.236,2998962811.58
2021-10-10T20:00:02.364Z,-USD,00002.2679,00002.2776,000002.219,36438737.51,00002.2359,3000083441.33
2021-10-10T21:00:02.48Z,-USD,00002.2664,00002.2776,000002.219,36068248.76,00002.2243,3003293842.95
2021-10-10T22:00:02.666Z,-USD,00002.2758,00002.2776,00002.1628,42171055.97,00002.1982,3010524307.35
2021-10-10T23:00:02.191Z,-USD,00002.2694,00002.2776,00002.1628,44924680.43,00002.2268,3014687231.05
2021-10-11T00:00:02.154Z,-USD,00002.2691,00002.2776,00002.1628,46628037.78,00002.1944,3017525423.1
2021-10-11T01:00:02.527Z,-USD,00002.2447,00002.2776,00002.1628,48277454.42,00002.2062,2829442248.36
2021-10-11T02:00:02.635Z,-USD,000002.242,00002.2776,00002.1628,47625037.36,00002.2042,2831774237.58
2021-10-11T03:00:02.558Z,-USD,00002.2425,00002.2776,00002.1628,46787686.2,00002.2144,2833158704.64
2021-10-11T04:00:01.875Z,-USD,00002.2571,00002.2776,00002.1628,47598266.05,00002.2282,2835377959.21
2021-10-11T05:00:02.204Z,-USD,00002.2661,00002.2776,00002.1628,47411860.57,00002.2214,2836825756.29
2021-10-11T06:00:02.139Z,-USD,00002.2553,00002.2776,00002.1628,47061763.06,00002.2119,2837784626.17
2021-10-11T07:00:02.069Z,-USD,00002.2675,00002.2776,00002.1628,47467215.4,000002.217,2839015862.38
2021-10-11T08:00:02.235Z,-USD,00002.2664,00002.2776,00002.1628,48524306.25,00002.2353,2840954184.27
2021-10-11T09:00:02.208Z,-USD,00002.2759,00002.2776,00002.1628,49450212.3,00002.2341,2842616215.54
2021-10-11T10:00:02.067Z,-USD,00002.2579,00002.2579,00002.1628,49249696.11,00002.2262,2843892527.37
2021-10-11T11:00:02.16Z,-USD,00002.2508,00002.2574,00002.1628,50720193.51,0000002.21,2846333680.69
2021-10-11T12:00:02.145Z,-USD,00002.2525,00002.2574,00002.1628,51990048.26,00002.2104,2848498324.87
2021-10-11T13:00:02.285Z,-USD,00002.2457,00002.2574,00002.1628,52395469.29,00002.2101,2850297434.14
2021-10-11T14:00:02.568Z,-USD,00002.2414,00002.2524,00002.1628,54221940.39,00002.2175,2853398063.62
2021-10-11T15:00:01.913Z,-USD,00002.2423,00002.2524,00002.1628,57153440.43,00002.2092,2857460521.45
2021-10-11T16:00:02.399Z,-USD,000002.244,00002.2524,00002.1628,59366569.44,00002.2016,2861079839.75
2021-10-11T17:00:02.792Z,-USD,00002.2421,00002.2524,00002.1628,62284830.89,00002.1932,2865380421.7
2021-10-11T18:00:02.105Z,-USD,00002.2355,00002.2524,00002.1628,63176056.48,00002.1869,2868437930.1
2021-10-11T19:00:02.186Z,-USD,00002.2367,00002.2524,00002.1628,66344455.59,00002.1806,2873279503.3
2021-10-11T20:00:02.657Z,-USD,000002.234,00002.2524,00002.1569,70315922.67,00002.1584,2878316292.48
2021-10-11T21:00:01.781Z,-USD,000002.225,0000002.25,0000002.11,77023005.84,00002.1379,2888231518.96
2021-10-11T22:00:02.029Z,-USD,00002.1962,0000002.25,0000002.11,73692764.07,00002.1576,2892153095.58
2021-10-11T23:00:02.517Z,-USD,00002.2238,0000002.25,0000002.11,71798862.73,00002.1675,2894410649.22
2021-10-12T00:00:01.841Z,-USD,0000002.19,0000002.25,0000002.11,71133343.82,00002.1728,2896684362.01
2021-10-12T01:00:02.656Z,-USD,00002.2062,0000002.25,0000002.11,71543948.97,00002.1434,2740938533.95
2021-10-12T02:00:02.318Z,-USD,00002.2023,0000002.25,0000002.11,71246797.6,00002.1483,2742960894.36
2021-10-12T03:00:01.942Z,-USD,000002.215,0000002.25,0000002.11,73766132.83,00002.1156,2746857598.55
2021-10-12T04:00:02.146Z,-USD,00002.2269,0000002.25,00002.0742,78639468.36,00000002.1,2753945970.64
2021-10-12T05:00:02.04Z,-USD,00002.2231,0000002.25,00002.0742,79874955.7,00002.1241,2756617766.17
2021-10-12T06:00:02.041Z,-USD,00002.2134,0000002.25,00002.0742,81304705.05,00002.1346,2759008226.9
2021-10-12T07:00:02.005Z,-USD,00002.2176,0000002.25,00002.0742,81776826.04,00002.1048,2760715832.37
2021-10-12T08:00:02.023Z,-USD,00002.2357,0000002.25,00002.0742,81049407.94,000002.117,2761921584.93
2021-10-12T09:00:01.857Z,-USD,00002.2345,00002.2394,00002.0742,81690670.04,00002.1235,2764242137.97
2021-10-12T10:00:02.173Z,-USD,00002.2255,00002.2331,00002.0742,83475781.83,00002.0875,2767285625.26
2021-10-12T11:00:02.102Z,-USD,00002.2072,00002.2213,00002.0718,84424636.62,00002.0947,2770715559.23
2021-10-12T12:00:04.158Z,-USD,00002.2086,00002.2199,00002.0718,84593770.8,00002.1094,2773021713.04
2021-10-12T13:00:02.162Z,-USD,00002.2097,00002.2199,00002.0718,87050492.44,00002.0799,2777275560.72
2021-10-12T14:00:02.326Z,-USD,00002.2162,00002.2178,00002.0718,91422594.68,00002.1376,2784799268.15
2021-10-12T15:00:02.526Z,-USD,00002.2084,00002.2132,00002.0718,94382911.93,00002.1053,2791794225.87
2021-10-12T16:00:02.687Z,-USD,00002.2026,000002.205,00002.0718,96246433.93,00002.1354,2797249292.09
2021-10-12T17:00:02.293Z,-USD,00002.1916,00002.1986,00002.0718,95540700.96,00002.1469,2800857276.88
2021-10-12T18:00:02.619Z,-USD,00002.1868,00002.1935,00002.0718,95296827.09,00002.1274,2803698516.82
2021-10-12T19:00:01.827Z,-USD,00002.1795,00002.1935,00002.0718,92283126.78,00002.1338,2805541908.04
2021-10-12T20:00:02.18Z,-USD,00002.1559,00002.1745,00002.0718,89554797.11,00002.1236,2807899751.78
2021-10-12T21:00:02.512Z,-USD,00002.1331,00002.1745,00002.0718,83496867.76,00002.1392,2811767566.3
2021-10-12T22:00:02.088Z,-USD,00002.1567,00002.1745,00002.0718,81021388.15,00002.1293,2813121485.52
2021-10-12T23:00:02.493Z,-USD,00002.1632,00002.1745,00002.0718,80673264.1,00002.1238,2815014590.51
2021-10-13T00:00:01.744Z,-USD,000002.171,00002.1731,00002.0718,80200784.05,00002.1161,2816817114.1
2021-10-13T01:00:02.208Z,-USD,00002.1439,00002.1586,00002.0718,78980787.61,00002.1392,2657059571.32
2021-10-13T02:00:02.689Z,-USD,00002.1474,00002.1586,00002.0718,79875094.56,00002.1299,2660066216.59
2021-10-13T03:00:01.885Z,-USD,00002.1146,00002.1586,00002.0718,78421910.46,00002.1425,2662424205.36
2021-10-13T04:00:01.985Z,-USD,000002.104,00002.1586,00002.0718,72810067.0,00002.1316,2663924365.19
2021-10-13T05:00:02.285Z,-USD,00002.1236,00002.1586,00002.0718,71588773.85,00002.1324,2665341634.45
2021-10-13T06:00:02.133Z,-USD,00002.1345,00002.1586,00002.0718,73912320.14,0000002.09,2670136720.44
2021-10-13T07:00:02.124Z,-USD,00002.1033,00002.1586,00002.0718,75303941.71,00002.0998,2673153660.19
2021-10-13T08:00:02.214Z,-USD,00002.1171,00002.1586,00002.0718,76717748.44,00002.0878,2675777228.32
2021-10-13T09:00:02.105Z,-USD,00002.1245,00002.1586,00002.0718,77839618.02,00002.1053,2679230336.16
2021-10-13T10:00:02.579Z,-USD,00002.0907,00002.1586,00002.0718,76065173.82,00002.1122,2680532949.99
2021-10-13T11:00:02.093Z,-USD,00002.0941,00002.1586,00002.0733,74028265.06,00002.1098,2681883332.34
2021-10-13T12:00:02.298Z,-USD,00002.1084,00002.1586,00002.0733,72882227.0,00002.1237,2683040693.42
2021-10-13T13:00:01.833Z,-USD,00002.0789,00002.1586,00002.0784,70752033.6,00002.1218,2685213833.06
2021-10-13T14:00:01.99Z,-USD,00002.1359,00002.1586,000002.081,65433585.38,00002.1084,2687392971.12
2021-10-13T15:00:02.007Z,-USD,00002.1068,00002.1537,000002.081,61056179.04,00002.1166,2690178274.93
2021-10-13T16:00:02.355Z,-USD,00002.1341,00002.1537,000002.081,57238090.73,00002.1163,2691648847.31
2021-10-13T17:00:01.918Z,-USD,00002.1459,00002.1519,000002.081,55264476.72,00002.1183,2693305262.63
2021-10-13T18:00:02.304Z,-USD,00002.1276,00002.1519,000002.081,56320721.4,00002.1411,2697172853.68
2021-10-13T19:00:02.617Z,-USD,00002.1303,00002.1734,000002.081,59838240.26,000002.154,2702525577.89
2021-10-13T20:00:02.707Z,-USD,00002.1236,00002.1734,000002.081,60166220.83,000002.158,2705207377.15
2021-10-13T21:00:02.185Z,-USD,000002.139,00002.1734,000002.081,59902122.71,000002.157,2708813801.53
2021-10-13T22:00:02.473Z,-USD,00002.1291,00002.1993,000002.081,62560166.98,00002.1834,2712831801.07
2021-10-13T23:00:01.978Z,-USD,00002.1213,00002.1993,000002.081,64184661.34,00002.1915,2716340292.59
2021-10-14T00:00:02.046Z,-USD,000002.117,00002.1993,000002.081,64598840.15,00002.1891,2718564560.5
2021-10-14T01:00:05.243Z,-USD,00002.1423,00002.1993,000002.081,63952529.56,00002.1762,2630008065.91
2021-10-14T02:00:03.006Z,-USD,00002.1315,00002.1993,000002.081,63412146.06,00002.1926,2632740512.92
2021-10-14T03:00:02.7Z,-USD,00002.1429,00002.1993,000002.081,64380444.87,00002.1849,2635758763.71
2021-10-14T04:00:02.047Z,-USD,00002.1323,00002.1993,000002.081,64536800.15,00002.1746,2637401118.92
2021-10-14T05:00:02.507Z,-USD,00002.1336,00002.1993,000002.081,64352855.43,000002.174,2638653860.83
2021-10-14T06:00:02.568Z,-USD,000002.085,00002.1993,000002.081,60335348.32,00002.1708,2639621009.02
2021-10-14T07:00:02.595Z,-USD,00002.0991,00002.1993,00002.0851,58479718.83,00002.1779,2640587670.47
2021-10-14T08:00:02.577Z,-USD,00002.0859,00002.1993,00002.0851,56925955.26,00002.1696,2641651552.4
2021-10-14T09:00:02.551Z,-USD,00002.1023,00002.1993,00002.0964,54552390.61,00002.1714,2642737290.26
2021-10-14T10:00:01.905Z,-USD,00002.1113,00002.1993,00000002.1,54524825.24,00002.1708,2644000529.99
2021-10-14T11:00:02.068Z,-USD,00002.1129,00002.1993,00000002.1,53858608.16,00002.1698,2644732671.66
2021-10-14T12:00:02.265Z,-USD,00002.1242,00002.1993,00000002.1,54908534.28,00002.1921,2646888584.93
2021-10-14T13:00:02.14Z,-USD,00002.1231,00002.2245,00000002.1,56584376.51,00002.2014,2650783340.14
2021-10-14T14:00:02.068Z,-USD,00002.1088,00002.2245,00000002.1,56674127.93,00002.2039,2653008153.4
2021-10-14T15:00:02.441Z,-USD,00002.1164,00002.2245,00002.1134,56790630.25,00002.2103,2655911423.64
2021-10-14T16:00:04.16Z,-USD,00002.1152,00002.2245,00002.1134,59241117.67,00002.1998,2659829731.57
2021-10-14T17:00:02.106Z,-USD,00002.1158,00002.2245,00002.1158,60531396.26,00002.1851,2662885564.13
2021-10-14T18:00:02.311Z,-USD,000002.143,00002.2245,000002.143,58854585.3,00002.1914,2665028223.86
2021-10-14T19:00:02.462Z,-USD,00002.1537,00002.2245,00002.1453,56575850.35,00002.1939,2668078073.28
2021-10-14T20:00:07.559Z,-USD,000002.156,00002.2245,00002.1453,56451294.05,00002.1804,2670597989.22
2021-10-14T21:00:10.523Z,-USD,00002.1551,00002.2245,00002.1548,55463259.92,00002.1662,2673216720.04
2021-10-14T22:00:14.151Z,-USD,00002.1768,00002.2245,00002.1573,52735798.3,00002.1722,2674726643.91
2021-10-14T23:00:12.339Z,-USD,000002.191,00002.2245,00002.1573,51101061.7,000002.176,2676393548.02
2021-10-15T00:00:17.239Z,-USD,00002.1901,00002.2245,00002.1573,50193488.38,00002.1727,2677709720.77
2021-10-15T01:00:12.464Z,-USD,00002.1793,00002.2245,0000002.15,50394781.32,00002.1513,2573784822.4
2021-10-15T02:00:12.334Z,-USD,00002.1909,00002.2245,0000002.14,50970464.22,00002.1509,2577077008.13
2021-10-15T03:00:11.185Z,-USD,00002.1841,00002.2245,0000002.14,53288276.38,00002.1758,2582402654.07
2021-10-15T04:00:22.641Z,-USD,00002.1742,00002.2245,0000002.14,56593482.4,00002.1745,2587351534.01
2021-10-15T05:00:10.149Z,-USD,00002.1712,00002.2245,0000002.14,58836217.44,00002.1997,2590877943.95
2021-10-15T06:00:07.409Z,-USD,00002.1727,00002.2245,0000002.14,62691409.38,00002.2075,2595676278.5
2021-10-15T07:00:03.474Z,-USD,00002.1792,00002.2245,0000002.14,64443232.98,00002.1953,2598387328.6
2021-10-15T08:00:03.829Z,-USD,00002.1677,00002.2245,0000002.14,64843180.91,00002.1989,2599850618.46
2021-10-15T09:00:02.657Z,-USD,00002.1713,00002.2245,0000002.14,68195177.53,00002.1574,2604281521.42
2021-10-15T10:00:02.516Z,-USD,00002.1676,00002.2245,00002.1362,70401571.23,00002.1529,2607756835.99
2021-10-15T11:00:04.493Z,-USD,0000002.17,00002.2245,00002.1358,73776272.83,00002.1538,2611858443.68
2021-10-15T12:00:04.313Z,-USD,00002.1919,00002.2245,00002.1358,74468788.23,00002.1612,2614711012.82
2021-10-15T13:00:03.096Z,-USD,000002.202,00002.2226,00002.1358,73395449.63,00002.1527,2617537284.06
2021-10-15T14:00:08.91Z,-USD,000002.204,00002.2226,00002.1358,74115626.04,000002.167,2620487481.57
2021-10-15T15:00:10.762Z,-USD,00002.2085,00002.2148,00002.1358,75064792.25,00002.1667,2624444612.34
2021-10-15T16:00:10.703Z,-USD,00002.2017,00002.2427,00002.1358,84729258.85,00002.2171,2638026398.83
2021-10-15T17:00:09.903Z,-USD,00002.1853,00002.2427,00002.1358,89065978.96,00002.2287,2645323124.23
2021-10-15T18:00:08.961Z,-USD,00002.1907,00002.2427,00002.1358,92522463.46,00002.2151,2650916007.37
2021-10-15T19:00:02.023Z,-USD,00002.1947,00002.2427,00002.1358,93309078.15,00002.2224,2654762101.52
2021-10-15T20:00:02.445Z,-USD,00002.1832,00002.2427,00002.1358,94718458.71,00002.2211,2658734318.06
2021-10-15T21:00:02.621Z,-USD,00002.1668,00002.2427,00002.1358,97965059.59,00002.2326,2664540558.47
2021-10-15T22:00:01.816Z,-USD,00002.1732,00002.2427,00002.1358,99207828.95,000002.211,2667288645.29
2021-10-15T23:00:02.561Z,-USD,00002.1751,00002.2427,00002.1358,100401931.47,000002.212,2670150281.8
2021-10-16T00:00:01.776Z,-USD,000002.174,00002.2427,00002.1358,101717751.87,00002.2161,2672807752.21
2021-10-16T01:00:10.841Z,-USD,00002.1522,00002.2427,00002.1358,101969984.7,00002.2234,2597961149.59
2021-10-16T02:00:11.121Z,-USD,00002.1523,00002.2427,00002.1358,100912086.46,00002.2221,2600186122.22
2021-10-16T03:00:11.374Z,-USD,00002.1784,00002.2427,00002.1358,98391650.28,000002.229,2603100068.28
2021-10-16T04:00:23.43Z,-USD,00002.1765,00002.2427,00002.1358,96712791.84,00002.2105,2606289884.07
2021-10-16T05:00:09.936Z,-USD,000002.197,00002.2427,00002.1358,95600333.17,00002.2131,2608723076.36
2021-10-16T06:00:10.923Z,-USD,00002.2067,00002.2427,00002.1358,92315731.3,00002.2115,2610195586.02
2021-10-16T07:00:08.629Z,-USD,00002.1943,00002.2427,00002.1358,91030001.62,00002.2125,2611618344.68
2021-10-16T08:00:02.213Z,-USD,000002.197,00002.2427,00002.1358,91063279.2,00002.2037,2613110312.77
2021-10-16T09:00:02.128Z,-USD,000002.156,00002.2427,00002.1358,88767681.89,00002.2268,2615248008.41
2021-10-16T10:00:02.706Z,-USD,00002.1532,00002.2427,00002.1358,86999555.69,00002.2266,2616952011.03
2021-10-16T11:00:03.731Z,-USD,000002.154,00002.2427,00002.1465,84880378.6,00002.2286,2618968113.1
2021-10-16T12:00:02.202Z,-USD,00002.1617,00002.2499,00002.1465,85112927.53,00002.2469,2622029487.44
2021-10-16T13:00:11.501Z,-USD,00002.1518,0000002.25,00002.1465,87476883.57,00002.2042,2627279725.44
2021-10-16T14:00:11.199Z,-USD,00002.1662,0000002.25,00002.1525,87737426.9,00002.2105,2630511085.98
2021-10-16T15:00:17.788Z,-USD,00002.1698,0000002.25,00002.1686,86197476.15,00002.2108,2632851988.71
2021-10-16T16:00:11.248Z,-USD,00002.2203,0000002.25,00002.1941,74220547.84,00002.2045,2634565846.52
2021-10-16T17:00:10.684Z,-USD,00002.2285,0000002.25,00002.1941,68595405.87,00002.2039,2636251433.57
2021-10-16T18:00:10.018Z,-USD,00002.2148,0000002.25,00002.1805,66623771.45,000002.189,2639868615.27
2021-10-16T19:00:11.792Z,-USD,00002.2224,0000002.25,00002.1805,65417532.02,00002.1899,2642386070.48
2021-10-16T20:00:10.055Z,-USD,00002.2178,0000002.25,00002.1805,62774366.16,000002.182,2643745121.69
2021-10-16T21:00:02.455Z,-USD,00002.2335,0000002.25,00002.1704,58773636.89,00002.1873,2645565856.39
2021-10-16T22:00:02.416Z,-USD,00002.2117,0000002.25,00002.1704,57923534.83,00002.1765,2647401052.19
2021-10-16T23:00:02.255Z,-USD,00002.2144,0000002.25,00002.1704,56502459.41,00002.1832,2648871663.74
2021-10-17T00:00:01.695Z,-USD,00002.2174,0000002.25,00002.1704,54924246.25,00002.1754,2649941059.02
2021-10-17T01:00:11.042Z,-USD,000002.225,0000002.25,00002.1522,54919041.03,00002.1702,2588069808.1
2021-10-17T02:00:11.159Z,-USD,00002.2255,0000002.25,00002.1522,54095526.49,00002.1791,2589476270.73
2021-10-17T03:00:11.036Z,-USD,00002.2302,0000002.25,00002.1522,52160129.06,00002.1761,2590464086.78
2021-10-17T04:00:42.256Z,-USD,00002.2118,0000002.25,00002.1522,47840755.21,00002.1788,2591742561.04
2021-10-17T05:00:08.356Z,-USD,00002.2118,0000002.25,00002.1522,50281789.94,00002.1819,2594183595.77
2021-10-17T06:00:09.229Z,-USD,00002.2114,0000002.25,00002.1522,49910908.06,00002.1659,2595277144.96
2021-10-17T07:00:09.424Z,-USD,00002.2122,0000002.25,00002.1522,49243616.15,00002.1719,2596037786.59
2021-10-17T08:00:08.545Z,-USD,00002.2058,0000002.25,00002.1522,49244662.34,00002.1718,2597582170.49
2021-10-17T09:00:09.307Z,-USD,000002.224,0000002.25,00002.1522,48164910.1,00002.1755,2598587694.31
2021-10-17T10:00:09.766Z,-USD,00002.2272,0000002.25,00002.1522,47163045.67,000002.184,2599301156.09
2021-10-17T11:00:10.085Z,-USD,00002.2294,0000002.25,00002.1522,45533150.95,000002.182,2599724022.4
2021-10-17T12:00:08.446Z,-USD,00002.2427,0000002.25,00002.1522,43234959.1,00002.1702,2600453688.58
2021-10-17T13:00:11.507Z,-USD,00002.2003,00002.2227,00002.1522,39307922.32,00002.1689,2601794319.85
2021-10-17T14:00:09.855Z,-USD,00002.2136,00002.2227,00002.1522,37126364.25,000002.171,2602825718.58
2021-10-17T15:00:09.417Z,-USD,00002.2122,00002.2136,00002.1522,35983631.01,00002.1658,2604051575.38
2021-10-17T16:00:08.9Z,-USD,00002.2073,0000002.21,00002.1448,36915372.36,000002.154,2606660367.87
2021-10-17T17:00:02.403Z,-USD,00002.2058,00002.2058,00002.1448,36636001.26,00002.1511,2608072219.32
2021-10-17T18:00:03.747Z,-USD,000002.192,00002.1946,00002.1448,34053027.49,00002.1601,2609127851.55
2021-10-17T19:00:01.935Z,-USD,00002.1912,00002.1939,00002.1448,32929911.72,000002.163,2610503776.0
2021-10-17T20:00:02.498Z,-USD,00002.1814,0000002.19,000002.141,33977525.43,00002.1487,2612893894.18
2021-10-17T21:00:02.149Z,-USD,00002.1871,0000002.19,00002.0923,41133026.46,00002.1203,2621882714.61
2021-10-17T22:00:02.532Z,-USD,00002.1755,0000002.19,00002.0923,41823713.04,00002.1431,2624423734.34
2021-10-17T23:00:01.82Z,-USD,00002.1837,0000002.19,00002.0923,43835101.09,00002.1468,2627888206.43
2021-10-18T00:00:08.546Z,-USD,00002.1783,0000002.19,00002.0923,45042084.32,00002.1564,2630197381.26
2021-10-18T01:00:02.724Z,-USD,00002.1702,0000002.19,00002.0923,44418583.57,00002.1558,2580056671.62
2021-10-18T02:00:01.902Z,-USD,00002.1781,0000002.19,00002.0923,45714211.41,00002.1557,2582734468.18
2021-10-18T03:00:01.983Z,-USD,00002.1767,0000002.19,00002.0923,46438076.19,000002.152,2584447994.47
2021-10-18T04:00:02.164Z,-USD,00002.1787,0000002.19,00002.0923,47096533.33,00002.1412,2586367532.6
2021-10-18T05:00:01.742Z,-USD,0000002.18,00002.1885,00002.0923,46136501.41,00002.1484,2587866434.38
2021-10-18T06:00:01.777Z,-USD,00002.1657,00002.1885,00002.0923,46402685.49,00002.1557,2589214966.06
2021-10-18T07:00:01.706Z,-USD,00002.1718,00002.1885,00002.0923,46367998.0,000002.152,2589936873.27
2021-10-18T08:00:02.552Z,-USD,00002.1675,00002.1885,00002.0923,46511539.77,00002.1452,2591793346.41
2021-10-18T09:00:02.451Z,-USD,00002.1758,00002.1885,00002.0923,47425658.32,000002.147,2593575004.6
2021-10-18T10:00:02.248Z,-USD,000002.184,00002.1868,00002.0923,48709788.34,00002.1376,2595544900.87
2021-10-18T11:00:02.559Z,-USD,00002.1817,00002.1856,00002.0923,50380069.61,00002.1394,2597633822.01
2021-10-18T12:00:02.461Z,-USD,00002.1683,00002.1776,00002.0923,51565950.18,00002.1258,2599650606.3
2021-10-18T13:00:02.581Z,-USD,00002.1703,00002.1776,00002.0923,53048988.55,00002.1203,2602380968.23
2021-10-18T14:00:01.943Z,-USD,00002.1727,00002.1746,00002.0923,56259220.55,00002.1466,2606635162.23
2021-10-18T15:00:02.116Z,-USD,00002.1672,00002.1746,00002.0923,57256551.6,00002.1384,2608852877.72
2021-10-18T16:00:02.353Z,-USD,00002.1525,00002.1746,00002.0923,57278288.51,00002.1306,2611503222.6
2021-10-18T17:00:01.827Z,-USD,00002.1538,00002.1746,00002.0923,59342845.34,000002.122,2614955271.86
2021-10-18T18:00:02.355Z,-USD,00002.1596,00002.1746,00002.0923,60374777.84,00002.1137,2617057025.21
2021-10-18T19:00:02.229Z,-USD,00002.1631,00002.1746,00002.0923,61053377.21,00002.1203,2619097599.0
2021-10-18T20:00:02.515Z,-USD,00002.1478,00002.1746,00002.0923,61999539.94,00002.1259,2622438611.64
2021-10-18T21:00:01.852Z,-USD,000002.117,00002.1746,000002.105,55252090.89,00002.1338,2624675667.73
2021-10-18T22:00:02.585Z,-USD,00002.1435,00002.1746,000002.105,54116753.46,00002.1334,2626099525.76
2021-10-18T23:00:01.997Z,-USD,00002.1452,00002.1746,000002.105,52289558.84,000002.136,2627729397.86
2021-10-19T00:00:02.07Z,-USD,00002.1589,00002.1746,000002.105,51012456.27,00002.1285,2628752725.27
2021-10-19T01:00:02.499Z,-USD,00002.1568,00002.1746,000002.105,50232169.6,00002.1216,2583492203.03
2021-10-19T02:00:01.899Z,-USD,00002.1536,00002.1746,000002.105,49800885.23,00002.1281,2585845408.77
2021-10-19T03:00:02.276Z,-USD,00002.1514,00002.1746,000002.105,49847746.39,00002.1431,2587492892.67
2021-10-19T04:00:02.483Z,-USD,00002.1425,00002.1746,000002.105,50548970.0,00002.1543,2590162102.48
2021-10-19T05:00:01.823Z,-USD,00002.1493,00002.1746,000002.105,50442960.25,00002.1373,2591506874.77
2021-10-19T06:00:02.691Z,-USD,00002.1545,00002.1746,000002.105,50570125.98,00002.1321,2592971097.37
2021-10-19T07:00:01.891Z,-USD,00002.1516,00002.1746,000002.105,51066199.59,00002.1243,2594183758.47
2021-10-19T08:00:01.966Z,-USD,00002.1453,00002.1592,000002.105,49997648.93,00002.1352,2594972622.85
2021-10-19T09:00:02.439Z,-USD,000002.147,00002.1568,000002.105,49455897.37,0000002.13,2596211612.72
2021-10-19T10:00:02.336Z,-USD,00002.1381,00002.1568,000002.105,48132587.49,00002.1238,2596876245.53
2021-10-19T11:00:02.348Z,-USD,00002.1388,00002.1568,000002.105,46614332.37,000002.125,2597431934.62
2021-10-19T12:00:02.418Z,-USD,00002.1279,00002.1568,000002.105,45689610.92,00002.1279,2598529055.13
2021-10-19T13:00:02.461Z,-USD,00002.1219,00002.1568,000002.105,44205592.18,00002.1264,2599787767.5
2021-10-19T14:00:02.569Z,-USD,00002.1448,00002.1568,00002.1109,42379396.91,000002.127,2602233517.93
2021-10-19T15:00:01.94Z,-USD,00002.1359,00002.1568,00002.1051,44041538.94,0000002.12,2606083960.42
2021-10-19T16:00:02.246Z,-USD,00002.1318,00002.1568,00002.1051,43019423.34,00002.1118,2607793030.93
2021-10-19T17:00:02.619Z,-USD,00002.1233,00002.1568,00002.1051,41368122.18,00002.1228,2609515167.11
2021-10-19T18:00:02.691Z,-USD,00002.1129,00002.1568,00002.1051,41302688.93,00002.1204,2611557842.26
2021-10-19T19:00:02.283Z,-USD,00002.1213,00002.1568,00002.1051,43254636.42,00002.1102,2615544901.07
2021-10-19T20:00:02.68Z,-USD,00002.1265,00002.1568,00002.0972,45122668.03,00002.1008,2620847942.63
2021-10-19T21:00:02.531Z,-USD,00002.1321,00002.1568,00002.0927,47390439.53,00002.0935,2625256874.92
2021-10-19T22:00:02.312Z,-USD,00002.1336,00002.1568,00002.0925,48792424.22,00002.0984,2628076535.02
2021-10-19T23:00:02.548Z,-USD,00002.1346,00002.1568,00002.0925,50456399.18,00002.1061,2631385977.2
2021-10-20T00:00:02.423Z,-USD,00002.1271,00002.1568,00002.0925,52496328.8,00002.1106,2634432084.56
2021-10-20T01:00:02.584Z,-USD,00002.1216,00002.1568,00002.0925,53878110.65,00002.1011,2414381643.28
2021-10-20T02:00:02.668Z,-USD,00002.1299,00002.1568,00002.0925,54458872.45,000002.098,2417308472.87
2021-10-20T03:00:02.542Z,-USD,00002.1425,00002.1568,00002.0925,56078376.93,00002.0962,2420567693.06
2021-10-20T04:00:02.569Z,-USD,00002.1531,00002.1551,00002.0925,56082883.53,00002.0932,2423263686.25
2021-10-20T05:00:01.718Z,-USD,00002.1376,00002.1432,00002.0918,56458440.91,00002.1019,2424963566.58
2021-10-20T06:00:02.82Z,-USD,000002.128,00002.1432,00002.0918,56091499.07,00002.0996,2426077154.57
2021-10-20T07:00:02.601Z,-USD,00002.1253,00002.1432,00002.0918,55766120.75,00002.0981,2426946776.63
2021-10-20T08:00:02.315Z,-USD,00002.1343,00002.1432,00002.0918,55861358.67,00002.1056,2427826945.6
2021-10-20T09:00:02.178Z,-USD,00002.1306,00002.1432,00002.0918,55312948.37,00002.1067,2428524937.32
2021-10-20T10:00:02.107Z,-USD,00002.1233,00002.1432,00002.0918,56830759.88,00002.1183,2430701626.24
2021-10-20T11:00:04.304Z,-USD,00002.1262,00002.1432,00002.0918,57520939.83,00002.1281,2431947874.58
2021-10-20T12:00:01.956Z,-USD,00002.1273,00002.1492,00002.0918,58765081.07,00002.1436,2434293437.44
2021-10-20T13:00:01.795Z,-USD,00002.1265,00002.1625,00002.0918,62911623.12,00002.1578,2439696704.2
2021-10-20T14:00:02.204Z,-USD,00002.1273,000002.171,00002.0918,66741905.35,00002.1654,2446076454.27
2021-10-20T15:00:02.133Z,-USD,00002.1199,000002.213,00002.0918,76039513.35,00002.1982,2459141386.22
2021-10-20T16:00:02.191Z,-USD,000002.111,000002.213,00002.0918,80556145.83,00002.1965,2465358516.0
2021-10-20T17:00:01.752Z,-USD,00002.1233,000002.213,00002.0918,84109225.9,00002.1945,2470633614.89
2021-10-20T18:00:02.711Z,-USD,00002.1205,000002.213,00002.0918,85285992.6,00002.1864,2473853263.41
2021-10-20T19:00:02.04Z,-USD,00002.1102,000002.213,00002.0918,84615893.8,00002.1915,2477170593.8
2021-10-20T20:00:01.881Z,-USD,00002.1011,000002.213,00002.0918,82395471.18,00002.1933,2480301791.41
2021-10-20T21:00:02.216Z,-USD,00002.0938,000002.213,00002.0918,81780454.08,00002.1812,2484087619.52
2021-10-20T22:00:02.297Z,-USD,00002.0971,000002.213,00002.0918,80982702.21,00002.1844,2486065834.65
2021-10-20T23:00:01.822Z,-USD,00002.1061,000002.213,00002.0918,79726647.93,00002.1775,2488141984.41
2021-10-21T00:00:02.66Z,-USD,00002.1099,000002.213,00002.0918,78597391.01,00002.1872,2490053707.2
2021-10-21T01:00:02.187Z,-USD,00002.1013,00002.2454,00002.0918,85620925.23,00002.2313,2312623350.92
2021-10-21T02:00:02.795Z,-USD,00002.0979,000002.271,00002.0918,93106887.5,00002.2317,2323051230.57
2021-10-21T03:00:02.201Z,-USD,00002.0966,000002.271,00002.0918,97238974.99,00002.2248,2330429953.91
2021-10-21T04:00:02.146Z,-USD,00002.0922,000002.271,00002.0918,97274172.19,00002.2262,2333174995.94
2021-10-21T05:00:02.629Z,-USD,00002.1024,000002.271,000002.095,97251814.91,00002.2333,2334822311.73
2021-10-21T06:00:02.524Z,-USD,00002.0999,00002.2759,00002.0963,99515847.02,00002.2706,2338201038.67
2021-10-21T07:00:02.385Z,-USD,00002.0985,00002.2759,00002.0977,102075659.42,000002.241,2341632183.84
2021-10-21T08:00:02.232Z,-USD,00002.1055,00002.2759,000002.101,102924696.81,00002.2615,2343375445.48
2021-10-21T09:00:02.008Z,-USD,00002.1078,00002.2759,00002.1075,104630927.63,00002.2597,2345766746.1
2021-10-21T10:00:01.763Z,-USD,00002.1169,00002.2923,00002.1165,106368481.92,00002.2813,2349679314.55
2021-10-21T11:00:02.084Z,-USD,00002.1272,00002.2951,00002.1267,109982238.25,000002.284,2354549826.61
2021-10-21T12:00:01.931Z,-USD,00002.1438,00002.2985,000002.009,124325545.89,00002.2247,2371238062.79
2021-10-21T13:00:01.776Z,-USD,000002.157,00002.2985,000002.009,123655050.25,00002.2478,2376055356.63
2021-10-21T14:00:02.654Z,-USD,00002.1669,00002.2985,000002.009,121591941.25,00002.2332,2380314643.52
2021-10-21T15:00:01.791Z,-USD,00002.1979,00002.2985,000002.009,118029911.6,00002.1901,2389817211.15
2021-10-21T16:00:02.014Z,-USD,000002.196,00002.2985,000002.009,122147207.48,00002.1703,2400174188.65
2021-10-21T17:00:02.369Z,-USD,00002.1941,00002.2985,000002.009,121699424.57,00002.1522,2404961269.35
2021-10-21T18:00:02.593Z,-USD,00002.1862,00002.2985,000002.009,122444361.84,00002.1456,2408924242.9
2021-10-21T19:00:02.51Z,-USD,00002.1914,00002.2985,000002.009,121915126.43,00002.1524,2411699735.86
2021-10-21T20:00:02.655Z,-USD,00002.1932,00002.2985,000002.009,121151847.31,00002.1541,2414099278.51
2021-10-21T21:00:01.929Z,-USD,00002.1831,00002.2985,000002.009,121038920.34,00002.1547,2417758828.94
2021-10-21T22:00:02.08Z,-USD,000002.187,00002.2985,000002.009,121014855.65,00002.1541,2419806229.26
2021-10-21T23:00:02.468Z,-USD,00002.1772,00002.2985,000002.009,120989783.5,00002.1385,2421752280.35
2021-10-22T00:00:02.626Z,-USD,00002.1897,00002.2985,000002.009,120699910.75,00002.1372,2423384158.32
2021-10-22T01:00:09.309Z,-USD,00002.2301,00002.2985,000002.009,114123060.33,00002.1603,2291779109.37
2021-10-22T02:00:07.275Z,-USD,00002.2302,00002.2985,000002.009,106878135.59,00002.1593,2295072928.37
2021-10-22T03:00:02.234Z,-USD,00002.2275,00002.2985,000002.009,101341711.2,00002.1627,2296839994.26
2021-10-22T04:00:01.852Z,-USD,000002.227,00002.2985,000002.009,101579761.33,00002.1808,2299774184.77
2021-10-22T05:00:02.652Z,-USD,00002.2333,00002.2985,000002.009,101305595.34,000002.176,2301161888.0
2021-10-22T06:00:02.402Z,-USD,00002.2719,00002.2985,000002.009,100374103.42,00002.1955,2303610602.85
2021-10-22T07:00:02.05Z,-USD,00002.2419,00002.2985,000002.009,99078355.9,00002.1862,2305723572.07
2021-10-22T08:00:01.781Z,-USD,00002.2605,00002.2985,000002.009,99082557.5,00002.1992,2307485292.42
2021-10-22T09:00:02.57Z,-USD,00002.2598,00002.2985,000002.009,98437131.23,000002.198,2309217193.64
2021-10-22T10:00:02.161Z,-USD,00002.2836,00002.2985,000002.009,95785176.99,00002.1839,2310475990.84
2021-10-22T11:00:02.351Z,-USD,000002.286,00002.2985,000002.009,92028905.7,00002.1902,2311611062.49
2021-10-22T12:00:01.743Z,-USD,00002.2297,00002.2655,00002.1251,76717397.23,00002.1907,2313026881.7
2021-10-22T13:00:02.639Z,-USD,00002.2485,00002.2655,00002.1251,73562213.51,00002.1885,2314626194.33
2021-10-22T14:00:02.466Z,-USD,000002.233,00002.2389,00002.1251,73156312.74,00002.1594,2318546719.74
2021-10-22T15:00:01.819Z,-USD,00002.1907,00002.2096,00002.1251,71937255.14,00002.1598,2326814412.06
2021-10-22T16:00:01.939Z,-USD,00002.1688,00002.2096,00002.1308,67215749.06,00002.1436,2332487129.1
2021-10-22T17:00:02.393Z,-USD,00002.1507,00002.2096,00002.1241,68081714.11,00002.1515,2338088828.93
2021-10-22T18:00:02.025Z,-USD,00002.1474,00002.2096,00002.1241,66288367.35,00002.1437,2340266013.26
2021-10-22T19:00:02.161Z,-USD,00002.1541,00002.2096,00002.1241,66270002.7,00002.1549,2343003554.66
2021-10-22T20:00:02.173Z,-USD,00002.1576,00002.2096,00002.1241,66172803.12,00002.1613,2345334569.15
2021-10-22T21:00:02.418Z,-USD,000002.154,00002.2096,00002.1241,64862644.51,00002.1593,2347645717.87
2021-10-22T22:00:02.198Z,-USD,00002.1551,00002.2096,00002.1241,64298796.65,00002.1479,2349122313.85
2021-10-22T23:00:02.568Z,-USD,00002.1391,00002.2096,00002.1241,64276235.64,00002.1557,2351072865.97
2021-10-23T00:00:02.446Z,-USD,00002.1367,00002.2096,00002.1241,63789126.91,00002.1546,2352198200.52
2021-10-23T01:00:02.283Z,-USD,00002.1631,00002.2096,00002.1241,62290023.68,00002.1569,2272339088.59
2021-10-23T02:00:02.096Z,-USD,00002.1564,00002.2096,00002.1241,60310280.83,00002.1546,2273658316.91
2021-10-23T03:00:02.102Z,-USD,00002.1629,00002.2096,00002.1241,59598242.15,00002.1585,2274698715.62
2021-10-23T04:00:02.17Z,-USD,00002.1842,00002.2096,00002.1241,58073134.72,000002.158,2276132008.5
2021-10-23T05:00:02.322Z,-USD,00002.1778,00002.2096,00002.1241,57734303.27,00002.1603,2277161112.84
2021-10-23T06:00:02.227Z,-USD,00002.1973,00002.2096,00002.1241,56013373.07,00002.1522,2277939213.57
2021-10-23T07:00:02.1Z,-USD,00002.1865,00002.2095,00002.1241,54844571.42,00002.1575,2278826442.61
2021-10-23T08:00:01.833Z,-USD,00002.2002,00002.2095,00002.1241,54222518.84,000002.167,2279992148.01
2021-10-23T09:00:01.76Z,-USD,00002.1982,00002.2031,00002.1241,53463600.98,00002.1645,2280943837.59
2021-10-23T10:00:02.585Z,-USD,00002.1832,00002.2031,00002.1241,53397162.34,00002.1542,2282141000.19
2021-10-23T11:00:01.767Z,-USD,000002.189,00002.2031,00002.1241,53204475.41,00002.1421,2283075759.63
2021-10-23T12:00:02.463Z,-USD,00002.1898,000002.194,00002.1241,54137362.25,00002.1605,2285484301.91
2021-10-23T13:00:02.387Z,-USD,00002.1889,000002.194,00002.1241,53595857.17,000002.153,2286490767.2
2021-10-23T14:00:02.271Z,-USD,00002.1584,00002.1772,00002.1241,50816172.44,00002.1516,2287665119.81
2021-10-31T18:00:08.706Z,-USD,00001.9595,0000002.03,00001.9191,93765111.43,00001.9554,2373000760.55
2021-10-31T19:00:01.791Z,-USD,00001.9744,0000002.03,00001.9191,93364051.45,00001.9595,2375822783.59
2021-10-31T20:00:01.778Z,-USD,00001.9779,0000002.03,00001.9191,93892041.31,00001.9473,2378434179.25
2021-10-31T21:00:02.684Z,-USD,00001.9731,0000002.03,00001.9191,94200350.46,0000001.96,2381050149.84
2021-10-31T22:00:01.709Z,-USD,000001.961,0000002.03,00001.9191,93575426.39,00001.9859,2383937937.91
2021-10-31T23:00:03.094Z,-USD,00001.9411,0000002.03,00001.9191,87266495.8,00001.9712,2386986022.35
2021-11-01T00:00:04.868Z,-USD,000001.956,0000002.03,00001.9191,83734429.88,00001.9653,2389412331.57
2021-11-01T01:00:04.338Z,-USD,00001.9599,0000002.03,00001.9191,81066959.03,00001.9722,2329976195.51
2021-11-01T02:00:03.854Z,-USD,00001.9508,0000002.03,00001.9191,79562482.92,00001.9578,2332314190.57
2021-11-01T03:00:03.703Z,-USD,00002.0065,0000002.03,00001.9191,78391390.64,00001.9418,2338713321.87
2021-11-01T04:00:13.388Z,-USD,00001.9922,00001.9959,00001.9191,74738849.9,00001.9265,2342191892.68
2021-11-01T05:00:07.284Z,-USD,00001.9837,00001.9904,000001.913,75293751.41,00001.9332,2346487251.06
2021-11-01T06:00:06.049Z,-USD,00001.9834,000001.988,000001.913,74122739.16,00001.9361,2348493489.15
2021-11-01T07:00:06.388Z,-USD,00001.9733,000001.988,000001.913,73845651.88,000001.943,2349960378.44
2021-11-01T08:00:02.266Z,-USD,00001.9797,000001.988,000001.913,75424480.18,00001.9763,2352750315.97
2021-11-01T09:00:01.782Z,-USD,00001.9612,00001.9897,000001.913,75140925.79,00001.9759,2354724093.36
2021-11-01T10:00:02.202Z,-USD,00001.9558,00002.0193,000001.913,77168930.11,00001.9923,2358379521.67
2021-11-01T11:00:03.213Z,-USD,00001.9527,00002.0193,000001.913,75331412.18,00001.9868,2360176448.71
2021-11-01T12:00:02.513Z,-USD,00001.9387,00002.0193,000001.913,74839735.25,00001.9764,2362176834.27
2021-11-01T13:00:02.256Z,-USD,000001.932,00002.0193,000001.913,74021752.23,00001.9722,2365087680.29
2021-11-01T14:00:02.194Z,-USD,00001.9395,00002.0193,000001.913,69754354.69,00001.9781,2367581423.81
2021-11-01T15:00:02.248Z,-USD,00001.9432,00002.0193,000001.913,69422421.69,00001.9593,2371687187.34
2021-11-01T16:00:01.801Z,-USD,00001.9468,00002.0193,000001.913,68933008.1,00001.9679,2374632864.15
2021-11-01T17:00:03.98Z,-USD,00001.9558,00002.0193,000001.913,69060300.08,00001.9541,2378068074.99
2021-11-01T18:00:02.944Z,-USD,00001.9527,00002.0193,000001.913,71013706.02,00001.9481,2382225949.82
2021-11-01T19:00:02.167Z,-USD,00001.9573,00002.0193,000001.913,71899936.83,00001.9392,2385935717.45
2021-11-01T20:00:02.283Z,-USD,00001.9497,00002.0193,000001.913,72850830.91,00001.9515,2389540429.58
2021-11-01T21:00:02.427Z,-USD,00001.9586,00002.0193,000001.913,74109123.28,00001.9376,2393342278.23
2021-11-01T22:00:02.478Z,-USD,00001.9843,00002.0193,000001.913,73566883.32,000001.944,2395706480.14
2021-11-01T23:00:03.419Z,-USD,00001.9711,00002.0193,000001.913,73965364.07,00001.9463,2399138751.82
2021-11-02T00:00:01.929Z,-USD,00001.9665,00002.0193,000001.913,74147906.45,00001.9487,2401788607.37
2021-11-02T01:00:01.873Z,-USD,00001.9732,00002.0193,000001.913,75444229.83,000001.941,2351968300.31
2021-11-02T02:00:01.986Z,-USD,00001.9559,00002.0193,000001.913,77254661.2,00001.9406,2356027444.08
2021-11-02T03:00:01.903Z,-USD,000001.941,00002.0193,000001.913,73170439.95,00001.9411,2358389745.03
2021-11-02T04:00:02.082Z,-USD,00001.9271,00002.0193,000001.913,71817628.34,00001.9478,2360711617.68
2021-11-02T05:01:03.096Z,-USD,00001.9354,00002.0193,000001.927,68152582.65,00001.9564,2363087228.72
2021-11-02T06:00:02.166Z,-USD,00001.9354,00002.0193,000001.927,69782544.95,00001.9526,2364717191.02
2021-11-02T07:00:01.91Z,-USD,00001.9435,00002.0193,00001.9279,70215676.6,00001.9659,2366661083.4
2021-11-02T08:00:01.852Z,-USD,00001.9779,00002.0193,00001.9279,68562429.79,00001.9538,2367774720.33
2021-11-02T09:00:01.775Z,-USD,00001.9769,00002.0193,00001.9279,67714568.89,00001.9535,2368883721.2
2021-11-02T10:00:01.714Z,-USD,00001.9904,000001.995,00001.9279,67246624.99,00001.9732,2372079682.5
2021-11-02T11:00:04.183Z,-USD,00001.9856,00001.9923,00001.9279,69321735.5,000001.971,2375934119.9
2021-11-02T12:00:01.711Z,-USD,00001.9766,00001.9887,00001.9279,70425836.49,00001.9662,2379085671.96
2021-11-02T13:00:02.582Z,-USD,00001.9706,000001.988,00001.9279,70182396.37,00001.9646,2381745087.28
2021-11-02T14:00:02.686Z,-USD,00001.9783,00001.9964,00001.9279,72781643.6,00001.9961,2386816401.88
2021-11-02T15:00:02.009Z,-USD,00001.9607,00001.9966,00001.9279,73581397.87,00001.9766,2391810724.42
2021-11-02T16:00:02.22Z,-USD,00001.9694,00001.9969,00001.9279,76466311.16,00001.9914,2397563826.94
2021-11-02T17:00:03.37Z,-USD,00001.9547,00001.9969,00001.9279,78019521.92,00001.9868,2402568016.5
2021-11-02T18:00:02.126Z,-USD,000001.947,00001.9969,00001.9279,77356796.94,00001.9836,2406037406.17
2021-11-02T19:00:02.42Z,-USD,00001.9389,00001.9969,00001.9279,77089686.4,000001.979,2409471263.62
2021-11-02T20:00:01.771Z,-USD,000001.952,00001.9969,00001.9279,76003979.46,000001.981,2412100612.57
2021-11-02T21:00:01.886Z,-USD,00001.9393,00001.9969,00001.9279,75445868.37,00001.9648,2415259412.23
2021-11-02T22:00:02.016Z,-USD,00001.9399,00001.9969,00001.9279,76521764.55,00001.9643,2418685406.2
2021-11-02T23:00:02.751Z,-USD,00001.9462,00001.9969,00001.9346,76118342.61,00001.9629,2421695357.79
2021-11-03T00:00:02.489Z,-USD,00001.9492,00001.9969,00001.9346,76618763.28,00001.9703,2424854865.28
2021-11-03T01:00:02.616Z,-USD,00001.9412,00001.9969,00001.9346,75648432.49,00001.9705,2354507376.72
2021-11-03T02:00:02.352Z,-USD,00001.9402,00001.9969,000001.938,77299633.83,00001.9602,2360185481.06
2021-11-03T03:00:02.521Z,-USD,00001.9409,00001.9969,000001.938,78672737.86,00001.9598,2363923773.38
2021-11-03T04:00:02.703Z,-USD,00001.9479,00001.9969,00001.9455,79654556.04,00001.9598,2367234058.2
2021-11-03T05:00:03.72Z,-USD,00001.9558,00001.9969,00001.9486,81699113.44,00001.9791,2371632098.42
2021-11-03T06:00:02.825Z,-USD,00001.9529,000002.088,000001.949,98582873.33,00002.0318,2390226559.4
2021-11-03T07:00:01.666Z,-USD,00001.9662,000002.088,000001.949,105101415.17,00002.0487,2398616896.93
2021-11-03T08:00:02.667Z,-USD,00001.9538,00002.0884,000001.949,110311252.28,00002.0798,2404950128.24
2021-11-03T09:00:02.682Z,-USD,00001.9523,00002.1352,00001.9511,120652394.83,00002.1001,2416412022.99
2021-11-03T10:00:02.489Z,-USD,00001.9726,00002.1352,00001.9511,123547744.26,00002.1005,2422638709.41
2021-11-03T11:00:04.508Z,-USD,00001.9709,000002.145,00001.9511,128199303.35,00002.1442,2431014037.72
2021-11-03T12:00:01.942Z,-USD,00001.9657,00002.1462,00001.9511,133606902.23,00002.1178,2439563815.52
2021-11-03T13:00:01.863Z,-USD,00001.9651,00002.1462,00001.9511,142875474.33,00002.0541,2451525933.0
2021-11-03T14:00:01.998Z,-USD,00001.9946,00002.1462,00001.9511,148816055.28,00002.0495,2462574542.74
2021-11-03T15:00:02.207Z,-USD,00001.9767,00002.1462,00001.9511,150808156.76,00002.0599,2469486053.55
2021-11-03T16:00:01.68Z,-USD,00001.9924,00002.1462,00001.9511,150126526.2,00002.0683,2474596295.05
2021-11-03T17:00:03.277Z,-USD,00001.9873,00002.1462,00001.9511,150087451.07,00002.0436,2479541196.35
2021-11-03T18:00:01.882Z,-USD,00001.9823,00002.1462,00001.9511,150760437.72,00002.0588,2483669374.13
2021-11-03T19:00:02.278Z,-USD,000001.979,00002.1462,00001.9511,154519947.37,00002.0947,2490856917.31
2021-11-03T20:00:02.568Z,-USD,00001.9805,00002.1462,00001.9511,157568920.91,00002.0644,2496559621.4
2021-11-03T21:00:01.933Z,-USD,000001.964,00002.1462,00001.9511,160079564.14,00002.0909,2502262013.57
