Coin on file:	ALGO
Created by:	chris
Created on:	09/18/2021T03:00:1631948402Z

Recorded,Currency,Open,High,Low,Volume,Last,Volume30day
2021-09-18T03:00:02.659Z,-USD,00002.1033,00002.1337,000001.892,50692304.0,00001.9474,2010786907.0
2021-09-18T04:00:01.983Z,-USD,00002.0951,00002.1077,000001.892,48893883.0,00001.9417,2011923992.0
2021-09-18T05:00:02.052Z,-USD,000002.078,00002.1077,000001.892,47837640.0,00001.9743,2012757156.0
2021-09-18T06:00:02.083Z,-USD,00002.0877,00002.0935,000001.892,48711318.0,00002.0008,2015332391.0
2021-09-18T07:00:02.385Z,-USD,00002.0561,00002.0719,000001.892,48618855.0,00001.9948,2016531742.0
2021-09-18T08:00:02.626Z,-USD,00002.0285,00002.0503,000001.892,48523021.0,00002.0164,2017993783.0
2021-09-18T09:00:01.852Z,-USD,00002.0421,00002.0503,000001.892,47934672.0,00001.9893,2019087404.0
2021-09-18T10:00:01.968Z,-USD,00002.0153,00002.0272,000001.892,47518494.0,00001.9705,2020354546.0
2021-09-18T11:00:02.344Z,-USD,00001.9653,00002.0272,000001.892,44026768.0,00001.9836,2021169860.0
2021-09-18T12:00:02.46Z,-USD,00001.9806,00002.0272,000001.892,42238003.0,00001.9539,2022185182.0
2021-09-18T13:00:02.675Z,-USD,00002.0033,00002.0272,000001.892,40135816.0,00001.9473,2023329335.0
2021-09-18T14:00:01.88Z,-USD,00002.0049,00002.0272,000001.892,40048901.0,00001.9769,2025356498.0
2021-09-18T14:27:57.952Z,-USD,000001.998,00002.0812,000001.892,41554179.0,00002.0705,2028657536.0
2021-09-18T14:28:37.246Z,-USD,000001.998,00002.0812,000001.892,41597287.0,00002.0656,2028700644.0
2021-09-18T14:31:17.504Z,-USD,000001.998,00002.0812,000001.892,41676498.0,000002.065,2028779855.0
2021-09-18T15:00:02.118Z,-USD,000001.998,00002.0812,000001.892,42781640.0,00002.0481,2029884997.0
2021-09-18T16:00:02.322Z,-USD,00002.0043,00002.0812,000001.892,43775846.0,00002.0311,2032418153.0
2021-09-18T17:00:02.107Z,-USD,00001.9818,00002.0812,000001.892,43795632.0,00002.0743,2034590424.0
2021-09-18T18:00:07.221Z,-USD,000001.929,00002.1219,000001.892,46607699.0,00002.0904,2039888670.0
2021-09-18T19:00:01.787Z,-USD,00001.9528,00002.1219,000001.892,44421335.0,00002.0765,2041447981.0
2021-09-18T20:00:02.515Z,-USD,00001.9598,00002.1219,000001.892,44608852.0,00002.0866,2043069370.0
2021-09-18T21:00:02.121Z,-USD,00001.9241,00002.1219,000001.892,44346897.0,000002.041,2045173062.0
2021-09-18T22:00:02.335Z,-USD,00001.9346,00002.1219,000001.892,43954589.0,000002.035,2046333148.0
2021-09-18T23:00:01.768Z,-USD,00001.9064,0000002.13,00001.8955,45642421.0,00002.0928,2050391162.0
2021-09-19T00:00:02.394Z,-USD,00001.9244,0000002.13,00001.8955,46469364.0,00002.0695,2053016656.0
2021-09-19T01:00:02.002Z,-USD,00001.9374,00002.1541,00001.9248,49410684.0,00002.0997,2014491468.0
2021-09-19T02:00:02.019Z,-USD,00001.9559,00002.1541,00001.9354,50571343.0,00002.0517,2017352856.0
2021-09-19T03:00:02.664Z,-USD,00001.9481,00002.1541,00001.9354,50739390.0,00002.0517,2018510280.0
2021-09-19T04:00:02.654Z,-USD,00001.9434,00002.1541,00001.9354,51397444.0,00002.0478,2020305090.0
2021-09-19T05:00:02.407Z,-USD,00001.9724,00002.1541,00001.9354,52708760.0,00002.0851,2022454309.0
2021-09-19T06:00:02.187Z,-USD,00002.0021,00002.1541,00001.9354,52222728.0,00000002.1,2024543707.0
2021-09-19T07:00:02.005Z,-USD,00001.9938,00002.1541,00001.9354,52662109.0,00002.1306,2026186283.0
2021-09-19T08:00:02.143Z,-USD,00002.0185,00002.1541,00001.9354,52198725.0,00002.1125,2027178421.0
2021-09-19T09:00:01.925Z,-USD,00001.9888,00002.1541,00001.9354,51958625.0,00002.1097,2028029897.0
2021-09-19T10:00:01.868Z,-USD,00001.9711,00002.1541,00001.9354,51473010.0,00002.0797,2028861522.0
2021-09-19T11:00:02.48Z,-USD,00001.9844,00002.1541,00001.9354,51753936.0,00002.0353,2029906959.0
2021-09-19T12:00:02.523Z,-USD,00001.9561,00002.1541,00001.9354,52789209.0,00001.9899,2031967731.0
2021-09-19T13:00:02.684Z,-USD,00001.9449,00002.1541,00001.9442,54036305.0,00001.9894,2034348854.0
2021-09-19T14:00:02.607Z,-USD,00001.9813,00002.1541,00001.9708,54254036.0,00002.0238,2036595839.0
2021-09-19T15:00:02.684Z,-USD,00002.0438,00002.1541,00001.9708,51777447.0,00002.0219,2038648580.0
2021-09-19T16:00:02.634Z,-USD,00002.0316,00002.1541,00001.9708,51212322.0,00002.0218,2040629643.0
2021-09-19T17:00:02.62Z,-USD,00002.0722,00002.1541,00001.9708,51951689.0,000002.005,2043560702.0
2021-09-19T18:00:01.7Z,-USD,00002.0916,00002.1541,00001.9708,48850504.0,00001.9886,2045723176.0
2021-09-19T19:00:01.839Z,-USD,00002.0825,00002.1541,00001.9708,48926292.0,00002.0103,2047361566.0
2021-09-19T20:00:01.841Z,-USD,00002.0868,00002.1541,00001.9708,48945595.0,00001.9807,2049000217.0
2021-09-19T21:00:02.299Z,-USD,00002.0383,00002.1541,00001.9655,48740498.0,00001.9983,2050900265.0
2021-09-19T22:00:02.24Z,-USD,00002.0382,00002.1541,00001.9655,48524511.0,00001.9931,2051844126.0
2021-09-19T23:00:02.396Z,-USD,00002.0921,00002.1541,00001.9416,46775187.0,00001.9561,2054151354.0
2021-09-20T00:00:01.696Z,-USD,00002.0725,00002.1541,00001.9416,45539917.0,00001.9752,2055549145.0
2021-09-20T01:00:01.876Z,-USD,00002.0893,00002.1385,00001.9031,45385726.0,00001.9349,2027909139.0
2021-09-20T02:00:02.151Z,-USD,00002.0525,00002.1385,00001.9031,44942201.0,00001.9517,2030245587.0
2021-09-20T03:00:02.274Z,-USD,00002.0543,00002.1385,00001.8739,47613145.0,00001.8768,2034076461.0
2021-09-20T04:00:02.153Z,-USD,00002.0491,00002.1385,000001.801,50843494.0,00001.8426,2039097803.0
2021-09-20T05:00:01.965Z,-USD,00002.0886,00002.1385,00001.7624,57004291.0,00001.8275,2047417813.0
2021-09-20T06:00:01.919Z,-USD,000002.098,00002.1385,00001.7624,57864397.0,000001.854,2050367892.0
2021-09-20T07:00:02.042Z,-USD,00002.1334,00002.1341,00001.7624,59231176.0,00001.8165,2053391532.0
2021-09-20T08:00:02.121Z,-USD,00002.1138,00002.1224,000001.723,62650171.0,000001.761,2057778525.0
2021-09-20T09:00:01.892Z,-USD,00002.1126,000002.114,000001.723,64527551.0,00001.7808,2060594126.0
2021-09-20T10:00:01.701Z,-USD,00002.0801,00002.0864,000001.723,67894462.0,00001.7502,2064708962.0
2021-09-20T11:00:02.361Z,-USD,00002.0336,00002.0493,00001.7123,71474695.0,00001.7429,2069339107.0
2021-09-20T12:00:02.361Z,-USD,00001.9872,00002.0493,0000001.62,77855955.0,00001.6678,2077775657.0
2021-09-20T13:00:02.403Z,-USD,00001.9931,00002.0493,000001.548,86324149.0,00001.6775,2088632478.0
2021-09-20T14:00:02.73Z,-USD,00002.0238,00002.0493,000001.548,93124204.0,00001.7624,2097681322.0
2021-09-20T15:00:01.832Z,-USD,00002.0218,00002.0489,000001.548,95271478.0,00001.7248,2101882508.0
2021-09-20T16:00:02.357Z,-USD,00002.0235,00002.0275,000001.548,96663952.0,00001.7242,2105259030.0
2021-09-20T17:00:02.536Z,-USD,000002.005,00002.0226,000001.548,97603835.0,00001.7093,2109115231.0
2021-09-20T18:00:02.544Z,-USD,000001.989,00002.0168,000001.548,97866480.0,000001.726,2111555788.0
2021-09-20T19:00:02.469Z,-USD,00002.0117,00002.0135,000001.548,100611329.0,0000001.64,2115931265.0
2021-09-20T20:00:02.434Z,-USD,00001.9809,00002.0054,000001.548,103661677.0,00001.6724,2120613223.0
2021-09-20T21:00:02.46Z,-USD,00001.9972,00002.0054,000001.548,104847364.0,000001.659,2123697052.0
2021-09-20T22:00:02.44Z,-USD,00001.9924,00001.9984,000001.548,106057842.0,000001.693,2125850621.0
2021-09-20T23:00:02.52Z,-USD,00001.9553,00001.9824,000001.548,106952014.0,00001.6907,2129054125.0
2021-09-21T00:00:02.956Z,-USD,00001.9739,00001.9773,000001.548,108543147.0,00001.6655,2132043159.0
2021-09-21T01:00:02.191Z,-USD,00001.9332,00001.9748,000001.523,112909582.0,00001.5619,2114032092.0
2021-09-21T02:00:01.777Z,-USD,00001.9523,00001.9568,000001.523,114826531.0,00001.6658,2118283928.0
2021-09-21T03:00:02.103Z,-USD,00001.8685,00001.8839,000001.523,114777489.0,00001.7152,2122111145.0
2021-09-21T04:00:02.34Z,-USD,00001.8364,00001.8633,000001.523,111933694.0,00001.6814,2124247723.0
2021-09-21T05:00:02.612Z,-USD,00001.8259,00001.8633,000001.523,105458237.0,00001.6613,2126098078.0
2021-09-21T06:00:02.518Z,-USD,00001.8529,00001.8633,000001.523,104699025.0,00001.6611,2128294452.0
2021-09-21T07:00:02.272Z,-USD,00001.8152,00001.8251,000001.523,103331584.0,000001.696,2129930842.0
2021-09-21T08:00:02.419Z,-USD,00001.7633,00000001.8,000001.523,100338666.0,00001.7679,2131356334.0
2021-09-21T09:00:02.545Z,-USD,000001.779,00001.8146,000001.523,100130064.0,0000001.79,2133927628.0
2021-09-21T10:00:02.395Z,-USD,000001.751,0000001.82,000001.523,98302372.0,00001.7797,2136214690.0
2021-09-21T11:00:02.6Z,-USD,00001.7458,0000001.82,000001.523,95655568.0,00001.8041,2138208987.0
2021-09-21T12:00:02.507Z,-USD,00001.6613,00001.8256,000001.523,89267848.0,000001.804,2140280786.0
2021-09-21T13:00:02.679Z,-USD,00001.6781,00001.8256,000001.523,81013206.0,00001.7634,2142874757.0
2021-09-21T14:00:01.857Z,-USD,000001.765,00001.8256,000001.523,74463690.0,00001.7494,2145406534.0
2021-09-21T15:00:02.144Z,-USD,00001.7288,00001.8256,000001.523,73630562.0,00001.6949,2148742549.0
2021-09-21T16:00:02.617Z,-USD,00001.7201,00001.8256,000001.523,72322973.0,00001.7412,2150812011.0
2021-09-21T17:00:03.462Z,-USD,00001.7094,00001.8256,000001.523,70593119.0,00001.6984,2152916782.0
2021-09-21T18:00:01.824Z,-USD,000001.725,00001.8256,000001.523,71544117.0,00001.6512,2156333952.0
2021-09-21T19:00:02.438Z,-USD,00001.6429,00001.8256,000001.523,71139773.0,000001.654,2160281549.0
2021-09-21T20:00:02.298Z,-USD,00001.6713,00001.8256,000001.523,69424815.0,00001.6498,2163257257.0
2021-09-21T21:00:01.766Z,-USD,00001.6603,00001.8256,000001.523,71089457.0,000001.567,2167999490.0
2021-09-21T22:00:02.225Z,-USD,00001.6921,00001.8256,00001.5224,74526351.0,00001.6411,2173579435.0
2021-09-21T23:00:02.124Z,-USD,00001.6959,00001.8256,00001.5224,75122937.0,00001.5831,2177392693.0
2021-09-22T00:00:02.323Z,-USD,00001.6747,00001.8256,00001.5224,75212496.0,00001.5726,2180495532.0
2021-09-22T01:00:02.686Z,-USD,000001.562,00001.8256,00001.5224,70705316.0,00001.5679,2163118519.0
2021-09-22T02:00:01.838Z,-USD,00001.6669,00001.8256,00001.5224,70779460.0,00001.6382,2167437344.0
2021-09-22T03:00:02.496Z,-USD,00001.7097,00001.8256,00001.5224,69823134.0,00001.6287,2170307943.0
2021-09-22T04:00:01.855Z,-USD,00001.6818,00001.8256,00001.5224,69103196.0,00001.6249,2171721016.0
2021-09-22T05:00:01.961Z,-USD,00001.6589,00001.8256,00001.5224,68569485.0,00001.6086,2173045726.0
2021-09-22T06:00:02.356Z,-USD,00001.6639,00001.8256,00001.5224,68582425.0,00001.6566,2175248707.0
2021-09-22T07:00:02.359Z,-USD,00001.6992,00001.8256,00001.5224,68651834.0,00001.6715,2176954817.0
2021-09-22T08:00:02.458Z,-USD,00001.7644,00001.8256,00001.5224,68806331.0,00001.7145,2178543962.0
2021-09-22T09:00:03.657Z,-USD,00001.7887,00001.8256,00001.5224,67576190.0,00001.6934,2179879007.0
2021-09-22T10:00:01.805Z,-USD,00001.7806,00001.8256,00001.5224,66259874.0,00001.7012,2180854707.0
2021-09-22T11:00:02.368Z,-USD,00001.8069,00001.8256,00001.5224,65583463.0,00001.6887,2182169805.0
2021-09-22T12:00:02.378Z,-USD,00001.8013,00001.8135,00001.5224,65129363.0,00001.6644,2183782975.0
2021-09-22T13:00:02.638Z,-USD,000001.761,00001.7699,00001.5224,64630421.0,00001.7057,2185879763.0
2021-09-22T14:00:01.835Z,-USD,00001.7525,0000001.79,00001.5224,67093245.0,00001.7574,2190874805.0
2021-09-22T15:00:01.945Z,-USD,00001.6945,0000001.79,00001.5224,66770293.0,000001.785,2193889152.0
2021-09-22T16:00:02.268Z,-USD,00001.7432,00001.8585,00001.5224,70802711.0,00001.8568,2199987757.0
2021-09-22T17:00:02.156Z,-USD,00001.6988,00001.8633,00001.5224,72595430.0,00001.8392,2203885856.0
2021-09-22T18:00:02.557Z,-USD,00001.6535,00001.8633,00001.5224,72349891.0,00001.8176,2207062782.0
2021-09-22T19:00:02.158Z,-USD,000001.656,00001.8983,00001.5224,75771840.0,00001.8184,2214458007.0
2021-09-22T20:00:02.676Z,-USD,00001.6425,00001.8983,00001.5224,76470311.0,00001.8412,2218116449.0
2021-09-22T21:00:01.933Z,-USD,00001.5672,00001.8983,00001.5224,74318757.0,00001.8572,2220701911.0
2021-09-22T22:00:02.514Z,-USD,00001.6368,00001.8983,000001.546,71329226.0,00001.8484,2223291515.0
2021-09-22T23:00:02.005Z,-USD,000001.591,00001.8983,000001.546,69411479.0,00001.8591,2225188983.0
2021-09-23T00:00:03.545Z,-USD,00001.5764,00001.8983,000001.546,67966895.0,00001.8429,2226842852.0
2021-09-23T01:00:02.49Z,-USD,00001.5694,00001.8983,00001.5574,68333010.0,000001.807,2200959142.0
2021-09-23T02:00:02.357Z,-USD,00001.6418,00001.8983,00001.6046,66406326.0,00001.8332,2203355140.0
2021-09-23T03:00:02.712Z,-USD,00001.6263,00001.8983,00001.6046,65434299.0,000001.833,2205240537.0
2021-09-23T04:00:01.926Z,-USD,000001.625,00001.8983,00001.6046,65362803.0,00001.8317,2206583185.0
2021-09-23T05:00:02.221Z,-USD,000001.608,00001.8983,000001.608,65776532.0,00001.8613,2208322272.0
2021-09-23T06:00:02.32Z,-USD,00001.6568,00001.8983,00001.6265,65212900.0,00001.8323,2209979478.0
2021-09-23T07:00:03.134Z,-USD,000001.675,00001.9473,00001.6543,66842876.0,00001.9388,2213296704.0
2021-09-23T08:00:02.122Z,-USD,00001.7127,00001.9473,00001.6543,68083401.0,000001.919,2216130617.0
2021-09-23T09:00:02.3Z,-USD,00001.6927,00001.9473,00001.6543,67682586.0,00001.8911,2217062122.0
2021-09-23T10:00:02.464Z,-USD,00001.7038,00001.9473,00001.6543,67617353.0,00001.9074,2217971614.0
2021-09-23T11:00:05.825Z,-USD,00001.6858,00001.9473,00001.6543,68242284.0,00001.8802,2219916997.0
2021-09-23T12:00:02.063Z,-USD,00001.6638,00001.9473,00001.6543,70289888.0,000001.837,2223573030.0
2021-09-23T13:00:02.551Z,-USD,00001.7112,00001.9473,00001.7001,69691184.0,00001.8582,2225080739.0
2021-09-23T14:00:01.849Z,-USD,00001.7603,000001.967,00001.7523,68768524.0,00001.9629,2229141215.0
2021-09-23T15:00:02.469Z,-USD,00001.7842,00002.0284,00001.7713,70975353.0,000002.017,2234378238.0
2021-09-23T16:00:01.835Z,-USD,00001.8572,00002.0284,00001.7881,69383425.0,00001.9649,2238891640.0
2021-09-23T17:00:02.388Z,-USD,00001.8385,00002.0284,00001.7881,67580664.0,00001.9606,2241023571.0
2021-09-23T18:00:01.982Z,-USD,00001.8144,00002.0387,00001.7881,69593930.0,00002.0207,2246174629.0
2021-09-23T19:00:01.805Z,-USD,00001.8182,00002.0477,00001.7881,65445260.0,00002.0282,2249414062.0
2021-09-23T20:00:02.516Z,-USD,00001.8417,00002.0528,00001.7881,64187793.0,00002.0384,2251810640.0
2021-09-23T21:00:02.25Z,-USD,00001.8539,00002.0528,00001.7881,63614929.0,00002.0161,2253824435.0
2021-09-23T22:00:02.175Z,-USD,00001.8485,00002.0528,00001.7881,62293004.0,00002.0192,2255087548.0
2021-09-23T23:00:01.951Z,-USD,00001.8575,00002.0528,00001.7881,62132619.0,00002.0017,2256830671.0
2021-09-24T00:00:02.48Z,-USD,00001.8468,00002.0528,00001.7881,61990747.0,00002.0069,2258466101.0
2021-09-24T01:00:02.228Z,-USD,000001.808,00002.0528,00001.7881,59000414.0,00001.9712,2233530799.0
2021-09-24T02:00:02.084Z,-USD,00001.8346,00002.0528,00001.8121,59032536.0,00001.9538,2235954697.0
2021-09-24T03:00:01.973Z,-USD,00001.8354,00002.0528,00001.8121,58710930.0,00001.9258,2237506118.0
2021-09-24T04:00:02.45Z,-USD,000001.833,00002.0528,00001.8121,58558110.0,00001.9136,2238702430.0
2021-09-24T05:00:02.206Z,-USD,00001.8606,00002.0528,00001.8121,57828428.0,000001.924,2239721514.0
2021-09-24T06:00:02.643Z,-USD,000001.833,00002.0528,00001.8191,57580546.0,00001.9044,2241114865.0
2021-09-24T07:00:02.623Z,-USD,00001.9379,00002.0528,00001.8191,55514448.0,00001.8936,2242405124.0
2021-09-24T08:00:01.884Z,-USD,00001.9217,00002.0528,00001.8191,54100656.0,00001.9302,2243784989.0
2021-09-24T09:00:02.126Z,-USD,00001.8905,00002.0528,00001.8191,54117971.0,00001.8897,2244740202.0
2021-09-24T10:00:02.248Z,-USD,00001.9042,00002.0528,00001.7223,60160036.0,00001.7241,2251709491.0
2021-09-24T11:00:02.663Z,-USD,00001.8756,00002.0528,00001.7169,62224097.0,00001.7552,2255702364.0
2021-09-24T12:00:02.133Z,-USD,00001.8401,00002.0528,00001.6813,64505388.0,00001.7865,2261635237.0
2021-09-24T13:00:02.817Z,-USD,00001.8618,00002.0528,00001.6813,66560359.0,00001.7707,2265199798.0
2021-09-24T14:00:02.591Z,-USD,00001.9633,00002.0528,00001.6813,67617894.0,00000001.8,2270315313.0
2021-09-24T15:00:02.124Z,-USD,00002.0177,00002.0528,00001.6813,66176370.0,00001.8098,2274133103.0
2021-09-24T16:00:01.961Z,-USD,00001.9605,00002.0528,00001.6813,64643783.0,00001.7874,2277096941.0
2021-09-24T17:00:02.316Z,-USD,00001.9635,00002.0528,00001.6813,64946240.0,00001.7991,2279527073.0
2021-09-24T18:00:02.431Z,-USD,00002.0197,00002.0528,00001.6813,61383448.0,00001.7777,2281134773.0
2021-09-24T19:00:02.41Z,-USD,00002.0317,00002.0528,00001.6813,60305033.0,000001.814,2283309776.0
2021-09-24T20:00:01.732Z,-USD,000002.041,00002.0522,00001.6813,59277901.0,00001.8055,2284657028.0
2021-09-24T21:00:02.101Z,-USD,00002.0178,00002.0215,00001.6813,60250650.0,00001.8304,2287629201.0
2021-09-24T22:00:02.204Z,-USD,00002.0206,00002.0215,00001.6813,61701624.0,00001.8058,2290351092.0
2021-09-24T23:00:01.997Z,-USD,00002.0002,00002.0142,00001.6813,61518061.0,00001.8178,2291904217.0
2021-09-25T00:00:02.169Z,-USD,000002.003,00002.0079,00001.6813,61254786.0,00001.7878,2293280434.0
2021-09-25T01:00:02.578Z,-USD,00001.9727,00001.9808,00001.6813,61591866.0,00001.8112,2271343773.0
2021-09-25T02:00:01.928Z,-USD,00001.9557,00001.9668,00001.6813,60199980.0,00001.7903,2272386932.0
2021-09-25T03:00:01.987Z,-USD,00001.9303,000001.946,00001.6813,59717790.0,000001.777,2273458417.0
2021-09-25T04:00:02.605Z,-USD,000001.913,000001.946,00001.6813,59766331.0,00001.7922,2274686532.0
2021-09-25T05:00:02.68Z,-USD,00001.9245,000001.946,00001.6813,60595797.0,00001.7892,2276534209.0
2021-09-25T06:00:02.668Z,-USD,00001.9029,000001.946,00001.6813,60504672.0,000001.759,2277839085.0
2021-09-25T07:00:01.846Z,-USD,00001.8923,000001.946,00001.6813,60021522.0,00001.7817,2278644099.0
2021-09-25T08:00:01.884Z,-USD,00001.9273,000001.946,00001.6813,59809076.0,00001.7267,2279812803.0
2021-09-25T09:00:02.034Z,-USD,00001.8945,00001.8967,00001.6813,61146038.0,00001.7502,2282107344.0
2021-09-25T10:00:01.83Z,-USD,00001.7202,00001.8434,00001.6813,55017486.0,00001.7677,2282999146.0
2021-09-25T11:00:02.586Z,-USD,00001.7516,00001.8434,00001.6813,51813286.0,00001.7585,2283742753.0
2021-09-25T12:00:02.497Z,-USD,00001.7846,00001.8434,000001.694,46692796.0,00001.7587,2284559657.0
2021-09-25T13:00:02.182Z,-USD,00001.7748,00001.8434,000001.694,43977145.0,00001.7486,2285432316.0
2021-09-25T14:00:02.678Z,-USD,00001.7998,00001.8434,000001.694,39827164.0,0000001.76,2286379460.0
2021-09-25T15:00:02.678Z,-USD,00001.8125,00001.8434,000001.694,38346229.0,00001.7323,2288715093.0
2021-09-25T16:00:01.769Z,-USD,000001.783,00001.8434,000001.694,36713711.0,00001.7623,2290046063.0
2021-09-25T17:00:02.512Z,-USD,00001.8034,00001.8434,000001.694,36048930.0,00001.7467,2291820584.0
2021-09-25T18:00:01.743Z,-USD,00001.7838,00001.8434,000001.694,35895227.0,00001.7269,2293252224.0
2021-09-25T19:00:01.831Z,-USD,00001.8133,00001.8434,000001.694,35117789.0,00001.7239,2294650287.0
2021-09-25T20:00:02.078Z,-USD,00001.8043,00001.8434,000001.694,34631739.0,00001.7364,2295512922.0
2021-09-25T21:00:02.047Z,-USD,00001.8315,00001.8434,000001.694,32751441.0,00001.7279,2296641875.0
2021-09-25T22:00:01.967Z,-USD,00001.8056,00001.8192,000001.694,31142647.0,00001.7254,2297715069.0
2021-09-25T23:00:02.555Z,-USD,00001.8128,00001.8172,000001.694,30187200.0,00001.7293,2298312709.0
2021-09-26T00:00:01.749Z,-USD,00001.7868,00001.8172,000001.694,29525631.0,00001.7319,2299031275.0
2021-09-26T01:00:01.825Z,-USD,00001.8124,00001.8172,00001.6602,30234617.0,00001.6719,2281381866.0
2021-09-26T02:00:02.1Z,-USD,00001.7916,00001.8119,00001.6535,30816799.0,00001.6718,2283002967.0
2021-09-26T03:00:01.99Z,-USD,00001.7767,00001.8119,00001.6422,31937447.0,00001.6729,2285191687.0
2021-09-26T04:00:02.515Z,-USD,00001.7936,00001.8119,00001.6422,32124889.0,00001.6799,2286607695.0
2021-09-26T05:00:01.75Z,-USD,00001.7872,00001.7973,00001.6422,31113966.0,00001.6801,2287455458.0
2021-09-26T06:00:02.535Z,-USD,00001.7579,00001.7843,00001.6422,31132086.0,00001.6714,2288770982.0
2021-09-26T07:00:02.664Z,-USD,00001.7827,00001.7838,00001.6422,31162272.0,00001.6481,2289602883.0
2021-09-26T08:00:02.631Z,-USD,00001.7289,00001.7834,00001.5673,33401573.0,00000001.6,2293013427.0
2021-09-26T09:00:02.674Z,-USD,00001.7492,00001.7834,00001.5673,32998450.0,00001.6044,2294904102.0
2021-09-26T10:00:01.845Z,-USD,00001.7682,00001.7834,00001.5673,34004502.0,00001.6983,2296798205.0
2021-09-26T11:00:01.798Z,-USD,00001.7617,00001.7738,00001.5673,34521755.0,000001.683,2298059330.0
2021-09-26T12:00:02.079Z,-USD,00001.7577,00001.7738,00001.5673,34761387.0,00001.7113,2299115369.0
2021-09-26T13:00:02.198Z,-USD,00001.7485,00001.7738,00001.5673,35197890.0,00001.7408,2300428940.0
2021-09-26T14:00:02.218Z,-USD,00001.7574,00001.7738,00001.5673,35449007.0,00001.7376,2301633746.0
2021-09-26T15:00:02.375Z,-USD,00001.7292,00001.7738,00001.5673,34352876.0,00001.7138,2302865932.0
2021-09-26T16:00:02.518Z,-USD,00001.7572,00001.7696,00001.5673,34611668.0,00001.7225,2304465723.0
2021-09-26T17:00:02.496Z,-USD,00001.7469,00001.7517,00001.5673,34172521.0,00001.7003,2305790673.0
2021-09-26T18:00:01.767Z,-USD,00001.7251,00001.7517,00001.5673,33392454.0,00001.6992,2306440116.0
2021-09-26T19:00:01.978Z,-USD,00001.7233,0000001.75,00001.5673,32925034.0,00001.7008,2307370245.0
2021-09-26T20:00:02.12Z,-USD,00001.7361,0000001.75,00001.5673,32964860.0,00001.7149,2308273149.0
2021-09-26T21:00:02.114Z,-USD,00001.7271,0000001.75,00001.5673,32838711.0,00001.7235,2309274832.0
2021-09-26T22:00:02.208Z,-USD,00001.7252,0000001.75,00001.5673,32420441.0,00001.7429,2309930182.0
2021-09-26T23:00:02.421Z,-USD,00001.7293,00001.7795,00001.5673,33566294.0,00001.7265,2311674774.0
2021-09-27T00:00:02.585Z,-USD,00001.7311,00001.7796,00001.5673,34223570.0,00001.7795,2313049501.0
2021-09-27T01:00:01.792Z,-USD,00001.6758,00001.8405,00001.5673,35642322.0,00001.7975,2303192175.0
2021-09-27T02:00:01.815Z,-USD,00001.6725,00001.8419,00001.5673,36600636.0,00001.8241,2305743270.0
2021-09-27T03:00:01.926Z,-USD,00001.6727,00001.8584,00001.5673,36727912.0,00001.8255,2308069251.0
2021-09-27T04:00:02.541Z,-USD,00001.6817,00001.8584,00001.5673,36705996.0,00001.8212,2309455107.0
2021-09-27T05:00:02.144Z,-USD,00001.6797,00001.8584,00001.5673,36885997.0,00001.7995,2310479891.0
2021-09-27T06:00:02.117Z,-USD,00001.6717,00001.8584,00001.5673,36577627.0,00001.8297,2311486388.0
2021-09-27T07:00:02.227Z,-USD,00001.6489,00001.8584,00001.5673,37283501.0,00001.8093,2313026125.0
2021-09-27T08:00:02.214Z,-USD,00001.5992,00001.8584,00001.5867,34595283.0,00001.8266,2313756498.0
2021-09-27T09:00:02.262Z,-USD,00001.6052,00001.8584,00001.6023,33340048.0,00001.8124,2314383954.0
2021-09-27T10:00:02.303Z,-USD,00001.6968,00001.8584,00001.6638,32555892.0,00001.7773,2315492765.0
2021-09-27T11:00:01.866Z,-USD,00001.6802,00001.8584,00001.6789,31850628.0,000001.797,2316057378.0
2021-09-27T12:00:01.882Z,-USD,00001.7108,00001.8584,00001.6909,31906445.0,00001.8489,2317162640.0
2021-09-27T13:00:02.11Z,-USD,00001.7382,00001.8592,00001.6909,33071615.0,00001.8312,2319649908.0
2021-09-27T14:00:02.199Z,-USD,00001.7371,00001.8592,00001.6909,33439004.0,00001.8084,2321215184.0
2021-09-27T15:00:02.738Z,-USD,00001.7135,00001.8592,00001.6909,33978738.0,00001.7753,2322986427.0
2021-09-27T16:00:02.049Z,-USD,00001.7261,00001.8592,00001.6909,33794275.0,00001.7607,2324415953.0
2021-09-27T17:00:02.063Z,-USD,00001.6979,00001.8592,00001.6909,34206119.0,00001.7271,2326136262.0
2021-09-27T18:00:02.964Z,-USD,00001.6978,00001.8592,00001.6922,34753512.0,00001.7179,2327338064.0
2021-09-27T19:00:02.296Z,-USD,000001.701,00001.8592,00001.6924,36087255.0,00001.7018,2329595720.0
2021-09-27T20:00:02.256Z,-USD,00001.7148,00001.8592,00001.6924,36114037.0,00001.7122,2330526736.0
2021-09-27T21:00:02.424Z,-USD,00001.7243,00001.8592,000001.675,36974533.0,00001.6938,2332388763.0
2021-09-27T22:00:02.669Z,-USD,00001.7445,00001.8592,000001.675,37371045.0,000001.728,2333451017.0
2021-09-27T23:00:01.766Z,-USD,00001.7224,00001.8592,000001.675,37453263.0,00001.7295,2335278822.0
2021-09-28T00:00:02.209Z,-USD,00001.7765,00001.8592,00001.6699,38125973.0,00001.6733,2337369096.0
2021-09-28T01:00:02.458Z,-USD,00001.7997,00001.8592,00001.6676,35538905.0,00001.6839,2323553151.0
2021-09-28T02:00:01.85Z,-USD,00001.8202,00001.8592,000001.665,34509838.0,00001.7053,2325072467.0
2021-09-28T03:00:01.975Z,-USD,00001.8259,00001.8592,000001.665,33237567.0,00001.7003,2326117984.0
2021-09-28T04:00:02.216Z,-USD,00001.8238,00001.8592,000001.665,32708454.0,000001.698,2326974587.0
2021-09-28T05:00:01.939Z,-USD,00001.7981,00001.8592,000001.665,32485597.0,00001.7017,2327822124.0
2021-09-28T06:00:02.042Z,-USD,00001.8296,00001.8592,000001.665,32636686.0,00001.6823,2328937311.0
2021-09-28T07:00:02.341Z,-USD,00001.8074,00001.8592,00001.6586,32204859.0,00001.6726,2330046347.0
2021-09-28T08:00:02.528Z,-USD,00001.8243,00001.8592,0000001.64,32749324.0,00001.6412,2331332872.0
2021-09-28T09:00:02.378Z,-USD,00001.8115,00001.8592,00001.6365,33727149.0,00001.6618,2332926349.0
2021-09-28T10:00:02.386Z,-USD,000001.777,00001.8592,00001.6365,33464336.0,00001.6548,2333770675.0
2021-09-28T11:00:02.074Z,-USD,00001.7956,00001.8592,00001.6335,34469187.0,00001.6465,2335339973.0
2021-09-28T12:00:02.338Z,-USD,00001.8459,00001.8592,00001.6335,34735620.0,00001.6665,2336743771.0
2021-09-28T13:00:02.449Z,-USD,000001.829,0000001.84,00001.6332,34154312.0,00001.6367,2338628092.0
2021-09-28T14:00:02.665Z,-USD,00001.8054,00001.8357,00001.6332,34237620.0,000001.659,2340275459.0
2021-09-28T15:00:01.936Z,-USD,00001.7752,00001.7768,00001.6123,34652185.0,00001.6336,2342461424.0
2021-09-28T16:00:02.569Z,-USD,00001.7588,00001.7608,00001.6021,35129013.0,000001.611,2344355184.0
2021-09-28T17:00:02.866Z,-USD,00001.7282,00001.7409,00001.5931,35655903.0,000001.605,2346612519.0
2021-09-28T18:00:02.31Z,-USD,00001.7195,00001.7409,00001.5931,36163151.0,00001.6129,2348314112.0
2021-09-28T19:00:02.452Z,-USD,00001.7024,00001.7409,00001.5931,35158360.0,00001.6345,2349566459.0
2021-09-28T20:00:02.524Z,-USD,00001.7118,00001.7409,00001.5931,35951925.0,00001.6207,2351291902.0
2021-09-28T21:00:02.277Z,-USD,00001.6964,00001.7409,00001.5931,35766398.0,00001.6256,2353005682.0
2021-09-28T22:00:01.703Z,-USD,000001.726,00001.7409,00001.5931,35555696.0,00001.6184,2353883990.0
2021-09-28T23:00:02.446Z,-USD,00001.7314,00001.7393,00001.5873,35573303.0,000001.589,2355665022.0
2021-09-29T00:00:02.799Z,-USD,00001.6736,00001.7212,00001.5534,35427933.0,00001.5617,2357609857.0
2021-09-29T01:00:02.151Z,-USD,000001.686,00001.7212,00001.5507,36480541.0,00001.5847,2336103294.0
2021-09-29T02:00:01.875Z,-USD,00001.7053,00001.7212,00001.5507,36742001.0,00001.5998,2337902285.0
2021-09-29T03:00:02.624Z,-USD,00001.7003,00001.7138,00001.5507,36830152.0,00001.6173,2339021694.0
2021-09-29T04:00:02.225Z,-USD,00001.6991,00001.7138,00001.5507,37182472.0,00001.6374,2340232451.0
2021-09-29T05:00:01.856Z,-USD,00001.7005,00001.7097,00001.5507,38258875.0,00001.6996,2342153077.0
2021-09-29T06:00:02.48Z,-USD,00001.6839,00001.7499,00001.5507,39329811.0,00001.7097,2344343569.0
2021-09-29T07:00:02.046Z,-USD,00001.6751,00001.7499,00001.5507,39301487.0,00001.7079,2345415348.0
2021-09-29T08:00:02.639Z,-USD,00001.6422,00001.7499,00001.5507,38247250.0,00001.7038,2345932784.0
2021-09-29T09:00:02.32Z,-USD,00001.6655,00001.7499,00001.5507,38283868.0,00001.6789,2347278206.0
2021-09-29T10:00:02.706Z,-USD,00001.6547,00001.7499,00001.5507,38700746.0,000001.648,2348540337.0
2021-09-29T11:00:03.436Z,-USD,00001.6457,00001.7499,00001.5507,37916421.0,00001.6761,2349334517.0
2021-09-29T12:00:02.427Z,-USD,00001.6643,00001.7499,00001.5507,38054310.0,00001.6822,2350876224.0
2021-09-29T13:00:02.041Z,-USD,00001.6359,00001.7499,00001.5507,37402556.0,00001.6523,2352103817.0
2021-09-29T14:00:02.192Z,-USD,00001.6579,00001.7499,00001.5507,37106470.0,00001.6534,2353451419.0
2021-09-29T15:00:02.089Z,-USD,00001.6338,00001.7499,00001.5507,36301885.0,00001.6588,2354834506.0
2021-09-29T16:00:01.756Z,-USD,00001.6103,00001.7499,00001.5507,36160602.0,00001.6119,2356586473.0
2021-09-29T17:00:02.569Z,-USD,00001.6065,00001.7499,00001.5507,34893973.0,00001.6184,2357609798.0
2021-09-29T18:00:02.127Z,-USD,00001.6122,00001.7499,00001.5507,35139661.0,00001.5784,2359522415.0
2021-09-29T19:00:01.734Z,-USD,00001.6334,00001.7499,00001.5507,36234002.0,00001.5852,2361870404.0
2021-09-29T20:00:02.534Z,-USD,00001.6236,00001.7499,00001.5507,35714485.0,000001.568,2363088791.0
2021-09-29T21:00:02.245Z,-USD,00001.6255,00001.7499,00001.5507,36073410.0,00001.5743,2365166781.0
2021-09-29T22:00:02.118Z,-USD,00001.6215,00001.7499,00001.5507,36877880.0,00001.5729,2366838191.0
2021-09-29T23:00:02.473Z,-USD,00001.5899,00001.7499,00001.5507,36174782.0,00001.5828,2367916114.0
2021-09-30T20:00:24.953Z,-USD,00001.5674,00001.6667,00001.5508,39597646.0,00001.6126,2358987591.0
2021-09-30T21:00:01.877Z,-USD,00001.5748,00001.6667,00001.5605,39320187.0,00001.6028,2360809356.0
2021-09-30T22:00:01.971Z,-USD,00001.5735,00001.6667,00001.5605,38521682.0,00001.6222,2361663245.0
2021-09-30T23:00:01.898Z,-USD,00001.5849,00001.6667,00001.5721,38491691.0,00001.6105,2362694230.0
2021-10-01T00:00:02.236Z,-USD,00001.6068,00001.6667,00001.5721,38018672.0,00001.6279,2363518841.0
2021-10-01T01:00:02.43Z,-USD,00001.6313,00001.6667,00001.5721,37800738.0,00001.6264,2335636925.0
2021-10-01T02:00:01.807Z,-USD,000001.651,00001.6667,00001.5721,36904087.0,00001.6273,2336889851.0
2021-10-01T03:00:02.143Z,-USD,00001.6338,00001.6667,00001.5721,36105382.0,00001.5997,2337909027.0
2021-10-01T04:00:01.981Z,-USD,00001.6461,00001.6667,00001.5721,34696376.0,00001.6047,2338657337.0
2021-10-01T05:00:01.806Z,-USD,000001.631,00001.6446,00001.5721,33204267.0,00001.6054,2339378867.0
2021-10-01T06:00:01.719Z,-USD,00001.6233,00001.6446,00001.5721,33040901.0,00001.6202,2340252115.0
2021-10-01T07:00:02.628Z,-USD,00001.6242,00001.6446,00001.5721,33413678.0,00001.6264,2341441221.0
2021-10-01T08:00:02.645Z,-USD,00001.6071,00001.6576,00001.5721,34014564.0,00001.6526,2342957040.0
2021-10-01T09:00:02.609Z,-USD,00001.5874,000001.677,00001.5721,33679771.0,00001.6737,2344344309.0
2021-10-01T10:00:02.404Z,-USD,00001.5968,00001.6836,00001.5721,33436438.0,00001.6687,2345195448.0
2021-10-01T11:00:02.164Z,-USD,00001.5763,000001.725,000001.575,34211482.0,00001.6995,2347758559.0
2021-10-01T12:00:02.314Z,-USD,00001.5917,000001.742,000001.578,36131362.0,00001.7318,2350648207.0
2021-10-01T13:00:02.328Z,-USD,00001.6042,00001.8013,000001.578,39856506.0,00001.7687,2355752404.0
2021-10-01T14:00:02.419Z,-USD,0000001.59,00001.8013,000001.578,41499854.0,00001.7379,2358747283.0
2021-10-01T15:00:02.422Z,-USD,00001.5918,00001.8013,00001.5853,42467404.0,00001.7487,2361385273.0
2021-10-01T16:00:02.633Z,-USD,00001.6024,00001.8013,00001.5858,41726908.0,00001.7585,2362722102.0
2021-10-01T17:00:01.817Z,-USD,00001.5962,00001.8013,00001.5909,42350641.0,000001.765,2364718627.0
2021-10-01T18:00:02.137Z,-USD,00001.6137,00001.8157,000001.593,42766189.0,000001.798,2366980813.0
2021-10-01T19:00:02.528Z,-USD,00001.6319,00001.8157,00001.5957,42351612.0,00001.7891,2369009826.0
2021-10-01T20:00:02.642Z,-USD,00001.6129,00001.8157,00001.5957,41955587.0,00001.7839,2371021559.0
2021-10-01T21:00:01.797Z,-USD,00001.6045,00001.8157,00001.5957,41983859.0,000001.761,2372880227.0
2021-10-01T22:00:01.864Z,-USD,00001.6212,00001.8157,00001.5957,42412795.0,00001.7735,2374158708.0
2021-10-01T23:00:01.744Z,-USD,00001.6115,00001.8157,00001.5957,43047863.0,00001.7416,2375821073.0
2021-10-02T00:00:02.671Z,-USD,00001.6274,00001.8157,00001.5957,43290722.0,000001.776,2376969668.0
2021-10-02T01:00:02.583Z,-USD,00001.6269,00001.8157,00001.5957,42239607.0,00001.7488,2357660691.0
2021-10-02T02:00:01.75Z,-USD,00001.6286,00001.8157,00001.5957,42510788.0,00001.7439,2359190203.0
2021-10-02T03:00:01.917Z,-USD,00001.6012,00001.8157,000001.596,42475096.0,000001.743,2360161890.0
2021-10-02T04:00:02.267Z,-USD,00001.6059,00001.8157,000001.596,43143745.0,00001.7158,2361565546.0
2021-10-02T05:00:01.935Z,-USD,00001.6046,00001.8157,00001.5985,43072536.0,00001.7205,2362216630.0
2021-10-02T06:00:02.018Z,-USD,00001.6201,00001.8157,00001.6078,42888711.0,00001.7376,2362926189.0
2021-10-02T07:00:02.099Z,-USD,00001.6303,00001.8157,00001.6167,42244827.0,00001.7431,2363497088.0
2021-10-02T08:00:01.754Z,-USD,000001.653,00001.8157,00001.6501,41379782.0,00001.7495,2364187265.0
2021-10-02T09:00:02.683Z,-USD,00001.6753,00001.8157,00001.6621,40836310.0,00001.7331,2364945006.0
2021-10-02T10:00:02.272Z,-USD,00001.6729,00001.8157,00001.6623,40480156.0,00001.7453,2365435387.0
2021-10-02T11:00:02.409Z,-USD,00001.6937,00001.8157,00001.6895,38288320.0,00001.7309,2365835814.0
2021-10-02T12:00:02.429Z,-USD,00001.7332,00001.8157,00001.7121,36617682.0,00001.7524,2367042137.0
2021-10-02T13:00:02.295Z,-USD,00001.7665,00001.8157,00001.7121,33174497.0,00001.7812,2368849660.0
2021-10-02T14:00:02.394Z,-USD,00001.7314,00001.8319,00001.7121,33328525.0,00001.8058,2371885126.0
2021-10-02T15:00:02.37Z,-USD,0000001.75,00001.8319,00001.7121,32180536.0,00001.8241,2373329427.0
2021-10-02T16:00:02.284Z,-USD,00001.7601,00001.8463,00001.7121,33394207.0,00001.8342,2375884980.0
2021-10-02T17:00:01.853Z,-USD,00001.7644,00001.8463,00001.7121,34052244.0,0000001.82,2378541445.0
2021-10-02T18:00:01.996Z,-USD,000001.799,0000001.85,00001.7121,34063587.0,000001.837,2380808450.0
2021-10-02T19:00:03.21Z,-USD,00001.7899,00001.8845,00001.7121,34831425.0,00001.8671,2383640294.0
2021-10-02T20:00:02.449Z,-USD,00001.7866,00001.8845,00001.7121,35735533.0,00001.8582,2386573647.0
2021-10-02T21:00:02.484Z,-USD,00001.7639,00001.8845,00001.7121,37136708.0,00001.8389,2389860068.0
2021-10-02T22:00:02.619Z,-USD,00001.7761,00001.8845,00001.7121,37225492.0,00001.8251,2391161366.0
2021-10-02T23:00:02.232Z,-USD,00001.7428,00001.8845,00001.7121,37480722.0,00001.8167,2393112148.0
2021-10-03T00:00:02.159Z,-USD,00001.7735,00001.8845,00001.7121,39247413.0,00001.7774,2395994264.0
2021-10-03T01:00:02.643Z,-USD,000001.748,00001.8845,00001.7121,40298214.0,00001.7501,2355641440.0
2021-10-03T02:00:02.455Z,-USD,00001.7449,00001.8845,00001.7121,39826941.0,00001.7731,2356693753.0
2021-10-03T03:00:02.212Z,-USD,00001.7398,00001.8845,00001.7121,39912205.0,00001.7742,2357748349.0
2021-10-03T04:00:02.056Z,-USD,000001.714,00001.8845,00001.7122,39903837.0,00001.8063,2359148845.0
2021-10-03T05:00:02.271Z,-USD,00001.7205,00001.8845,00001.7183,40875221.0,000001.855,2360767301.0
2021-10-03T06:00:01.704Z,-USD,00001.7369,00001.8845,00001.7221,41592854.0,00001.8275,2362192725.0
2021-10-03T07:00:02.137Z,-USD,00001.7449,00001.8845,00001.7221,41832695.0,00001.8392,2363002699.0
2021-10-03T08:00:01.747Z,-USD,00001.7481,00001.8845,00001.7221,41883308.0,00001.8144,2363746748.0
2021-10-03T09:00:02.23Z,-USD,00001.7326,00001.8845,00001.7234,41694033.0,000001.815,2364317790.0
2021-10-03T10:00:01.83Z,-USD,00001.7456,00001.8845,00001.7234,42198318.0,00001.7963,2365316207.0
2021-10-03T11:00:02.311Z,-USD,000001.732,00001.8845,00001.7234,42296058.0,00001.7927,2365810789.0
2021-10-03T12:00:02.605Z,-USD,00001.7524,00001.8845,00001.7322,42070456.0,00001.8327,2366789205.0
2021-10-03T13:00:02.294Z,-USD,00001.7801,00001.8845,00001.7322,41597628.0,00001.8249,2368124534.0
2021-10-03T14:00:02.107Z,-USD,00001.8129,00001.9318,00001.7322,43990761.0,00001.9318,2373590796.0
2021-10-03T15:00:01.771Z,-USD,00001.8265,00001.9545,00001.7322,45851034.0,00001.9306,2376873593.0
2021-10-03T16:00:02.635Z,-USD,00001.8334,00001.9545,00001.7322,46054411.0,00001.9034,2379629698.0
2021-10-03T17:00:02.595Z,-USD,00001.8203,00001.9545,00001.7322,44913694.0,00001.9106,2381215102.0
2021-10-03T18:00:02.164Z,-USD,00001.8384,00001.9545,00001.7322,45749761.0,000001.925,2384252817.0
2021-10-03T19:00:02.339Z,-USD,00001.8696,00001.9913,00001.7322,47506113.0,00001.9577,2388833940.0
2021-10-03T20:00:02.394Z,-USD,00001.8572,00001.9913,00001.7322,46569390.0,00001.9503,2390848284.0
2021-10-03T21:00:02.153Z,-USD,00001.8387,00001.9913,00001.7322,45099533.0,000001.939,2392637083.0
2021-10-03T22:00:02.068Z,-USD,00001.8263,00001.9913,00001.7322,45486026.0,00001.9185,2394372114.0
2021-10-03T23:00:01.757Z,-USD,00001.8139,00001.9985,00001.7322,47049217.0,00001.9643,2397841203.0
2021-10-04T00:00:01.766Z,-USD,00001.7701,000001.999,00001.7322,47380140.0,00001.9879,2401113241.0
2021-10-04T01:00:01.911Z,-USD,00001.7457,000001.999,0000001.74,48474988.0,00001.9319,2380470887.0
2021-10-04T02:00:02.161Z,-USD,00001.7709,00002.0448,00001.7664,53556609.0,00002.0072,2386598176.0
2021-10-04T03:00:02.437Z,-USD,00001.7736,00002.0535,00001.7672,58396065.0,00001.9817,2392479070.0
2021-10-04T04:00:02.577Z,-USD,00001.8065,00002.0535,00001.7777,61400014.0,00002.0209,2396903122.0
2021-10-04T05:00:02.206Z,-USD,00001.8485,00002.0801,00001.7777,64902973.0,00002.0435,2402062043.0
2021-10-04T06:00:02.478Z,-USD,00001.8293,00002.0801,00001.7777,67363112.0,000002.042,2405891799.0
2021-10-04T07:00:02.295Z,-USD,00001.8394,00002.0801,00001.7777,69814043.0,00002.0525,2409150299.0
2021-10-04T08:00:02.455Z,-USD,00001.8126,00002.0801,00001.7777,71601755.0,00002.0729,2411680139.0
2021-10-04T09:00:02.365Z,-USD,00001.8111,00002.0941,00001.7777,73130213.0,00002.0631,2413779126.0
2021-10-04T10:00:02.176Z,-USD,00001.8005,00002.0941,00001.7891,73624133.0,00002.0363,2415278452.0
2021-10-04T11:00:02.405Z,-USD,00001.7968,00002.0941,00001.7928,75389782.0,00002.0169,2417546872.0
2021-10-04T12:00:02.181Z,-USD,0000001.83,00002.0941,00001.8067,77055727.0,00001.9587,2420189119.0
2021-10-04T13:00:03.229Z,-USD,00001.8244,00002.0941,00001.8226,78366250.0,00001.9785,2422822270.0
2021-10-04T14:00:02.249Z,-USD,000001.928,00002.0941,00001.8832,76771380.0,00001.9972,2426728132.0
2021-10-04T15:00:02.514Z,-USD,00001.9375,00002.0941,00001.8832,77342267.0,00001.9435,2430679481.0
2021-10-04T16:00:01.811Z,-USD,00001.9058,00002.0941,00001.8832,80627541.0,00001.9464,2436607018.0
2021-10-04T17:00:01.975Z,-USD,00001.9142,00002.0941,00001.8832,81327393.0,00001.9624,2438975024.0
2021-10-04T18:00:02.628Z,-USD,00001.9216,00002.0941,00001.8863,80598365.0,00001.9802,2441395217.0
2021-10-04T19:00:02.19Z,-USD,000001.949,00002.0941,00001.8863,79057908.0,00001.9848,2444506746.0
2021-10-04T20:00:02.612Z,-USD,00001.9457,00002.0941,00001.8863,78757740.0,00001.9927,2445950946.0
2021-10-04T21:00:02.314Z,-USD,00001.9347,00002.0941,00001.8863,80877688.0,0000001.94,2449865398.0
2021-10-04T22:00:02.616Z,-USD,00001.9155,00002.0941,00001.8863,81123604.0,00001.9259,2451843262.0
2021-10-04T23:00:01.945Z,-USD,00001.9699,00002.0941,00001.8863,78958933.0,00001.9394,2453190179.0
2021-10-05T00:00:01.829Z,-USD,000001.986,00002.0941,00001.8863,77605228.0,00001.9381,2455069735.0
2021-10-05T01:00:01.97Z,-USD,00001.9223,00002.0941,00001.8863,76924154.0,00001.9778,2418349797.0
2021-10-05T02:00:02.235Z,-USD,000002.008,00002.0941,00001.8863,72199578.0,00001.9685,2419746394.0
2021-10-05T03:00:02.364Z,-USD,00001.9865,00002.0941,00001.8863,68585722.0,00001.9819,2422028549.0
2021-10-05T04:00:02.384Z,-USD,00002.0197,00002.0941,00001.8863,65402777.0,00001.9801,2423271140.0
2021-10-05T05:00:01.837Z,-USD,00002.0359,00002.0941,00001.8863,61470354.0,00001.9515,2424830366.0
2021-10-05T06:00:01.692Z,-USD,00002.0416,00002.0941,00001.8863,58869591.0,00001.9889,2425776148.0
2021-10-05T07:00:02.624Z,-USD,00002.0572,00002.0941,00001.8863,58060980.0,00002.0192,2428206051.0
2021-10-05T08:00:02.359Z,-USD,00002.0723,00002.0941,00001.8863,57245339.0,00002.0102,2429854021.0
2021-10-05T09:00:02.454Z,-USD,00002.0763,00002.0763,00001.8863,56661499.0,00002.0072,2431349345.0
2021-10-05T10:00:02.347Z,-USD,00002.0335,00002.0418,00001.8863,56191266.0,00001.9987,2432395569.0
2021-10-05T11:00:02.138Z,-USD,00002.0117,00002.0418,00001.8863,54988099.0,000002.008,2433457647.0
2021-10-05T12:00:02.334Z,-USD,00001.9599,000002.063,00001.8863,54286706.0,000002.027,2435399311.0
2021-10-05T13:00:02.277Z,-USD,000001.976,000002.063,00001.8863,53122887.0,00002.0095,2436853164.0
2021-10-05T14:00:02.345Z,-USD,00002.0019,000002.063,00001.8863,50796654.0,00002.0128,2438463048.0
2021-10-05T15:00:02.507Z,-USD,00001.9513,000002.063,00001.8863,49609225.0,00001.9584,2441305329.0
2021-10-05T16:00:02.682Z,-USD,00001.9541,000002.063,00001.9176,45911721.0,00001.9411,2443479872.0
2021-10-05T17:00:02.625Z,-USD,00001.9607,000002.063,00001.9176,45532860.0,00001.9342,2445418142.0
2021-10-05T18:00:02.044Z,-USD,00001.9764,000002.063,00001.9176,45206762.0,00001.9462,2447632659.0
2021-10-05T19:00:02.356Z,-USD,00001.9887,000002.063,00001.9176,44208920.0,00001.9463,2449633624.0
2021-10-05T20:00:02.651Z,-USD,00001.9953,000002.063,00001.9176,43869418.0,00001.9496,2450737173.0
2021-10-05T21:00:01.92Z,-USD,00001.9412,000002.063,00001.9176,42064569.0,00001.9824,2452865888.0
2021-10-05T22:00:02.228Z,-USD,00001.9287,000002.063,00001.9202,41339919.0,00001.9686,2454093378.0
2021-10-05T23:00:02.554Z,-USD,00001.9377,000002.063,00001.9202,41594996.0,00001.9468,2455693052.0
2021-10-06T00:00:02.48Z,-USD,00001.9395,000002.063,00001.9202,41246723.0,00001.9543,2457246255.0
2021-10-06T01:00:03.848Z,-USD,00001.9724,000002.063,00001.9202,40557326.0,00001.9516,2399070043.0
2021-10-06T02:00:02.558Z,-USD,00001.9666,000002.063,0000001.92,40724722.0,00001.9419,2400635111.0
2021-10-06T03:00:02.558Z,-USD,00001.9844,000002.063,0000001.92,39270144.0,00001.9308,2401458780.0
2021-10-06T04:00:02.525Z,-USD,00001.9865,000002.063,000001.864,42169041.0,000001.864,2405594473.0
2021-10-06T05:00:02.242Z,-USD,00001.9507,000002.063,00001.8559,43116703.0,000001.881,2408119065.0
2021-10-06T06:00:02.1Z,-USD,00001.9858,000002.063,00001.8559,43289753.0,00001.8753,2409220397.0
2021-10-06T07:00:01.857Z,-USD,00002.0195,000002.063,00001.8559,42319819.0,00001.8686,2410684581.0
2021-10-06T08:00:01.881Z,-USD,00002.0074,000002.063,00001.8326,42085313.0,00001.8474,2412099865.0
2021-10-06T09:00:01.785Z,-USD,00002.0069,000002.063,00001.7756,44240346.0,00001.8117,2415745664.0
2021-10-06T10:00:01.918Z,-USD,00002.0033,000002.063,00001.7756,44412574.0,000001.816,2416983224.0
2021-10-06T11:00:02.583Z,-USD,00002.0102,000002.063,00001.7756,44984572.0,00001.8256,2418590786.0
2021-10-06T12:00:02.527Z,-USD,00002.0273,00002.0292,00001.7756,44014756.0,00001.8187,2419573307.0
2021-10-06T13:00:02.795Z,-USD,000002.012,000002.025,00001.7756,43852004.0,00001.8578,2420876248.0
2021-10-06T14:00:02.037Z,-USD,00002.0114,00002.0159,00001.7756,46514410.0,00001.8938,2425149130.0
2021-10-06T15:00:01.789Z,-USD,00001.9541,00001.9978,00001.7756,46279806.0,00001.9047,2427757204.0
2021-10-06T16:00:02.198Z,-USD,00001.9421,00001.9978,00001.7756,46195213.0,00001.9248,2429830701.0
2021-10-06T17:00:02.432Z,-USD,00001.9364,00001.9978,00001.7756,46951143.0,000001.905,2432540492.0
2021-10-06T18:00:02.61Z,-USD,000001.943,00001.9978,00001.7756,45841378.0,00001.9008,2433629029.0
2021-10-06T19:00:02.044Z,-USD,00001.9476,00001.9978,00001.7756,45598633.0,00001.8889,2435432416.0
2021-10-06T20:00:02.302Z,-USD,00001.9518,00001.9978,00001.7756,45613340.0,00001.8824,2436502882.0
2021-10-06T21:00:02.267Z,-USD,00001.9806,00001.9978,00001.7756,45048335.0,00001.8434,2438107466.0
2021-10-06T22:00:02.387Z,-USD,00001.9649,00001.9978,00001.7756,47711898.0,00001.8349,2441952820.0
2021-10-06T23:00:02.252Z,-USD,00001.9482,00001.9978,00001.7756,48192226.0,00001.8157,2444035746.0
2021-10-07T00:00:02.344Z,-USD,00001.9517,00001.9885,00001.7756,50840392.0,00001.8169,2448271897.0
2021-10-07T01:00:02.619Z,-USD,00001.9531,000001.957,00001.7756,52361411.0,00001.8059,2371761136.0
2021-10-07T02:00:01.765Z,-USD,00001.9387,00001.9429,00001.7513,53515188.0,000001.784,2374495518.0
2021-10-07T03:00:01.924Z,-USD,00001.9286,00001.9319,00001.7513,54371569.0,000001.786,2376168046.0
2021-10-07T04:00:01.977Z,-USD,00001.8691,00001.9319,00001.7513,51836396.0,00001.7879,2377781163.0
2021-10-07T05:00:01.982Z,-USD,00001.8803,00001.9319,00001.7513,51428419.0,00001.8191,2379889025.0
2021-10-07T06:00:02.06Z,-USD,00001.8803,00001.9319,00001.7513,51745669.0,00001.8171,2381305398.0
2021-10-07T07:00:02.06Z,-USD,00001.8663,00001.9319,00001.7513,52384994.0,00001.8348,2383403600.0
2021-10-07T08:00:01.954Z,-USD,00001.8531,00001.9319,00001.7513,52463131.0,00001.8682,2384906190.0
2021-10-07T09:00:02.462Z,-USD,00001.8091,00001.9319,00001.7513,49816029.0,00001.8707,2385888231.0
2021-10-07T10:00:01.882Z,-USD,00001.8126,00001.9319,00001.7513,50046790.0,00001.8466,2387369500.0
2021-10-07T11:00:02.552Z,-USD,00001.8256,00001.9319,00001.7513,49477691.0,00001.8271,2388412437.0
2021-10-07T12:00:02.381Z,-USD,00001.8167,00001.9319,00001.7513,50133681.0,00001.8674,2390041518.0
2021-10-07T13:00:02.003Z,-USD,000001.861,00001.9319,00001.7513,51461239.0,00001.8499,2392721260.0
2021-10-07T14:00:02.354Z,-USD,00001.8947,00001.9283,00001.7513,48806454.0,00001.8787,2394312970.0
2021-10-07T15:00:02.174Z,-USD,00001.9054,00001.9283,00001.7513,49232477.0,00001.8541,2397345041.0
2021-10-07T16:00:02.337Z,-USD,00001.9235,00001.9283,00001.7513,49699655.0,00001.8758,2399903852.0
2021-10-07T17:00:02.827Z,-USD,00001.9038,00001.9076,00001.7513,49312314.0,00001.8628,2402203904.0
2021-10-07T18:00:02.286Z,-USD,000001.903,00001.9388,00001.7513,52078729.0,00001.9166,2406039562.0
2021-10-07T19:00:02.466Z,-USD,00001.8889,00001.9388,00001.7513,52456972.0,00001.8961,2408275455.0
2021-10-07T20:00:02.612Z,-USD,00001.8823,00001.9388,00001.7513,52713408.0,0000001.88,2409562117.0
2021-10-07T21:00:02.671Z,-USD,00001.8475,00001.9388,00001.7513,52875967.0,00001.9081,2411435064.0
2021-10-07T22:00:02.414Z,-USD,00001.8349,00001.9388,00001.7513,50851587.0,00001.9015,2413144834.0
2021-10-07T23:00:01.81Z,-USD,00001.8168,00001.9388,00001.7513,50617395.0,00001.8807,2415020359.0
2021-10-08T00:00:02.056Z,-USD,00001.8138,00001.9388,00001.7513,47146904.0,00001.8883,2415861196.0
2021-10-08T01:00:02.337Z,-USD,00001.8026,00001.9388,00001.7513,45722634.0,000001.937,2152684784.0
2021-10-08T02:00:02.461Z,-USD,00001.7835,00001.9685,00001.7712,45437497.0,00001.9568,2155115478.0
2021-10-08T03:00:02.42Z,-USD,00001.7865,00001.9714,00001.7712,45989770.0,00001.9459,2157337391.0
2021-10-08T04:00:02.64Z,-USD,00001.7853,00001.9714,00001.7821,46459653.0,00001.9523,2159420315.0
2021-10-08T05:00:02.097Z,-USD,00001.8167,00001.9714,00001.7882,45637511.0,00001.9601,2160699144.0
2021-10-08T06:00:02.779Z,-USD,000001.821,00001.9714,00001.8051,45483205.0,00001.9414,2161954813.0
2021-10-08T07:00:01.68Z,-USD,00001.8359,00001.9714,000001.814,44020478.0,000001.921,2162609004.0
2021-10-08T08:00:02.649Z,-USD,00001.8702,00001.9714,000001.814,43086786.0,00001.9152,2163166258.0
2021-10-08T09:00:01.806Z,-USD,00001.8706,00001.9714,000001.814,42914032.0,00001.9385,2163980423.0
2021-10-08T10:00:02.664Z,-USD,00001.8493,00001.9714,00001.8179,42467900.0,00001.9384,2165020556.0
2021-10-08T11:00:02.738Z,-USD,00001.8266,00001.9714,000001.826,42162136.0,00001.9549,2165749712.0
2021-10-08T12:00:01.729Z,-USD,00001.8662,00001.9714,000001.826,41541067.0,00001.9305,2166762316.0
2021-10-08T13:00:01.748Z,-USD,00001.8499,00001.9714,000001.826,40435409.0,00001.9061,2168349505.0
2021-10-08T14:00:01.788Z,-USD,00001.8757,00001.9714,000001.826,40673766.0,00001.9143,2170175249.0
2021-10-08T15:00:01.932Z,-USD,00001.8548,00000002.0,000001.845,41610319.0,000001.991,2174153908.0
2021-10-08T16:00:01.733Z,-USD,00001.8808,00000002.0,00001.8521,41317290.0,00001.9811,2176412699.0
2021-10-08T17:00:02.074Z,-USD,00001.8631,00000002.0,00001.8618,41081357.0,00001.9824,2178479238.0
2021-10-08T18:00:02.349Z,-USD,00001.9167,00000002.0,00001.8652,38767039.0,00001.9548,2179994444.0
2021-10-08T19:00:02.991Z,-USD,00001.8943,00000002.0,00001.8652,37566522.0,00001.9664,2181023211.0
2021-10-08T20:00:02.668Z,-USD,00001.8833,00000002.0,00001.8652,37153671.0,00001.9479,2181894123.0
2021-10-08T21:00:01.935Z,-USD,00001.9092,00000002.0,00001.8652,37387285.0,00001.9059,2183997876.0
2021-10-08T22:00:02.123Z,-USD,00001.9014,00000002.0,00001.8652,36557214.0,000001.915,2184882922.0
2021-10-08T23:00:02.58Z,-USD,00001.8801,00000002.0,00001.8673,35610916.0,00001.9157,2185814535.0
2021-10-09T00:00:01.744Z,-USD,00001.8915,00000002.0,00001.8777,35958301.0,00001.8989,2186993452.0
2021-10-09T01:00:01.779Z,-USD,00001.9275,00000002.0,00001.8666,36507897.0,00001.8878,1851914865.0
2021-10-09T02:00:01.757Z,-USD,00001.9576,00000002.0,000001.866,34781768.0,00001.8732,1852635887.0
2021-10-09T03:00:01.973Z,-USD,00001.9481,00000002.0,00001.8607,33235861.0,000001.893,1853419954.0
2021-10-09T04:00:02.461Z,-USD,00001.9569,00000002.0,00001.8607,32055839.0,00001.9002,1854198098.0
2021-10-09T05:00:02.076Z,-USD,00001.9663,00000002.0,00001.8607,31214815.0,00001.9004,1854653408.0
2021-10-09T06:00:02.058Z,-USD,00001.9423,00000002.0,00001.8607,30343392.0,00001.8935,1855002008.0
2021-10-09T07:00:01.978Z,-USD,00001.9222,00000002.0,00001.8607,30144649.0,00001.9026,1855460509.0
2021-10-09T08:00:01.965Z,-USD,00001.9166,00000002.0,00001.8607,31177831.0,00001.8886,1857049306.0
2021-10-09T09:00:01.831Z,-USD,00001.9308,00000002.0,00001.8607,30815008.0,00001.8719,1857539854.0
2021-10-09T10:00:01.974Z,-USD,00001.9338,00000002.0,00001.8607,30380106.0,00001.8847,1858105906.0
2021-10-09T11:00:02.63Z,-USD,00001.9573,00000002.0,00001.8607,30120740.0,00001.8889,1858603795.0
2021-10-09T12:00:02.557Z,-USD,00001.9289,00000002.0,00001.8607,30009831.0,00001.9037,1859478859.0
2021-10-09T13:00:02.488Z,-USD,00001.9091,00000002.0,00001.8607,29931919.0,00001.9349,1860993150.0
2021-10-09T14:00:02.565Z,-USD,00001.9157,00000002.0,00001.8607,29630125.0,00001.9323,1862520729.0
2021-10-09T15:00:02.382Z,-USD,00001.9869,000001.995,00001.8607,26517000.0,00001.9211,1863393410.0
2021-10-09T16:00:01.741Z,-USD,00001.9763,00001.9855,00001.8607,25142714.0,00001.9099,1864312233.0
2021-10-09T17:00:02.433Z,-USD,00001.9833,00001.9845,00001.8607,24431893.0,00001.8993,1865629831.0
2021-10-09T18:00:01.824Z,-USD,00001.9526,00001.9714,00001.8607,23710272.0,00001.8928,1866411391.0
2021-10-09T19:00:02.075Z,-USD,00001.9664,00001.9687,00001.8607,23743373.0,0000001.89,1867472898.0
2021-10-09T20:00:01.879Z,-USD,00001.9487,00001.9495,00001.8607,23482452.0,00001.8861,1868086837.0
2021-10-09T21:00:02.673Z,-USD,00001.9067,00001.9495,00001.8607,22401580.0,00001.9085,1869121208.0
2021-10-09T22:00:02.583Z,-USD,00001.9106,00001.9495,00001.8607,21968156.0,00001.9013,1869558635.0
2021-10-09T23:00:02.295Z,-USD,00001.9141,00001.9495,00001.8607,21493850.0,00001.8968,1870018433.0
2021-10-10T00:00:02.547Z,-USD,00001.8997,00001.9495,00001.8607,20965164.0,00001.8911,1870665187.0
2021-10-10T01:00:02.553Z,-USD,00001.8934,00001.9495,00001.8605,19987044.0,00001.8652,1700408517.0
2021-10-10T02:00:02.552Z,-USD,00001.8747,00001.9495,00001.8319,21959656.0,00001.8531,1703104180.0
2021-10-10T03:00:01.861Z,-USD,00001.8929,00001.9495,00001.8319,22371873.0,00001.8569,1704298739.0
2021-10-10T04:00:01.882Z,-USD,00001.8998,00001.9495,00001.8319,22162645.0,00001.8676,1704865830.0
2021-10-10T05:00:02.18Z,-USD,00001.9015,00001.9495,00001.8319,22510355.0,000001.875,1705670647.0
2021-10-10T06:00:02.301Z,-USD,00001.8932,00001.9495,00001.8319,22652289.0,00001.8723,1706157247.0
2021-10-10T07:00:02.218Z,-USD,00001.9025,00001.9495,00001.8319,22574055.0,00001.8846,1706543701.0
2021-10-10T08:00:02.251Z,-USD,00001.8898,00001.9495,00001.8319,21240513.0,00001.8694,1706809630.0
2021-10-10T09:00:02.179Z,-USD,00001.8729,00001.9495,00001.8319,21002817.0,00001.8894,1707049250.0
2021-10-10T10:00:02.269Z,-USD,00001.8852,00001.9495,00001.8319,20850352.0,00001.8663,1707460870.0
2021-10-10T11:00:02.648Z,-USD,00001.8903,00001.9495,00001.8319,20570472.0,00001.8574,1707692861.0
2021-10-10T12:00:07.664Z,-USD,00001.9071,00001.9495,00001.8319,20102508.0,00001.8597,1708099706.0
2021-10-10T13:00:02.71Z,-USD,00001.9374,00001.9495,00001.8319,19017991.0,00001.8454,1708548611.0
2021-10-10T14:00:01.793Z,-USD,00001.9339,00001.9435,00001.8319,18290871.0,00001.8457,1709322971.0
2021-10-10T15:00:02.025Z,-USD,00001.9197,00001.9213,00001.8319,18011799.0,000001.843,1709916674.0
2021-10-10T16:00:02.139Z,-USD,00001.9117,00001.9191,00001.8312,17685352.0,00001.8454,1710515423.0
2021-10-10T17:00:02.385Z,-USD,00001.8964,00001.9105,00001.8247,17008474.0,00001.8291,1711153600.0
2021-10-10T18:00:02.252Z,-USD,00001.8927,00001.9105,000001.808,17924771.0,00001.8244,1712866232.0
2021-10-10T19:00:02.349Z,-USD,00001.8916,00001.9105,000001.808,17503692.0,00001.8267,1713493952.0
2021-10-10T20:00:02.364Z,-USD,00001.8907,00001.9105,000001.808,17533179.0,00001.8277,1714143384.0
2021-10-10T21:00:02.48Z,-USD,00001.9083,00001.9104,00001.8061,17938940.0,00001.8068,1715589475.0
2021-10-10T22:00:02.666Z,-USD,00001.9009,00001.9038,000001.775,20484376.0,000001.794,1718546300.0
2021-10-10T23:00:02.191Z,-USD,00001.8977,00001.8992,000001.775,21187345.0,00001.8037,1719839330.0
2021-10-11T00:00:02.154Z,-USD,000001.893,00001.8931,00001.7589,23558867.0,00001.7695,1722745649.0
2021-10-11T01:00:02.527Z,-USD,00001.8623,00001.8926,00001.7454,24395587.0,00001.8017,1620290475.0
2021-10-11T02:00:02.635Z,-USD,00001.8506,00001.8926,00001.7454,22764649.0,00001.8099,1621358709.0
2021-10-11T03:00:02.558Z,-USD,00001.8529,00001.8926,00001.7454,22414417.0,00001.8071,1622198631.0
2021-10-11T04:00:01.875Z,-USD,00001.8639,00001.8926,00001.7454,22729169.0,00001.8199,1623077509.0
2021-10-11T05:00:02.204Z,-USD,00001.8785,00001.8926,00001.7454,23238683.0,00001.8082,1624395585.0
2021-10-11T06:00:02.139Z,-USD,00001.8728,00001.8926,00001.7454,23211004.0,00001.7909,1624852514.0
2021-10-11T07:00:02.069Z,-USD,00001.8828,00001.8926,00001.7454,23187430.0,00001.7879,1625211806.0
2021-10-11T08:00:02.235Z,-USD,00001.8711,00001.8926,00001.7454,23426000.0,00001.8204,1625717893.0
2021-10-11T09:00:02.208Z,-USD,00001.8906,00001.8926,00001.7454,24281663.0,00001.8191,1626813455.0
2021-10-11T10:00:02.067Z,-USD,00001.8678,00001.8753,00001.7454,24277858.0,00001.8092,1627220800.0
2021-10-11T11:00:02.16Z,-USD,00001.8581,00001.8642,00001.7454,24458481.0,00001.7927,1627648730.0
2021-10-11T12:00:02.145Z,-USD,0000001.86,00001.8623,00001.7454,25185949.0,00001.7793,1628766811.0
2021-10-11T13:00:02.285Z,-USD,00001.8497,00001.8623,00001.7454,25700607.0,00001.7824,1629735272.0
2021-10-11T14:00:02.568Z,-USD,000001.845,00001.8585,00001.7454,25953928.0,00001.7827,1630761046.0
2021-10-11T15:00:01.913Z,-USD,00001.8415,00001.8509,00001.7454,27350797.0,00001.7766,1632749122.0
2021-10-11T16:00:02.399Z,-USD,00001.8457,00001.8509,00001.7454,28096653.0,00001.7589,1634105862.0
2021-10-11T17:00:02.792Z,-USD,00001.8284,00001.8371,00001.7454,28488481.0,00001.7675,1635164288.0
2021-10-11T18:00:02.105Z,-USD,000001.824,00001.8371,00001.7454,27902024.0,000001.754,1636260496.0
2021-10-11T19:00:02.186Z,-USD,00001.8274,00001.8371,00001.7318,28621296.0,00001.7425,1637598719.0
2021-10-11T20:00:02.657Z,-USD,00001.8237,00001.8357,00001.7085,29885838.0,00001.7104,1639525873.0
2021-10-11T21:00:01.781Z,-USD,00001.8065,00001.8339,00001.6908,30871989.0,00001.7037,1641951155.0
2021-10-11T22:00:02.029Z,-USD,00001.7914,00001.8339,00001.6785,30099550.0,00001.7042,1644160654.0
2021-10-11T23:00:02.517Z,-USD,00001.8027,00001.8339,00001.6785,29727868.0,00001.7147,1645062989.0
2021-10-12T00:00:01.841Z,-USD,00001.7664,00001.8339,00001.6785,28025993.0,00001.7177,1646262949.0
2021-10-12T01:00:02.656Z,-USD,00001.8005,00001.8339,00001.6709,27579643.0,00001.6843,1538927702.0
2021-10-12T02:00:02.318Z,-USD,00001.8077,00001.8339,00001.6709,27530586.0,00001.6983,1539943981.0
2021-10-12T03:00:01.942Z,-USD,00001.8108,00001.8339,00001.6515,28273123.0,000001.657,1541526167.0
2021-10-12T04:00:02.146Z,-USD,00001.8184,00001.8339,00001.6273,29417688.0,00001.6518,1543551442.0
2021-10-12T05:00:02.04Z,-USD,00001.8097,00001.8327,00001.6273,29444440.0,00001.6703,1544893328.0
2021-10-12T06:00:02.041Z,-USD,00001.7913,00001.8327,00001.6273,30066242.0,00001.6667,1545967852.0
2021-10-12T07:00:02.005Z,-USD,00001.7873,00001.8327,00001.6273,30415842.0,00001.6401,1546678231.0
2021-10-12T08:00:02.023Z,-USD,00001.8176,00001.8327,00001.6273,30479307.0,00001.6503,1547248003.0
2021-10-12T09:00:01.857Z,-USD,00001.8209,00001.8244,00001.6273,30205097.0,00001.6626,1548069003.0
2021-10-12T10:00:02.173Z,-USD,00001.8106,00001.8236,00001.6273,30894881.0,00001.6345,1549167899.0
2021-10-12T11:00:02.102Z,-USD,000001.787,000001.795,00001.6093,31839189.0,00001.6305,1550652966.0
2021-10-12T12:00:04.158Z,-USD,00001.7798,00001.7883,00001.6093,31578992.0,00001.6521,1551404037.0
2021-10-12T13:00:02.162Z,-USD,00001.7839,00001.7883,000001.608,31468647.0,00001.6187,1552257343.0
2021-10-12T14:00:02.326Z,-USD,00001.7835,00001.7838,000001.608,31953780.0,00001.6853,1553788236.0
2021-10-12T15:00:02.526Z,-USD,00001.7747,00001.7774,000001.608,32357778.0,00001.6844,1556173286.0
2021-10-12T16:00:02.687Z,-USD,00001.7598,00001.7745,000001.608,34367703.0,000001.717,1559529422.0
2021-10-12T17:00:02.293Z,-USD,00001.7644,00001.7745,000001.608,34456337.0,00001.7359,1560697989.0
2021-10-12T18:00:02.619Z,-USD,00001.7554,00001.7595,000001.608,34729346.0,00001.7101,1562042911.0
2021-10-12T19:00:01.827Z,-USD,0000001.74,00001.7545,000001.608,34102618.0,00001.7247,1562757498.0
2021-10-12T20:00:02.18Z,-USD,00001.7104,00001.7545,000001.608,33087645.0,00001.6999,1563679656.0
2021-10-12T21:00:02.512Z,-USD,00001.7017,00001.7545,000001.608,32389849.0,00001.7456,1565404890.0
2021-10-12T22:00:02.088Z,-USD,00001.7047,00001.7545,000001.608,31885364.0,00001.7271,1567115200.0
2021-10-12T23:00:02.493Z,-USD,00001.7111,00001.7546,000001.608,31810366.0,000001.747,1567956706.0
2021-10-13T00:00:01.744Z,-USD,00001.7153,0000001.76,000001.608,31696265.0,00001.7443,1569024924.0
2021-10-13T01:00:02.208Z,-USD,00001.6847,0000001.76,000001.608,31367821.0,00001.7545,1434099942.0
2021-10-13T02:00:02.689Z,-USD,00001.6977,00001.7655,000001.608,31263831.0,00001.7483,1435008215.0
2021-10-13T03:00:01.885Z,-USD,00001.6566,00001.7659,000001.608,30593286.0,00001.7519,1435946641.0
2021-10-13T04:00:01.985Z,-USD,00001.6544,00001.7659,000001.608,29434498.0,00001.7395,1436819269.0
2021-10-13T05:00:02.285Z,-USD,00001.6684,00001.7659,000001.608,28486999.0,000001.739,1437223092.0
2021-10-13T06:00:02.133Z,-USD,00001.6675,00001.7659,000001.608,28566953.0,00000001.7,1438350827.0
2021-10-13T07:00:02.124Z,-USD,00001.6406,00001.7659,000001.608,28654844.0,00001.7114,1439147554.0
2021-10-13T08:00:02.214Z,-USD,00001.6528,00001.7659,000001.608,29293282.0,00001.6954,1440360454.0
2021-10-13T09:00:02.105Z,-USD,00001.6674,00001.7659,000001.608,29448973.0,00001.7014,1441328579.0
2021-10-13T10:00:02.579Z,-USD,00001.6351,00001.7659,000001.608,28757068.0,00001.7299,1441761795.0
2021-10-13T11:00:02.093Z,-USD,00001.6297,00001.7659,000001.608,28063992.0,00001.7154,1442518990.0
2021-10-13T12:00:02.298Z,-USD,000001.652,00001.7659,000001.608,27882634.0,00001.7227,1443095110.0
2021-10-13T13:00:01.833Z,-USD,00001.6202,00001.7659,00001.6193,27983174.0,000001.723,1444047576.0
2021-10-13T14:00:01.99Z,-USD,00001.6836,00001.7659,00001.6642,27161776.0,00001.7035,1444765967.0
2021-10-13T15:00:02.007Z,-USD,00001.6901,00001.7659,00001.6642,26045600.0,00001.7149,1446098050.0
2021-10-13T16:00:02.355Z,-USD,00001.7156,00001.7659,00001.6842,23675196.0,00001.7286,1447006852.0
2021-10-13T17:00:01.918Z,-USD,000001.736,00001.7659,00001.6842,23203238.0,00001.7237,1447714823.0
2021-10-13T18:00:02.304Z,-USD,00001.7121,00001.7659,00001.6842,22648654.0,00001.7305,1448494133.0
2021-10-13T19:00:02.617Z,-USD,00001.7199,00001.7961,00001.6842,24374952.0,00001.7863,1450935119.0
2021-10-13T20:00:02.707Z,-USD,00001.6991,00001.8179,00001.6842,27046142.0,000001.798,1454530839.0
2021-10-13T21:00:02.185Z,-USD,00001.7417,00001.8255,00001.6877,27204700.0,0000001.82,1456415514.0
2021-10-13T22:00:02.473Z,-USD,00001.7275,00001.8297,00001.6877,26953500.0,00001.8203,1457901085.0
2021-10-13T23:00:01.978Z,-USD,00001.7461,00001.8352,00001.6877,27913895.0,00001.8319,1459671500.0
2021-10-14T00:00:02.046Z,-USD,00001.7481,00001.8453,00001.6877,27906053.0,000001.838,1460754665.0
2021-10-14T01:00:05.243Z,-USD,00001.7585,00001.8453,00001.6877,28410980.0,00001.8187,1385249314.0
2021-10-14T02:00:03.006Z,-USD,00001.7493,00001.8458,00001.6877,29920588.0,00001.8291,1387664402.0
2021-10-14T03:00:02.7Z,-USD,00001.7524,00001.8458,00001.6877,29855575.0,00001.8201,1388539582.0
2021-10-14T04:00:02.047Z,-USD,000001.741,00001.8458,00001.6877,29534721.0,00001.8124,1389091725.0
2021-10-14T05:00:02.507Z,-USD,00001.7404,00001.8458,00001.6877,29945086.0,00001.8104,1389902461.0
2021-10-14T06:00:02.568Z,-USD,00001.6918,00001.8458,00001.6877,30045661.0,00001.8188,1391183120.0
2021-10-14T07:00:02.595Z,-USD,00001.7109,00001.8458,000001.691,30491828.0,00001.8103,1392378907.0
2021-10-14T08:00:02.577Z,-USD,00001.6926,00001.8458,000001.691,30788523.0,00001.8105,1393928825.0
2021-10-14T09:00:02.551Z,-USD,000001.698,0000001.85,000001.691,31151613.0,0000001.85,1395215484.0
2021-10-14T10:00:01.905Z,-USD,00001.7286,0000001.85,000001.691,31738422.0,00001.8406,1396233736.0
2021-10-14T11:00:02.068Z,-USD,00001.7162,0000001.85,000001.691,31600745.0,00001.8287,1396854965.0
2021-10-14T12:00:02.265Z,-USD,000001.723,0000001.85,000001.691,31583735.0,00001.8468,1397419343.0
2021-10-14T13:00:02.14Z,-USD,00001.7231,0000001.85,000001.691,31312851.0,00001.8334,1398105705.0
2021-10-14T14:00:02.068Z,-USD,000001.705,0000001.85,000001.691,31280218.0,00001.8429,1398780959.0
2021-10-14T15:00:02.441Z,-USD,00001.7165,00001.8825,00001.7121,31812200.0,000001.876,1400643413.0
2021-10-14T16:00:04.16Z,-USD,00001.7289,00001.8825,00001.7183,32292063.0,000001.862,1402039256.0
2021-10-14T17:00:02.106Z,-USD,00001.7198,00001.8825,00001.7198,32876038.0,00001.8307,1403334570.0
2021-10-14T18:00:02.311Z,-USD,00001.7305,00001.8825,00001.7273,34039829.0,00001.8167,1405297807.0
2021-10-14T19:00:02.462Z,-USD,00001.7935,00001.8825,000001.788,32707602.0,00001.8095,1406430718.0
2021-10-14T20:00:07.559Z,-USD,00001.7997,00001.8825,00001.7823,30881015.0,00001.7999,1408148290.0
2021-10-14T21:00:10.523Z,-USD,00001.8209,00001.8825,00001.7785,30044983.0,00001.7916,1409201046.0
2021-10-14T22:00:14.151Z,-USD,00001.8188,00001.8825,00001.7785,29178767.0,00001.8093,1409812547.0
2021-10-14T23:00:12.339Z,-USD,00001.8308,00001.8825,00001.7785,28408198.0,00001.8075,1410812295.0
2021-10-15T00:00:17.239Z,-USD,00001.8376,00001.8825,00001.7785,28256696.0,00001.8096,1411746910.0
2021-10-15T01:00:12.464Z,-USD,00001.8221,00001.8825,00001.7621,27489056.0,00001.7666,1368921814.0
2021-10-15T02:00:12.334Z,-USD,00001.8272,00001.8825,00001.7537,26086790.0,00001.7656,1369944289.0
2021-10-15T03:00:11.185Z,-USD,0000001.82,00001.8825,00001.7537,26586558.0,00001.7833,1371302752.0
2021-10-15T04:00:22.641Z,-USD,00001.8121,00001.8825,00001.7537,27068973.0,000001.769,1372342591.0
2021-10-15T05:00:10.149Z,-USD,000001.806,00001.8825,00001.7537,27420295.0,00001.7863,1373508652.0
2021-10-15T06:00:07.409Z,-USD,00001.8188,00001.8825,00001.7537,26929973.0,00001.7941,1374300899.0
2021-10-15T07:00:03.474Z,-USD,00001.8104,00001.8825,00001.7537,26569617.0,00001.7937,1375127900.0
2021-10-15T08:00:03.829Z,-USD,00001.8103,00001.8825,00001.7537,25444999.0,00001.7923,1375655219.0
2021-10-15T09:00:02.657Z,-USD,00001.8492,00001.8825,00001.7511,24966259.0,00001.7582,1376450112.0
2021-10-15T10:00:02.516Z,-USD,00001.8412,00001.8825,00001.7345,25116589.0,00001.7756,1377531965.0
2021-10-15T11:00:04.493Z,-USD,00001.8322,00001.8825,00001.7345,25915518.0,00001.7656,1378952507.0
2021-10-15T12:00:04.313Z,-USD,00001.8455,00001.8825,00001.7345,26164930.0,00001.7815,1379767662.0
2021-10-15T13:00:03.096Z,-USD,00001.8326,00001.8825,00001.7345,27288052.0,00001.7621,1381570154.0
2021-10-15T14:00:08.91Z,-USD,00001.8425,00001.8825,00001.7345,27371928.0,00001.7505,1382339365.0
2021-10-15T15:00:10.762Z,-USD,00001.8739,00001.8821,00001.7345,26188083.0,00001.7571,1383033588.0
2021-10-15T16:00:10.703Z,-USD,00001.8627,000001.871,00001.7345,25578485.0,00001.7662,1383811589.0
2021-10-15T17:00:09.903Z,-USD,00001.8287,00001.8294,00001.7266,25993023.0,00001.7538,1385506414.0
2021-10-15T18:00:08.961Z,-USD,00001.8158,00001.8218,00001.7266,27642630.0,00001.7519,1389120006.0
2021-10-15T19:00:02.023Z,-USD,00001.8104,00001.8218,00001.7266,27420447.0,000001.771,1390039827.0
2021-10-15T20:00:02.445Z,-USD,00001.8028,00001.8148,00001.7266,26517801.0,00001.7712,1390849452.0
2021-10-15T21:00:02.621Z,-USD,00001.7915,00001.8148,00001.7266,26731789.0,00001.7654,1392154239.0
2021-10-15T22:00:01.816Z,-USD,00001.8092,00001.8148,00001.7266,27368457.0,00001.7503,1393357414.0
2021-10-15T23:00:02.561Z,-USD,00001.8071,00001.8148,00001.7266,27569553.0,00001.7573,1394558113.0
2021-10-16T00:00:01.776Z,-USD,00001.8119,00001.8122,00001.7266,27415526.0,00001.7551,1395341049.0
2021-10-16T01:00:10.841Z,-USD,00001.7702,00001.8011,00001.7266,27309150.0,00001.7562,1307780924.0
2021-10-16T02:00:11.121Z,-USD,00001.7664,00001.8011,00001.7266,27408771.0,000001.744,1308893484.0
2021-10-16T03:00:11.374Z,-USD,00001.7836,00001.8011,00001.7266,26862261.0,00001.7549,1309710243.0
2021-10-16T04:00:23.43Z,-USD,00001.7698,00001.8011,00001.7266,26638459.0,00001.7441,1310525179.0
2021-10-16T05:00:09.936Z,-USD,00001.7855,00001.8011,00001.7266,26487689.0,00001.7373,1311540183.0
2021-10-16T06:00:10.923Z,-USD,00001.7935,00001.8011,00001.7266,26363902.0,00001.7469,1312204467.0
2021-10-16T07:00:08.629Z,-USD,00001.7901,00001.8285,00001.7266,27414357.0,00001.8139,1314093031.0
2021-10-16T08:00:02.213Z,-USD,00001.7905,00001.8285,00001.7266,27677054.0,00001.7843,1314882295.0
2021-10-16T09:00:02.128Z,-USD,00001.7562,00001.8285,00001.7266,27585825.0,00001.8036,1315577157.0
2021-10-16T10:00:02.706Z,-USD,00001.7741,00001.8285,00001.7266,27197202.0,00001.8061,1316268253.0
2021-10-16T11:00:03.731Z,-USD,00001.7667,00001.8285,00001.7266,26179629.0,00001.8076,1316685889.0
2021-10-16T12:00:02.202Z,-USD,00001.7833,0000001.83,00001.7266,25810815.0,00001.8248,1317136125.0
2021-10-16T13:00:11.501Z,-USD,00001.7607,0000001.85,00001.7266,26791963.0,00001.8037,1319901312.0
2021-10-16T14:00:11.199Z,-USD,00001.7531,0000001.85,00001.7266,27021465.0,00001.8078,1320915969.0
2021-10-16T15:00:17.788Z,-USD,00001.7559,0000001.85,00001.7266,27244850.0,00001.7964,1321827726.0
2021-10-16T16:00:11.248Z,-USD,00001.7675,0000001.85,00001.7266,27193653.0,00001.8044,1322552301.0
2021-10-16T17:00:10.684Z,-USD,00001.7523,0000001.85,00001.7338,26807057.0,00001.8142,1323859753.0
2021-10-16T18:00:10.018Z,-USD,00001.7517,0000001.85,00001.7338,24166111.0,00001.8052,1324833530.0
2021-10-16T19:00:11.792Z,-USD,00001.7711,0000001.85,00001.7338,24300688.0,00001.8153,1325880342.0
2021-10-16T20:00:10.055Z,-USD,00001.7715,0000001.85,00001.7338,24423401.0,00001.7975,1326812593.0
2021-10-16T21:00:02.455Z,-USD,000001.766,0000001.85,00001.7338,24341089.0,00001.8153,1328052423.0
2021-10-16T22:00:02.416Z,-USD,00001.7498,0000001.85,00001.7338,23900151.0,000001.803,1328803704.0
2021-10-16T23:00:02.255Z,-USD,00001.7597,0000001.85,00001.7338,23415333.0,00001.7946,1329514412.0
2021-10-17T00:00:01.695Z,-USD,00001.7552,0000001.85,00001.7338,23098291.0,00001.7949,1329978796.0
2021-10-17T01:00:11.042Z,-USD,00001.7549,0000001.85,00001.7338,23113481.0,00001.7895,1273165376.0
2021-10-17T02:00:11.159Z,-USD,00001.7454,0000001.85,00001.7338,22538748.0,00001.7904,1273702539.0
2021-10-17T03:00:11.036Z,-USD,00001.7539,0000001.85,00001.7338,22080911.0,00001.7812,1274064448.0
2021-10-17T04:00:42.256Z,-USD,00001.7367,0000001.85,00001.7356,20727012.0,00001.7922,1274535206.0
2021-10-17T05:00:08.356Z,-USD,00001.7367,0000001.85,00001.7356,21645410.0,00001.8088,1275453604.0
2021-10-17T06:00:09.229Z,-USD,000001.745,0000001.85,00001.7427,21466325.0,00001.8009,1275945080.0
2021-10-17T07:00:09.424Z,-USD,00001.8135,0000001.85,000001.769,20403104.0,00001.8331,1276808249.0
2021-10-17T08:00:08.545Z,-USD,00001.7849,00001.8636,000001.769,20714522.0,00001.8623,1277864186.0
2021-10-17T09:00:09.307Z,-USD,00001.8032,00001.8923,000001.769,22155466.0,00001.8616,1280006368.0
2021-10-17T10:00:09.766Z,-USD,00001.8108,00001.8923,000001.769,22269628.0,00001.8477,1280806672.0
2021-10-17T11:00:10.085Z,-USD,00001.8084,00001.8923,000001.769,22383571.0,00001.8502,1281338320.0
2021-10-17T12:00:08.446Z,-USD,00001.8224,00001.8923,000001.769,22443707.0,0000001.84,1281852039.0
2021-10-17T13:00:11.507Z,-USD,00001.7948,00001.8923,000001.769,20040743.0,00001.8382,1282231696.0
2021-10-17T14:00:09.855Z,-USD,000001.811,00001.8923,000001.769,19644062.0,00001.8515,1282835662.0
2021-10-17T15:00:09.417Z,-USD,00001.8006,00001.8923,000001.769,19754079.0,00001.8529,1283873224.0
2021-10-17T16:00:08.9Z,-USD,00001.8064,00001.8923,000001.769,20091217.0,00001.8221,1284934233.0
2021-10-17T17:00:02.403Z,-USD,00001.8164,00001.8923,000001.769,19247174.0,00001.8117,1285374503.0
2021-10-17T18:00:03.747Z,-USD,00001.8055,00001.8923,000001.769,18760585.0,00001.8225,1285873506.0
2021-10-17T19:00:01.935Z,-USD,00001.8202,00001.8923,000001.769,19888873.0,00001.8211,1288090568.0
2021-10-17T20:00:02.498Z,-USD,00001.7967,00001.8923,000001.769,20484958.0,00001.8062,1289597771.0
2021-10-17T21:00:02.149Z,-USD,00001.8142,00001.8923,00001.7289,23096991.0,00001.7314,1293463619.0
2021-10-17T22:00:02.532Z,-USD,00001.8027,00001.8923,00001.7201,23760382.0,00001.7543,1294852460.0
2021-10-17T23:00:01.82Z,-USD,00001.7994,00001.8923,00001.7201,24738252.0,00001.7584,1296527502.0
2021-10-18T00:00:08.546Z,-USD,00001.7977,00001.8923,00001.7201,24776564.0,00001.7684,1297029586.0
2021-10-18T01:00:02.724Z,-USD,00001.7881,00001.8923,00001.7201,24581614.0,00001.7735,1251285188.0
2021-10-18T02:00:01.902Z,-USD,00001.7906,00001.8923,00001.7201,24603908.0,00001.7779,1251848518.0
2021-10-18T03:00:01.983Z,-USD,00001.7819,00001.8923,00001.7201,24777131.0,00001.7765,1252363366.0
2021-10-18T04:00:02.164Z,-USD,00001.7911,00001.8923,00001.7201,24791768.0,00001.7678,1252846810.0
2021-10-18T05:00:01.742Z,-USD,00001.8119,00001.8923,00001.7201,24241152.0,00001.7699,1253216220.0
2021-10-18T06:00:01.777Z,-USD,00001.8001,00001.8923,00001.7201,24074028.0,00001.7704,1253540001.0
2021-10-18T07:00:01.706Z,-USD,00001.8324,00001.8923,00001.7201,23400586.0,00001.7695,1253730432.0
2021-10-18T08:00:02.552Z,-USD,000001.856,00001.8923,00001.7201,22772205.0,00001.7627,1254167424.0
2021-10-18T09:00:02.451Z,-USD,00001.8604,00001.8762,00001.7201,21078255.0,00001.7584,1254609185.0
2021-10-18T10:00:02.248Z,-USD,00001.8483,00001.8682,00001.7201,20805212.0,00001.7488,1255135257.0
2021-10-18T11:00:02.559Z,-USD,00001.8519,00001.8682,00001.7201,20976963.0,00001.7535,1255842299.0
2021-10-18T12:00:02.461Z,-USD,00001.8379,00001.8682,00001.7201,21069131.0,00001.7357,1256444600.0
2021-10-18T13:00:02.581Z,-USD,00001.8381,00001.8682,00001.7201,21734714.0,00001.7381,1257492243.0
2021-10-18T14:00:01.943Z,-USD,00001.8537,00001.8682,00001.7137,22105029.0,00001.7542,1258470928.0
2021-10-18T15:00:02.116Z,-USD,00001.8512,00001.8535,00001.7137,21645522.0,00001.7479,1259056916.0
2021-10-18T16:00:02.353Z,-USD,00001.8194,00001.8315,00001.7137,21481305.0,00001.7335,1259952548.0
2021-10-18T17:00:01.827Z,-USD,00001.8132,00001.8315,00001.7137,21796667.0,00001.7261,1260702299.0
2021-10-18T18:00:02.355Z,-USD,00001.8227,00001.8315,00001.7137,21934288.0,00001.7255,1261330422.0
2021-10-18T19:00:02.229Z,-USD,00001.8225,00001.8315,00001.7137,20193606.0,0000001.73,1261806138.0
2021-10-18T20:00:02.515Z,-USD,00001.8051,00001.8051,00001.7137,19330004.0,000001.742,1262451941.0
2021-10-18T21:00:01.852Z,-USD,00001.7312,000001.787,00001.7137,15933778.0,00001.7431,1262933758.0
2021-10-18T22:00:02.585Z,-USD,000001.755,000001.787,00001.7137,14925683.0,00001.7366,1263300908.0
2021-10-18T23:00:01.997Z,-USD,000001.757,000001.787,00001.7137,13809294.0,00001.7312,1263859727.0
2021-10-19T00:00:02.07Z,-USD,00001.7693,000001.787,00001.7137,14159517.0,00001.7369,1264710743.0
2021-10-19T01:00:02.499Z,-USD,00001.7759,000001.787,00001.7137,13990410.0,00001.7246,1219735468.0
2021-10-19T02:00:01.899Z,-USD,00001.7727,000001.787,00001.7137,13947401.0,00001.7289,1220268536.0
2021-10-19T03:00:02.276Z,-USD,00001.7765,00001.7815,00001.7137,14220219.0,00001.7308,1221049349.0
2021-10-19T04:00:02.483Z,-USD,00001.7688,00001.7815,00001.7137,14315210.0,00001.7461,1221633773.0
2021-10-19T05:00:01.823Z,-USD,00001.7711,00001.7815,00001.7137,14271529.0,000001.733,1221945882.0
2021-10-19T06:00:02.691Z,-USD,00001.7693,00001.7815,00001.7137,14197378.0,00001.7365,1222195267.0
2021-10-19T07:00:01.891Z,-USD,00001.7688,00001.7815,00001.7137,14265384.0,00001.7263,1222454021.0
2021-10-19T08:00:01.966Z,-USD,00001.7626,00001.7761,00001.7137,14113323.0,00001.7344,1222744086.0
2021-10-19T09:00:02.439Z,-USD,00001.7575,00001.7666,00001.7137,14149175.0,000001.755,1223216642.0
2021-10-19T10:00:02.336Z,-USD,00001.7466,000001.758,00001.7137,13990704.0,00001.7533,1223590938.0
2021-10-19T11:00:02.348Z,-USD,00001.7535,000001.758,00001.7137,13610087.0,000001.745,1223912207.0
2021-10-19T12:00:02.418Z,-USD,00001.7383,00001.7646,00001.7137,13452509.0,00001.7604,1224356917.0
2021-10-19T13:00:02.461Z,-USD,00001.7399,000001.768,00001.7137,12837623.0,00001.7566,1224793951.0
2021-10-19T14:00:02.569Z,-USD,00001.7542,000001.768,000001.716,12812495.0,000001.744,1225748738.0
2021-10-19T15:00:01.94Z,-USD,00001.7459,000001.768,00001.7107,13936168.0,00001.7208,1227461799.0
2021-10-19T16:00:02.246Z,-USD,000001.733,000001.768,00001.7107,13728206.0,00001.7212,1228141678.0
2021-10-19T17:00:02.619Z,-USD,00001.7259,000001.768,00001.7107,13672252.0,00001.7218,1228837362.0
2021-10-19T18:00:02.691Z,-USD,000001.722,000001.768,00001.7107,13780708.0,000001.718,1229585842.0
2021-10-19T19:00:02.283Z,-USD,00001.7304,000001.768,00001.7016,14633812.0,00001.7038,1230898911.0
2021-10-19T20:00:02.68Z,-USD,00001.7413,000001.768,00001.7016,14626798.0,00001.7049,1231565856.0
2021-10-19T21:00:02.531Z,-USD,00001.7404,000001.768,00001.6861,15835782.0,000001.688,1233230695.0
2021-10-19T22:00:02.312Z,-USD,00001.7362,000001.768,00001.6861,16186705.0,00001.6963,1233946810.0
2021-10-19T23:00:02.548Z,-USD,00001.7304,000001.768,00001.6861,16788727.0,000001.716,1235108447.0
2021-10-20T00:00:02.423Z,-USD,00001.7368,000001.768,00001.6861,16448190.0,00001.7105,1235627689.0
2021-10-20T01:00:02.584Z,-USD,000001.725,000001.768,00001.6861,16501117.0,00001.7024,1127658364.0
2021-10-20T02:00:02.668Z,-USD,0000001.73,000001.768,00001.6861,16420451.0,00001.7004,1128108828.0
2021-10-20T03:00:02.542Z,-USD,00001.7302,000001.768,00001.6861,15982846.0,00001.6974,1128452942.0
2021-10-20T04:00:02.569Z,-USD,00001.7435,000001.768,00001.6861,15756050.0,00001.6929,1128813307.0
2021-10-20T05:00:01.718Z,-USD,00001.7327,000001.768,00001.6861,15766206.0,00001.6988,1129131531.0
2021-10-20T06:00:02.82Z,-USD,00001.7354,000001.768,00001.6861,15947751.0,00001.6916,1129561433.0
2021-10-20T07:00:02.601Z,-USD,00001.7271,000001.768,00001.6861,15915974.0,00001.6969,1129787658.0
2021-10-20T08:00:02.315Z,-USD,00001.7362,000001.768,00001.6861,15909275.0,00001.7093,1130077497.0
2021-10-20T09:00:02.178Z,-USD,00001.7537,000001.768,00001.6861,15585976.0,00001.7068,1130224735.0
2021-10-20T10:00:02.107Z,-USD,00001.7534,000001.768,00001.6861,15463688.0,00001.7166,1130472752.0
2021-10-20T11:00:04.304Z,-USD,00001.7456,000001.768,00001.6861,15263166.0,00001.7156,1130593212.0
2021-10-20T12:00:01.956Z,-USD,00001.7615,000001.768,00001.6861,15182760.0,000001.721,1130961240.0
2021-10-20T13:00:01.795Z,-USD,00001.7571,00001.7641,00001.6861,15256592.0,00001.7302,1131484036.0
2021-10-20T14:00:02.204Z,-USD,00001.7442,00001.7474,00001.6861,16239091.0,00001.7434,1133417163.0
2021-10-20T15:00:02.133Z,-USD,00001.7216,000001.787,00001.6861,17236638.0,00001.7701,1136117444.0
2021-10-20T16:00:02.191Z,-USD,00001.7193,000001.787,00001.6861,17911372.0,00001.7729,1137473732.0
2021-10-20T17:00:01.752Z,-USD,00001.7246,00001.7989,00001.6861,19363802.0,00001.7874,1139655333.0
2021-10-20T18:00:02.711Z,-USD,00001.7165,00001.7989,00001.6861,20263593.0,00001.7912,1141275543.0
2021-10-20T19:00:02.04Z,-USD,00001.7057,00001.8178,00001.6861,20631419.0,00001.7912,1142958683.0
2021-10-20T20:00:01.881Z,-USD,00001.7025,00001.8228,00001.6861,21325463.0,00001.8206,1144323185.0
2021-10-20T21:00:02.216Z,-USD,000001.689,00001.8228,00001.6866,20971223.0,00001.8012,1145628517.0
2021-10-20T22:00:02.297Z,-USD,00001.6959,00001.8228,00001.6869,20938000.0,00001.7964,1146305357.0
2021-10-20T23:00:01.822Z,-USD,00001.7156,00001.8228,00001.6869,20421971.0,000001.782,1146962052.0
2021-10-21T00:00:02.66Z,-USD,00001.7103,00001.8228,00001.6869,20713241.0,000001.788,1147763943.0
2021-10-21T01:00:02.187Z,-USD,00001.7013,00001.8228,00001.6869,21528331.0,000001.817,1073968514.0
2021-10-21T02:00:02.795Z,-USD,00001.7019,000001.829,00001.6869,22853345.0,00001.7901,1075745456.0
2021-10-21T03:00:02.201Z,-USD,00001.6975,000001.829,00001.6869,23839362.0,00001.7843,1077070286.0
2021-10-21T04:00:02.146Z,-USD,000001.693,000001.829,00001.6869,24069839.0,00001.7873,1077666304.0
2021-10-21T05:00:02.629Z,-USD,000001.698,000001.829,00001.6869,24200133.0,00001.7836,1078125074.0
2021-10-21T06:00:02.524Z,-USD,00001.6918,000001.829,00001.6901,24129385.0,00001.7881,1078472406.0
2021-10-21T07:00:02.385Z,-USD,00001.6964,000001.829,00001.6962,24304198.0,00001.7823,1078869402.0
2021-10-21T08:00:02.232Z,-USD,00001.7097,000001.829,00001.7036,24672106.0,00001.8209,1079534694.0
2021-10-21T09:00:02.008Z,-USD,00001.7089,00001.8383,00001.7055,25447316.0,00001.8292,1080449201.0
2021-10-21T10:00:01.763Z,-USD,000001.716,00001.8621,000001.711,26541838.0,00001.8566,1081792178.0
2021-10-21T11:00:02.084Z,-USD,00001.7154,00001.8653,00001.7125,27648879.0,00001.8543,1083019358.0
2021-10-21T12:00:01.931Z,-USD,00001.7208,0000001.87,00001.7205,30147723.0,00001.8133,1085888426.0
2021-10-21T13:00:01.776Z,-USD,00001.7293,0000001.87,00001.7289,31888048.0,00001.8354,1088149394.0
2021-10-21T14:00:02.654Z,-USD,00001.7426,00001.8843,00001.7355,32450878.0,00001.8546,1090658025.0
2021-10-21T15:00:01.791Z,-USD,00001.7675,00001.8843,00001.7565,31513084.0,00001.8152,1092422661.0
2021-10-21T16:00:02.014Z,-USD,00001.7752,00001.8843,000001.757,32027940.0,000001.795,1094357180.0
2021-10-21T17:00:02.369Z,-USD,00001.7879,00001.8843,000001.757,30671708.0,00001.7723,1095109924.0
2021-10-21T18:00:02.593Z,-USD,00001.7894,00001.8843,00001.7522,30832333.0,00001.7574,1096890060.0
2021-10-21T19:00:02.51Z,-USD,00001.7937,00001.8843,00001.7522,29931941.0,000001.768,1097701970.0
2021-10-21T20:00:02.655Z,-USD,00001.8198,00001.8843,00001.7522,29800015.0,00001.7729,1098915563.0
2021-10-21T21:00:01.929Z,-USD,00001.8028,00001.8843,00001.7522,29443091.0,00001.7817,1099862758.0
2021-10-21T22:00:02.08Z,-USD,00001.7966,00001.8843,00001.7522,29137856.0,00001.7945,1100224607.0
2021-10-21T23:00:02.468Z,-USD,00001.7825,00001.8843,00001.7522,29044585.0,00001.7727,1100798055.0
2021-10-22T00:00:02.626Z,-USD,000001.791,00001.8843,00001.7522,28861033.0,00001.7827,1101402392.0
2021-10-22T01:00:09.309Z,-USD,00001.8166,00001.8843,00001.7522,28431193.0,00001.8111,1034325906.0
2021-10-22T02:00:07.275Z,-USD,00001.7895,00001.8843,00001.7522,28474293.0,00001.8519,1036137738.0
2021-10-22T03:00:02.234Z,-USD,00001.7872,00001.8843,00001.7522,29167450.0,00001.8681,1038139503.0
2021-10-22T04:00:01.852Z,-USD,00001.7877,00001.8843,00001.7522,30300473.0,00001.8674,1039865787.0
2021-10-22T05:00:02.652Z,-USD,00001.7821,00001.8878,00001.7522,31608779.0,00001.8787,1041635728.0
2021-10-22T06:00:02.402Z,-USD,00001.7894,00001.8878,00001.7522,32149184.0,000001.885,1042521836.0
2021-10-22T07:00:02.05Z,-USD,00001.7814,000001.932,00001.7522,34503662.0,00001.8968,1045271856.0
2021-10-22T08:00:01.781Z,-USD,00001.8187,000001.932,00001.7522,34984307.0,00001.8643,1046430145.0
2021-10-22T09:00:02.57Z,-USD,000001.829,000001.932,00001.7522,34816513.0,00001.8882,1047170172.0
2021-10-22T10:00:02.161Z,-USD,00001.8582,000001.932,00001.7522,34299574.0,00001.9072,1047992188.0
2021-10-22T11:00:02.351Z,-USD,00001.8495,000001.932,00001.7522,34219730.0,00001.8843,1049153688.0
2021-10-22T12:00:01.743Z,-USD,00001.8226,000001.932,00001.7522,32215923.0,00001.9232,1050329724.0
2021-10-22T13:00:02.639Z,-USD,00001.8377,0000001.94,00001.7522,32265157.0,00001.9176,1052315024.0
2021-10-22T14:00:02.466Z,-USD,00001.8519,0000001.94,00001.7522,31422996.0,000001.874,1053986629.0
2021-10-22T15:00:01.819Z,-USD,00001.8127,0000001.94,00001.7522,32109448.0,000001.871,1056441320.0
2021-10-22T16:00:01.939Z,-USD,00001.7931,0000001.94,00001.7522,32581594.0,00001.8508,1058842397.0
2021-10-22T17:00:02.393Z,-USD,00001.7717,0000001.94,00001.7522,33532468.0,00001.8906,1060541753.0
2021-10-22T18:00:02.025Z,-USD,00001.7571,0000001.94,00001.7571,33016931.0,00001.8556,1061815547.0
2021-10-22T19:00:02.161Z,-USD,00001.7702,0000001.94,00001.7607,33118587.0,00001.8695,1062721136.0
2021-10-22T20:00:02.173Z,-USD,00001.7758,0000001.94,00001.7607,32934957.0,00001.8699,1063767533.0
2021-10-22T21:00:02.418Z,-USD,00001.7807,0000001.94,00001.7678,33161965.0,00001.8586,1064936938.0
2021-10-22T22:00:02.198Z,-USD,00001.7953,0000001.94,00001.7678,33566379.0,00001.8334,1065716921.0
2021-10-22T23:00:02.568Z,-USD,00001.7756,0000001.94,00001.7678,33761676.0,00001.8451,1066482711.0
2021-10-23T00:00:02.446Z,-USD,00001.7841,0000001.94,00001.7716,33801218.0,00001.8599,1067103059.0
2021-10-23T01:00:02.283Z,-USD,00001.8099,0000001.94,00001.8081,34371940.0,00001.8952,1006758314.0
2021-10-23T02:00:02.096Z,-USD,00001.8523,0000001.94,000001.821,33635111.0,00001.8856,1007794200.0
2021-10-23T03:00:02.102Z,-USD,00001.8739,0000001.94,000001.821,32201881.0,00001.8914,1008447292.0
2021-10-23T04:00:02.17Z,-USD,00001.8675,0000001.94,000001.821,31258498.0,00001.8986,1009136713.0
2021-10-23T05:00:02.322Z,-USD,00001.8764,0000001.94,000001.821,30066898.0,00001.8795,1009713186.0
2021-10-23T06:00:02.227Z,-USD,00001.8856,0000001.94,000001.821,29617576.0,00001.8662,1010154604.0
2021-10-23T07:00:02.1Z,-USD,000001.896,0000001.94,000001.821,27424090.0,00001.8726,1010702070.0
2021-10-23T08:00:01.833Z,-USD,00001.8655,0000001.94,000001.821,26521698.0,00001.8727,1010993514.0
2021-10-23T09:00:01.76Z,-USD,00001.8883,0000001.94,000001.821,26119336.0,00001.8928,1011295801.0
2021-10-23T10:00:02.585Z,-USD,00001.9035,0000001.94,000001.821,25884698.0,00001.8737,1011889760.0
2021-10-23T11:00:01.767Z,-USD,00001.8841,0000001.94,000001.821,25297046.0,00001.8571,1012454631.0
2021-10-23T12:00:02.463Z,-USD,00001.9225,0000001.94,000001.821,24927032.0,00001.8877,1013262774.0
2021-10-23T13:00:02.387Z,-USD,00001.9158,00001.9214,000001.821,23625922.0,000001.904,1013952300.0
2021-10-23T14:00:02.271Z,-USD,00001.8757,00001.9148,000001.821,22857897.0,00001.8941,1014855270.0
2021-10-31T18:00:08.706Z,-USD,0000001.81,00001.8536,000001.757,23110845.0,0000001.84,941469994.0
2021-10-31T19:00:01.791Z,-USD,00001.8156,00001.8536,000001.757,23594963.0,00001.8369,942442370.0
2021-10-31T20:00:01.778Z,-USD,00001.8238,00001.8536,000001.757,23837464.0,00001.8294,943142807.0
2021-10-31T21:00:02.684Z,-USD,00001.8214,00001.8536,000001.757,24193293.0,00001.8337,943926434.0
2021-10-31T22:00:01.709Z,-USD,00001.8119,000001.858,000001.757,24291657.0,00001.8484,944822964.0
2021-10-31T23:00:03.094Z,-USD,00001.8124,000001.858,000001.757,22964472.0,00001.8356,945345608.0
2021-11-01T00:00:04.868Z,-USD,00001.8215,000001.858,000001.757,22339293.0,00001.8311,945868093.0
2021-11-01T01:00:04.338Z,-USD,00001.8336,000001.859,000001.757,21868913.0,00001.8506,907220796.0
2021-11-01T02:00:03.854Z,-USD,00001.8132,000001.859,000001.757,21532519.0,00001.8341,908101260.0
2021-11-01T03:00:03.703Z,-USD,00001.8218,000001.859,000001.757,21720137.0,00001.8229,909067923.0
2021-11-01T04:00:13.388Z,-USD,00001.8299,000001.859,000001.757,21937300.0,00001.7951,910130248.0
2021-11-01T05:00:07.284Z,-USD,00001.8327,000001.859,000001.757,22020233.0,00001.8088,911131807.0
2021-11-01T06:00:06.049Z,-USD,0000001.85,000001.859,000001.757,21249469.0,00001.8144,911601638.0
2021-11-01T07:00:06.388Z,-USD,00001.8334,000001.859,000001.757,20959876.0,00001.8236,912039811.0
2021-11-01T08:00:02.266Z,-USD,000001.828,000001.859,000001.757,21088449.0,000001.847,912500863.0
2021-11-01T09:00:01.782Z,-USD,00001.8067,000001.859,000001.757,20959238.0,00001.8341,912914591.0
2021-11-01T10:00:02.202Z,-USD,00001.8019,000001.859,000001.757,20941821.0,00001.8527,913281130.0
2021-11-01T11:00:03.213Z,-USD,00001.7829,00001.8629,000001.757,20521860.0,00001.8382,913873656.0
2021-11-01T12:00:02.513Z,-USD,00001.7753,00001.8629,000001.757,20042557.0,00001.8299,914263227.0
2021-11-01T13:00:02.256Z,-USD,00001.7733,00001.8629,000001.757,19522577.0,00001.8273,914848651.0
2021-11-01T14:00:02.194Z,-USD,00001.7801,00001.8629,00001.7742,18881846.0,0000001.82,915979081.0
2021-11-01T15:00:02.248Z,-USD,00001.7822,000001.868,000001.775,19004198.0,00001.8447,917500649.0
2021-11-01T16:00:01.801Z,-USD,000001.796,000001.868,00001.7795,18898105.0,00001.8505,918355154.0
2021-11-01T17:00:03.98Z,-USD,00001.8094,000001.868,00001.7795,18624341.0,00001.8277,919129016.0
2021-11-01T18:00:02.944Z,-USD,000001.837,000001.868,00001.7795,17704070.0,00001.8297,919874363.0
2021-11-01T19:00:02.167Z,-USD,000001.835,000001.868,00001.7795,17283870.0,00001.8205,920410625.0
2021-11-01T20:00:02.283Z,-USD,000001.829,000001.868,00001.7795,17337674.0,000001.835,921178474.0
2021-11-01T21:00:02.427Z,-USD,00001.8336,000001.868,00001.7795,17076396.0,00001.8245,921699719.0
2021-11-01T22:00:02.478Z,-USD,00001.8489,000001.868,00001.7795,16604220.0,00001.8247,922112022.0
2021-11-01T23:00:03.419Z,-USD,00001.8353,000001.868,00001.7795,16684134.0,00001.8291,922712722.0
2021-11-02T00:00:01.929Z,-USD,00001.8287,000001.868,00001.7795,16739561.0,00001.8341,923299587.0
2021-11-02T01:00:01.873Z,-USD,00001.8515,0000001.87,00001.7795,17461294.0,00001.8689,877282527.0
2021-11-02T02:00:01.986Z,-USD,00001.8336,00001.8955,00001.7795,18472241.0,00001.8797,879172394.0
2021-11-02T03:00:01.903Z,-USD,000001.821,00001.8955,00001.7795,18482790.0,00001.8612,880155952.0
2021-11-02T04:00:02.082Z,-USD,00001.7921,00001.8955,00001.7795,17997645.0,00001.8788,880772610.0
2021-11-02T05:01:03.096Z,-USD,00001.8143,00001.8955,00001.8078,17022399.0,00001.8652,881233233.0
2021-11-02T06:00:02.166Z,-USD,00001.8143,00001.8955,00001.8078,17432208.0,00001.8636,881643042.0
2021-11-02T07:00:01.91Z,-USD,000001.825,00001.8955,00001.8143,17221282.0,00001.8534,881859898.0
2021-11-02T08:00:01.852Z,-USD,00001.8461,00001.8955,00001.8143,17002691.0,00001.8448,882115155.0
2021-11-02T09:00:01.775Z,-USD,00001.8352,00001.8955,00001.8143,17044990.0,000001.849,882556951.0
2021-11-02T10:00:01.714Z,-USD,00001.8514,00001.8955,00001.8143,17236903.0,00001.8782,883118573.0
2021-11-02T11:00:04.183Z,-USD,000001.837,00001.8955,00001.8143,17413257.0,00001.8718,883889908.0
2021-11-02T12:00:01.711Z,-USD,00001.8291,00001.8955,00001.8143,17939027.0,00001.8901,884800021.0
2021-11-02T13:00:02.582Z,-USD,00001.8263,00001.9037,00001.8143,18469720.0,000001.893,885916767.0
2021-11-02T14:00:02.686Z,-USD,000001.819,000001.906,00001.8143,18460104.0,00001.8827,887045761.0
2021-11-02T15:00:02.009Z,-USD,00001.8511,000001.906,00001.8143,17730868.0,00001.8842,887841576.0
2021-11-02T16:00:02.22Z,-USD,00001.8576,00001.9145,00001.8143,18984099.0,00001.9031,889941493.0
2021-11-02T17:00:03.37Z,-USD,00001.8298,00001.9145,00001.8143,19785754.0,00001.8805,891515686.0
2021-11-02T18:00:02.126Z,-USD,00001.8298,00001.9145,00001.8143,20271595.0,00001.8717,892757354.0
2021-11-02T19:00:02.42Z,-USD,00001.8203,00001.9145,00001.8143,20768974.0,00001.8713,893778235.0
2021-11-02T20:00:01.771Z,-USD,00001.8346,00001.9145,00001.8143,20751230.0,00001.8807,894533201.0
2021-11-02T21:00:01.886Z,-USD,00001.8273,00001.9145,00001.8143,21996907.0,00001.8515,896304553.0
2021-11-02T22:00:02.016Z,-USD,00001.8232,00001.9145,00001.8223,22987724.0,00001.8511,897710311.0
2021-11-02T23:00:02.751Z,-USD,000001.829,00001.9145,00001.8236,23139776.0,00001.8528,898453002.0
2021-11-03T00:00:02.489Z,-USD,00001.8352,00001.9145,00001.8314,23561101.0,00001.8619,899519239.0
2021-11-03T01:00:02.616Z,-USD,00001.8696,00001.9145,00001.8386,23261883.0,00001.8485,822924671.0
2021-11-03T02:00:02.352Z,-USD,00001.8803,00001.9145,00001.8386,22398760.0,00001.8497,823934799.0
2021-11-03T03:00:02.521Z,-USD,00001.8617,00001.9145,00001.8386,22676137.0,00001.8495,825194735.0
2021-11-03T04:00:02.703Z,-USD,00001.8761,00001.9145,00001.8207,23496719.0,00001.8395,826632132.0
2021-11-03T05:00:03.72Z,-USD,00001.8645,00001.9145,00001.8207,23826004.0,000001.833,827420133.0
2021-11-03T06:00:02.825Z,-USD,00001.8644,00001.9145,00001.8207,24082995.0,00001.8448,828089285.0
2021-11-03T07:00:01.666Z,-USD,00001.8541,00001.9145,00001.8207,24267651.0,00001.8462,828490260.0
2021-11-03T08:00:02.667Z,-USD,00001.8489,00001.9145,00001.8207,24333114.0,00001.8583,828857367.0
2021-11-03T09:00:02.682Z,-USD,00001.8482,00001.9145,00001.8207,24750223.0,000001.871,829668172.0
2021-11-03T10:00:02.489Z,-USD,00001.8768,00001.9145,00001.8207,24935010.0,00001.8897,830415619.0
2021-11-03T11:00:04.508Z,-USD,00001.8734,00001.9248,00001.8207,25801477.0,00001.9248,832052481.0
2021-11-03T12:00:01.942Z,-USD,00001.8831,0000001.98,00001.8207,28357416.0,000001.945,835544662.0
2021-11-03T13:00:01.863Z,-USD,00001.8931,0000001.98,00001.8207,29101880.0,00001.8843,837384176.0
2021-11-03T14:00:01.998Z,-USD,00001.8833,0000001.98,00001.8207,30106029.0,00001.8702,839524969.0
2021-11-03T15:00:02.207Z,-USD,000001.885,0000001.98,00001.8207,30534428.0,00001.8895,840746763.0
2021-11-03T16:00:01.68Z,-USD,00001.9036,0000001.98,00001.8207,29632557.0,00001.8951,841944248.0
2021-11-03T17:00:03.277Z,-USD,00001.8822,0000001.98,00001.8207,29410957.0,00001.8929,843295037.0
2021-11-03T18:00:01.882Z,-USD,00001.8715,0000001.98,00001.8207,28906084.0,00001.8989,844045179.0
2021-11-03T19:00:02.278Z,-USD,00001.8703,0000001.98,00001.8207,29883585.0,00001.9317,846029278.0
2021-11-03T20:00:02.568Z,-USD,00001.8791,0000001.98,00001.8207,31381936.0,00001.9306,848544584.0
2021-11-03T21:00:01.933Z,-USD,00001.8516,0000001.98,00001.8207,30865958.0,00001.9326,849538221.0
