Coin on file:	AMP
Created by:	chris
Created on:	09/18/2021T03:00:1631948402Z

Recorded,Currency,Open,High,Low,Volume,Last,Volume30day
2021-09-18T03:00:02.659Z,-USD,0000.04883,0000000.05,0000.04667,381308120.0,0000.04792,18594969737.0
2021-09-18T04:00:01.983Z,-USD,0000.04897,0000000.05,0000.04667,358517460.0,0000.04806,18604168527.0
2021-09-18T05:00:02.052Z,-USD,0000.04872,0000000.05,0000.04667,339376666.0,0000.04868,18612349980.0
2021-09-18T06:00:02.083Z,-USD,0000.04894,0000000.05,0000.04667,331844595.0,0000.04898,18623759605.0
2021-09-18T07:00:02.385Z,-USD,0000.04916,0000.04954,0000.04667,319535870.0,0000.04865,18631611215.0
2021-09-18T08:00:02.626Z,-USD,0000.04845,0000.04954,0000.04667,321901004.0,0000.04843,18639629530.0
2021-09-18T09:00:01.852Z,-USD,0000.04898,0000.04915,0000.04667,321149778.0,0000.04876,18648631649.0
2021-09-18T10:00:01.968Z,-USD,0000.04855,0000.04945,0000.04667,320400488.0,0000.04929,18655520702.0
2021-09-18T11:00:02.344Z,-USD,0000.04819,0000.04999,0000.04667,321294764.0,0000.04982,18667851885.0
2021-09-18T12:00:02.46Z,-USD,0000.04867,0000.04999,0000.04667,320394620.0,0000.04923,18677276632.0
2021-09-18T13:00:02.675Z,-USD,0000.04814,0000.04999,0000.04667,312364547.0,0000.04955,18686305142.0
2021-09-18T14:00:01.88Z,-USD,0000.04812,0000.05098,0000.04667,310502674.0,00000.0508,18703867870.0
2021-09-18T14:27:57.952Z,-USD,000000.048,0000.05098,0000.04667,307981221.0,0000.05007,18714207817.0
2021-09-18T14:28:37.246Z,-USD,000000.048,0000.05098,0000.04667,308078106.0,0000.05005,18714304702.0
2021-09-18T14:31:17.504Z,-USD,000000.048,0000.05098,0000.04667,308863765.0,0000.04985,18715090361.0
2021-09-18T15:00:02.118Z,-USD,000000.048,0000.05098,0000.04667,319647861.0,0000.04933,18725874457.0
2021-09-18T16:00:02.322Z,-USD,00000.0485,0000.05098,0000.04667,308398636.0,0000.04944,18738862728.0
2021-09-18T17:00:02.107Z,-USD,0000.04854,0000.05098,0000.04667,307134383.0,0000.04881,18749330241.0
2021-09-18T18:00:07.221Z,-USD,0000.04825,0000.05098,0000.04667,303926499.0,0000.04884,18758991701.0
2021-09-18T19:00:01.787Z,-USD,0000.04766,0000.05098,0000.04722,282072757.0,0000.04956,18767451655.0
2021-09-18T20:00:02.515Z,-USD,0000.04795,0000.05098,0000.04744,279854218.0,0000.04903,18781335904.0
2021-09-18T21:00:02.121Z,-USD,0000.04789,0000.05098,00000.0475,258211043.0,0000.04873,18788333749.0
2021-09-18T22:00:02.335Z,-USD,0000.04761,0000.05098,00000.0475,253033565.0,000000.049,18793925835.0
2021-09-18T23:00:01.768Z,-USD,0000.04769,0000.05098,00000.0475,247323938.0,0000.04927,18798949608.0
2021-09-19T00:00:02.394Z,-USD,0000.04787,0000.05098,00000.0475,244091493.0,0000.04938,18805631534.0
2021-09-19T01:00:02.002Z,-USD,0000.04783,0000.05098,00000.0475,240351312.0,0000.04911,18509646498.0
2021-09-19T02:00:02.019Z,-USD,00000.0479,0000.05098,00000.0476,235227756.0,0000.04891,18517605983.0
2021-09-19T03:00:02.664Z,-USD,0000.04794,0000.05098,00000.0476,233151639.0,0000.04923,18525452698.0
2021-09-19T04:00:02.654Z,-USD,0000.04806,0000.05098,0000.04779,232140247.0,0000.04895,18533664557.0
2021-09-19T05:00:02.407Z,-USD,0000.04864,0000.05098,0000.04801,227273836.0,0000.04903,18536953233.0
2021-09-19T06:00:02.187Z,-USD,0000.04904,0000.05098,0000.04801,218518867.0,0000.04918,18540033516.0
2021-09-19T07:00:02.005Z,-USD,0000.04842,0000.05098,0000.04801,214926377.0,0000.04934,18544308066.0
2021-09-19T08:00:02.143Z,-USD,00000.0484,0000.05098,0000.04801,210231030.0,0000.04906,18547189445.0
2021-09-19T09:00:01.925Z,-USD,0000.04883,0000.05098,0000.04869,205060927.0,0000.04944,18551072288.0
2021-09-19T10:00:01.868Z,-USD,00000.0493,0000.05098,00000.0487,201546826.0,0000.04894,18554513057.0
2021-09-19T11:00:02.48Z,-USD,0000.04978,0000.05098,00000.0487,191123159.0,0000.04888,18556338519.0
2021-09-19T12:00:02.523Z,-USD,0000.04923,0000.05098,00000.0487,189787478.0,0000.04888,18564393609.0
2021-09-19T13:00:02.684Z,-USD,0000.04955,0000.05098,00000.0487,188021108.0,0000.04886,18571687948.0
2021-09-19T14:00:02.607Z,-USD,0000.05081,0000.05082,00000.0487,175039406.0,0000.04888,18576431320.0
2021-09-19T15:00:02.684Z,-USD,0000.04934,00000.0501,00000.0487,159471509.0,0000.04886,18582676417.0
2021-09-19T16:00:02.634Z,-USD,0000.04941,0000.04974,00000.0487,151315121.0,0000.04902,18587509767.0
2021-09-19T17:00:02.62Z,-USD,0000.04879,0000.04974,00000.0487,154285477.0,0000.04893,18600987145.0
2021-09-19T18:00:01.7Z,-USD,0000.04882,0000.04974,00000.0487,158013210.0,0000.04888,18614354242.0
2021-09-19T19:00:01.839Z,-USD,0000.04958,0000.04974,00000.0487,155397058.0,0000.04891,18620187338.0
2021-09-19T20:00:01.841Z,-USD,0000.04903,0000.04952,00000.0487,145414512.0,0000.04887,18624263069.0
2021-09-19T21:00:02.299Z,-USD,0000.04873,0000.04952,00000.0487,147022271.0,0000.04904,18632700261.0
2021-09-19T22:00:02.24Z,-USD,0000.04898,0000.04952,0000.04886,148507697.0,0000.04889,18639794809.0
2021-09-19T23:00:02.396Z,-USD,00000.0491,0000.04952,0000.04886,153245654.0,0000.04886,18650527460.0
2021-09-20T00:00:01.696Z,-USD,00000.0494,0000.04952,0000.04756,174910645.0,0000.04794,18677899886.0
2021-09-20T01:00:01.876Z,-USD,0000.04912,0000.04952,0000.04729,184822309.0,0000.04793,18414182557.0
2021-09-20T02:00:02.151Z,-USD,0000.04891,0000.04952,0000.04711,193333735.0,00000.0479,18430655574.0
2021-09-20T03:00:02.274Z,-USD,0000.04924,0000.04952,0000.04682,214108502.0,0000.04695,18459286500.0
2021-09-20T04:00:02.153Z,-USD,000000.049,0000.04952,0000.04595,230020021.0,00000.0462,18483408778.0
2021-09-20T05:00:01.965Z,-USD,0000.04905,0000.04952,0000.04557,246349085.0,0000.04657,18503008705.0
2021-09-20T06:00:01.919Z,-USD,0000.04914,0000.04952,0000.04557,254927237.0,0000.04617,18514736504.0
2021-09-20T07:00:02.042Z,-USD,0000.04933,0000.04952,0000.04532,265182146.0,0000.04538,18529213711.0
2021-09-20T08:00:02.121Z,-USD,0000.04904,0000.04952,0000.04472,278613834.0,0000.04514,18545514331.0
2021-09-20T09:00:01.892Z,-USD,0000.04942,0000.04947,0000.04472,286151097.0,0000.04542,18557011496.0
2021-09-20T10:00:01.701Z,-USD,0000.04892,00000.0492,0000.04472,306316071.0,0000.04501,18580544373.0
2021-09-20T11:00:02.361Z,-USD,0000.04888,00000.0492,0000.04423,320005166.0,0000.04429,18596051763.0
2021-09-20T12:00:02.361Z,-USD,0000.04889,00000.0492,0000.04242,363753858.0,0000.04336,18647903901.0
2021-09-20T13:00:02.403Z,-USD,00000.0489,00000.0492,0000.04214,393698108.0,0000.04302,18685399055.0
2021-09-20T14:00:02.73Z,-USD,0000.04887,00000.0492,0000.04214,417747022.0,0000.04481,18713940635.0
2021-09-20T15:00:01.832Z,-USD,0000.04886,00000.0492,0000.04214,431998108.0,000000.045,18734466301.0
2021-09-20T16:00:02.357Z,-USD,0000.04902,00000.0492,0000.04214,445510969.0,0000.04483,18752841319.0
2021-09-20T17:00:02.536Z,-USD,0000.04892,00000.0491,0000.04214,446893908.0,0000.04528,18767624368.0
2021-09-20T18:00:02.544Z,-USD,0000.04888,00000.0491,0000.04214,445998784.0,0000.04456,18780061340.0
2021-09-20T19:00:02.469Z,-USD,0000.04891,00000.0491,0000.04214,454697075.0,0000.04405,18794637994.0
2021-09-20T20:00:02.434Z,-USD,0000.04887,00000.0491,0000000.04,486173356.0,0000.04318,18830154554.0
2021-09-20T21:00:02.46Z,-USD,0000.04902,00000.0491,0000000.04,490612558.0,0000.04288,18843149541.0
2021-09-20T22:00:02.44Z,-USD,0000.04891,0000.04906,0000000.04,493607070.0,0000.04321,18853122137.0
2021-09-20T23:00:02.52Z,-USD,0000.04886,0000.04889,0000000.04,495748010.0,0000.04298,18866188464.0
2021-09-21T00:00:02.956Z,-USD,0000.04796,0000.04875,0000000.04,481161915.0,0000.04214,18878831072.0
2021-09-21T01:00:02.191Z,-USD,0000.04794,0000.04875,0000000.04,485888521.0,00000.0416,18196248407.0
2021-09-21T02:00:01.777Z,-USD,0000.04789,0000.04875,0000000.04,491425567.0,0000.04208,18218220265.0
2021-09-21T03:00:02.103Z,-USD,0000.04691,000000.047,0000000.04,479664630.0,0000.04231,18235098090.0
2021-09-21T04:00:02.34Z,-USD,0000.04619,000000.047,0000000.04,468014019.0,0000.04301,18247548154.0
2021-09-21T05:00:02.612Z,-USD,0000.04657,000000.047,0000000.04,456449177.0,0000.04242,18255582218.0
2021-09-21T06:00:02.518Z,-USD,0000.04617,0000.04676,0000000.04,452390358.0,0000.04242,18263262134.0
2021-09-21T07:00:02.272Z,-USD,0000.04542,00000.0463,0000000.04,445586811.0,0000.04364,18271170432.0
2021-09-21T08:00:02.419Z,-USD,00000.0452,00000.0463,0000000.04,437062959.0,0000.04452,18278786722.0
2021-09-21T09:00:02.545Z,-USD,0000.04539,00000.0463,0000000.04,432196235.0,0000.04499,18285327994.0
2021-09-21T10:00:02.395Z,-USD,00000.0452,00000.0463,0000000.04,418077253.0,0000.04448,18295186188.0
2021-09-21T11:00:02.6Z,-USD,0000.04428,00000.0463,0000000.04,413403749.0,0000.04476,18305614444.0
2021-09-21T12:00:02.507Z,-USD,0000.04341,00000.0463,0000000.04,370954108.0,0000.04536,18315073008.0
2021-09-21T13:00:02.679Z,-USD,0000.04302,00000.0465,0000000.04,345822654.0,0000.04523,18327476219.0
2021-09-21T14:00:01.857Z,-USD,0000.04467,00000.0465,0000000.04,333350785.0,0000.04523,18343946251.0
2021-09-21T15:00:02.144Z,-USD,0000.04496,00000.0465,0000000.04,335267188.0,0000.04414,18366085934.0
2021-09-21T16:00:02.617Z,-USD,00000.0448,00000.0465,0000000.04,335511910.0,0000.04518,18384650109.0
2021-09-21T17:00:03.462Z,-USD,0000.04517,00000.0465,0000000.04,335566816.0,0000.04493,18399413137.0
2021-09-21T18:00:01.824Z,-USD,0000.04451,00000.0465,0000000.04,351078328.0,0000.04215,18427483356.0
2021-09-21T19:00:02.438Z,-USD,0000.04404,00000.0465,0000000.04,349254373.0,0000.04267,18440145428.0
2021-09-21T20:00:02.298Z,-USD,0000.04319,00000.0465,0000.04056,321826311.0,0000.04272,18448246759.0
2021-09-21T21:00:01.766Z,-USD,00000.0429,00000.0465,0000.04056,324556570.0,0000.04167,18463848668.0
2021-09-21T22:00:02.225Z,-USD,0000.04323,00000.0465,0000.04025,345840892.0,00000.0427,18495109733.0
2021-09-21T23:00:02.124Z,-USD,0000.04299,00000.0465,0000.04025,346049173.0,0000.04062,18508472800.0
2021-09-22T00:00:02.323Z,-USD,0000.04224,00000.0465,0000.04025,347036995.0,0000.04132,18522075392.0
2021-09-22T01:00:02.686Z,-USD,00000.0415,00000.0465,0000.04025,340935936.0,0000.04169,16622630414.0
2021-09-22T02:00:01.838Z,-USD,0000.04215,00000.0465,0000.04025,341381816.0,0000.04368,16645093458.0
2021-09-22T03:00:02.496Z,-USD,0000.04239,00000.0465,0000.04025,334388628.0,0000.04343,16655128525.0
2021-09-22T04:00:01.855Z,-USD,000000.043,00000.0465,0000.04025,329631500.0,0000.04324,16662586080.0
2021-09-22T05:00:01.961Z,-USD,0000.04242,00000.0465,0000.04025,328542487.0,0000.04349,16669500897.0
2021-09-22T06:00:02.356Z,-USD,0000.04246,00000.0465,0000.04025,326842451.0,0000.04365,16675500884.0
2021-09-22T07:00:02.359Z,-USD,0000.04375,00000.0465,0000.04025,332176783.0,0000.04429,16688792303.0
2021-09-22T08:00:02.458Z,-USD,0000.04462,00000.0465,0000.04025,334174398.0,00000.0453,16698371909.0
2021-09-22T09:00:03.657Z,-USD,0000.04497,00000.0465,0000.04025,336397895.0,0000.04585,16707098950.0
2021-09-22T10:00:01.805Z,-USD,0000.04445,00000.0465,0000.04025,331232846.0,0000.04591,16711834392.0
2021-09-22T11:00:02.368Z,-USD,0000.04472,00000.0465,0000.04025,325573537.0,0000.04573,16716592194.0
2021-09-22T12:00:02.378Z,-USD,0000.04536,00000.0465,0000.04025,324386749.0,0000.04477,16724832162.0
2021-09-22T13:00:02.638Z,-USD,0000.04523,0000.04613,0000.04025,320760895.0,0000.04506,16733634662.0
2021-09-22T14:00:01.835Z,-USD,0000.04523,0000.04612,0000.04025,313404940.0,0000.04459,16742749213.0
2021-09-22T15:00:01.945Z,-USD,0000.04418,0000.04612,0000.04025,301399959.0,0000.04522,16752864058.0
2021-09-22T16:00:02.268Z,-USD,0000.04518,0000.04612,0000.04025,296209334.0,0000.04567,16766244176.0
2021-09-22T17:00:02.156Z,-USD,0000.04495,00000.0469,0000.04025,305547349.0,0000.04677,16790450044.0
2021-09-22T18:00:02.557Z,-USD,0000.04217,00000.0469,0000.04025,292883114.0,0000.04546,16805993532.0
2021-09-22T19:00:02.158Z,-USD,0000.04274,00000.0469,0000.04025,305617932.0,0000.04534,16831161670.0
2021-09-22T20:00:02.676Z,-USD,0000.04271,00000.0469,0000.04025,308150631.0,0000.04616,16841833140.0
2021-09-22T21:00:01.933Z,-USD,0000.04163,0000.04749,0000.04025,311159649.0,0000.04744,16860446406.0
2021-09-22T22:00:02.514Z,-USD,0000.04272,0000.04783,00000.0405,303791833.0,0000.04725,16884338501.0
2021-09-22T23:00:02.005Z,-USD,0000.04062,0000.04783,00000.0405,300946143.0,0000.04681,16895050144.0
2021-09-23T00:00:03.545Z,-USD,0000.04137,0000.04783,0000.04082,296581950.0,0000.04724,16904125387.0
2021-09-23T01:00:02.49Z,-USD,0000.04165,0000.04783,0000.04141,291308231.0,00000.0465,16079537220.0
2021-09-23T02:00:02.357Z,-USD,0000.04369,0000.04783,000000.043,275719905.0,00000.0468,16086436388.0
2021-09-23T03:00:02.712Z,-USD,0000.04338,0000.04783,000000.043,278794055.0,0000.04757,16099549958.0
2021-09-23T04:00:01.926Z,-USD,0000.04325,0000.04787,000000.043,290911081.0,0000.04752,16119099057.0
2021-09-23T05:00:02.221Z,-USD,0000.04351,0000.04828,0000.04327,294371448.0,0000.04823,16129476796.0
2021-09-23T06:00:02.32Z,-USD,0000.04363,0000.05036,0000.04358,319582395.0,0000.04914,16160665316.0
2021-09-23T07:00:03.134Z,-USD,0000.04433,00000.0505,0000.04378,322289506.0,0000.04998,16176667081.0
2021-09-23T08:00:02.122Z,-USD,0000.04529,00000.0505,0000.04378,319125494.0,0000.04934,16183074565.0
2021-09-23T09:00:02.3Z,-USD,0000.04583,00000.0505,0000.04378,318565715.0,0000.04883,16191278574.0
2021-09-23T10:00:02.464Z,-USD,0000.04595,00000.0505,0000.04378,328249880.0,0000.04835,16205722796.0
2021-09-23T11:00:05.825Z,-USD,0000.04574,00000.0505,0000.04378,333148741.0,0000.04867,16215435070.0
2021-09-23T12:00:02.063Z,-USD,0000.04476,00000.0505,0000.04378,332750118.0,0000.04848,16223216220.0
2021-09-23T13:00:02.551Z,-USD,0000.04506,00000.0505,0000.04378,341434996.0,0000.04943,16240645503.0
2021-09-23T14:00:01.849Z,-USD,0000.04459,0000.05149,0000.04444,368835344.0,0000.05122,16277161662.0
2021-09-23T15:00:02.469Z,-USD,0000.04522,0000.05149,0000.04452,391360299.0,0000.04937,16309810850.0
2021-09-23T16:00:01.835Z,-USD,0000.04566,0000.05149,0000.04452,394400933.0,0000.04874,16326254341.0
2021-09-23T17:00:02.388Z,-USD,0000.04671,0000.05149,0000.04452,384038788.0,0000.04915,16340106808.0
2021-09-23T18:00:01.982Z,-USD,0000.04505,0000.05149,0000.04452,379227824.0,0000.05053,16353135715.0
2021-09-23T19:00:01.805Z,-USD,0000.04527,0000.05149,0000.04518,367896059.0,0000.05038,16364671862.0
2021-09-23T20:00:02.516Z,-USD,00000.0462,0000.05149,0000.04581,364936754.0,0000.04965,16372360218.0
2021-09-23T21:00:02.25Z,-USD,0000.04745,0000.05149,0000.04581,354676883.0,0000.04943,16380925923.0
2021-09-23T22:00:02.175Z,-USD,0000.04731,0000.05149,0000.04581,340352314.0,0000.04856,16390503333.0
2021-09-23T23:00:01.951Z,-USD,0000.04677,0000.05149,0000.04581,353851024.0,0000.04754,16414602223.0
2021-09-24T00:00:02.48Z,-USD,00000.0472,0000.05149,0000.04581,363847643.0,0000.04848,16433556193.0
2021-09-24T01:00:02.228Z,-USD,0000.04653,0000.05149,0000.04581,368079145.0,0000.04827,15951311403.0
2021-09-24T02:00:02.084Z,-USD,00000.0468,0000.05149,0000.04581,367837070.0,0000.04815,15957960567.0
2021-09-24T03:00:01.973Z,-USD,0000.04748,0000.05149,0000.04581,364278288.0,0000.04762,15967753323.0
2021-09-24T04:00:02.45Z,-USD,0000.04752,0000.05149,0000.04725,349696102.0,0000.04756,15972471165.0
2021-09-24T05:00:02.206Z,-USD,0000.04822,0000.05149,00000.0473,343818516.0,0000.04767,15976983900.0
2021-09-24T06:00:02.643Z,-USD,0000.04914,0000.05149,00000.0473,316833277.0,0000.04798,15981187950.0
2021-09-24T07:00:02.623Z,-USD,0000.04998,0000.05149,00000.0473,304252249.0,0000.04766,15984657375.0
2021-09-24T08:00:01.884Z,-USD,0000.04935,0000.05149,00000.0473,304774157.0,0000.04844,15991581496.0
2021-09-24T09:00:02.126Z,-USD,0000.04881,0000.05149,00000.0473,299798069.0,00000.0485,15994787828.0
2021-09-24T10:00:02.248Z,-USD,0000.04822,0000.05149,0000.04621,302636222.0,0000.04648,16012103414.0
2021-09-24T11:00:02.663Z,-USD,0000.04874,0000.05149,0000.04416,314295474.0,0000.04463,16033406908.0
2021-09-24T12:00:02.133Z,-USD,0000.04848,0000.05149,0000.04312,333906009.0,0000.04535,16060795705.0
2021-09-24T13:00:02.817Z,-USD,0000.04935,0000.05149,0000.04312,339213143.0,0000.04676,16083964085.0
2021-09-24T14:00:02.591Z,-USD,00000.0512,0000.05127,0000.04312,315374319.0,0000.04656,16096247825.0
2021-09-24T15:00:02.124Z,-USD,0000.04938,000000.051,0000.04312,296488724.0,0000.04671,16110141582.0
2021-09-24T16:00:01.961Z,-USD,0000.04874,000000.051,0000.04312,286340927.0,0000.04559,16116282217.0
2021-09-24T17:00:02.316Z,-USD,0000.04914,000000.051,0000.04312,281172724.0,0000.04629,16124988294.0
2021-09-24T18:00:02.431Z,-USD,00000.0505,0000.05057,0000.04312,276338581.0,0000.04533,16133172428.0
2021-09-24T19:00:02.41Z,-USD,0000.05032,00000.0505,0000.04312,272656018.0,0000.04516,16141050184.0
2021-09-24T20:00:01.732Z,-USD,0000.04967,0000.04981,0000.04312,274175228.0,0000.04562,16150259950.0
2021-09-24T21:00:02.101Z,-USD,0000.04942,0000.04978,0000.04312,273259396.0,0000.04654,16157875949.0
2021-09-24T22:00:02.204Z,-USD,0000.04859,0000.04934,0000.04312,270886641.0,0000.04589,16165118378.0
2021-09-24T23:00:01.997Z,-USD,0000.04754,0000.04896,0000.04312,255876444.0,0000.04648,16174171803.0
2021-09-25T00:00:02.169Z,-USD,0000.04848,0000.04896,0000.04312,240959600.0,0000.04577,16178218401.0
2021-09-25T01:00:02.578Z,-USD,0000.04822,00000.0486,0000.04312,233398188.0,0000.04582,15781927287.0
2021-09-25T02:00:01.928Z,-USD,0000.04818,00000.0486,0000.04312,232200671.0,0000.04527,15787390637.0
2021-09-25T03:00:01.987Z,-USD,0000.04768,00000.0486,0000.04312,227579614.0,0000.04525,15792627384.0
2021-09-25T04:00:02.605Z,-USD,00000.0476,00000.0486,0000.04312,229767836.0,0000.04522,15799492163.0
2021-09-25T05:00:02.68Z,-USD,0000.04767,00000.0486,0000.04312,230829165.0,0000.04489,15804995111.0
2021-09-25T06:00:02.668Z,-USD,0000.04797,00000.0486,0000.04312,230121393.0,0000.04484,15808518563.0
2021-09-25T07:00:01.846Z,-USD,0000.04764,00000.0486,0000.04312,230609263.0,0000.04532,15812524444.0
2021-09-25T08:00:01.884Z,-USD,0000.04845,00000.0486,0000.04312,228520043.0,0000.04486,15817364128.0
2021-09-25T09:00:02.034Z,-USD,0000.04849,0000.04852,0000.04312,229194436.0,0000.04529,15821178786.0
2021-09-25T10:00:01.83Z,-USD,0000.04647,0000.04804,0000.04312,213392540.0,0000.04508,15822693640.0
2021-09-25T11:00:02.586Z,-USD,0000.04464,0000.04804,0000.04312,195181325.0,0000.04542,15826007169.0
2021-09-25T12:00:02.497Z,-USD,0000.04537,0000.04804,00000.0445,182728623.0,0000.04664,15840727511.0
2021-09-25T13:00:02.182Z,-USD,00000.0463,0000.04791,00000.0445,170337629.0,0000.04712,15851962882.0
2021-09-25T14:00:02.678Z,-USD,0000.04649,0000.04791,00000.0445,166335484.0,0000.04638,15859865594.0
2021-09-25T15:00:02.678Z,-USD,0000.04674,0000.04791,00000.0445,161268886.0,0000.04655,15868638536.0
2021-09-25T16:00:01.769Z,-USD,0000.04556,0000.04791,00000.0445,163551238.0,0000.04691,15877018107.0
2021-09-25T17:00:02.512Z,-USD,0000.04635,0000.04816,00000.0445,165374884.0,0000.04813,15887549758.0
2021-09-25T18:00:01.743Z,-USD,0000.04533,0000.04841,00000.0445,171565590.0,0000.04807,15901921665.0
2021-09-25T19:00:01.831Z,-USD,0000.04519,0000.04855,00000.0445,178075887.0,0000.04755,15916322615.0
2021-09-25T20:00:02.078Z,-USD,0000.04562,0000.04855,00000.0445,173757233.0,0000.04744,15921216602.0
2021-09-25T21:00:02.047Z,-USD,0000.04653,0000.04855,00000.0445,173975194.0,00000.0477,15929031854.0
2021-09-25T22:00:01.967Z,-USD,0000.04589,0000.04855,00000.0445,175658870.0,0000.04702,15937964588.0
2021-09-25T23:00:02.555Z,-USD,00000.0465,0000.04855,00000.0445,170482538.0,0000.04663,15941862820.0
2021-09-26T00:00:01.749Z,-USD,0000.04576,0000.04855,00000.0445,172744051.0,0000.04627,15948168510.0
2021-09-26T01:00:01.825Z,-USD,0000.04579,0000.04855,00000.0445,173433014.0,0000.04616,15534373230.0
2021-09-26T02:00:02.1Z,-USD,0000.04527,0000.04855,00000.0445,173984930.0,0000.04567,15540384289.0
2021-09-26T03:00:01.99Z,-USD,0000.04521,0000.04855,00000.0445,176401086.0,0000.04527,15548225823.0
2021-09-26T04:00:02.515Z,-USD,00000.0452,0000.04855,00000.0445,180743817.0,0000.04529,15559233372.0
2021-09-26T05:00:01.75Z,-USD,0000.04489,0000.04855,00000.0445,179512432.0,0000.04538,15563502844.0
2021-09-26T06:00:02.535Z,-USD,0000.04482,0000.04855,00000.0445,179182899.0,0000.04577,15566699501.0
2021-09-26T07:00:02.664Z,-USD,0000.04533,0000.04855,00000.0445,179529087.0,0000.04565,15571093748.0
2021-09-26T08:00:02.631Z,-USD,0000.04483,0000.04855,00000.0445,181553338.0,0000.04591,15577912772.0
2021-09-26T09:00:02.674Z,-USD,0000.04533,0000.04855,000000.045,185564514.0,0000.04557,15585739967.0
2021-09-26T10:00:01.845Z,-USD,0000.04508,0000.04855,000000.045,190247149.0,0000.04731,15591941430.0
2021-09-26T11:00:01.798Z,-USD,0000.04539,0000.04855,000000.045,190816562.0,0000.04695,15595819550.0
2021-09-26T12:00:02.079Z,-USD,0000.04659,0000.04855,000000.045,179816466.0,0000.04666,15599636904.0
2021-09-26T13:00:02.198Z,-USD,0000.04712,0000.04855,000000.045,175373733.0,0000.04648,15606339944.0
2021-09-26T14:00:02.218Z,-USD,0000.04638,0000.04855,000000.045,171811060.0,0000.04599,15610671890.0
2021-09-26T15:00:02.375Z,-USD,0000.04642,0000.04855,000000.045,171857378.0,0000.04615,15619659679.0
2021-09-26T16:00:02.518Z,-USD,0000.04691,0000.04855,000000.045,170465284.0,0000.04634,15626499954.0
2021-09-26T17:00:02.496Z,-USD,0000.04825,0000.04855,000000.045,165878596.0,0000.04595,15632661252.0
2021-09-26T18:00:01.767Z,-USD,0000.04807,0000.04855,000000.045,159814480.0,000000.046,15640871006.0
2021-09-26T19:00:01.978Z,-USD,0000.04749,000000.048,000000.045,152200591.0,0000.04605,15647528517.0
2021-09-26T20:00:02.12Z,-USD,0000.04744,000000.048,000000.045,151491825.0,0000.04572,15651711044.0
2021-09-26T21:00:02.114Z,-USD,0000.04769,0000.04772,000000.045,148972345.0,0000.04649,15657004177.0
2021-09-26T22:00:02.208Z,-USD,0000.04702,00000.0476,000000.045,143316559.0,0000.04655,15660344743.0
2021-09-26T23:00:02.421Z,-USD,0000.04662,00000.0476,000000.045,145984217.0,0000.04634,15666877460.0
2021-09-27T00:00:02.585Z,-USD,0000.04627,00000.0476,000000.045,146054071.0,0000.04623,15673254195.0
2021-09-27T01:00:01.792Z,-USD,0000.04615,00000.0476,000000.045,144735805.0,0000.04631,15346008370.0
2021-09-27T02:00:01.815Z,-USD,0000.04568,00000.0476,000000.045,147204670.0,0000.04666,15354405205.0
2021-09-27T03:00:01.926Z,-USD,0000.04529,00000.0476,0000.04509,148399583.0,0000.04644,15363437210.0
2021-09-27T04:00:02.541Z,-USD,0000.04534,00000.0476,0000.04509,147081020.0,0000.04581,15373264791.0
2021-09-27T05:00:02.144Z,-USD,0000.04533,00000.0476,0000.04509,157024009.0,0000.04571,15387344803.0
2021-09-27T06:00:02.117Z,-USD,0000.04579,00000.0476,0000.04509,165935112.0,0000.04582,15399440848.0
2021-09-27T07:00:02.227Z,-USD,0000.04568,00000.0476,0000.04509,164112478.0,0000.04568,15402011407.0
2021-09-27T08:00:02.214Z,-USD,0000.04588,00000.0476,00000.0451,159301754.0,0000.04616,15404100151.0
2021-09-27T09:00:02.262Z,-USD,0000.04557,00000.0476,0000.04533,153228134.0,0000.04593,15405780073.0
2021-09-27T10:00:02.303Z,-USD,0000.04736,00000.0476,0000.04533,151612008.0,0000.04568,15410359128.0
2021-09-27T11:00:01.866Z,-USD,0000.04695,0000.04732,0000.04533,151249628.0,0000.04587,15413875853.0
2021-09-27T12:00:01.882Z,-USD,0000.04678,0000.04732,0000.04533,152074263.0,0000.04619,15418889628.0
2021-09-27T13:00:02.11Z,-USD,0000.04647,0000.04732,0000.04533,152207387.0,00000.0458,15425367944.0
2021-09-27T14:00:02.199Z,-USD,0000.04609,0000.04732,0000.04533,154569676.0,0000.04544,15432117505.0
2021-09-27T15:00:02.738Z,-USD,0000.04614,0000.04732,000000.045,153377215.0,0000.04503,15439845389.0
2021-09-27T16:00:02.049Z,-USD,0000.04633,0000.04732,0000.04422,156520270.0,0000.04507,15449849363.0
2021-09-27T17:00:02.063Z,-USD,0000.04601,0000.04732,0000.04384,165642202.0,0000.04405,15465405572.0
2021-09-27T18:00:02.964Z,-USD,0000.04601,0000.04732,0000.04384,176635588.0,0000.04445,15484319135.0
2021-09-27T19:00:02.296Z,-USD,0000.04605,0000.04732,0000.04384,181524379.0,0000.04496,15495859054.0
2021-09-27T20:00:02.256Z,-USD,0000.04577,0000.04732,0000.04384,184358754.0,0000.04512,15502921191.0
2021-09-27T21:00:02.424Z,-USD,0000.04649,0000.04732,0000.04384,192883143.0,0000.04486,15516703118.0
2021-09-27T22:00:02.669Z,-USD,0000.04656,0000.04732,0000.04384,193953508.0,0000.04468,15521103936.0
2021-09-27T23:00:01.766Z,-USD,0000.04633,0000.04677,0000.04384,193237737.0,0000.04475,15526924787.0
2021-09-28T00:00:02.209Z,-USD,0000.04624,0000.04677,0000.04384,193179401.0,0000.04426,15533249703.0
2021-09-28T01:00:02.458Z,-USD,0000.04631,0000.04677,0000.04383,197645630.0,0000.04407,15242215041.0
2021-09-28T02:00:01.85Z,-USD,0000.04659,0000.04677,0000.04383,201787044.0,0000.04409,15254808338.0
2021-09-28T03:00:01.975Z,-USD,0000.04646,0000.04649,0000.04354,202650417.0,000000.044,15264647540.0
2021-09-28T04:00:02.216Z,-USD,0000.04583,0000.04649,0000.04354,214390275.0,0000.04412,15286258193.0
2021-09-28T05:00:01.939Z,-USD,0000.04571,0000.04649,0000.04354,209061654.0,0000.04466,15294948873.0
2021-09-28T06:00:02.042Z,-USD,0000.04584,0000.04649,0000.04354,204065150.0,0000.04455,15302050337.0
2021-09-28T07:00:02.341Z,-USD,0000.04566,0000.04649,0000.04354,204848370.0,0000.04412,15305410242.0
2021-09-28T08:00:02.528Z,-USD,0000.04614,0000.04649,0000.04354,209190952.0,0000.04382,15311833978.0
2021-09-28T09:00:02.378Z,-USD,00000.0459,0000.04649,0000.04354,215336853.0,0000.04414,15319662412.0
2021-09-28T10:00:02.386Z,-USD,0000.04566,0000.04644,0000.04354,214511106.0,0000.04431,15323415149.0
2021-09-28T11:00:02.074Z,-USD,0000.04587,0000.04627,0000.04354,222913851.0,0000.04395,15335330979.0
2021-09-28T12:00:02.338Z,-USD,0000.04598,0000.04621,0000.04354,233881217.0,0000.04433,15351613429.0
2021-09-28T13:00:02.449Z,-USD,00000.0458,0000.04594,0000.04354,240498034.0,0000.04381,15364407195.0
2021-09-28T14:00:02.665Z,-USD,0000.04544,0000.04582,00000.0435,252885642.0,00000.0439,15383545413.0
2021-09-28T15:00:01.936Z,-USD,0000.04503,0000.04545,0000.04326,258335075.0,0000.04382,15396730813.0
2021-09-28T16:00:02.569Z,-USD,0000.04512,0000.04545,0000.04326,261537764.0,0000.04422,15409936126.0
2021-09-28T17:00:02.866Z,-USD,0000.04446,0000.04545,00000.0426,266083373.0,0000.04274,15430886154.0
2021-09-28T18:00:02.31Z,-USD,0000.04455,00000.0453,0000.04213,276788071.0,0000.04284,15459686858.0
2021-09-28T19:00:02.452Z,-USD,0000.04496,00000.0453,0000.04213,276090616.0,0000.04268,15470526247.0
2021-09-28T20:00:02.524Z,-USD,0000.04508,0000.04514,0000.04213,275944049.0,000000.043,15477419116.0
2021-09-28T22:00:01.703Z,-USD,0000.04468,0000.04513,0000.04213,267327736.0,0000.04381,15486976404.0
2021-09-28T23:00:02.446Z,-USD,0000.04477,0000.04513,0000.04213,266347771.0,0000.04366,15491829039.0
2021-09-29T00:00:02.799Z,-USD,0000.04426,0000.04513,0000.04213,264686954.0,0000.04289,15496533707.0
2021-09-29T01:00:02.151Z,-USD,0000.04414,0000.04513,0000.04213,261787622.0,0000.04299,13284860498.0
2021-09-29T02:00:01.875Z,-USD,0000.04406,0000.04513,0000.04213,252519788.0,0000.04322,13288155759.0
2021-09-29T03:00:02.624Z,-USD,000000.044,0000.04513,0000.04213,248378497.0,0000.04353,13293851352.0
2021-09-29T04:00:02.225Z,-USD,0000.04417,0000.04479,0000.04213,230837122.0,0000.04388,13297976887.0
2021-09-29T05:00:01.856Z,-USD,0000.04453,0000.04479,0000.04213,232835179.0,0000.04382,13308708626.0
2021-09-29T06:00:02.48Z,-USD,0000.04453,0000.04478,0000.04213,230747458.0,0000.04352,13313621543.0
2021-09-29T07:00:02.046Z,-USD,0000.04412,0000.04464,0000.04213,230668178.0,00000.0441,13316900503.0
2021-09-29T08:00:02.639Z,-USD,00000.0438,0000.04464,0000.04213,226382573.0,0000.04362,13319038360.0
2021-09-29T09:00:02.32Z,-USD,0000.04418,0000.04454,0000.04213,220727163.0,0000.04407,13321241874.0
2021-09-29T10:00:02.706Z,-USD,0000.04431,0000.04454,0000.04213,220405151.0,000000.044,13324644042.0
2021-09-29T11:00:03.436Z,-USD,0000.04413,0000.04454,0000.04213,210674535.0,0000.04448,13326951678.0
2021-09-29T12:00:02.427Z,-USD,0000.04404,00000.0449,0000.04213,198201474.0,0000.04486,13330989006.0
2021-09-29T13:00:02.041Z,-USD,00000.0438,0000.04526,0000.04213,193538066.0,0000.04459,13338903097.0
2021-09-29T14:00:02.192Z,-USD,0000.04387,0000.04526,0000.04213,180021204.0,00000.0443,13344392982.0
2021-09-29T15:00:02.089Z,-USD,0000.04382,0000.04526,0000.04213,171259277.0,0000.04455,13348813747.0
2021-09-29T16:00:01.756Z,-USD,0000.04374,0000.04526,0000.04213,163669085.0,0000.04402,13355265949.0
2021-09-29T17:00:02.569Z,-USD,0000.04269,0000.04526,0000.04213,147998053.0,0000.04381,13359963614.0
2021-09-29T18:00:02.127Z,-USD,0000.04292,0000.04526,00000.0425,124512313.0,0000.04321,13365028578.0
2021-09-29T19:00:01.734Z,-USD,0000.04255,0000.04526,00000.0425,122706938.0,0000.04333,13374350667.0
2021-09-29T20:00:02.534Z,-USD,0000.04305,0000.04526,0000.04261,119404420.0,0000.04304,13377706812.0
2021-09-29T21:00:02.245Z,-USD,0000.04337,0000.04526,0000.04242,117046716.0,0000.04264,13382232014.0
2021-09-29T22:00:02.118Z,-USD,00000.0438,0000.04526,0000.04242,118636831.0,0000.04291,13386442952.0
2021-09-29T23:00:02.473Z,-USD,0000.04359,0000.04526,0000.04242,120567377.0,0000.04297,13393272999.0
2021-09-30T20:00:24.953Z,-USD,0000.04313,0000.04988,0000.04242,309085211.0,0000.04674,12558934510.0
2021-09-30T21:00:01.877Z,-USD,0000.04264,0000.04988,0000.04255,316614774.0,0000.04664,12570773798.0
2021-09-30T22:00:01.971Z,-USD,0000.04321,0000.04988,0000.04282,326371298.0,0000.04847,12586027369.0
2021-09-30T23:00:01.898Z,-USD,0000.04296,0000.04988,0000.04293,368139778.0,0000.04787,12633313132.0
2021-10-01T00:00:02.236Z,-USD,00000.0434,0000.04988,00000.0434,389682443.0,0000.04894,12658127534.0
2021-10-01T01:00:02.43Z,-USD,0000.04367,0000.04988,00000.0435,405928037.0,0000.04873,11157174660.0
2021-10-01T02:00:01.807Z,-USD,0000.04406,0000.04988,00000.0435,418551301.0,0000.04895,11176326499.0
2021-10-01T03:00:02.143Z,-USD,0000.04394,0000.04988,00000.0435,425229400.0,0000.04933,11186837970.0
2021-10-01T04:00:01.981Z,-USD,0000.04406,0000.04988,0000.04361,428689918.0,0000.04812,11196068499.0
2021-10-01T05:00:01.806Z,-USD,00000.0446,0000.04988,0000.04376,433219851.0,0000.04765,11205973819.0
2021-10-01T06:00:01.719Z,-USD,00000.0448,0000.04988,0000.04376,431479718.0,0000.04883,11215373442.0
2021-10-01T07:00:02.628Z,-USD,0000.04479,0000.04988,0000.04376,432211793.0,0000.04876,11220121887.0
2021-10-01T08:00:02.645Z,-USD,0000.04421,0000.04988,0000.04376,438547880.0,0000.04914,11229743777.0
2021-10-01T09:00:02.609Z,-USD,00000.0442,0000.04988,00000.0438,441377440.0,0000.04933,11236243922.0
2021-10-01T10:00:02.404Z,-USD,0000.04416,0000000.05,0000.04389,450074368.0,0000.04998,11248292170.0
2021-10-01T11:00:02.164Z,-USD,00000.0439,0000.05172,00000.0439,468994888.0,00000.0514,11270303849.0
2021-10-01T12:00:02.314Z,-USD,0000.04422,0000.05278,0000.04413,497231919.0,0000.05212,11300669674.0
2021-10-01T13:00:02.328Z,-USD,00000.0449,0000.05278,0000.04463,516532760.0,0000.05082,11328288119.0
2021-10-01T14:00:02.419Z,-USD,0000.04499,0000.05278,0000.04463,526851258.0,0000.05084,11348541916.0
2021-10-01T15:00:02.422Z,-USD,0000.04464,0000.05278,0000.04463,534012465.0,0000.05051,11364414748.0
2021-10-01T16:00:02.633Z,-USD,0000.04621,0000.05278,0000.04583,538544229.0,0000.05099,11387677894.0
2021-10-01T17:00:01.817Z,-USD,0000.04775,0000.05278,000000.046,487404108.0,0000.05066,11405292951.0
2021-10-01T18:00:02.137Z,-USD,0000.04837,0000.05278,000000.046,440942306.0,0000.05099,11419293905.0
2021-10-01T19:00:02.528Z,-USD,0000.04825,0000.05278,000000.046,423227404.0,0000.05089,11430390961.0
2021-10-01T20:00:02.642Z,-USD,0000.04678,0000.05278,0000.04617,401859077.0,0000.05053,11439405352.0
2021-10-01T21:00:01.797Z,-USD,0000.04664,0000.05278,0000.04617,405176638.0,0000.05063,11454445556.0
2021-10-01T22:00:01.864Z,-USD,0000.04803,0000.05278,0000.04683,400651816.0,0000.05064,11467174226.0
2021-10-01T23:00:01.744Z,-USD,0000.04789,0000.05278,0000.04683,371264705.0,0000.05033,11483244999.0
2021-10-02T00:00:02.671Z,-USD,0000.04862,0000.05278,00000.0472,350619411.0,0000.05032,11488112172.0
2021-10-02T01:00:02.583Z,-USD,0000.04875,0000.05278,00000.0472,340279784.0,0000.04961,10543313467.0
2021-10-02T02:00:01.75Z,-USD,0000.04897,0000.05278,00000.0472,330546191.0,0000.04979,10552517561.0
2021-10-02T03:00:01.917Z,-USD,0000.04923,0000.05278,00000.0472,327347841.0,0000.04983,10560273559.0
2021-10-02T04:00:02.267Z,-USD,0000.04804,0000.05278,00000.0472,325259961.0,0000.04947,10566963516.0
2021-10-02T05:00:01.935Z,-USD,0000.04763,0000.05278,0000.04748,322506151.0,0000.04913,10574135607.0
2021-10-02T06:00:02.018Z,-USD,0000.04887,0000.05278,0000.04845,318611053.0,0000.04919,10579679366.0
2021-10-02T07:00:02.099Z,-USD,0000.04903,0000.05278,0000.04871,318446590.0,00000.0491,10584949110.0
2021-10-02T08:00:01.754Z,-USD,0000.04919,0000.05278,0000.04896,314190855.0,0000.04961,10589709242.0
2021-10-02T09:00:02.683Z,-USD,0000.04931,0000.05278,000000.049,313635187.0,0000.04956,10595454937.0
2021-10-02T10:00:02.272Z,-USD,0000000.05,0000.05278,000000.049,304081037.0,00000.0497,10597970783.0
2021-10-02T11:00:02.409Z,-USD,00000.0514,0000.05278,000000.049,283813021.0,0000.04986,10600108812.0
2021-10-02T12:00:02.429Z,-USD,0000.05163,0000.05197,000000.049,257465415.0,0000.04981,10604537756.0
2021-10-02T13:00:02.295Z,-USD,0000.05088,0000.05177,000000.049,235574069.0,0000.05005,10609537702.0
2021-10-02T14:00:02.394Z,-USD,0000.05065,0000.05177,000000.049,227336852.0,0000.05024,10622103134.0
2021-10-02T15:00:02.37Z,-USD,0000.05086,0000.05177,000000.049,221575816.0,0000.05043,10632382223.0
2021-10-02T16:00:02.284Z,-USD,0000.05103,00000.0514,000000.049,216495039.0,0000.05063,10649969276.0
2021-10-02T17:00:01.853Z,-USD,0000.05055,0000.05121,000000.049,213607887.0,0000.05065,10664609934.0
2021-10-02T18:00:01.996Z,-USD,0000.05102,0000.05121,000000.049,207206563.0,0000.05032,10672289979.0
2021-10-02T19:00:03.21Z,-USD,0000.05096,0000.05121,000000.049,210430689.0,0000.05058,10686499813.0
2021-10-02T20:00:02.449Z,-USD,0000.05045,0000.05121,000000.049,214945546.0,0000.05025,10700108096.0
2021-10-02T21:00:02.484Z,-USD,0000.05068,0000.05121,000000.049,215274229.0,0000.05001,10715346603.0
2021-10-02T22:00:02.619Z,-USD,00000.0506,0000.05121,000000.049,209389329.0,0000.05037,10722249512.0
2021-10-02T23:00:02.232Z,-USD,0000.05036,0000.05118,000000.049,200576734.0,00000.0502,10729411113.0
2021-10-03T00:00:02.159Z,-USD,00000.0503,0000.05118,000000.049,206334608.0,0000.04972,10740021465.0
2021-10-03T01:00:02.643Z,-USD,0000.04975,0000.05118,000000.049,203868942.0,00000.0495,10188113394.0
2021-10-03T02:00:02.455Z,-USD,0000.04981,0000.05118,0000.04876,205958674.0,0000.04911,10199020939.0
2021-10-03T03:00:02.212Z,-USD,0000.04985,0000.05118,0000.04876,211115084.0,0000.04976,10211936226.0
2021-10-03T04:00:02.056Z,-USD,0000.04947,0000.05118,0000.04876,208646208.0,0000.04993,10216172685.0
2021-10-03T05:00:02.271Z,-USD,0000.04909,0000.05118,0000.04876,206485733.0,0000.04958,10221344308.0
2021-10-03T06:00:01.704Z,-USD,0000.04922,0000.05118,0000.04876,204031685.0,0000.04985,10224329092.0
2021-10-03T07:00:02.137Z,-USD,0000.04916,0000.05118,0000.04876,203301799.0,0000.04939,10228795784.0
2021-10-03T08:00:01.747Z,-USD,0000.04956,0000.05118,0000.04876,203695563.0,00000.0492,10233947469.0
2021-10-03T09:00:02.23Z,-USD,0000.04955,0000.05118,0000.04876,201404447.0,0000.04935,10237395041.0
2021-10-03T10:00:01.83Z,-USD,00000.0497,0000.05118,0000.04876,202240115.0,0000.04917,10240786178.0
2021-10-03T11:00:02.311Z,-USD,0000.04986,0000.05118,0000.04876,203430763.0,0000.04912,10244105792.0
2021-10-03T12:00:02.605Z,-USD,0000.04988,0000.05118,0000.04876,205958650.0,0000.04927,10251045706.0
2021-10-03T13:00:02.294Z,-USD,0000.05008,0000.05118,0000.04876,207305527.0,0000.04916,10257470755.0
2021-10-03T14:00:02.107Z,-USD,0000.05007,0000.05118,0000.04876,203343012.0,0000.04898,10266679334.0
2021-10-03T15:00:01.771Z,-USD,0000.05052,0000.05118,0000.04876,202845317.0,0000.04943,10275833812.0
2021-10-03T16:00:02.635Z,-USD,0000.05059,0000.05098,0000.04876,192680879.0,0000.04918,10283237430.0
2021-10-03T17:00:02.595Z,-USD,00000.0508,00000.0509,0000.04875,186964673.0,00000.0489,10292272363.0
2021-10-03T18:00:02.164Z,-USD,0000.05043,0000.05073,0000.04816,200566320.0,0000.04919,10313845684.0
2021-10-03T19:00:02.339Z,-USD,0000.05058,00000.0507,0000.04816,198130017.0,0000.04938,10325261694.0
2021-10-03T20:00:02.394Z,-USD,00000.0503,0000.05069,0000.04816,195963790.0,0000.04899,10336650798.0
2021-10-03T21:00:02.153Z,-USD,0000.05008,0000.05069,0000.04816,185618508.0,0000.04893,10341663613.0
2021-10-03T22:00:02.068Z,-USD,0000.05036,0000.05069,0000.04816,184900607.0,0000.04869,10347715987.0
2021-10-03T23:00:01.757Z,-USD,0000.05018,0000.05069,0000.04816,182978408.0,0000.04878,10352996258.0
2021-10-04T00:00:01.766Z,-USD,00000.0497,00000.0505,0000.04816,182432471.0,0000.04934,10363138268.0
2021-10-04T01:00:01.911Z,-USD,0000.04928,00000.0505,0000.04816,185910780.0,0000.04953,9893284795.0
2021-10-04T02:00:02.161Z,-USD,0000.04908,00000.0505,0000.04816,198329308.0,0000.04959,9915271765.0
2021-10-04T03:00:02.437Z,-USD,00000.0498,00000.0504,0000.04816,203718561.0,0000.04979,9933409007.0
2021-10-04T04:00:02.577Z,-USD,0000.04986,00000.0506,0000.04816,216146157.0,0000.05033,9950095373.0
2021-10-04T05:00:02.206Z,-USD,00000.0496,00000.0533,0000.04816,276703377.0,0000.05138,10015802887.0
2021-10-04T06:00:02.478Z,-USD,0000.04984,00000.0533,0000.04816,290036539.0,0000.05174,10032141987.0
2021-10-04T07:00:02.295Z,-USD,0000.04941,00000.0533,0000.04816,296141603.0,0000.05136,10042726706.0
2021-10-04T08:00:02.455Z,-USD,0000.04921,00000.0533,0000.04816,299855637.0,0000.05091,10051561787.0
2021-10-04T09:00:02.365Z,-USD,0000.04931,00000.0533,0000.04816,303593136.0,0000.05057,10058755987.0
2021-10-04T10:00:02.176Z,-USD,0000.04921,00000.0533,0000.04816,307617625.0,0000.05064,10066154848.0
2021-10-04T11:00:02.405Z,-USD,0000.04915,00000.0533,0000.04816,314606394.0,0000.05032,10076471698.0
2021-10-04T12:00:02.181Z,-USD,00000.0494,00000.0533,0000.04816,314599314.0,0000.05128,10083753486.0
2021-10-04T13:00:03.229Z,-USD,0000.04917,00000.0533,0000.04816,325723871.0,0000.05228,10100987711.0
2021-10-04T14:00:02.249Z,-USD,0000.04895,00000.0533,0000.04816,340440362.0,0000.05125,10125531792.0
2021-10-04T15:00:02.514Z,-USD,0000.04926,00000.0533,0000.04816,350677322.0,0000.05045,10144889475.0
2021-10-04T16:00:01.811Z,-USD,0000.04916,00000.0533,0000.04816,365900268.0,0000.05016,10166916955.0
2021-10-04T17:00:01.975Z,-USD,0000.04884,00000.0533,0000.04816,379740848.0,00000.0508,10190113461.0
2021-10-04T18:00:02.628Z,-USD,0000.04922,00000.0533,0000.04856,371060563.0,0000.05098,10203334116.0
2021-10-04T19:00:02.19Z,-USD,0000.04936,00000.0533,0000.04856,370465335.0,0000.05069,10213566925.0
2021-10-04T20:00:02.612Z,-USD,0000.04894,00000.0533,0000.04856,376010764.0,0000.05113,10230548833.0
2021-10-04T21:00:02.314Z,-USD,0000.04891,00000.0533,0000.04856,395301387.0,0000.05039,10254791795.0
2021-10-04T22:00:02.616Z,-USD,0000.04878,00000.0533,0000.04869,402621724.0,0000.05114,10268394775.0
2021-10-04T23:00:01.945Z,-USD,00000.0487,00000.0533,0000.04869,427171277.0,0000.05155,10297991473.0
2021-10-05T00:00:01.829Z,-USD,0000.04941,0000.05353,00000.0492,454225758.0,00000.0531,10335392791.0
2021-10-05T01:00:01.97Z,-USD,0000.04947,0000000.06,0000.04931,635247903.0,0000.05674,9981135766.0
2021-10-05T02:00:02.235Z,-USD,00000.0497,0000000.06,0000.04946,711499026.0,0000.05528,10079099534.0
2021-10-05T03:00:02.364Z,-USD,0000.04977,0000000.06,0000.04947,771447414.0,0000.05365,10157315082.0
2021-10-05T04:00:02.384Z,-USD,0000.05033,0000000.06,0000.04949,788691140.0,0000.05298,10191082308.0
2021-10-05T05:00:01.837Z,-USD,0000.05147,0000000.06,0000.04949,747864960.0,0000.05231,10216089359.0
2021-10-05T06:00:01.692Z,-USD,0000.05177,0000000.06,0000.04949,748321799.0,0000.05183,10232913947.0
2021-10-05T07:00:02.624Z,-USD,0000.05128,0000000.06,0000.04949,747371171.0,0000.05207,10242447728.0
2021-10-05T08:00:02.359Z,-USD,0000.05089,0000000.06,0000.04949,751359225.0,0000.05312,10255693146.0
2021-10-05T09:00:02.454Z,-USD,0000.05061,0000000.06,0000.04949,749442258.0,00000.0536,10260462114.0
2021-10-05T10:00:02.347Z,-USD,0000.05066,0000000.06,0000.04949,753691799.0,0000.05309,10272037079.0
2021-10-05T11:00:02.138Z,-USD,00000.0503,0000000.06,0000.04949,767481370.0,0000.05582,10296161704.0
2021-10-05T12:00:02.334Z,-USD,0000.05117,0000000.06,0000.04949,811804655.0,0000.05493,10347844042.0
2021-10-05T13:00:02.277Z,-USD,0000.05216,0000000.06,0000.04949,837612722.0,0000.05306,10391016242.0
2021-10-05T14:00:02.345Z,-USD,0000.05141,0000000.06,0000.04949,842811593.0,0000.05363,10420540532.0
2021-10-05T15:00:02.507Z,-USD,0000.05048,0000000.06,0000.04949,865058961.0,0000.05205,10462309550.0
2021-10-05T16:00:02.682Z,-USD,0000.05029,0000000.06,0000.05001,871720241.0,00000.0518,10491271261.0
2021-10-05T17:00:02.625Z,-USD,0000.05081,0000000.06,0000.05001,862999001.0,0000.05196,10505442519.0
2021-10-05T18:00:02.044Z,-USD,0000.05082,0000000.06,0000.05015,869762650.0,0000.05202,10525507071.0
2021-10-05T19:00:02.356Z,-USD,0000.05063,0000000.06,0000.05015,875342552.0,0000.05185,10541180904.0
2021-10-05T20:00:02.651Z,-USD,0000.05129,0000000.06,0000.05015,872067291.0,0000.05276,10555328990.0
2021-10-05T21:00:01.92Z,-USD,0000.05044,0000000.06,0000.05015,861895001.0,0000.05242,10568908280.0
2021-10-05T22:00:02.228Z,-USD,0000.05114,0000000.06,00000.0508,859612542.0,0000.05238,10580481409.0
2021-10-05T23:00:02.554Z,-USD,0000.05154,0000000.06,00000.0508,840472978.0,0000.05173,10590712253.0
2021-10-06T00:00:02.48Z,-USD,0000.05328,0000000.06,00000.0508,812335598.0,0000.05278,10601593745.0
2021-10-06T01:00:03.848Z,-USD,0000.05674,0000.05846,00000.0508,632908640.0,0000.05302,10017354469.0
2021-10-06T02:00:02.558Z,-USD,0000.05527,00000.0575,00000.0508,550208546.0,0000.05203,10031944588.0
2021-10-06T03:00:02.558Z,-USD,0000.05384,00000.0575,00000.0508,481949965.0,0000.05258,10042391176.0
2021-10-06T04:00:02.525Z,-USD,0000.05294,00000.0575,00000.0508,455910729.0,000000.052,10049160101.0
2021-10-06T05:00:02.242Z,-USD,0000.05231,00000.0575,0000.05035,471594552.0,00000.0509,10089803569.0
2021-10-06T06:00:02.1Z,-USD,0000.05181,00000.0575,0000000.05,474789021.0,0000.05055,10109719941.0
2021-10-06T07:00:01.857Z,-USD,0000.05213,00000.0575,0000000.05,474824850.0,0000.05025,10119554111.0
2021-10-06T08:00:01.881Z,-USD,0000.05315,00000.0575,0000000.05,477333707.0,00000.0501,10135048957.0
2021-10-06T09:00:01.785Z,-USD,00000.0537,00000.0575,0000000.05,482877460.0,0000000.05,10145462993.0
2021-10-06T10:00:01.918Z,-USD,0000.05314,00000.0575,0000.04951,483561820.0,0000.05032,10157615479.0
2021-10-06T11:00:02.583Z,-USD,0000.05633,00000.0575,0000.04951,465494653.0,0000.05017,10165080787.0
2021-10-06T12:00:02.527Z,-USD,0000.05466,0000.05553,00000.0495,432929534.0,0000.04986,10183589523.0
2021-10-06T13:00:02.795Z,-USD,0000.05272,0000.05396,00000.0495,402907796.0,0000.05081,10197031333.0
2021-10-06T14:00:02.037Z,-USD,00000.0536,0000.05396,00000.0495,399940220.0,0000.05084,10222896931.0
2021-10-06T15:00:01.789Z,-USD,0000.05211,0000.05332,00000.0495,381073552.0,0000.05053,10245715425.0
2021-10-06T16:00:02.198Z,-USD,00000.0518,0000.05332,00000.0495,373703992.0,0000.05195,10267103272.0
2021-10-06T17:00:02.432Z,-USD,0000.05199,0000.05332,00000.0495,384519875.0,0000.05147,10292001813.0
2021-10-06T18:00:02.61Z,-USD,0000.05212,0000.05332,00000.0495,376345990.0,0000.05116,10304323903.0
2021-10-06T19:00:02.044Z,-USD,0000.05185,0000.05332,00000.0495,371635818.0,0000.05059,10314922500.0
2021-10-06T20:00:02.302Z,-USD,0000.05275,0000.05324,00000.0495,375241930.0,0000.05047,10332667648.0
2021-10-06T21:00:02.267Z,-USD,0000.05238,0000.05324,00000.0495,396114795.0,0000.04963,10367224472.0
2021-10-06T22:00:02.387Z,-USD,0000.05246,0000.05324,00000.0495,407389895.0,0000.04974,10389978469.0
2021-10-06T23:00:02.252Z,-USD,0000.05187,0000.05324,00000.0485,447059344.0,0000.04867,10439892927.0
2021-10-07T00:00:02.344Z,-USD,00000.0528,0000.05307,0000.04833,464951469.0,000000.049,10468564321.0
2021-10-07T01:00:02.619Z,-USD,000000.053,0000.05307,000000.048,479697649.0,0000.04805,9835277000.0
2021-10-07T02:00:01.765Z,-USD,0000.05203,0000.05265,0000.04646,521880265.0,0000.04747,9892010531.0
2021-10-07T03:00:01.924Z,-USD,0000.05246,0000.05251,0000.04646,558313610.0,0000.04908,9938966132.0
2021-10-07T04:00:01.977Z,-USD,0000.05183,0000.05244,0000.04646,573514543.0,0000.04921,9961435642.0
2021-10-07T05:00:01.982Z,-USD,0000.05085,0000.05244,0000.04646,553082963.0,0000.04887,9981139198.0
2021-10-07T06:00:02.06Z,-USD,0000.05057,0000.05244,0000.04646,544931833.0,0000.04845,9993071453.0
2021-10-07T07:00:02.06Z,-USD,00000.0504,0000.05244,0000.04646,542716165.0,0000.04908,10001817186.0
2021-10-07T08:00:01.954Z,-USD,0000.05007,0000.05244,0000.04646,535411767.0,0000.04938,10008639150.0
2021-10-07T09:00:02.462Z,-USD,0000000.05,0000.05244,0000.04646,536377711.0,00000.0496,10020045706.0
2021-10-07T10:00:01.882Z,-USD,0000.05029,0000.05244,0000.04646,531829731.0,0000.04933,10027581484.0
2021-10-07T11:00:02.552Z,-USD,0000.05018,0000.05244,0000.04646,538860176.0,0000.04862,10042147680.0
2021-10-07T12:00:02.381Z,-USD,0000.04977,0000.05244,0000.04646,534350945.0,0000.04883,10056165870.0
2021-10-07T13:00:02.003Z,-USD,0000.05071,0000.05244,0000.04646,544992293.0,0000.04884,10080606500.0
2021-10-07T14:00:02.354Z,-USD,0000.05084,0000.05244,0000.04646,535164792.0,0000.04934,10096441384.0
2021-10-07T15:00:02.174Z,-USD,0000.05061,0000.05244,0000.04646,538062777.0,0000.04789,10122032786.0
2021-10-07T16:00:02.337Z,-USD,0000.05179,0000.05244,0000.04646,535123673.0,0000.04756,10141535603.0
2021-10-07T17:00:02.827Z,-USD,0000.05133,0000.05198,0000.04646,545520723.0,0000.04867,10176232169.0
2021-10-07T18:00:02.286Z,-USD,0000.05112,0000.05198,0000.04646,566553846.0,0000.04807,10209076870.0
2021-10-07T19:00:02.466Z,-USD,0000.05058,0000.05198,0000.04646,570831663.0,00000.0478,10224241329.0
2021-10-07T20:00:02.612Z,-USD,0000.05056,0000.05198,0000.04646,566864298.0,0000.04763,10237919037.0
2021-10-07T21:00:02.671Z,-USD,00000.0497,0000.05198,0000.04646,545862374.0,0000.04818,10251646137.0
2021-10-07T22:00:02.414Z,-USD,0000.04979,0000.05198,0000.04646,533332890.0,0000.04784,10261562722.0
2021-10-07T23:00:01.81Z,-USD,0000.04889,0000.05198,0000.04646,497636411.0,0000.04767,10276371620.0
2021-10-08T00:00:02.056Z,-USD,0000.04887,0000.05198,0000.04646,478418140.0,0000.04777,10285410974.0
2021-10-08T01:00:02.337Z,-USD,0000.04807,0000.05198,0000.04646,461675170.0,0000.04756,9686712695.0
2021-10-08T02:00:02.461Z,-USD,0000.04759,0000.05198,00000.0465,418154846.0,0000.04799,9697770001.0
2021-10-08T03:00:02.42Z,-USD,0000.04915,0000.05015,00000.0465,380974345.0,0000.04707,9707426281.0
2021-10-08T04:00:02.64Z,-USD,000000.049,0000.05015,00000.0465,371205523.0,00000.0468,9720544986.0
2021-10-08T05:00:02.097Z,-USD,0000.04888,0000.05015,00000.0465,362336577.0,00000.0469,9730973146.0
2021-10-08T06:00:02.779Z,-USD,0000.04846,0000.05015,00000.0465,356987298.0,0000.04718,9737694415.0
2021-10-08T07:00:01.68Z,-USD,0000.04911,0000.05015,00000.0465,356579350.0,0000.04692,9745891307.0
2021-10-08T08:00:02.649Z,-USD,0000.04937,0000.05015,00000.0465,359827202.0,0000.04823,9755892377.0
2021-10-08T09:00:01.806Z,-USD,0000.04947,0000000.05,00000.0465,354273841.0,0000.04821,9762000646.0
2021-10-08T10:00:02.664Z,-USD,0000.04931,0000000.05,00000.0465,352782752.0,0000.04781,9768007507.0
2021-10-08T11:00:02.738Z,-USD,0000.04858,0000000.05,00000.0465,343920286.0,0000.04814,9774194754.0
2021-10-08T12:00:01.729Z,-USD,0000.04887,0000000.05,00000.0465,338908105.0,00000.0481,9782601407.0
2021-10-08T13:00:01.748Z,-USD,0000.04876,0000000.05,00000.0465,331270700.0,0000.04728,9799469776.0
2021-10-08T14:00:01.788Z,-USD,0000.04925,0000000.05,0000.04507,345440598.0,0000.04694,9829550891.0
2021-10-08T15:00:01.932Z,-USD,0000.04794,0000000.05,0000.04507,329944252.0,0000.04804,9839992628.0
2021-10-08T16:00:01.733Z,-USD,0000.04778,0000000.05,0000.04507,319382257.0,0000.04784,9848615762.0
2021-10-08T17:00:02.074Z,-USD,0000.04863,0000.04896,0000.04507,297304301.0,0000.04696,9861011142.0
2021-10-08T18:00:02.349Z,-USD,0000.04811,0000.04856,0000.04507,275441849.0,0000.04711,9872180276.0
2021-10-08T19:00:02.991Z,-USD,0000.04752,0000.04856,0000.04507,278104711.0,0000.04677,9891122308.0
2021-10-08T20:00:02.668Z,-USD,00000.0477,0000.04856,0000.04507,279674521.0,0000.04748,9905310760.0
2021-10-08T21:00:01.935Z,-USD,0000.04817,0000.04856,0000.04507,278351339.0,0000.04695,9917476247.0
2021-10-08T22:00:02.123Z,-USD,0000.04791,0000.04844,0000.04507,282701215.0,0000.04662,9931859907.0
2021-10-08T23:00:02.58Z,-USD,0000.04768,0000.04844,0000.04507,280476476.0,0000.04685,9944304852.0
2021-10-09T00:00:01.744Z,-USD,0000.04771,0000.04844,0000.04507,285328173.0,0000.04744,9958188901.0
2021-10-09T01:00:01.779Z,-USD,0000.04755,0000.04844,0000.04507,287296639.0,0000.04719,9433380266.0
2021-10-09T02:00:01.757Z,-USD,0000.04797,0000.04844,0000.04507,288273303.0,0000.04693,9445563512.0
2021-10-09T03:00:01.973Z,-USD,0000.04707,0000.04844,0000.04507,289010464.0,0000.04661,9455821111.0
2021-10-09T04:00:02.461Z,-USD,0000.04671,0000.04844,0000.04507,285937585.0,0000.04693,9466171278.0
2021-10-09T05:00:02.076Z,-USD,0000.04686,0000.04844,0000.04507,285239225.0,0000.04701,9475572403.0
2021-10-09T06:00:02.058Z,-USD,0000.04718,0000.04844,0000.04507,284681886.0,0000.04699,9481726315.0
2021-10-09T07:00:01.978Z,-USD,0000.04691,0000.04844,0000.04507,286248464.0,0000.04719,9491472621.0
2021-10-09T08:00:01.965Z,-USD,0000.04817,0000.04844,0000.04507,282810783.0,0000.04707,9498226744.0
2021-10-09T09:00:01.831Z,-USD,0000.04821,0000.04844,0000.04507,281954295.0,00000.0471,9503394682.0
2021-10-09T10:00:01.974Z,-USD,0000.04779,0000.04836,0000.04507,280709917.0,0000.04704,9508131098.0
2021-10-09T11:00:02.63Z,-USD,0000.04828,0000.04836,0000.04507,276968565.0,0000.04729,9511297983.0
2021-10-09T12:00:02.557Z,-USD,0000.04809,0000.04821,0000.04507,274325579.0,0000.04728,9516255978.0
2021-10-09T13:00:02.488Z,-USD,0000.04743,00000.0483,0000.04507,273179628.0,0000.04778,9532309234.0
2021-10-09T14:00:02.565Z,-USD,0000.04704,0000.04923,0000.04617,268778629.0,0000.04885,9557804741.0
2021-10-09T15:00:02.382Z,-USD,0000.04808,0000.04927,0000.04617,276349243.0,0000.04824,9575744850.0
2021-10-09T16:00:01.741Z,-USD,0000.04775,0000.04927,0000.04617,283298410.0,0000.04822,9591418146.0
2021-10-09T17:00:02.433Z,-USD,0000.04695,0000.04927,0000.04617,301586603.0,0000.04916,9621993183.0
2021-10-09T18:00:01.824Z,-USD,0000.04686,0000.05105,0000.04617,327497561.0,0000.05076,9659298542.0
2021-10-09T19:00:02.075Z,-USD,0000.04692,00000.0518,0000.04636,356371817.0,0000.05118,9706979728.0
2021-10-09T20:00:01.879Z,-USD,00000.0476,000000.052,0000.04636,387506638.0,0000.05195,9752303172.0
2021-10-09T21:00:02.673Z,-USD,00000.0471,0000.05234,0000.04636,424078403.0,0000.05064,9801046492.0
2021-10-09T22:00:02.583Z,-USD,0000.04665,0000.05234,0000.04643,425605552.0,0000.04956,9816999876.0
2021-10-09T23:00:02.295Z,-USD,0000.04691,0000.05234,0000.04651,432382056.0,0000.04949,9836071745.0
2021-10-10T00:00:02.547Z,-USD,0000.04741,0000.05234,0000.04654,427897939.0,0000.04913,9845548213.0
2021-10-10T01:00:02.553Z,-USD,0000.04725,0000.05234,0000.04654,429255282.0,0000.04847,9423718289.0
2021-10-10T02:00:02.552Z,-USD,0000.04694,0000.05234,0000.04654,430138367.0,0000.04864,9436870900.0
2021-10-10T03:00:01.861Z,-USD,0000.04662,0000.05234,0000.04661,434328892.0,00000.0493,9451235531.0
2021-10-10T04:00:01.882Z,-USD,0000.04695,0000.05234,0000.04675,439398452.0,0000.04904,9467001871.0
2021-10-10T05:00:02.18Z,-USD,000000.047,0000.05234,0000.04675,442219889.0,0000.04944,9478992432.0
2021-10-10T06:00:02.301Z,-USD,0000.04689,0000.05234,00000.0468,448860094.0,0000.04922,9491780732.0
2021-10-10T07:00:02.218Z,-USD,0000.04722,0000.05234,00000.0468,454277251.0,0000.04925,9506866252.0
2021-10-10T08:00:02.251Z,-USD,0000.04715,0000.05234,00000.0468,451545495.0,00000.0492,9510896422.0
2021-10-10T09:00:02.179Z,-USD,0000.04706,0000.05234,0000.04685,450692398.0,0000.04919,9515213681.0
2021-10-10T10:00:02.269Z,-USD,0000.04703,0000.05234,0000.04685,453395838.0,0000.04968,9522671675.0
2021-10-10T11:00:02.648Z,-USD,0000.04727,0000.05234,0000.04706,454079443.0,0000.04973,9526440772.0
2021-10-10T12:00:07.664Z,-USD,0000.04724,0000.05234,0000.04706,458262089.0,0000.04951,9535701165.0
2021-10-10T13:00:02.71Z,-USD,0000.04785,0000.05234,0000.04765,447788221.0,0000.04937,9541308395.0
2021-10-10T14:00:01.793Z,-USD,0000.04874,0000.05234,000000.048,430748840.0,0000.04894,9549957371.0
2021-10-10T15:00:02.025Z,-USD,0000.04831,0000.05234,000000.048,422913952.0,0000.04882,9560066190.0
2021-10-10T16:00:02.139Z,-USD,0000.04811,0000.05234,000000.048,417268908.0,0000.04877,9569800584.0
2021-10-10T17:00:02.385Z,-USD,0000.04923,0000.05234,0000.04783,402834413.0,00000.0481,9586252177.0
2021-10-10T18:00:02.252Z,-USD,0000.05072,0000.05234,0000.04722,383218900.0,0000.04829,9605585703.0
2021-10-10T19:00:02.349Z,-USD,0000.05134,0000.05234,0000.04722,343246728.0,0000.04847,9613437555.0
2021-10-10T20:00:02.364Z,-USD,0000.05213,0000.05217,0000.04722,303097275.0,0000.04876,9621133460.0
2021-10-10T21:00:02.48Z,-USD,0000.05064,00000.0507,0000.04722,268545289.0,00000.0479,9631902820.0
2021-10-10T22:00:02.666Z,-USD,0000.04958,00000.0507,0000.04714,268276163.0,0000.04772,9646617851.0
2021-10-10T23:00:02.191Z,-USD,0000.04951,0000.05046,0000.04703,261472953.0,0000.04721,9658696861.0
2021-10-11T00:00:02.154Z,-USD,0000.04915,0000.05046,0000.04703,259238751.0,0000.04708,9665872129.0
2021-10-11T01:00:02.527Z,-USD,0000.04846,0000.05046,0000.04698,258151120.0,00000.0472,9348723956.0
2021-10-11T02:00:02.635Z,-USD,0000.04869,0000.05046,0000.04698,254820204.0,0000.04726,9358648878.0
2021-10-11T03:00:02.558Z,-USD,0000.04951,0000.05046,0000.04698,246155398.0,0000.04741,9364725689.0
2021-10-11T04:00:01.875Z,-USD,0000.04888,0000.05046,0000.04698,239259892.0,0000.04784,9373177807.0
2021-10-11T05:00:02.204Z,-USD,0000.04973,0000.05046,0000.04698,235159154.0,0000.04786,9381138459.0
2021-10-11T06:00:02.139Z,-USD,0000.04944,0000.05046,0000.04698,229131597.0,0000.04803,9387998428.0
2021-10-11T07:00:02.069Z,-USD,00000.0493,0000.04991,0000.04698,218964761.0,0000.04773,9392680618.0
2021-10-11T08:00:02.235Z,-USD,0000.04917,0000.04991,0000.04698,221858365.0,00000.0481,9399584445.0
2021-10-11T09:00:02.208Z,-USD,0000.04926,0000.04991,0000.04698,221990572.0,0000.04823,9404066051.0
2021-10-11T10:00:02.067Z,-USD,0000.04963,0000.04991,0000.04698,218763622.0,0000.04778,9408363568.0
2021-10-11T11:00:02.16Z,-USD,0000.04965,0000.04987,0000.04698,221356492.0,0000.04762,9414693115.0
2021-10-11T12:00:02.145Z,-USD,0000.04954,0000.04975,0000.04698,219714414.0,0000.04746,9422273314.0
2021-10-11T13:00:02.285Z,-USD,0000.04949,00000.0495,0000.04698,225115147.0,0000.04761,9433355793.0
2021-10-11T14:00:02.568Z,-USD,0000.04909,0000.04949,0000.04698,230401799.0,0000.04776,9447355226.0
2021-10-11T15:00:01.913Z,-USD,0000.04893,0000.04915,0000.04698,238142002.0,0000.04724,9465140799.0
2021-10-11T16:00:02.399Z,-USD,0000.04876,0000.04891,0000.04698,240584671.0,0000.04708,9477244207.0
2021-10-11T17:00:02.792Z,-USD,0000.04799,0000.04891,00000.0467,238043994.0,0000.04684,9491323345.0
2021-10-11T18:00:02.105Z,-USD,0000.04829,0000.04891,00000.0467,231464032.0,0000.04701,9503909221.0
2021-10-11T19:00:02.186Z,-USD,0000.04842,0000.04891,0000.04556,240554950.0,0000.04681,9521081153.0
2021-10-11T20:00:02.657Z,-USD,0000.04868,0000.04891,0000.04556,243935535.0,0000.04641,9531999389.0
2021-10-11T21:00:01.781Z,-USD,0000.04792,0000.04845,0000.04556,248410075.0,00000.0464,9547229377.0
2021-10-11T22:00:02.029Z,-USD,0000.04763,0000.04845,0000.04556,246436339.0,0000.04665,9559974512.0
2021-10-11T23:00:02.517Z,-USD,00000.0474,0000.04845,0000.04556,246614256.0,0000.04759,9572282609.0
2021-10-12T00:00:01.841Z,-USD,0000.04713,0000.04901,0000.04556,261372374.0,0000.04826,9594564603.0
2021-10-12T01:00:02.656Z,-USD,00000.0474,0000.04901,0000.04556,266394895.0,0000.04765,9330343654.0
2021-10-12T02:00:02.318Z,-USD,0000.04724,0000.04901,0000.04556,271926549.0,0000.04712,9344672014.0
2021-10-12T03:00:01.942Z,-USD,0000.04741,0000.04901,0000.04556,277202843.0,0000.04667,9356006013.0
2021-10-12T04:00:02.146Z,-USD,0000.04789,0000.04901,0000.04556,282468455.0,0000.04625,9369734981.0
2021-10-12T05:00:02.04Z,-USD,0000.04787,0000.04901,0000.04556,284768599.0,0000.04588,9379978600.0
2021-10-12T06:00:02.041Z,-USD,0000.04806,0000.04901,0000.04556,287601349.0,0000.04671,9389848797.0
2021-10-12T07:00:02.005Z,-USD,0000.04788,0000.04901,0000.04556,287796535.0,0000.04619,9394840086.0
2021-10-12T08:00:02.023Z,-USD,0000.04814,0000.04901,0000.04556,286817468.0,0000.04586,9400533098.0
2021-10-12T09:00:01.857Z,-USD,0000.04824,0000.04901,0000.04556,289534864.0,0000.04639,9407673356.0
2021-10-12T10:00:02.173Z,-USD,00000.0478,0000.04901,0000.04556,288402592.0,0000.04613,9410869064.0
2021-10-12T11:00:02.102Z,-USD,0000.04764,0000.04901,0000.04556,287562470.0,0000.04592,9416333805.0
2021-10-12T12:00:04.158Z,-USD,0000.04735,0000.04901,0000.04556,285548926.0,0000.04599,9421903429.0
2021-10-12T13:00:02.162Z,-USD,0000.04763,0000.04901,0000.04425,313955696.0,0000.04452,9461409276.0
2021-10-12T14:00:02.326Z,-USD,0000.04778,0000.04901,0000.04425,318849533.0,0000.04529,9480422000.0
2021-10-12T15:00:02.526Z,-USD,0000.04734,0000.04901,0000.04425,325288070.0,0000.04479,9504581618.0
2021-10-12T16:00:02.687Z,-USD,0000.04715,0000.04901,0000.04425,329210317.0,0000.04513,9520568959.0
2021-10-12T17:00:02.293Z,-USD,0000.04683,0000.04901,0000.04425,327098816.0,0000.04506,9532524838.0
2021-10-12T18:00:02.619Z,-USD,0000.04703,0000.04901,0000.04425,330090989.0,0000.04523,9548142930.0
2021-10-12T19:00:01.827Z,-USD,0000.04677,0000.04901,0000.04425,324171993.0,0000.04548,9559360455.0
2021-10-12T20:00:02.18Z,-USD,00000.0464,0000.04901,0000.04425,323851952.0,0000.04515,9569962216.0
2021-10-12T21:00:02.512Z,-USD,0000.04638,0000.04901,0000.04425,322484101.0,00000.0449,9583814807.0
2021-10-12T22:00:02.088Z,-USD,0000.04668,0000.04901,0000.04425,317052939.0,0000.04523,9591119713.0
2021-10-12T23:00:02.493Z,-USD,0000.04752,0000.04901,0000.04425,312679745.0,0000.04531,9599250538.0
2021-10-13T00:00:01.744Z,-USD,0000.04818,0000.04836,0000.04425,297788772.0,0000.04548,9606951267.0
2021-10-13T01:00:02.208Z,-USD,0000.04756,0000.04759,0000.04425,292606580.0,0000.04558,9327720803.0
2021-10-13T02:00:02.689Z,-USD,0000.04711,0000.04724,0000.04425,293920482.0,0000.04621,9343235927.0
2021-10-13T03:00:01.885Z,-USD,0000.04669,0000.04714,0000.04425,290468078.0,0000.04687,9351114131.0
2021-10-13T04:00:01.985Z,-USD,0000.04613,0000.04714,0000.04425,286053968.0,0000.04599,9360425195.0
2021-10-13T05:00:02.285Z,-USD,0000.04586,0000.04714,0000.04425,282592170.0,0000.04634,9367315577.0
2021-10-13T06:00:02.133Z,-USD,0000.04649,0000.04714,0000.04425,283891671.0,0000.04576,9378415498.0
2021-10-13T07:00:02.124Z,-USD,0000.04608,0000.04714,0000.04425,286608404.0,0000.04517,9386093821.0
2021-10-13T08:00:02.214Z,-USD,00000.0459,0000.04714,0000.04425,288495878.0,0000.04524,9393663179.0
2021-10-13T09:00:02.105Z,-USD,0000.04636,0000.04714,0000.04425,287170980.0,0000.04508,9399453786.0
2021-10-13T10:00:02.579Z,-USD,0000.04608,0000.04714,0000.04425,289219062.0,0000.04529,9404713795.0
2021-10-13T11:00:02.093Z,-USD,0000.04592,0000.04714,0000.04425,288447909.0,00000.0453,9409396654.0
2021-10-13T12:00:02.298Z,-USD,0000.04606,0000.04714,0000.04425,293446224.0,0000.04523,9420643494.0
2021-10-13T13:00:01.833Z,-USD,00000.0445,0000.04714,0000.04443,261268750.0,0000.04518,9427660996.0
2021-10-13T14:00:01.99Z,-USD,0000.04527,0000.04714,00000.0445,252293255.0,0000.04538,9437348285.0
2021-10-13T15:00:02.007Z,-USD,0000.04499,0000.04714,00000.0445,238718241.0,0000.04546,9448373540.0
2021-10-13T16:00:02.355Z,-USD,0000.04518,0000.04714,00000.0445,231527403.0,0000.04526,9456735944.0
2021-10-13T17:00:01.918Z,-USD,0000.04506,0000.04714,00000.0445,242581665.0,0000.04599,9479822312.0
2021-10-13T18:00:02.304Z,-USD,0000.04524,0000.04714,00000.0445,239188700.0,0000.04608,9492085622.0
2021-10-13T19:00:02.617Z,-USD,0000.04519,0000.04714,00000.0445,236092158.0,0000.04619,9500720079.0
2021-10-13T20:00:02.707Z,-USD,0000.04513,0000.04714,00000.0445,234679398.0,0000.04619,9509253377.0
2021-10-13T21:00:02.185Z,-USD,0000.04493,0000.04714,0000.04481,231134590.0,0000.04567,9519628329.0
2021-10-13T22:00:02.473Z,-USD,0000.04529,0000.04714,0000.04486,230426810.0,0000.04587,9526180187.0
2021-10-13T23:00:01.978Z,-USD,0000.04531,0000.04714,0000.04486,233722580.0,0000.04617,9537609765.0
2021-10-14T00:00:02.046Z,-USD,0000.04557,0000.04714,0000.04486,237019369.0,0000.04581,9548705906.0
2021-10-14T01:00:05.243Z,-USD,0000.04567,0000.04714,0000.04486,230822395.0,0000.04614,9338499535.0
2021-10-14T02:00:03.006Z,-USD,0000.04625,0000.04714,0000.04486,223859888.0,0000.04585,9346978157.0
2021-10-14T03:00:02.7Z,-USD,0000.04689,0000.04704,0000.04486,225886019.0,0000.04597,9356880137.0
2021-10-14T04:00:02.047Z,-USD,0000.04599,0000.04668,0000.04486,225256328.0,0000.04576,9365542982.0
2021-10-14T05:00:02.507Z,-USD,0000.04642,0000.04668,0000.04486,230779636.0,0000.04575,9377952851.0
2021-10-14T06:00:02.568Z,-USD,0000.04535,00000.0466,0000.04486,228394323.0,0000.04578,9387045522.0
2021-10-14T07:00:02.595Z,-USD,0000.04526,00000.0466,0000.04486,228467611.0,0000.04548,9394614721.0
2021-10-14T08:00:02.577Z,-USD,0000.04528,00000.0466,00000.0449,228266567.0,00000.0457,9401784593.0
2021-10-14T09:00:02.551Z,-USD,0000.04508,00000.0466,00000.0449,226637904.0,0000.04621,9405948971.0
2021-10-14T10:00:01.905Z,-USD,0000.04535,0000.04689,00000.0449,228798457.0,0000.04594,9413421565.0
2021-10-14T11:00:02.068Z,-USD,00000.0453,0000.04689,00000.0449,228782537.0,0000.04641,9418125634.0
2021-10-14T12:00:02.265Z,-USD,0000.04532,0000.04762,0000.04492,226828481.0,0000.04761,9427326848.0
2021-10-14T13:00:02.14Z,-USD,0000.04523,00000.0482,0000.04506,238304790.0,0000.04757,9445849911.0
2021-10-14T14:00:02.068Z,-USD,0000.04546,00000.0482,0000.04506,242772342.0,0000.04657,9460026957.0
2021-10-14T15:00:02.441Z,-USD,0000.04547,00000.0482,0000.04507,246439171.0,0000.04666,9474739419.0
2021-10-14T16:00:04.16Z,-USD,0000.04525,00000.0482,0000.04514,253263609.0,0000.04597,9489920638.0
2021-10-14T17:00:02.106Z,-USD,0000.04601,00000.0482,0000.04522,241457332.0,000000.046,9501222241.0
2021-10-14T18:00:02.311Z,-USD,0000.04605,00000.0482,0000.04522,237566689.0,0000.04605,9509582866.0
2021-10-14T19:00:02.462Z,-USD,0000.04623,00000.0482,0000.04522,239066960.0,0000.04654,9519644205.0
2021-10-14T20:00:07.559Z,-USD,0000.04612,00000.0482,0000.04522,242239347.0,0000.04588,9531379030.0
2021-10-14T21:00:10.523Z,-USD,0000.04568,00000.0482,0000.04522,239993612.0,0000.04613,9539560190.0
2021-10-14T22:00:14.151Z,-USD,0000.04583,00000.0482,0000.04522,243840728.0,0000.04584,9549902706.0
2021-10-14T23:00:12.339Z,-USD,0000.04616,00000.0482,0000.04522,239130582.0,0000.04594,9556713217.0
2021-10-15T00:00:17.239Z,-USD,0000.04586,00000.0482,0000.04522,236479129.0,0000.04595,9565071716.0
2021-10-15T01:00:12.464Z,-USD,0000.04614,00000.0482,0000.04522,233849385.0,0000.04565,9224063857.0
2021-10-15T02:00:12.334Z,-USD,0000.04589,00000.0482,00000.0449,242852081.0,0000.04516,9241577490.0
2021-10-15T03:00:11.185Z,-USD,0000.04599,00000.0482,00000.0449,242278514.0,0000.04565,9250876310.0
2021-10-15T04:00:22.641Z,-USD,0000.04577,00000.0482,00000.0449,248391710.0,0000.04521,9265593741.0
2021-10-15T05:00:10.149Z,-USD,0000.04583,00000.0482,0000.04475,257681982.0,0000.04545,9287414072.0
2021-10-15T06:00:07.409Z,-USD,0000.04575,00000.0482,0000.04475,272465722.0,0000.04652,9311182917.0
2021-10-15T07:00:03.474Z,-USD,0000.04546,00000.0482,0000.04475,280574072.0,0000.04573,9326843228.0
2021-10-15T08:00:03.829Z,-USD,0000.04589,00000.0482,0000.04475,281675694.0,0000.04595,9335365365.0
2021-10-15T09:00:02.657Z,-USD,0000.04626,00000.0482,0000.04475,291816653.0,0000.04523,9349423124.0
2021-10-15T10:00:02.516Z,-USD,0000.04594,00000.0482,0000.04475,295892407.0,0000.04598,9360990341.0
2021-10-15T11:00:04.493Z,-USD,0000.04643,00000.0482,0000.04475,319245337.0,0000.04536,9389090944.0
2021-10-15T12:00:04.313Z,-USD,0000.04762,00000.0482,0000.04475,324190194.0,0000.04606,9403415706.0
2021-10-15T13:00:03.096Z,-USD,0000.04753,0000.04761,0000.04475,325339832.0,0000.04559,9422882403.0
2021-10-15T14:00:08.91Z,-USD,0000.04661,0000.04742,0000.04475,327021328.0,0000.04573,9438831045.0
2021-10-15T15:00:10.762Z,-USD,0000.04664,0000.04699,0000.04475,330078693.0,0000.04609,9456603297.0
2021-10-15T16:00:10.703Z,-USD,0000.04602,0000.04749,0000.04475,344566274.0,0000.04703,9486148858.0
2021-10-15T17:00:09.903Z,-USD,000000.046,0000.04749,0000.04475,357298313.0,0000.04716,9510237320.0
2021-10-15T18:00:08.961Z,-USD,0000.04604,0000.04791,0000.04475,374245805.0,0000.04761,9535503485.0
2021-10-15T19:00:02.023Z,-USD,0000.04667,0000.04792,0000.04475,382281330.0,0000.04755,9553688534.0
2021-10-15T20:00:02.445Z,-USD,0000.04592,000000.048,0000.04475,389541942.0,0000.04762,9572624840.0
2021-10-15T21:00:02.621Z,-USD,0000.04603,000000.048,0000.04475,401720212.0,0000.04714,9593066199.0
2021-10-15T22:00:01.816Z,-USD,0000.04585,000000.048,0000.04475,411062147.0,0000.04788,9612696487.0
2021-10-15T23:00:02.561Z,-USD,0000.04594,0000.04942,0000.04475,439427572.0,0000.04836,9647838939.0
2021-10-16T00:00:01.776Z,-USD,0000.04583,0000.05239,0000.04475,507012952.0,0000.05145,9723794595.0
2021-10-16T01:00:10.841Z,-USD,0000.04567,000000.054,0000.04475,638530216.0,0000.04959,9451521843.0
2021-10-16T02:00:11.121Z,-USD,0000.04512,000000.054,0000.04475,681374567.0,0000000.05,9511885965.0
2021-10-16T03:00:11.374Z,-USD,0000.04566,000000.054,0000.04475,701470185.0,0000.05036,9541289519.0
2021-10-16T04:00:23.43Z,-USD,0000.04523,000000.054,0000.04475,734103547.0,0000.05064,9588823032.0
2021-10-16T05:00:09.936Z,-USD,0000.04553,000000.054,000000.045,751025150.0,00000.0504,9627508052.0
2021-10-16T06:00:10.923Z,-USD,0000.04644,000000.054,000000.045,751066155.0,0000.05089,9651240498.0
2021-10-16T07:00:08.629Z,-USD,0000.04563,000000.054,000000.045,750365700.0,0000.05071,9666174710.0
2021-10-16T08:00:02.213Z,-USD,0000.04594,000000.054,000000.045,780499972.0,0000.05227,9704813565.0
2021-10-16T09:00:02.128Z,-USD,0000.04524,000000.054,0000.04513,825623839.0,0000.05332,9764207926.0
2021-10-16T10:00:02.706Z,-USD,0000.04599,000000.054,0000.04513,850339907.0,0000.05166,9800286606.0
2021-10-16T11:00:03.731Z,-USD,0000.04539,000000.054,0000.04515,842892505.0,0000.05068,9821050761.0
2021-10-16T12:00:02.202Z,-USD,0000.04627,000000.054,0000.04515,861257753.0,0000.05295,9853738627.0
2021-10-16T13:00:11.501Z,-USD,0000.04553,000000.054,0000.04524,876847187.0,0000.05267,9888681063.0
2021-10-16T14:00:11.199Z,-USD,0000.04569,000000.054,0000.04564,922299118.0,0000.05245,9950333184.0
2021-10-16T15:00:17.788Z,-USD,0000.04606,000000.054,0000.04594,933382638.0,0000.05162,9979222626.0
2021-10-16T16:00:11.248Z,-USD,0000.04704,000000.054,0000.04661,936190529.0,00000.0505,10011409852.0
2021-10-16T17:00:10.684Z,-USD,0000.04717,000000.054,0000.04682,938010383.0,00000.0496,10037309221.0
2021-10-16T18:00:10.018Z,-USD,0000.04737,000000.054,0000.04682,935580976.0,0000.04994,10060635731.0
2021-10-16T19:00:11.792Z,-USD,0000.04757,000000.054,0000.04682,931141437.0,0000.05022,10074076264.0
2021-10-16T20:00:10.055Z,-USD,0000.04772,000000.054,0000.04682,930089969.0,0000.04937,10091692107.0
2021-10-16T21:00:02.455Z,-USD,0000.04718,000000.054,0000.04707,920719307.0,0000.04974,10102842816.0
2021-10-16T22:00:02.416Z,-USD,0000.04783,000000.054,0000.04759,921846143.0,0000.04913,10123842144.0
2021-10-16T23:00:02.255Z,-USD,0000.04835,000000.054,00000.0482,897885068.0,0000.04937,10134694114.0
2021-10-17T00:00:01.695Z,-USD,0000.05176,000000.054,00000.0487,830206851.0,0000.04969,10144636835.0
2021-10-17T01:00:11.042Z,-USD,0000.04969,00000.0539,00000.0487,701345428.0,0000.04955,9741678993.0
2021-10-17T02:00:11.159Z,-USD,0000.05001,00000.0539,0000.04884,654617671.0,0000.04894,9755264490.0
2021-10-17T03:00:11.036Z,-USD,0000.05051,00000.0539,0000.04884,635564635.0,0000.04916,9765292399.0
2021-10-17T04:00:42.256Z,-USD,0000.05016,00000.0539,00000.0485,568497471.0,0000.04881,9784840505.0
2021-10-17T05:00:08.356Z,-USD,0000.05016,00000.0539,0000.04825,585194644.0,00000.0488,9801537678.0
2021-10-17T06:00:09.229Z,-USD,0000.05094,00000.0539,0000.04825,570000144.0,0000.04874,9809520014.0
2021-10-17T07:00:09.424Z,-USD,0000.05069,00000.0539,0000.04825,563502378.0,0000.04918,9817967866.0
2021-10-17T08:00:08.545Z,-USD,0000.05241,00000.0539,0000.04825,530576298.0,0000.04922,9823861408.0
2021-10-17T09:00:09.307Z,-USD,0000.05305,0000.05332,0000.04825,476006796.0,0000.04926,9829406229.0
2021-10-17T10:00:09.766Z,-USD,00000.0515,0000.05332,0000.04825,446698033.0,0000.04923,9835604196.0
2021-10-17T11:00:10.085Z,-USD,0000.05082,0000.05332,0000.04825,429990336.0,0000.04912,9839663858.0
2021-10-17T12:00:08.446Z,-USD,0000.05265,0000.05332,0000.04825,401880081.0,0000.04911,9844287423.0
2021-10-17T13:00:11.507Z,-USD,0000.05244,0000.05332,0000.04825,372528983.0,0000.04917,9849607841.0
2021-10-17T14:00:09.855Z,-USD,0000.05252,00000.0526,0000.04825,319327813.0,00000.0496,9858330865.0
2021-10-17T15:00:09.417Z,-USD,0000.05178,0000.05178,0000.04825,299788801.0,0000.04956,9867544916.0
2021-10-17T16:00:08.9Z,-USD,0000.05065,0000.05072,0000.04825,283492819.0,0000.04956,9883284866.0
2021-10-17T17:00:02.403Z,-USD,0000.04961,0000.05068,0000.04825,266173430.0,0000.04913,9892056253.0
2021-10-17T18:00:03.747Z,-USD,0000.05005,0000.05068,0000.04825,256865878.0,0000.04873,9905790272.0
2021-10-17T19:00:01.935Z,-USD,0000.05023,0000.05068,0000.04825,253808070.0,0000.04897,9916142044.0
2021-10-17T20:00:02.498Z,-USD,0000.04927,0000000.05,0000.04825,249534295.0,0000.04888,9929487176.0
2021-10-17T21:00:02.149Z,-USD,0000.04978,00000.0499,0000.04773,259995672.0,0000.04805,9951165612.0
2021-10-17T22:00:02.532Z,-USD,0000.04922,00000.0499,0000.04766,256325488.0,0000.04815,9968550139.0
2021-10-17T23:00:01.82Z,-USD,0000.04936,00000.0498,0000.04738,261162228.0,0000.04804,9984202612.0
2021-10-18T00:00:08.546Z,-USD,0000.04975,00000.0498,0000.04738,273495611.0,0000.04845,10006794975.0
2021-10-18T01:00:02.724Z,-USD,0000.04955,0000.05038,0000.04738,296188836.0,0000.04899,9793761666.0
2021-10-18T02:00:01.902Z,-USD,0000.04897,0000.05038,0000.04738,290964123.0,0000.04914,9802363564.0
2021-10-18T03:00:01.983Z,-USD,0000.04908,0000.05039,0000.04738,309542467.0,0000.04973,9830742946.0
2021-10-18T04:00:02.164Z,-USD,0000.04879,0000.05039,0000.04738,301754029.0,0000.04983,9842443918.0
2021-10-18T05:00:01.742Z,-USD,00000.0487,0000.05039,0000.04738,291529352.0,0000.04972,9849104016.0
2021-10-18T06:00:01.777Z,-USD,0000.04871,0000.05039,0000.04738,291960779.0,00000.0492,9857365937.0
2021-10-18T07:00:01.706Z,-USD,0000.04915,0000.05039,0000.04738,288556086.0,0000.04888,9862546716.0
2021-10-18T08:00:02.552Z,-USD,0000.04916,0000.05039,0000.04738,292162633.0,0000.04833,9871902581.0
2021-10-18T09:00:02.451Z,-USD,0000.04906,0000.05039,0000.04738,292605488.0,00000.0491,9878368838.0
2021-10-18T10:00:02.248Z,-USD,0000.04928,0000.05039,0000.04738,294483576.0,0000.04835,9885992045.0
2021-10-18T11:00:02.559Z,-USD,0000.04908,0000.05039,0000.04738,294487616.0,00000.0481,9890024309.0
2021-10-18T12:00:02.461Z,-USD,0000.04917,0000.05039,0000.04738,297020677.0,0000.04824,9897246776.0
2021-10-18T13:00:02.581Z,-USD,0000.04921,0000.05039,0000.04738,299573038.0,0000.04802,9905158094.0
2021-10-18T14:00:01.943Z,-USD,0000.04958,0000.05039,0000.04738,303068252.0,0000.04827,9917350370.0
2021-10-18T15:00:02.116Z,-USD,0000.04957,0000.05039,0000.04738,300860736.0,0000.04819,9924326893.0
2021-10-18T16:00:02.353Z,-USD,0000.04956,0000.05039,0000.04728,305747547.0,00000.0481,9944940133.0
2021-10-18T17:00:01.827Z,-USD,0000.04911,0000.05039,0000.04728,314634344.0,0000.04832,9962582796.0
2021-10-18T18:00:02.355Z,-USD,0000.04889,0000.05039,0000.04728,311092970.0,0000.04778,9973039126.0
2021-10-18T19:00:02.229Z,-USD,0000.04891,0000.05039,0000.04728,308017395.0,0000.04775,9980202908.0
2021-10-18T20:00:02.515Z,-USD,0000.04889,0000.05039,0000.04728,306257952.0,0000.04762,9991681097.0
2021-10-18T21:00:01.852Z,-USD,00000.0481,0000.05039,0000.04728,292111202.0,0000.04762,9999871749.0
2021-10-18T22:00:02.585Z,-USD,0000.04821,0000.05039,0000.04727,282561474.0,0000.04746,10007062970.0
2021-10-18T23:00:01.997Z,-USD,0000.04803,0000.05039,0000.04727,277202616.0,00000.0476,10017407353.0
2021-10-19T00:00:02.07Z,-USD,0000.04845,0000.05039,0000.04727,263590573.0,0000.04757,10026278119.0
2021-10-19T01:00:02.499Z,-USD,0000.04894,0000.05039,0000.04716,245967757.0,0000.04728,9864787768.0
2021-10-19T02:00:01.899Z,-USD,0000.04914,0000.05039,0000.04716,252840803.0,0000.04781,9880957984.0
2021-10-19T03:00:02.276Z,-USD,0000.04978,0000.05015,0000.04716,231467049.0,000000.048,9887291589.0
2021-10-19T04:00:02.483Z,-USD,0000.04989,0000.04999,0000.04716,233385191.0,0000.04836,9900868165.0
2021-10-19T05:00:01.823Z,-USD,0000.04972,0000.04974,0000.04716,234713129.0,0000.04878,9908860282.0
2021-10-19T06:00:02.691Z,-USD,0000.04911,0000.04926,0000.04716,231394367.0,00000.0481,9913849158.0
2021-10-19T07:00:01.891Z,-USD,0000.04884,0000.04926,0000.04716,229668213.0,0000.04769,9917272028.0
2021-10-19T08:00:01.966Z,-USD,0000.04827,0000.04926,0000.04716,226158843.0,0000.04755,9923184283.0
2021-10-19T09:00:02.439Z,-USD,00000.0491,0000.04922,0000.04716,223380288.0,0000.04777,9926877563.0
2021-10-19T10:00:02.336Z,-USD,00000.0483,0000.04892,0000.04716,218865155.0,0000.04753,9929893838.0
2021-10-19T11:00:02.348Z,-USD,0000.04813,0000.04892,0000.04716,219292083.0,0000.04775,9934365902.0
2021-10-19T12:00:02.418Z,-USD,00000.0483,0000.04892,0000.04716,216820014.0,00000.0477,9939143817.0
2021-10-19T13:00:02.461Z,-USD,0000.04787,0000.04892,0000.04716,213200617.0,0000.04796,9944132579.0
2021-10-19T14:00:02.569Z,-USD,0000.04822,0000.04892,0000.04716,212801684.0,0000.04784,9955331451.0
2021-10-19T15:00:01.94Z,-USD,0000.04805,0000.04892,0000.04716,216373008.0,0000.04774,9965988503.0
2021-10-19T16:00:02.246Z,-USD,00000.0481,0000.04892,0000.04716,203072367.0,0000.04758,9973125066.0
2021-10-19T17:00:02.619Z,-USD,0000.04828,0000.04892,0000.04716,193010582.0,0000.04764,9980678458.0
2021-10-19T18:00:02.691Z,-USD,0000.04777,0000.04892,0000.04716,191716983.0,0000.04787,9989830745.0
2021-10-19T19:00:02.283Z,-USD,0000.04775,0000.04892,0000.04716,193721804.0,0000.04738,9998961340.0
2021-10-19T20:00:02.68Z,-USD,0000.04756,0000.04892,0000.04681,202512232.0,0000.04721,10019257524.0
2021-10-19T21:00:02.531Z,-USD,0000.04762,0000.04892,0000.04681,210455323.0,00000.0469,10035363279.0
2021-10-19T22:00:02.312Z,-USD,0000.04758,0000.04892,0000.04681,213120240.0,0000.04727,10045328410.0
2021-10-19T23:00:02.548Z,-USD,0000.04777,0000.04892,0000.04681,211646037.0,0000.04724,10054632622.0
2021-10-20T00:00:02.423Z,-USD,0000.04746,0000.04892,0000.04681,211551908.0,0000.04718,10063178671.0
2021-10-20T01:00:02.584Z,-USD,0000.04729,0000.04892,0000.04675,211952377.0,000000.047,9595502703.0
2021-10-20T02:00:02.668Z,-USD,0000.04785,0000.04892,0000.04675,206502969.0,00000.0469,9606265218.0
2021-10-20T03:00:02.542Z,-USD,0000.04799,0000.04892,0000.04675,207206803.0,0000.04724,9613330429.0
2021-10-20T04:00:02.569Z,-USD,0000.04826,00000.0488,0000.04675,201597464.0,0000.04709,9621254800.0
2021-10-20T05:00:01.718Z,-USD,0000.04878,00000.0488,0000.04675,199003269.0,0000.04701,9626620599.0
2021-10-20T06:00:02.82Z,-USD,0000.04811,0000.04841,0000.04675,200419281.0,0000.04716,9633028542.0
2021-10-20T07:00:02.601Z,-USD,0000.04772,0000.04841,0000.04675,199376513.0,0000.04723,9635417273.0
2021-10-20T08:00:02.315Z,-USD,0000.04755,0000.04841,0000.04675,195459297.0,0000.04721,9637396167.0
2021-10-20T09:00:02.178Z,-USD,0000.04776,0000.04841,0000.04675,194782886.0,0000.04729,9640411242.0
2021-10-20T10:00:02.107Z,-USD,0000.04754,0000.04841,0000.04675,195972719.0,0000.04702,9644614742.0
2021-10-20T11:00:04.304Z,-USD,0000.04773,0000.04841,0000.04675,194089755.0,0000.04716,9647230590.0
2021-10-20T12:00:01.956Z,-USD,0000.04776,0000.04841,0000.04675,192515927.0,0000.04716,9650423454.0
2021-10-20T13:00:01.795Z,-USD,0000.04805,0000.04841,0000.04675,193298757.0,0000.04714,9656486343.0
2021-10-20T14:00:02.204Z,-USD,0000.04791,00000.0481,0000.04675,194339540.0,00000.0478,9668738766.0
2021-10-20T15:00:02.133Z,-USD,0000.04777,00000.0485,0000.04675,201229954.0,0000.04818,9686096238.0
2021-10-20T16:00:02.191Z,-USD,0000.04757,0000.04875,0000.04675,211277313.0,0000.04826,9703189172.0
2021-10-20T17:00:01.752Z,-USD,0000.04759,00000.0498,0000.04675,229654710.0,0000.04906,9729349310.0
2021-10-20T18:00:02.711Z,-USD,0000.04786,00000.0498,0000.04675,236042619.0,0000.04886,9744640152.0
2021-10-20T19:00:02.04Z,-USD,00000.0474,00000.0498,0000.04675,241442254.0,0000.04852,9759218954.0
2021-10-20T20:00:01.881Z,-USD,0000.04711,00000.0498,0000.04675,235789448.0,0000.04826,9774116788.0
2021-10-20T21:00:02.216Z,-USD,0000.04689,00000.0498,0000.04675,238081152.0,0000.04862,9792197773.0
2021-10-20T22:00:02.297Z,-USD,0000.04722,00000.0498,0000.04675,236709482.0,0000.04874,9800844881.0
2021-10-20T23:00:01.822Z,-USD,0000.04727,00000.0498,0000.04675,233809408.0,0000.04866,9807278326.0
2021-10-21T00:00:02.66Z,-USD,0000.04722,00000.0498,0000.04675,232287024.0,0000.04899,9814246075.0
2021-10-21T01:00:02.187Z,-USD,0000.04723,00000.0498,00000.0468,231298031.0,0000.04903,9481142522.0
2021-10-21T02:00:02.795Z,-USD,00000.0469,00000.0498,0000.04686,236783694.0,0000.04959,9495920756.0
2021-10-21T03:00:02.201Z,-USD,0000.04718,00000.0498,0000.04686,245486277.0,0000.04868,9511694617.0
2021-10-21T04:00:02.146Z,-USD,0000.04713,00000.0498,0000.04686,246810793.0,00000.0487,9520945412.0
2021-10-21T05:00:02.629Z,-USD,0000.04704,00000.0498,0000.04686,246913301.0,00000.0489,9526413209.0
2021-10-21T06:00:02.524Z,-USD,0000.04718,00000.0498,0000.04693,250378339.0,0000.04958,9536291709.0
2021-10-21T07:00:02.385Z,-USD,0000.04723,00000.0498,0000.04693,253377047.0,0000.04932,9541664010.0
2021-10-21T08:00:02.232Z,-USD,00000.0472,00000.0498,0000.04693,254676860.0,0000.04959,9544957286.0
2021-10-21T09:00:02.008Z,-USD,00000.0473,00000.0498,0000.04693,255512727.0,0000.04964,9548951574.0
2021-10-21T10:00:01.763Z,-USD,0000.04697,0000.04995,0000.04696,257916731.0,00000.0499,9555411153.0
2021-10-21T11:00:02.084Z,-USD,0000.04717,0000.05116,0000.04705,277035822.0,0000.05088,9577133463.0
2021-10-21T12:00:01.931Z,-USD,0000.04715,0000.05139,0000.04705,300658773.0,00000.0495,9603957801.0
2021-10-21T13:00:01.776Z,-USD,0000.04714,0000.05139,0000.04709,304910847.0,0000.04956,9614284259.0
2021-10-21T14:00:02.654Z,-USD,0000.04784,0000.05139,0000.04761,306166129.0,0000.04978,9627866959.0
2021-10-21T15:00:01.791Z,-USD,0000.04821,0000.05139,0000.04779,309201252.0,0000.04952,9648197933.0
2021-10-21T16:00:02.014Z,-USD,0000.04825,0000.05139,0000.04788,306717366.0,0000.04844,9662939636.0
2021-10-21T17:00:02.369Z,-USD,0000.04913,0000.05139,0000.04788,290311354.0,0000.04813,9672676311.0
2021-10-21T18:00:02.593Z,-USD,0000.04886,0000.05139,0000.04788,280673399.0,0000.04836,9678387079.0
2021-10-21T19:00:02.51Z,-USD,0000.04852,0000.05139,0000.04788,271823759.0,0000.04859,9683946157.0
2021-10-21T20:00:02.655Z,-USD,0000.04823,0000.05139,0000.04788,267797754.0,0000.04798,9694920681.0
2021-10-21T21:00:01.929Z,-USD,0000.04873,0000.05139,00000.0478,258443124.0,0000.04837,9703652505.0
2021-10-21T22:00:02.08Z,-USD,0000.04875,0000.05139,00000.0478,257632007.0,0000.04801,9711364334.0
2021-10-21T23:00:02.468Z,-USD,0000.04866,0000.05139,00000.0478,257356485.0,000000.048,9717518521.0
2021-10-22T00:00:02.626Z,-USD,0000.04904,0000.05139,00000.0477,258938077.0,0000.04815,9726167681.0
2021-10-22T01:00:09.309Z,-USD,0000.04908,0000.05139,00000.0477,252551052.0,0000.04862,9437127791.0
2021-10-22T02:00:07.275Z,-USD,0000.04951,0000.05139,00000.0477,250165870.0,0000.04848,9449738111.0
2021-10-22T03:00:02.234Z,-USD,00000.0486,0000.05139,00000.0477,240873161.0,0000.04853,9456077443.0
2021-10-22T04:00:01.852Z,-USD,0000.04866,0000.05139,00000.0477,242040323.0,0000.04899,9466404780.0
2021-10-22T05:00:02.652Z,-USD,00000.0489,0000.05139,00000.0477,248472788.0,0000.04938,9478305899.0
2021-10-22T06:00:02.402Z,-USD,0000.04952,0000.05139,00000.0477,244713844.0,0000.04989,9484877586.0
2021-10-22T07:00:02.05Z,-USD,0000.04929,0000.05139,00000.0477,245198249.0,0000.04985,9490287816.0
2021-10-22T08:00:01.781Z,-USD,0000.04955,0000.05139,00000.0477,250758936.0,0000.04947,9499144177.0
2021-10-22T09:00:02.57Z,-USD,0000.04958,0000.05139,00000.0477,252721870.0,0000.05006,9505096988.0
2021-10-22T10:00:02.161Z,-USD,0000.04991,0000.05139,00000.0477,249261353.0,0000.04972,9508109340.0
2021-10-22T11:00:02.351Z,-USD,0000.05076,0000.05139,00000.0477,230436570.0,0000.04949,9511168043.0
2021-10-22T12:00:01.743Z,-USD,0000.04952,0000.05085,00000.0477,216449801.0,0000.04832,9523893961.0
2021-10-22T13:00:02.639Z,-USD,0000.04966,0000.05085,00000.0477,214499971.0,0000.04856,9532225516.0
2021-10-22T14:00:02.466Z,-USD,0000.04977,0000.05085,00000.0477,213788763.0,0000.04858,9545161832.0
2021-10-22T15:00:01.819Z,-USD,0000.04949,0000.05024,00000.0477,203617224.0,0000.04805,9555503922.0
2021-10-22T16:00:01.939Z,-USD,0000.04839,0000.05024,00000.0477,200463830.0,0000.04781,9566823762.0
2021-10-22T17:00:02.393Z,-USD,0000.04812,0000.05024,0000.04751,203597510.0,0000.04796,9579720125.0
2021-10-22T18:00:02.025Z,-USD,0000.04834,0000.05024,0000.04751,204984659.0,0000.04797,9586836305.0
2021-10-22T19:00:02.161Z,-USD,0000.04862,0000.05024,0000.04751,206843961.0,0000.04798,9594240970.0
2021-10-22T20:00:02.173Z,-USD,0000.04796,0000.05024,0000.04751,207749418.0,0000.04808,9606320623.0
2021-10-22T21:00:02.418Z,-USD,0000.04831,0000.05024,0000.04751,206185595.0,0000.04801,9613313925.0
2021-10-22T22:00:02.198Z,-USD,0000.04801,0000.05024,0000.04751,206711359.0,0000.04806,9621503482.0
2021-10-22T23:00:02.568Z,-USD,0000.04799,0000.05024,0000.04751,207150552.0,0000.04844,9628120685.0
2021-10-23T00:00:02.446Z,-USD,0000.04813,0000.05024,0000.04751,204131894.0,0000.04865,9633726788.0
2021-10-23T01:00:02.283Z,-USD,0000.04869,0000.05024,0000.04751,203205149.0,0000.04828,9276489391.0
2021-10-23T02:00:02.096Z,-USD,0000.04841,0000.05024,0000.04751,197340109.0,0000.04898,9283222324.0
2021-10-23T03:00:02.102Z,-USD,0000.04854,0000.05024,0000.04751,198797891.0,00000.0488,9291004332.0
2021-10-23T04:00:02.17Z,-USD,00000.0491,0000.05024,0000.04751,201595663.0,0000.04865,9304417797.0
2021-10-23T05:00:02.322Z,-USD,0000.04937,0000.05024,0000.04751,195489987.0,0000.04926,9310013220.0
2021-10-23T06:00:02.227Z,-USD,0000.04989,000000.052,00000.0467,256190895.0,0000.04891,9377247663.0
2021-10-23T07:00:02.1Z,-USD,0000.04987,000000.052,00000.0467,261826990.0,0000.04842,9388236295.0
2021-10-23T08:00:01.833Z,-USD,0000.04939,000000.052,00000.0467,256969354.0,0000.04928,9392313904.0
2021-10-23T09:00:01.76Z,-USD,0000.05005,000000.052,00000.0467,252927144.0,0000.04913,9394155941.0
2021-10-23T10:00:02.585Z,-USD,0000.04972,000000.052,00000.0467,251977065.0,0000.04866,9396233931.0
2021-10-23T11:00:01.767Z,-USD,0000.04947,000000.052,00000.0467,250323118.0,0000.04839,9397634568.0
2021-10-23T12:00:02.463Z,-USD,0000.04829,000000.052,00000.0467,244477729.0,0000.04834,9404673828.0
2021-10-23T13:00:02.387Z,-USD,0000.04848,000000.052,00000.0467,240426096.0,0000.04843,9409054189.0
2021-10-23T14:00:02.271Z,-USD,0000.04853,000000.052,00000.0467,233635820.0,0000.04828,9414961967.0
2021-10-31T18:00:08.706Z,-USD,0000.04558,000000.056,000000.044,1395595477.0,0000.05422,11829990452.0
2021-10-31T19:00:01.791Z,-USD,0000.04568,0000000.06,000000.044,1865099877.0,0000.05957,12315601386.0
2021-10-31T20:00:01.778Z,-USD,0000.04676,000000.061,000000.044,2226542171.0,0000.04947,12696224932.0
2021-10-31T21:00:02.684Z,-USD,0000.04681,000000.061,000000.044,2312603170.0,0000.05136,12803259656.0
2021-10-31T22:00:01.709Z,-USD,0000.04624,000000.061,000000.044,2333894760.0,00000.0506,12856613187.0
2021-10-31T23:00:03.094Z,-USD,0000.04478,000000.061,000000.044,2392309081.0,0000.04971,12949047579.0
2021-11-01T00:00:04.868Z,-USD,0000.04517,000000.061,0000.04468,2406479931.0,0000.04853,12992950173.0
2021-11-01T01:00:04.338Z,-USD,0000.04536,000000.061,0000.04468,2453014944.0,0000.05094,12847966980.0
2021-11-01T02:00:03.854Z,-USD,0000.04512,000000.061,0000.04468,2486907532.0,0000.04825,12905147911.0
2021-11-01T03:00:03.703Z,-USD,0000.04507,000000.061,0000.04491,2530498983.0,0000.04792,12965989940.0
2021-11-01T04:00:13.388Z,-USD,00000.0465,000000.061,0000.04564,2557909700.0,0000.04924,13014601527.0
2021-11-01T05:00:07.284Z,-USD,0000.04585,000000.061,0000.04564,2574931600.0,0000.05042,13045233627.0
2021-11-01T06:00:06.049Z,-USD,0000.04591,000000.061,0000.04564,2587678026.0,0000.04945,13065253799.0
2021-11-01T07:00:06.388Z,-USD,0000.04591,000000.061,0000.04576,2600712514.0,0000.05009,13082662297.0
2021-11-01T08:00:02.266Z,-USD,0000.04599,000000.061,00000.0459,2608247945.0,00000.0503,13095896087.0
2021-11-01T09:00:01.782Z,-USD,00000.0465,000000.061,00000.0459,2608192471.0,0000.04964,13111152348.0
2021-11-01T10:00:02.202Z,-USD,0000.04647,000000.061,00000.0462,2606415094.0,00000.0502,13126362960.0
2021-11-01T11:00:03.213Z,-USD,00000.0467,000000.061,00000.0462,2603539466.0,0000.04949,13140298969.0
2021-11-01T12:00:02.513Z,-USD,0000.05019,000000.061,00000.0462,2537541028.0,0000.04988,13162897414.0
2021-11-01T13:00:02.256Z,-USD,00000.0471,000000.061,0000.04688,2281795164.0,0000.04903,13193614339.0
2021-11-01T14:00:02.194Z,-USD,0000.05521,000000.061,0000.04731,2133732477.0,0000.04951,13237765946.0
2021-11-01T15:00:02.248Z,-USD,0000.05367,000000.061,0000.04731,1990659375.0,0000.04909,13268117946.0
2021-11-01T16:00:01.801Z,-USD,0000.05157,000000.061,0000.04731,1909845896.0,0000.04902,13299528008.0
2021-11-01T17:00:03.98Z,-USD,0000.05164,000000.061,0000.04731,1861864163.0,0000.04833,13324971702.0
2021-11-01T18:00:02.944Z,-USD,0000.05419,000000.061,0000.04731,1731910888.0,0000.04883,13358193738.0
2021-11-01T19:00:02.167Z,-USD,0000.05926,000000.061,0000.04731,1279081957.0,0000.04994,13394520273.0
2021-11-01T20:00:02.283Z,-USD,0000.04947,0000.05216,0000.04731,950179332.0,0000.05036,13442492781.0
2021-11-01T21:00:02.427Z,-USD,0000.05143,0000.05198,0000.04731,868538667.0,00000.0493,13465952603.0
2021-11-01T22:00:02.478Z,-USD,0000.05063,0000.05195,0000.04731,849384553.0,0000.04928,13500571035.0
2021-11-01T23:00:03.419Z,-USD,0000.04974,0000.05195,0000.04731,773421961.0,0000.04955,13516440297.0
2021-11-02T00:00:01.929Z,-USD,00000.0485,0000.05195,0000.04731,746072416.0,0000.04922,13533408513.0
2021-11-02T01:00:01.873Z,-USD,0000.05091,0000.05141,0000.04731,700978501.0,00000.0488,13371170836.0
2021-11-02T02:00:01.986Z,-USD,0000.04804,0000.05096,0000.04731,671373318.0,0000.04891,13397238882.0
2021-11-02T03:00:01.903Z,-USD,0000.04795,0000.05096,0000.04731,636676932.0,0000.04931,13420230554.0
2021-11-02T04:00:02.082Z,-USD,0000.04913,0000.05096,0000.04766,616659950.0,0000.04962,13448969298.0
2021-11-02T05:01:03.096Z,-USD,0000.04948,0000.05096,0000.04766,583151269.0,0000.04946,13465770249.0
2021-11-02T06:00:02.166Z,-USD,0000.04948,0000.05248,0000.04766,612375042.0,0000.05006,13494994022.0
2021-11-02T07:00:01.91Z,-USD,0000.05009,0000.05248,0000.04766,605437147.0,0000.04964,13505561075.0
2021-11-02T08:00:01.852Z,-USD,0000.05038,0000.05248,0000.04766,602913933.0,0000.04934,13516198501.0
2021-11-02T09:00:01.775Z,-USD,0000.04964,0000.05248,0000.04766,593433207.0,0000.04925,13521902039.0
2021-11-02T10:00:01.714Z,-USD,0000.05009,0000.05248,0000.04766,587734107.0,0000.05042,13531456542.0
2021-11-02T11:00:04.183Z,-USD,0000.04951,0000.05248,0000.04766,592331416.0,0000.05049,13550127876.0
2021-11-02T12:00:01.711Z,-USD,0000.04983,0000.05248,0000.04766,586379433.0,0000.05055,13568204511.0
2021-11-02T13:00:02.582Z,-USD,0000.04896,0000.05248,0000.04766,578814183.0,0000.04997,13590295153.0
2021-11-02T14:00:02.686Z,-USD,0000.04946,0000.05248,000000.048,567741416.0,0000.05062,13623269930.0
2021-11-02T15:00:02.009Z,-USD,0000.04918,0000.05248,000000.048,572082906.0,0000.05035,13657948855.0
2021-11-02T16:00:02.22Z,-USD,0000.04902,0000.05248,0000.04807,571925667.0,0000.05092,13688828097.0
2021-11-02T17:00:03.37Z,-USD,0000.04831,0000.05248,0000.04824,590460099.0,0000.05013,13733055115.0
2021-11-02T18:00:02.126Z,-USD,00000.0488,0000.05248,0000.04825,583953240.0,0000.05028,13759627833.0
2021-11-02T19:00:02.42Z,-USD,0000.04996,0000.05248,0000.04844,567108233.0,0000.05089,13779729550.0
2021-11-02T20:00:01.771Z,-USD,0000.05034,0000.05248,0000.04844,538600053.0,0000.05081,13798876145.0
2021-11-02T21:00:01.886Z,-USD,0000.04935,0000.05248,0000.04844,560501736.0,0000.05122,13843926385.0
2021-11-02T22:00:02.016Z,-USD,0000.04931,0000.05248,00000.0485,567852794.0,0000.05181,13885744961.0
2021-11-02T23:00:02.751Z,-USD,0000.04958,0000.05248,00000.0485,579328744.0,0000.05127,13913111684.0
2021-11-03T00:00:02.489Z,-USD,0000.04909,00000.0554,00000.0485,638505237.0,0000.05405,13989491275.0
2021-11-03T01:00:02.616Z,-USD,0000.04878,00000.0582,00000.0485,814350471.0,0000.05516,13729689752.0
2021-11-03T02:00:02.352Z,-USD,0000.04889,00000.0582,00000.0485,859347575.0,0000.05263,13800671170.0
2021-11-03T03:00:02.521Z,-USD,0000.04933,00000.0582,00000.0485,888084364.0,00000.0548,13852480381.0
2021-11-03T04:00:02.703Z,-USD,0000.04958,0000.05892,000000.049,973944429.0,0000.05561,13967009301.0
2021-11-03T05:00:03.72Z,-USD,0000.04946,0000.05892,0000.04919,1015255242.0,0000.05322,14025078147.0
2021-11-03T06:00:02.825Z,-USD,0000.05003,0000.05892,0000.04921,1008070408.0,00000.0543,14047258045.0
2021-11-03T07:00:01.666Z,-USD,0000.04965,0000.05892,0000.04921,1027445317.0,0000.05416,14077280613.0
2021-11-03T08:00:02.667Z,-USD,0000.04933,0000.05892,0000.04921,1039154025.0,0000.05683,14099433991.0
2021-11-03T09:00:02.682Z,-USD,0000.04926,0000.05892,0000.04922,1058892721.0,0000.05671,14124891208.0
2021-11-03T10:00:02.489Z,-USD,0000.05044,0000.05892,00000.0495,1077629447.0,0000.05559,14153388496.0
2021-11-03T11:00:04.508Z,-USD,0000.05044,0000.05892,00000.0495,1079980796.0,0000.05489,14174265019.0
2021-11-03T12:00:01.942Z,-USD,0000.05019,0000.05892,00000.0495,1086221634.0,0000.05407,14200597724.0
2021-11-03T13:00:01.863Z,-USD,0000.05009,0000.05892,00000.0495,1120372404.0,00000.0566,14255211579.0
2021-11-03T14:00:01.998Z,-USD,0000.05059,0000.05892,00000.0496,1158956942.0,0000.05417,14326357541.0
2021-11-03T15:00:02.207Z,-USD,0000.05028,0000.05892,00000.0496,1192940709.0,0000.05845,14395009109.0
2021-11-03T16:00:01.68Z,-USD,0000.05088,0000000.06,00000.0496,1329059818.0,0000.05756,14562444858.0
2021-11-03T17:00:03.277Z,-USD,0000.05026,0000000.06,0000.04975,1348277732.0,00000.0593,14625487620.0
2021-11-03T18:00:01.882Z,-USD,0000.05038,0000.06232,0000.05028,1516922446.0,0000.06071,14820688533.0
2021-11-03T19:00:02.278Z,-USD,00000.0509,0000.06499,0000.05036,1755507768.0,0000.06466,15079550864.0
2021-11-03T20:00:02.568Z,-USD,0000.05079,0000.06499,0000.05063,1956017293.0,0000.06163,15299073115.0
2021-11-03T21:00:01.933Z,-USD,0000.05123,0000000.07,0000.05092,2214900693.0,0000.06787,15603167366.0
