Coin on file:	BAT
Created by:	chris
Created on:	09/18/2021T03:00:1631948402Z

Recorded,Currency,Open,High,Low,Volume,Last,Volume30day
2021-09-18T03:00:02.659Z,-USD,000000.769,0000000.78,000000.739,2252647.11,000000.754,96698535.99
2021-09-18T04:00:01.983Z,-USD,000000.775,0000000.78,000000.739,2200832.18,000000.756,96725108.58
2021-09-18T05:00:02.052Z,-USD,000000.776,0000000.78,000000.739,2149267.45,000000.763,96742275.25
2021-09-18T06:00:02.083Z,-USD,000000.777,0000000.78,000000.739,2135536.99,000000.769,96773499.58
2021-09-18T07:00:02.385Z,-USD,000000.777,0000000.78,000000.739,2133462.48,000000.767,96821142.09
2021-09-18T08:00:02.626Z,-USD,000000.767,000000.777,000000.739,2138901.19,000000.772,96868390.32
2021-09-18T09:00:01.852Z,-USD,000000.776,000000.777,000000.739,02120547.5,000000.769,96912108.45
2021-09-18T10:00:01.968Z,-USD,000000.764,000000.774,000000.739,2132336.65,000000.768,96947220.94
2021-09-18T11:00:02.344Z,-USD,000000.755,000000.774,000000.739,1823624.98,000000.765,96958426.34
2021-09-18T12:00:02.46Z,-USD,0000000.75,000000.774,000000.739,1801229.04,000000.759,96991891.69
2021-09-18T13:00:02.675Z,-USD,000000.755,000000.774,000000.739,1989290.63,000000.763,97253759.98
2021-09-18T14:00:01.88Z,-USD,000000.747,000000.774,000000.739,2088859.58,000000.765,97424748.29
2021-09-18T14:27:57.952Z,-USD,000000.757,000000.774,000000.739,2016714.16,000000.767,97438574.54
2021-09-18T14:28:37.246Z,-USD,000000.757,000000.774,000000.739,2016897.56,000000.767,97438757.94
2021-09-18T14:31:17.504Z,-USD,000000.757,000000.774,000000.739,2024262.68,000000.767,97446123.06
2021-09-18T15:00:02.118Z,-USD,000000.757,000000.774,000000.739,2052951.09,000000.765,97474811.47
2021-09-18T16:00:02.322Z,-USD,000000.755,000000.774,000000.739,1874268.28,000000.763,97556996.46
2021-09-18T17:00:02.107Z,-USD,0000000.76,000000.774,000000.739,01868288.2,0000000.76,97591602.07
2021-09-18T18:00:07.221Z,-USD,000000.752,000000.774,000000.739,1820983.37,000000.762,97621863.24
2021-09-18T19:00:01.787Z,-USD,000000.749,000000.774,000000.739,1687548.64,000000.759,97647463.65
2021-09-18T20:00:02.515Z,-USD,000000.752,000000.774,000000.739,1782687.06,000000.759,97781527.5
2021-09-18T21:00:02.121Z,-USD,000000.742,000000.774,000000.739,1867521.38,000000.749,97911505.74
2021-09-18T22:00:02.335Z,-USD,000000.748,000000.774,000000.739,1781421.46,000000.743,98054916.36
2021-09-18T23:00:01.768Z,-USD,000000.742,000000.774,000000.741,1723471.18,000000.749,98116908.75
2021-09-19T00:00:02.394Z,-USD,000000.751,000000.774,000000.741,1737718.36,000000.756,98176245.07
2021-09-19T01:00:02.002Z,-USD,000000.754,000000.774,000000.741,1689483.47,000000.743,95400663.33
2021-09-19T02:00:02.019Z,-USD,000000.754,000000.774,000000.741,01649104.1,000000.747,95454808.99
2021-09-19T03:00:02.664Z,-USD,000000.754,000000.774,000000.741,1588220.39,000000.748,95475087.06
2021-09-19T04:00:02.654Z,-USD,000000.758,000000.774,0000000.74,1642447.57,000000.741,95557225.74
2021-09-19T05:00:02.407Z,-USD,000000.762,000000.774,0000000.74,1653666.03,000000.742,95584304.13
2021-09-19T06:00:02.187Z,-USD,000000.769,000000.774,0000000.74,1667253.71,000000.748,95629064.62
2021-09-19T07:00:02.005Z,-USD,000000.771,000000.774,0000000.74,1637508.31,000000.749,95647771.69
2021-09-19T08:00:02.143Z,-USD,000000.774,000000.774,0000000.74,1613410.81,0000000.75,95670303.42
2021-09-19T09:00:01.925Z,-USD,000000.769,0000000.77,0000000.74,1633792.32,000000.753,95734213.28
2021-09-19T10:00:01.868Z,-USD,000000.768,0000000.77,0000000.74,1622010.39,000000.753,95757554.96
2021-09-19T11:00:02.48Z,-USD,000000.766,0000000.77,0000000.74,1626977.25,000000.748,95773717.73
2021-09-19T12:00:02.523Z,-USD,000000.761,000000.769,000000.731,1775813.76,000000.734,95956825.0
2021-09-19T13:00:02.684Z,-USD,000000.763,000000.769,000000.731,1576986.33,000000.739,96019113.1
2021-09-19T14:00:02.607Z,-USD,000000.765,000000.769,000000.731,1468805.97,0000000.74,96082825.72
2021-09-19T15:00:02.684Z,-USD,000000.765,000000.766,000000.731,1437799.07,000000.742,96103987.29
2021-09-19T16:00:02.634Z,-USD,000000.764,000000.765,000000.731,1388558.12,000000.743,96139716.89
2021-09-19T17:00:02.62Z,-USD,000000.759,000000.762,000000.731,1400207.41,000000.745,96180171.57
2021-09-19T18:00:01.7Z,-USD,000000.761,000000.762,000000.731,1408265.16,000000.737,96218643.74
2021-09-19T19:00:01.839Z,-USD,000000.759,0000000.76,000000.731,1396966.26,000000.743,96234059.25
2021-09-19T20:00:01.841Z,-USD,000000.758,000000.758,000000.731,1298796.73,000000.737,96268698.18
2021-09-19T21:00:02.299Z,-USD,000000.747,000000.756,000000.731,1220331.54,000000.746,96320177.35
2021-09-19T22:00:02.24Z,-USD,000000.743,000000.756,000000.731,01106439.2,000000.742,96350754.66
2021-09-19T23:00:02.396Z,-USD,0000000.75,000000.756,000000.725,1206072.88,000000.729,96511298.42
2021-09-20T00:00:01.696Z,-USD,000000.755,000000.756,000000.725,1276922.61,000000.738,96641509.75
2021-09-20T01:00:01.876Z,-USD,000000.742,000000.754,000000.719,1559534.98,000000.722,95047542.01
2021-09-20T02:00:02.151Z,-USD,000000.747,000000.754,000000.719,1593512.61,000000.729,95135265.35
2021-09-20T03:00:02.274Z,-USD,000000.748,000000.754,000000.703,1780215.93,000000.704,95341997.1
2021-09-20T04:00:02.153Z,-USD,000000.741,000000.754,000000.688,2037979.94,000000.696,95683455.82
2021-09-20T05:00:01.965Z,-USD,000000.743,000000.754,000000.686,2360413.74,000000.699,96031424.73
2021-09-20T06:00:01.919Z,-USD,0000000.75,000000.754,000000.686,2432938.22,000000.698,96148690.54
2021-09-20T07:00:02.042Z,-USD,000000.749,000000.754,000000.677,2931656.14,0000000.69,96666346.43
2021-09-20T08:00:02.121Z,-USD,0000000.75,000000.754,000000.674,3201749.75,000000.677,96958818.29
2021-09-20T09:00:01.892Z,-USD,000000.752,000000.754,000000.674,3208908.84,000000.684,97030038.47
2021-09-20T10:00:01.701Z,-USD,000000.753,000000.754,000000.674,3252728.03,000000.676,97097226.26
2021-09-20T11:00:02.361Z,-USD,000000.748,000000.749,000000.672,3336333.74,000000.677,97196837.67
2021-09-20T12:00:02.361Z,-USD,000000.732,000000.749,000000.644,3753627.64,000000.655,97798134.38
2021-09-20T13:00:02.403Z,-USD,000000.739,000000.749,000000.631,4160417.04,000000.654,98266297.67
2021-09-20T14:00:02.73Z,-USD,0000000.74,000000.749,000000.631,4320903.54,000000.666,98490420.61
2021-09-20T15:00:01.832Z,-USD,000000.741,000000.749,000000.631,4504823.41,000000.664,98695633.04
2021-09-20T16:00:02.357Z,-USD,000000.742,000000.749,000000.631,04662184.7,000000.672,98888675.55
2021-09-20T17:00:02.536Z,-USD,000000.746,000000.749,000000.631,4710418.29,000000.669,98978935.33
2021-09-20T18:00:02.544Z,-USD,000000.736,000000.749,000000.631,04865668.0,000000.673,99171142.33
2021-09-20T19:00:02.469Z,-USD,000000.743,000000.749,000000.631,4943107.19,000000.655,99263866.05
2021-09-20T20:00:02.434Z,-USD,000000.735,000000.749,000000.631,5120791.63,0000000.66,99476209.92
2021-09-20T21:00:02.46Z,-USD,000000.746,000000.749,000000.631,5240255.77,000000.653,99647480.65
2021-09-20T22:00:02.44Z,-USD,000000.744,000000.746,000000.631,5285451.91,000000.657,99725488.62
2021-09-20T23:00:02.52Z,-USD,000000.729,000000.742,000000.631,5212880.22,000000.655,99810898.24
2021-09-21T00:00:02.956Z,-USD,000000.739,000000.741,000000.631,05269526.3,0000000.65,99997757.65
2021-09-21T01:00:02.191Z,-USD,000000.721,000000.729,000000.617,5279930.27,000000.632,92019035.15
2021-09-21T02:00:01.777Z,-USD,000000.729,000000.729,000000.617,5416086.85,000000.653,92241289.55
2021-09-21T03:00:02.103Z,-USD,000000.703,000000.708,000000.617,5357383.24,000000.661,92392636.9
2021-09-21T04:00:02.34Z,-USD,000000.693,000000.701,000000.617,5088333.89,000000.656,92463748.25
2021-09-21T05:00:02.612Z,-USD,000000.699,000000.701,000000.617,4832454.04,000000.646,92553856.01
2021-09-21T06:00:02.518Z,-USD,000000.697,000000.701,000000.617,04842227.1,000000.649,92680855.75
2021-09-21T07:00:02.272Z,-USD,0000000.69,000000.694,000000.617,4342449.14,000000.657,92713563.05
2021-09-21T08:00:02.419Z,-USD,0000000.68,000000.689,000000.617,4102522.79,000000.666,92751972.79
2021-09-21T09:00:02.545Z,-USD,000000.682,000000.689,000000.617,4060591.38,000000.667,92781409.66
2021-09-21T10:00:02.395Z,-USD,000000.676,000000.687,000000.617,4031911.74,000000.663,92821602.68
2021-09-21T11:00:02.6Z,-USD,000000.676,000000.685,000000.617,4034702.85,000000.667,92921671.29
2021-09-21T12:00:02.507Z,-USD,000000.654,000000.685,000000.617,3487706.49,000000.671,92975888.06
2021-09-21T13:00:02.679Z,-USD,000000.654,000000.685,000000.617,03089262.7,000000.668,93046046.56
2021-09-21T14:00:01.857Z,-USD,000000.667,000000.685,000000.617,2945265.49,000000.664,93125640.47
2021-09-21T15:00:02.144Z,-USD,000000.665,000000.685,000000.617,3121704.72,0000000.65,93508437.54
2021-09-21T16:00:02.617Z,-USD,000000.672,000000.676,000000.617,02962909.4,000000.658,93542180.26
2021-09-21T17:00:03.462Z,-USD,0000000.67,000000.676,000000.617,3108560.88,000000.648,93778980.32
2021-09-21T18:00:01.824Z,-USD,000000.674,000000.675,000000.617,3147201.48,0000000.64,94019639.88
2021-09-21T19:00:02.438Z,-USD,000000.656,000000.675,000000.617,3183805.48,000000.641,94137644.48
2021-09-21T20:00:02.298Z,-USD,0000000.66,000000.675,000000.617,3096193.84,000000.635,94262431.01
2021-09-21T21:00:01.766Z,-USD,000000.655,000000.675,000000.615,3414084.46,000000.617,94752115.85
2021-09-21T22:00:02.225Z,-USD,000000.658,000000.675,000000.598,3654462.91,000000.624,95070267.36
2021-09-21T23:00:02.124Z,-USD,000000.655,000000.675,000000.598,3699615.06,000000.604,95204127.21
2021-09-22T00:00:02.323Z,-USD,000000.652,000000.675,000000.598,3639776.22,000000.606,95328903.89
2021-09-22T01:00:02.686Z,-USD,000000.634,000000.675,000000.595,3471461.15,000000.602,90808218.31
2021-09-22T02:00:01.838Z,-USD,000000.652,000000.675,000000.595,3605965.52,000000.623,91163202.16
2021-09-22T03:00:02.496Z,-USD,0000000.66,000000.675,000000.595,3653266.99,000000.626,91362765.65
2021-09-22T04:00:01.855Z,-USD,000000.654,000000.675,000000.595,3639725.05,000000.624,91419280.79
2021-09-22T05:00:01.961Z,-USD,000000.646,000000.675,000000.595,03602548.9,0000000.62,91472087.08
2021-09-22T06:00:02.356Z,-USD,000000.651,000000.675,000000.595,3519623.09,000000.631,91516272.98
2021-09-22T07:00:02.359Z,-USD,000000.658,000000.675,000000.595,3546075.15,000000.639,91575561.07
2021-09-22T08:00:02.458Z,-USD,000000.665,000000.675,000000.595,3542270.66,000000.646,91609887.29
2021-09-22T09:00:03.657Z,-USD,000000.669,000000.675,000000.595,3547303.92,000000.642,91645389.12
2021-09-22T10:00:01.805Z,-USD,000000.665,000000.675,000000.595,3543739.94,000000.649,91681034.97
2021-09-22T11:00:02.368Z,-USD,000000.669,000000.675,000000.595,3518634.06,000000.643,91756057.41
2021-09-22T12:00:02.378Z,-USD,0000000.67,000000.675,000000.595,3507876.38,000000.638,91799485.5
2021-09-22T13:00:02.638Z,-USD,000000.666,000000.668,000000.595,3475548.09,000000.645,91837235.52
2021-09-22T14:00:01.835Z,-USD,000000.663,000000.663,000000.595,3473081.59,000000.647,91914362.69
2021-09-22T15:00:01.945Z,-USD,000000.651,000000.663,000000.595,03154340.1,000000.654,91978517.7
2021-09-22T16:00:02.268Z,-USD,0000000.66,000000.667,000000.595,3329710.35,000000.667,92187680.67
2021-09-22T17:00:02.156Z,-USD,000000.647,000000.673,000000.595,3271891.02,000000.672,92367582.59
2021-09-22T18:00:02.557Z,-USD,000000.642,000000.674,000000.595,3238025.05,000000.667,92598406.86
2021-09-22T19:00:02.158Z,-USD,000000.642,000000.683,000000.595,3320034.92,0000000.67,92773320.24
2021-09-22T20:00:02.676Z,-USD,000000.633,000000.683,000000.595,3346903.53,000000.679,92926639.86
2021-09-22T21:00:01.933Z,-USD,000000.615,000000.684,000000.595,02937910.6,000000.684,93030702.23
2021-09-22T22:00:02.514Z,-USD,000000.622,000000.687,000000.595,2721689.83,000000.682,93113962.42
2021-09-22T23:00:02.005Z,-USD,000000.605,000000.687,000000.595,2637043.31,000000.686,93159177.53
2021-09-23T00:00:03.545Z,-USD,000000.607,000000.687,000000.595,2555403.18,000000.687,93199947.35
2021-09-23T01:00:02.49Z,-USD,000000.603,000000.689,000000.599,02491446.8,000000.679,88879357.04
2021-09-23T02:00:02.357Z,-USD,000000.624,000000.689,000000.618,2186873.01,000000.689,88930430.54
2021-09-23T03:00:02.712Z,-USD,000000.623,000000.695,000000.618,2052839.07,000000.693,88998092.81
2021-09-23T04:00:01.926Z,-USD,000000.621,000000.698,000000.618,2082385.21,000000.697,89081494.76
2021-09-23T05:00:02.221Z,-USD,000000.621,000000.699,000000.621,2092553.68,000000.695,89144998.86
2021-09-23T06:00:02.32Z,-USD,0000000.63,000000.699,000000.622,2118005.95,000000.692,89214099.71
2021-09-23T07:00:03.134Z,-USD,000000.641,00000000.7,000000.635,2088661.23,00000000.7,89247070.84
2021-09-23T08:00:02.122Z,-USD,000000.648,000000.704,000000.635,2105347.73,000000.701,89295295.54
2021-09-23T09:00:02.3Z,-USD,000000.642,000000.704,000000.635,2114433.22,000000.696,89339918.24
2021-09-23T10:00:02.464Z,-USD,0000000.65,000000.708,000000.635,2231013.21,000000.701,89493541.95
2021-09-23T11:00:05.825Z,-USD,000000.643,000000.708,000000.635,2261450.35,000000.693,89598073.93
2021-09-23T12:00:02.063Z,-USD,0000000.64,000000.708,000000.639,2251091.74,000000.686,89630237.59
2021-09-23T13:00:02.551Z,-USD,000000.645,000000.708,000000.643,02286406.6,000000.685,89704352.57
2021-09-23T14:00:01.849Z,-USD,000000.649,000000.708,000000.647,2472931.54,000000.702,89966959.06
2021-09-23T15:00:02.469Z,-USD,000000.654,000000.719,000000.653,2724406.28,000000.715,90284611.07
2021-09-23T16:00:01.835Z,-USD,000000.667,000000.719,000000.659,2656295.31,000000.701,90423806.97
2021-09-23T17:00:02.388Z,-USD,000000.672,000000.719,000000.659,2633835.11,000000.698,90581219.43
2021-09-23T18:00:01.982Z,-USD,000000.666,000000.719,000000.665,2509116.81,000000.708,90687309.21
2021-09-23T19:00:01.805Z,-USD,000000.673,000000.719,000000.669,02425240.9,000000.713,90778786.59
2021-09-23T20:00:02.516Z,-USD,000000.678,000000.719,000000.673,2422867.84,000000.706,90929217.87
2021-09-23T21:00:02.25Z,-USD,000000.683,000000.719,000000.674,2380670.57,000000.706,90991034.06
2021-09-23T22:00:02.175Z,-USD,000000.681,000000.719,000000.674,2342672.66,000000.703,91037660.41
2021-09-23T23:00:01.951Z,-USD,000000.686,000000.719,000000.674,2382226.29,000000.698,91121105.79
2021-09-24T00:00:02.48Z,-USD,000000.685,000000.719,000000.674,2398316.76,000000.703,91178325.65
2021-09-24T01:00:02.228Z,-USD,000000.677,000000.719,000000.674,2394751.59,000000.701,88239302.5
2021-09-24T02:00:02.084Z,-USD,000000.689,000000.719,000000.682,2382454.87,000000.695,88277420.36
2021-09-24T03:00:01.973Z,-USD,000000.694,000000.719,000000.682,02361905.7,000000.694,88329700.31
2021-09-24T04:00:02.45Z,-USD,000000.698,000000.719,000000.682,2463591.62,000000.688,88509560.0
2021-09-24T05:00:02.206Z,-USD,000000.694,000000.719,000000.682,2437545.69,000000.689,88547073.81
2021-09-24T06:00:02.643Z,-USD,000000.691,000000.719,000000.678,2420231.64,000000.685,88598794.76
2021-09-24T07:00:02.623Z,-USD,00000000.7,000000.719,000000.678,02449100.2,0000000.68,88660748.48
2021-09-24T08:00:01.884Z,-USD,000000.702,000000.719,000000.678,2436107.17,000000.689,88696774.92
2021-09-24T09:00:02.126Z,-USD,000000.695,000000.719,000000.678,2514519.79,000000.681,88820843.75
2021-09-24T10:00:02.248Z,-USD,000000.699,000000.719,000000.638,2738615.79,0000000.64,89197575.14
2021-09-24T11:00:02.663Z,-USD,000000.691,000000.719,000000.631,2793650.92,000000.635,89356184.12
2021-09-24T12:00:02.133Z,-USD,000000.686,000000.719,000000.613,3014118.75,000000.637,89609047.41
2021-09-24T13:00:02.817Z,-USD,000000.685,000000.719,000000.613,3043832.86,000000.624,89712775.83
2021-09-24T14:00:02.591Z,-USD,000000.703,000000.719,000000.613,2977971.68,000000.639,89909802.57
2021-09-24T15:00:02.124Z,-USD,000000.715,000000.715,000000.613,2890987.25,000000.645,90140068.58
2021-09-24T16:00:01.961Z,-USD,00000000.7,000000.714,000000.613,2870953.97,000000.643,90260529.02
2021-09-24T17:00:02.316Z,-USD,000000.701,000000.714,000000.613,2817822.02,000000.645,90370888.3
2021-09-24T18:00:02.431Z,-USD,0000000.71,000000.714,000000.613,2868977.47,0000000.64,90522366.15
2021-09-24T19:00:02.41Z,-USD,000000.713,000000.714,000000.613,2876390.21,000000.644,90619771.03
2021-09-24T20:00:01.732Z,-USD,000000.707,000000.708,000000.613,2773018.52,000000.647,90666761.81
2021-09-24T21:00:02.101Z,-USD,000000.705,000000.707,000000.613,2767912.39,000000.659,90724648.08
2021-09-24T22:00:02.204Z,-USD,000000.703,000000.707,000000.613,2829792.49,000000.659,90831970.14
2021-09-24T23:00:01.997Z,-USD,000000.699,000000.706,000000.613,2786380.29,000000.661,90871956.55
2021-09-25T00:00:02.169Z,-USD,000000.702,000000.706,000000.613,2792717.31,000000.654,90935508.14
2021-09-25T01:00:02.578Z,-USD,000000.702,000000.705,000000.613,2732002.01,000000.657,88558970.06
2021-09-25T02:00:01.928Z,-USD,000000.697,000000.698,000000.613,2743756.97,000000.653,88608918.14
2021-09-25T03:00:01.987Z,-USD,000000.693,000000.696,000000.613,2737586.46,000000.649,88654041.27
2021-09-25T04:00:02.605Z,-USD,000000.687,000000.694,000000.613,2595574.35,000000.654,88691892.44
2021-09-25T05:00:02.68Z,-USD,000000.688,000000.694,000000.613,2586297.38,000000.654,88721352.31
2021-09-25T06:00:02.668Z,-USD,000000.685,000000.694,000000.613,2575694.89,0000000.65,88761246.25
2021-09-25T07:00:01.846Z,-USD,000000.682,000000.694,000000.613,2676402.02,000000.657,88923904.86
2021-09-25T08:00:01.884Z,-USD,000000.688,000000.694,000000.613,2902423.61,000000.644,89186840.33
2021-09-25T09:00:02.034Z,-USD,000000.682,000000.682,000000.613,2858238.28,000000.645,89266832.84
2021-09-25T10:00:01.83Z,-USD,000000.637,000000.664,000000.613,2554484.02,000000.651,89340016.35
2021-09-25T11:00:02.586Z,-USD,000000.634,000000.664,000000.613,2426429.73,000000.648,89369512.82
2021-09-25T12:00:02.497Z,-USD,000000.635,000000.664,000000.615,2219449.68,000000.644,89415520.95
2021-09-25T13:00:02.182Z,-USD,000000.626,000000.664,000000.615,2166330.63,000000.644,89466945.97
2021-09-25T14:00:02.678Z,-USD,000000.639,000000.664,000000.629,02007727.0,000000.649,89504533.07
2021-09-25T15:00:02.678Z,-USD,000000.646,000000.664,000000.629,1834221.33,0000000.64,89562352.95
2021-09-25T16:00:01.769Z,-USD,000000.641,000000.664,000000.629,1774344.32,000000.646,89621904.43
2021-09-25T17:00:02.512Z,-USD,000000.644,000000.664,000000.629,1747328.89,000000.642,89707447.58
2021-09-25T18:00:01.743Z,-USD,0000000.64,000000.664,000000.629,1652645.07,000000.641,89769898.79
2021-09-25T19:00:01.831Z,-USD,000000.643,000000.664,000000.629,1630601.57,000000.637,89837904.92
2021-09-25T20:00:02.078Z,-USD,000000.648,000000.664,000000.629,1636630.19,000000.643,89890267.2
2021-09-25T21:00:02.047Z,-USD,000000.659,000000.664,000000.629,1623762.26,000000.641,89935233.53
2021-09-25T22:00:01.967Z,-USD,0000000.66,000000.663,000000.629,1547207.88,0000000.64,89966005.31
2021-09-25T23:00:02.555Z,-USD,000000.661,000000.661,000000.629,1562232.71,000000.644,90021385.12
2021-09-26T00:00:01.749Z,-USD,000000.654,0000000.66,000000.629,1528969.79,000000.643,90051237.98
2021-09-26T01:00:01.825Z,-USD,000000.658,0000000.66,000000.627,1557658.15,0000000.63,88109110.15
2021-09-26T02:00:02.1Z,-USD,000000.652,0000000.66,000000.623,1619763.42,000000.627,88221175.03
2021-09-26T03:00:01.99Z,-USD,000000.651,0000000.66,000000.618,1644885.91,000000.621,88293335.15
2021-09-26T04:00:02.515Z,-USD,000000.654,0000000.66,000000.617,1672058.37,000000.624,88357611.58
2021-09-26T05:00:01.75Z,-USD,000000.655,000000.657,000000.617,1698285.97,000000.624,88412187.45
2021-09-26T06:00:02.535Z,-USD,0000000.65,000000.657,000000.617,1702686.15,000000.625,88456491.28
2021-09-26T07:00:02.664Z,-USD,000000.656,000000.656,000000.617,1670910.31,0000000.62,88587304.61
2021-09-26T08:00:02.631Z,-USD,000000.646,000000.655,000000.597,1551348.01,000000.604,88730670.32
2021-09-26T09:00:02.674Z,-USD,000000.643,000000.655,000000.596,1569882.98,000000.604,88830697.69
2021-09-26T10:00:01.845Z,-USD,000000.652,000000.655,000000.596,1626816.61,000000.635,88959586.44
2021-09-26T11:00:01.798Z,-USD,000000.649,000000.652,000000.596,1643538.29,000000.632,89006461.07
2021-09-26T12:00:02.079Z,-USD,000000.643,000000.652,000000.596,1668258.36,000000.637,89076261.27
2021-09-26T13:00:02.198Z,-USD,000000.643,000000.652,000000.596,1667131.23,000000.644,89129178.56
2021-09-26T14:00:02.218Z,-USD,000000.646,0000000.65,000000.596,1662430.04,000000.641,89159722.67
2021-09-26T15:00:02.375Z,-USD,000000.641,0000000.65,000000.596,1652367.44,000000.646,89213702.26
2021-09-26T16:00:02.518Z,-USD,000000.648,000000.649,000000.596,1671212.83,000000.648,89285870.88
2021-09-26T17:00:02.496Z,-USD,000000.642,0000000.65,000000.596,1645996.35,000000.646,89346392.56
2021-09-26T18:00:01.767Z,-USD,000000.639,0000000.65,000000.596,1662227.96,000000.647,89424610.3
2021-09-26T19:00:01.978Z,-USD,000000.638,000000.651,000000.596,1660627.57,000000.646,89491014.53
2021-09-26T20:00:02.12Z,-USD,000000.644,000000.657,000000.596,1687667.68,000000.653,89570592.24
2021-09-26T21:00:02.114Z,-USD,000000.641,000000.657,000000.596,1703416.13,000000.651,89631134.27
2021-09-26T22:00:02.208Z,-USD,000000.641,000000.657,000000.596,1733450.09,000000.649,89691970.59
2021-09-26T23:00:02.421Z,-USD,000000.645,000000.657,000000.596,1771074.68,000000.639,89786169.24
2021-09-27T00:00:02.585Z,-USD,000000.643,000000.657,000000.596,1876376.25,000000.637,89920872.81
2021-09-27T01:00:01.792Z,-USD,000000.633,000000.657,000000.596,1859034.45,000000.647,89014308.43
2021-09-27T02:00:01.815Z,-USD,000000.627,000000.657,000000.596,1815412.85,000000.652,89082776.57
2021-09-27T03:00:01.926Z,-USD,000000.619,000000.657,000000.596,01814460.3,000000.649,89154690.5
2021-09-27T04:00:02.541Z,-USD,000000.625,000000.657,000000.596,1801551.58,000000.645,89207523.7
2021-09-27T05:00:02.144Z,-USD,000000.625,000000.657,000000.596,1772949.56,000000.648,89231399.69
2021-09-27T06:00:02.117Z,-USD,000000.625,000000.657,000000.596,1769129.67,000000.651,89273037.87
2021-09-27T07:00:02.227Z,-USD,0000000.62,000000.657,000000.596,1656532.35,000000.646,89294775.6
2021-09-27T08:00:02.214Z,-USD,000000.605,000000.657,000000.596,1557538.54,000000.644,89334710.26
2021-09-27T09:00:02.262Z,-USD,000000.604,000000.657,000000.604,1468590.78,000000.645,89345597.11
2021-09-27T10:00:02.303Z,-USD,0000000.64,000000.657,000000.627,1389580.62,000000.638,89395328.51
2021-09-27T11:00:01.866Z,-USD,000000.631,000000.657,000000.629,01377860.5,000000.641,89431681.89
2021-09-27T12:00:01.882Z,-USD,0000000.64,000000.657,000000.629,1331356.49,000000.643,89454712.98
2021-09-27T13:00:02.11Z,-USD,000000.645,000000.657,000000.629,1312286.51,000000.641,89487750.79
2021-09-27T14:00:02.199Z,-USD,000000.642,000000.657,000000.629,1355805.38,000000.636,89562656.29
2021-09-27T15:00:02.738Z,-USD,000000.648,000000.657,000000.626,1435671.82,000000.627,89695574.82
2021-09-27T16:00:02.049Z,-USD,000000.649,000000.657,000000.626,1406422.07,000000.634,89741015.1
2021-09-27T17:00:02.063Z,-USD,000000.646,000000.657,000000.622,1421093.03,000000.625,89813654.68
2021-09-27T18:00:02.964Z,-USD,000000.646,000000.657,000000.621,1410982.09,000000.623,89883288.25
2021-09-27T19:00:02.296Z,-USD,000000.646,000000.657,000000.621,1447314.53,000000.624,89984683.75
2021-09-27T20:00:02.256Z,-USD,000000.652,000000.655,000000.621,1431883.58,000000.624,90050064.8
2021-09-27T21:00:02.424Z,-USD,000000.651,000000.654,000000.613,1470036.26,000000.616,90147357.02
2021-09-27T22:00:02.669Z,-USD,000000.649,000000.654,000000.613,1546939.99,000000.622,90285081.3
2021-09-27T23:00:01.766Z,-USD,000000.636,000000.654,000000.613,1525717.87,000000.621,90358310.39
2021-09-28T00:00:02.209Z,-USD,000000.639,000000.654,000000.607,1539483.53,000000.607,90507245.28
2021-09-28T01:00:02.458Z,-USD,000000.647,000000.654,000000.603,1612433.12,000000.608,89459807.85
2021-09-28T02:00:01.85Z,-USD,000000.652,000000.654,000000.602,1701747.49,000000.614,89617573.13
2021-09-28T03:00:01.975Z,-USD,0000000.65,000000.654,000000.602,1691878.07,000000.614,89680679.16
2021-09-28T04:00:02.216Z,-USD,000000.646,000000.654,000000.602,1754658.42,000000.613,89795263.18
2021-09-28T05:00:01.939Z,-USD,000000.648,000000.654,000000.602,1795231.72,000000.615,89859881.25
2021-09-28T06:00:02.042Z,-USD,000000.651,000000.654,000000.602,1821551.43,000000.609,89928127.47
2021-09-28T07:00:02.341Z,-USD,000000.647,0000000.65,000000.602,01895921.0,000000.607,90024273.77
2021-09-28T08:00:02.528Z,-USD,000000.642,000000.649,000000.598,1966951.13,00000000.6,90134654.0
2021-09-28T09:00:02.378Z,-USD,000000.645,000000.649,000000.597,2032615.35,000000.604,90211304.93
2021-09-28T10:00:02.386Z,-USD,000000.638,000000.645,000000.597,2051990.11,000000.599,90281227.89
2021-09-28T11:00:02.074Z,-USD,000000.643,000000.645,000000.593,02096556.0,000000.599,90361302.57
2021-09-28T12:00:02.338Z,-USD,000000.643,000000.645,000000.593,2151823.09,000000.606,90440683.82
2021-09-28T13:00:02.449Z,-USD,0000000.64,000000.644,000000.593,2178643.28,000000.599,90500244.45
2021-09-28T14:00:02.665Z,-USD,000000.635,000000.644,000000.593,2223541.63,000000.601,90619321.07
2021-09-28T15:00:01.936Z,-USD,000000.627,000000.635,0000000.59,2245110.27,000000.593,90773678.67
2021-09-28T16:00:02.569Z,-USD,000000.634,000000.635,000000.587,2290714.64,000000.588,90864722.5
2021-09-28T17:00:02.866Z,-USD,000000.627,0000000.63,000000.585,2489783.41,000000.586,91136976.63
2021-09-28T18:00:02.31Z,-USD,000000.624,000000.628,000000.581,2488686.92,000000.585,91205255.85
2021-09-28T19:00:02.452Z,-USD,000000.624,000000.627,000000.581,2652762.19,000000.589,91476218.92
2021-09-28T20:00:02.524Z,-USD,000000.622,000000.626,000000.581,2662464.42,000000.589,91546937.23
2021-09-28T21:00:02.277Z,-USD,000000.615,000000.626,000000.581,2655161.66,000000.591,91635545.63
2021-09-28T22:00:01.703Z,-USD,000000.621,000000.626,000000.581,2619397.34,000000.594,91737471.23
2021-09-28T23:00:02.446Z,-USD,000000.621,000000.622,000000.581,2596036.07,000000.589,91788498.77
2021-09-29T00:00:02.799Z,-USD,000000.608,000000.617,000000.579,2587646.15,0000000.58,91930793.98
2021-09-29T01:00:02.151Z,-USD,000000.606,000000.617,000000.578,02568829.9,000000.588,89331940.82
2021-09-29T02:00:01.875Z,-USD,000000.614,000000.617,000000.578,2467365.63,000000.585,89388219.78
2021-09-29T03:00:02.624Z,-USD,000000.613,000000.617,000000.578,2470232.62,000000.591,89455566.78
2021-09-29T04:00:02.225Z,-USD,000000.612,000000.617,000000.578,2680278.93,000000.595,89779815.02
2021-09-29T05:00:01.856Z,-USD,000000.614,000000.616,000000.578,2699141.46,000000.601,89863211.27
2021-09-29T06:00:02.48Z,-USD,0000000.61,000000.612,000000.578,2691479.96,000000.601,89924206.95
2021-09-29T07:00:02.046Z,-USD,000000.608,000000.608,000000.578,2648377.65,000000.603,89976715.02
2021-09-29T08:00:02.639Z,-USD,000000.599,000000.608,000000.578,2590775.15,000000.604,90029040.22
2021-09-29T09:00:02.32Z,-USD,000000.605,000000.608,000000.578,2530709.17,000000.602,90045461.07
2021-09-29T10:00:02.706Z,-USD,000000.597,000000.608,000000.578,2656826.15,000000.597,90241353.78
2021-09-29T11:00:03.436Z,-USD,000000.597,000000.608,000000.578,2685382.88,000000.606,90351526.25
2021-09-29T12:00:02.427Z,-USD,000000.605,000000.608,000000.578,2640315.36,000000.604,90384286.57
2021-09-29T13:00:02.041Z,-USD,000000.599,000000.608,000000.578,2653864.74,000000.597,90458232.41
2021-09-29T14:00:02.192Z,-USD,00000000.6,000000.608,000000.578,2625206.94,000000.604,90548758.03
2021-09-29T15:00:02.089Z,-USD,000000.593,000000.608,000000.578,2514832.03,000000.604,90593132.34
2021-09-29T16:00:01.756Z,-USD,000000.586,000000.608,000000.578,2521542.74,000000.593,90693089.32
2021-09-29T17:00:02.569Z,-USD,000000.586,000000.608,000000.578,2371985.71,000000.593,90817383.44
2021-09-29T18:00:02.127Z,-USD,000000.584,000000.608,000000.578,2343972.22,000000.587,90855247.45
2021-09-29T19:00:01.734Z,-USD,0000000.59,000000.608,000000.578,2136743.11,000000.586,90916998.85
2021-09-29T20:00:02.534Z,-USD,0000000.59,000000.608,000000.578,2107274.01,000000.584,90960513.9
2021-09-29T21:00:02.245Z,-USD,000000.591,000000.608,000000.578,2117534.93,000000.585,91057968.24
2021-09-29T22:00:02.118Z,-USD,000000.594,000000.608,000000.578,2051240.06,000000.587,91093333.01
2021-09-29T23:00:02.473Z,-USD,000000.587,000000.608,000000.578,2005248.92,0000000.59,91153139.85
2021-09-30T20:00:24.953Z,-USD,000000.585,000000.643,0000000.58,3239966.75,000000.628,91378799.98
2021-09-30T21:00:01.877Z,-USD,000000.585,000000.643,000000.583,3211490.33,000000.625,91447652.69
2021-09-30T22:00:01.971Z,-USD,000000.588,000000.643,000000.584,3215537.89,000000.627,91487042.79
2021-09-30T23:00:01.898Z,-USD,0000000.59,000000.643,000000.588,3222893.65,000000.632,91554837.29
2021-10-01T00:00:02.236Z,-USD,000000.594,000000.643,000000.591,3328089.25,000000.632,91711859.3
2021-10-01T01:00:02.43Z,-USD,000000.606,000000.643,000000.603,3320223.74,0000000.63,89056093.03
2021-10-01T02:00:01.807Z,-USD,000000.617,000000.643,000000.603,3231970.59,000000.629,89117358.28
2021-10-01T03:00:02.143Z,-USD,000000.616,000000.643,000000.603,3128058.34,000000.622,89147097.29
2021-10-01T04:00:01.981Z,-USD,000000.618,000000.643,000000.603,3068883.35,000000.625,89201405.94
2021-10-01T05:00:01.806Z,-USD,000000.614,000000.643,000000.603,3123050.81,000000.625,89337181.4
2021-10-01T06:00:01.719Z,-USD,000000.617,000000.643,000000.603,3026949.61,0000000.63,89372653.83
2021-10-01T07:00:02.628Z,-USD,000000.615,000000.643,000000.603,3038699.18,000000.631,89415361.42
2021-10-01T08:00:02.645Z,-USD,0000000.61,000000.643,000000.603,3043711.96,000000.641,89462242.94
2021-10-01T09:00:02.609Z,-USD,000000.611,000000.646,000000.604,3043109.07,000000.645,89512452.71
2021-10-01T10:00:02.404Z,-USD,0000000.61,0000000.65,000000.604,3129061.08,000000.647,89634600.31
2021-10-01T11:00:02.164Z,-USD,000000.605,000000.665,000000.605,3279408.07,000000.663,89834595.67
2021-10-01T12:00:02.314Z,-USD,0000000.61,000000.672,000000.608,3424720.52,000000.669,90019050.74
2021-10-01T13:00:02.328Z,-USD,000000.616,000000.673,000000.615,3480876.96,000000.664,90185766.76
2021-10-01T14:00:02.419Z,-USD,000000.621,000000.673,000000.621,3247481.57,000000.662,90309394.02
2021-10-01T15:00:02.422Z,-USD,000000.633,000000.673,000000.621,2504854.52,000000.662,90386224.67
2021-10-01T16:00:02.633Z,-USD,000000.629,000000.673,000000.621,2244894.13,000000.669,90503122.0
2021-10-01T17:00:01.817Z,-USD,0000000.63,000000.675,000000.621,2251801.59,0000000.67,90637531.32
2021-10-01T18:00:02.137Z,-USD,000000.629,000000.676,000000.621,2224427.39,000000.675,90709386.84
2021-10-01T19:00:02.528Z,-USD,000000.633,000000.681,000000.621,2429896.98,000000.677,90984203.02
2021-10-01T20:00:02.642Z,-USD,000000.628,000000.682,000000.621,02418564.5,000000.682,91063726.12
2021-10-01T21:00:01.797Z,-USD,000000.624,000000.682,000000.621,2538717.67,000000.675,91253488.27
2021-10-01T22:00:01.864Z,-USD,000000.627,000000.682,000000.621,02637627.8,000000.678,91391045.49
2021-10-01T23:00:01.744Z,-USD,000000.631,000000.682,000000.621,2749361.79,000000.671,91570561.93
2021-10-02T00:00:02.671Z,-USD,000000.633,000000.682,000000.621,2665855.15,0000000.68,91658890.64
2021-10-02T01:00:02.583Z,-USD,000000.628,000000.685,000000.621,2749618.91,000000.679,89328465.85
2021-10-02T02:00:01.75Z,-USD,0000000.63,000000.687,000000.621,2819850.51,000000.681,89459765.19
2021-10-02T03:00:01.917Z,-USD,000000.622,000000.687,000000.622,02843034.7,000000.679,89516051.35
2021-10-02T04:00:02.267Z,-USD,000000.624,000000.687,000000.622,2920803.78,000000.676,89644672.05
2021-10-02T05:00:01.935Z,-USD,000000.625,000000.687,000000.623,02857547.3,000000.674,89717187.0
2021-10-02T06:00:02.018Z,-USD,000000.631,000000.687,000000.628,2841347.26,000000.676,89738276.66
2021-10-02T07:00:02.099Z,-USD,000000.631,000000.687,0000000.63,2827141.56,000000.677,89767999.61
2021-10-02T08:00:01.754Z,-USD,000000.641,000000.687,000000.641,2883241.13,000000.681,89869421.19
2021-10-02T09:00:02.683Z,-USD,000000.649,000000.687,000000.646,2833282.96,000000.679,89904166.67
2021-10-02T10:00:02.272Z,-USD,000000.649,000000.688,000000.646,2853116.96,000000.683,90011298.01
2021-10-02T11:00:02.409Z,-USD,000000.663,000000.688,000000.658,2675160.07,000000.682,90035834.29
2021-10-02T12:00:02.429Z,-USD,000000.669,000000.688,000000.658,02547575.0,000000.686,90090550.21
2021-10-02T13:00:02.295Z,-USD,000000.664,000000.692,000000.658,2525027.38,0000000.69,90234715.22
2021-10-02T14:00:02.394Z,-USD,000000.659,000000.698,000000.658,2545477.78,000000.691,90378700.39
2021-10-02T15:00:02.37Z,-USD,000000.663,000000.703,000000.662,2688057.56,000000.701,90597149.4
2021-10-02T16:00:02.284Z,-USD,0000000.67,000000.708,000000.665,02752027.9,000000.702,90778653.08
2021-10-02T17:00:01.853Z,-USD,000000.672,000000.708,000000.668,2780817.59,000000.706,90943589.41
2021-10-02T18:00:01.996Z,-USD,000000.675,0000000.71,000000.668,2804291.12,000000.704,91036735.35
2021-10-02T19:00:03.21Z,-USD,000000.677,000000.711,000000.668,2626609.17,000000.709,91133466.77
2021-10-02T20:00:02.449Z,-USD,000000.681,000000.731,000000.668,02744194.8,000000.723,91333160.07
2021-10-02T21:00:02.484Z,-USD,000000.676,000000.731,000000.668,02694823.4,000000.713,91470805.77
2021-10-02T22:00:02.619Z,-USD,000000.679,000000.731,000000.668,2866009.01,000000.725,91780250.07
2021-10-02T23:00:02.232Z,-USD,000000.671,000000.731,000000.669,3001048.72,000000.718,92094940.35
2021-10-03T00:00:02.159Z,-USD,000000.681,000000.731,000000.669,3091086.85,000000.709,92273265.92
2021-10-03T01:00:02.643Z,-USD,000000.679,000000.731,000000.669,3117631.65,000000.697,89751077.67
2021-10-03T02:00:02.455Z,-USD,0000000.68,000000.731,000000.669,3136031.47,00000000.7,89895631.64
2021-10-03T03:00:02.212Z,-USD,000000.679,000000.731,000000.669,3127706.33,000000.702,89942733.35
2021-10-03T04:00:02.056Z,-USD,000000.674,000000.731,000000.669,3062156.82,000000.706,90009460.73
2021-10-03T05:00:02.271Z,-USD,000000.673,000000.731,000000.673,3023129.87,0000000.71,90040685.04
2021-10-03T06:00:01.704Z,-USD,000000.675,000000.731,000000.674,3023528.74,000000.714,90060434.13
2021-10-03T07:00:02.137Z,-USD,000000.677,000000.731,000000.675,03035489.2,000000.716,90102118.89
2021-10-03T08:00:01.747Z,-USD,000000.682,000000.731,000000.676,2992552.14,000000.713,90160751.24
2021-10-03T09:00:02.23Z,-USD,000000.681,000000.731,000000.677,3087260.89,000000.719,90290864.97
2021-10-03T10:00:01.83Z,-USD,000000.682,000000.731,000000.677,3061130.07,000000.712,90371947.07
2021-10-03T11:00:02.311Z,-USD,000000.682,000000.731,000000.677,3068088.08,000000.712,90402734.7
2021-10-03T12:00:02.605Z,-USD,000000.686,000000.731,000000.685,3068735.26,000000.721,90461033.91
2021-10-03T13:00:02.294Z,-USD,0000000.69,000000.731,000000.688,2949389.03,0000000.72,90485084.0
2021-10-03T14:00:02.107Z,-USD,000000.692,000000.731,000000.692,02910270.1,000000.728,90588777.77
2021-10-03T15:00:01.771Z,-USD,000000.701,000000.731,000000.693,2795274.36,000000.727,90699231.52
2021-10-03T16:00:02.635Z,-USD,000000.705,000000.731,000000.693,2687711.44,000000.725,90778852.26
2021-10-03T17:00:02.595Z,-USD,000000.707,000000.734,000000.693,2613739.23,0000000.73,90869790.14
2021-10-03T18:00:02.164Z,-USD,000000.706,000000.737,000000.693,2615047.18,000000.732,90951556.57
2021-10-03T19:00:02.339Z,-USD,000000.709,000000.739,000000.693,02628895.6,000000.735,91063144.12
2021-10-03T20:00:02.394Z,-USD,000000.724,000000.739,000000.693,2455622.33,000000.732,91101359.99
2021-10-03T21:00:02.153Z,-USD,000000.713,000000.739,000000.693,02421551.3,000000.726,91196545.24
2021-10-03T22:00:02.068Z,-USD,000000.724,000000.739,000000.693,2299289.46,000000.715,91386381.91
2021-10-03T23:00:01.757Z,-USD,000000.718,000000.739,000000.693,2031426.54,000000.724,91428857.63
2021-10-04T00:00:01.766Z,-USD,000000.709,000000.739,000000.693,01968742.8,0000000.73,91541060.59
2021-10-04T01:00:01.911Z,-USD,000000.697,000000.739,000000.695,1887959.01,000000.719,85856382.53
2021-10-04T02:00:02.161Z,-USD,00000000.7,000000.739,000000.698,1875387.96,000000.715,85982870.27
2021-10-04T03:00:02.437Z,-USD,00000000.7,000000.739,000000.698,1981512.43,000000.707,86136816.11
2021-10-04T04:00:02.577Z,-USD,000000.706,000000.739,000000.693,2827755.43,000000.701,87048938.8
2021-10-04T05:00:02.206Z,-USD,0000000.71,000000.739,000000.693,2956020.88,000000.704,87208691.83
2021-10-04T06:00:02.478Z,-USD,000000.714,000000.739,000000.693,3003509.43,000000.705,87275719.57
2021-10-04T07:00:02.295Z,-USD,000000.713,000000.739,000000.693,2997042.82,000000.702,87312592.24
2021-10-04T08:00:02.455Z,-USD,000000.714,000000.739,000000.693,2984563.93,000000.708,87358486.46
2021-10-04T09:00:02.365Z,-USD,0000000.72,000000.739,000000.693,2909597.02,000000.702,87412537.99
2021-10-04T10:00:02.176Z,-USD,000000.713,000000.739,000000.693,02863031.7,000000.704,87450665.53
2021-10-04T11:00:02.405Z,-USD,000000.713,000000.739,000000.693,2886884.18,000000.705,87502773.26
2021-10-04T12:00:02.181Z,-USD,0000000.72,000000.739,000000.693,2894981.73,000000.701,87568016.71
2021-10-04T13:00:03.229Z,-USD,000000.721,000000.739,000000.693,2928826.96,000000.708,87625784.94
2021-10-04T14:00:02.249Z,-USD,000000.729,000000.739,000000.693,2923238.11,000000.712,87724527.59
2021-10-04T15:00:02.514Z,-USD,000000.726,000000.739,000000.693,2900911.29,00000000.7,87811882.28
2021-10-04T16:00:01.811Z,-USD,000000.725,000000.739,0000000.68,3301206.01,000000.703,88292126.99
2021-10-04T17:00:01.975Z,-USD,0000000.73,000000.739,0000000.68,3369938.21,000000.708,88451457.39
2021-10-04T18:00:02.628Z,-USD,000000.736,000000.739,0000000.68,3402957.04,000000.712,88566401.42
2021-10-04T19:00:02.19Z,-USD,000000.734,000000.739,0000000.68,3371052.14,000000.713,88646760.16
2021-10-04T20:00:02.612Z,-USD,000000.734,000000.734,0000000.68,03437383.7,000000.708,88758476.62
2021-10-04T21:00:02.314Z,-USD,000000.725,000000.731,0000000.68,3434354.75,000000.704,88842761.69
2021-10-04T22:00:02.616Z,-USD,000000.715,000000.731,0000000.68,3319814.59,000000.704,88919050.6
2021-10-04T23:00:01.945Z,-USD,000000.723,000000.731,0000000.68,3348262.86,000000.698,88990464.44
2021-10-05T00:00:01.829Z,-USD,000000.731,000000.731,0000000.68,3309134.56,000000.705,89062343.6
2021-10-05T01:00:01.97Z,-USD,000000.717,0000000.72,0000000.68,3289432.26,000000.713,84341881.95
2021-10-05T02:00:02.235Z,-USD,000000.712,0000000.72,0000000.68,3291956.14,000000.709,84477348.34
2021-10-05T03:00:02.364Z,-USD,000000.708,0000000.72,0000000.68,02921338.1,000000.706,84539203.65
2021-10-05T04:00:02.384Z,-USD,000000.698,0000000.72,0000000.68,2358302.28,000000.711,84606165.11
2021-10-05T05:00:01.837Z,-USD,000000.705,0000000.72,0000000.68,02300053.8,000000.703,84704244.17
2021-10-05T06:00:01.692Z,-USD,000000.705,0000000.72,0000000.68,2273087.72,000000.708,84744222.08
2021-10-05T07:00:02.624Z,-USD,00000000.7,0000000.72,0000000.68,2255943.84,000000.712,84765774.59
2021-10-05T08:00:02.359Z,-USD,000000.709,0000000.72,0000000.68,2233032.86,000000.712,84793607.46
2021-10-05T09:00:02.454Z,-USD,000000.703,0000000.72,0000000.68,2208212.81,000000.716,84816755.46
2021-10-05T10:00:02.347Z,-USD,000000.705,0000000.72,0000000.68,2224029.54,000000.717,84870693.56
2021-10-05T11:00:02.138Z,-USD,000000.702,000000.723,0000000.68,02228487.3,000000.718,84926735.13
2021-10-05T12:00:02.334Z,-USD,00000000.7,000000.724,0000000.68,2198676.79,000000.719,84962571.46
2021-10-05T13:00:02.277Z,-USD,000000.709,000000.724,0000000.68,2224656.61,000000.721,85046902.83
2021-10-05T14:00:02.345Z,-USD,000000.717,000000.725,0000000.68,2316203.85,000000.722,85242224.48
2021-10-05T15:00:02.507Z,-USD,000000.698,000000.725,0000000.68,2467059.53,000000.709,85475656.95
2021-10-05T16:00:02.682Z,-USD,000000.705,000000.725,000000.695,2110322.85,000000.714,85597878.26
2021-10-05T17:00:02.625Z,-USD,000000.709,000000.725,000000.695,2054326.29,000000.714,85701568.22
2021-10-05T18:00:02.044Z,-USD,000000.715,000000.725,000000.695,2050773.53,000000.711,85817641.95
2021-10-05T19:00:02.356Z,-USD,000000.713,000000.725,000000.695,2101833.89,0000000.72,85945276.99
2021-10-05T20:00:02.651Z,-USD,000000.709,000000.725,000000.695,2068236.26,000000.724,86022270.76
2021-10-05T21:00:01.92Z,-USD,000000.702,000000.732,000000.695,2061124.68,0000000.73,86099464.01
2021-10-05T22:00:02.228Z,-USD,000000.703,000000.743,000000.695,2307377.95,000000.738,86421910.77
2021-10-05T23:00:02.554Z,-USD,000000.698,000000.743,000000.698,2553159.17,000000.735,86739243.85
2021-10-06T00:00:02.48Z,-USD,000000.708,000000.744,000000.701,2547794.69,000000.741,86811252.57
2021-10-06T01:00:03.848Z,-USD,000000.713,000000.744,000000.702,2583297.45,000000.734,84254401.58
2021-10-06T02:00:02.558Z,-USD,000000.707,000000.744,000000.702,2572137.25,000000.743,84378971.18
2021-10-06T03:00:02.558Z,-USD,000000.706,000000.745,000000.702,2615784.41,000000.744,84487120.24
2021-10-06T04:00:02.525Z,-USD,000000.711,000000.745,000000.702,2697460.14,000000.736,84633004.67
2021-10-06T05:00:02.242Z,-USD,000000.703,000000.745,000000.703,2734464.47,000000.731,84767432.15
2021-10-06T06:00:02.1Z,-USD,000000.708,000000.745,000000.703,2789070.61,000000.733,84862836.13
2021-10-06T07:00:01.857Z,-USD,000000.712,000000.745,000000.703,2830387.14,000000.733,84926086.62
2021-10-06T08:00:01.881Z,-USD,000000.713,000000.745,000000.703,2884767.44,0000000.72,85006965.98
2021-10-06T09:00:01.785Z,-USD,000000.714,000000.745,000000.695,3178240.67,000000.701,85324071.21
2021-10-06T10:00:01.918Z,-USD,000000.717,000000.745,000000.693,3201907.55,000000.699,85401887.56
2021-10-06T11:00:02.583Z,-USD,000000.719,000000.745,000000.693,3203625.68,000000.703,85459020.93
2021-10-06T12:00:02.527Z,-USD,0000000.72,000000.745,000000.693,3218916.24,000000.701,85510184.4
2021-10-06T13:00:02.795Z,-USD,0000000.72,000000.745,000000.693,3211219.77,000000.714,85586737.5
2021-10-06T14:00:02.037Z,-USD,000000.722,000000.745,000000.693,3278341.97,0000000.73,85850126.82
2021-10-06T15:00:01.789Z,-USD,000000.709,000000.745,000000.693,3142467.17,000000.739,85946759.36
2021-10-06T16:00:02.198Z,-USD,000000.714,000000.745,000000.693,3150766.24,000000.738,86077686.78
2021-10-06T17:00:02.432Z,-USD,000000.714,000000.745,000000.693,3220924.85,000000.743,86253484.95
2021-10-06T18:00:02.61Z,-USD,000000.715,000000.745,000000.693,3359956.97,000000.744,86506903.3
2021-10-06T19:00:02.044Z,-USD,0000000.72,000000.745,000000.693,3346950.66,000000.741,86622085.28
2021-10-06T20:00:02.302Z,-USD,000000.723,000000.747,000000.693,3453125.81,000000.742,86807121.47
2021-10-06T21:00:02.267Z,-USD,000000.732,000000.747,000000.693,03537728.7,000000.729,86966105.24
2021-10-06T22:00:02.387Z,-USD,000000.738,000000.747,000000.693,3298528.64,000000.729,87049591.41
2021-10-06T23:00:02.252Z,-USD,000000.736,000000.747,000000.693,3086831.76,000000.734,87155893.16
2021-10-07T00:00:02.344Z,-USD,000000.742,000000.747,000000.693,3216560.99,000000.737,87358812.43
2021-10-07T01:00:02.619Z,-USD,000000.732,000000.747,000000.693,3293904.94,000000.724,79669996.44
2021-10-07T02:00:01.765Z,-USD,000000.742,000000.747,000000.693,3330382.59,000000.721,79830927.83
2021-10-07T03:00:01.924Z,-USD,000000.744,000000.747,000000.693,3306673.03,000000.721,79917275.29
2021-10-07T04:00:01.977Z,-USD,000000.735,000000.747,000000.693,3252007.82,000000.716,80013812.63
2021-10-07T05:00:01.982Z,-USD,0000000.73,000000.747,000000.693,3211213.14,000000.726,80104544.39
2021-10-07T06:00:02.06Z,-USD,000000.734,000000.747,000000.693,3203372.87,000000.725,80196031.43
2021-10-07T07:00:02.06Z,-USD,000000.732,000000.747,000000.693,3203427.15,000000.722,80251119.84
2021-10-07T08:00:01.954Z,-USD,0000000.72,000000.747,000000.693,3181120.54,000000.733,80309659.13
2021-10-07T09:00:02.462Z,-USD,000000.698,000000.747,000000.693,2915787.25,000000.738,80361445.74
2021-10-07T10:00:01.882Z,-USD,000000.699,000000.747,000000.696,2976296.16,000000.731,80501247.71
2021-10-07T11:00:02.552Z,-USD,00000000.7,000000.747,00000000.7,3083547.89,000000.725,80664298.56
2021-10-07T12:00:02.381Z,-USD,000000.701,000000.747,000000.701,3097314.96,000000.731,80731001.33
2021-10-07T13:00:02.003Z,-USD,000000.714,000000.747,000000.713,3249336.66,000000.726,80958496.93
2021-10-07T14:00:02.354Z,-USD,0000000.73,000000.747,000000.713,3098044.93,000000.732,81069937.07
2021-10-07T15:00:02.174Z,-USD,0000000.74,000000.747,000000.713,3201259.42,000000.718,81270288.93
2021-10-07T16:00:02.337Z,-USD,0000000.74,000000.747,000000.713,03164810.6,000000.723,81369586.7
2021-10-07T17:00:02.827Z,-USD,000000.742,000000.747,000000.713,3063310.96,000000.726,81438676.52
2021-10-07T18:00:02.286Z,-USD,000000.744,000000.747,000000.713,02920235.1,000000.726,81549040.61
2021-10-07T19:00:02.466Z,-USD,0000000.74,000000.747,000000.713,2876490.94,000000.726,81621883.82
2021-10-07T20:00:02.612Z,-USD,000000.742,000000.742,000000.713,2738987.34,000000.726,81667860.94
2021-10-07T21:00:02.671Z,-USD,0000000.73,000000.739,000000.713,02675326.9,0000000.73,81764738.45
2021-10-07T22:00:02.414Z,-USD,0000000.73,000000.739,000000.713,2662517.31,000000.732,81835244.93
2021-10-07T23:00:01.81Z,-USD,000000.733,000000.739,000000.713,2666590.44,000000.726,81949813.37
2021-10-08T00:00:02.056Z,-USD,000000.735,000000.739,000000.713,2515263.51,000000.732,81996250.74
2021-10-08T01:00:02.337Z,-USD,000000.724,000000.783,000000.713,3596966.14,0000000.76,78686332.87
2021-10-08T02:00:02.461Z,-USD,000000.721,000000.783,000000.713,3527381.69,0000000.75,78777438.0
2021-10-08T03:00:02.42Z,-USD,000000.722,000000.783,000000.713,03501423.2,000000.745,78836207.19
2021-10-08T04:00:02.64Z,-USD,000000.716,000000.783,000000.715,3560291.83,000000.751,78996699.02
2021-10-08T05:00:02.097Z,-USD,000000.727,000000.783,000000.715,3569825.04,000000.749,79092016.37
2021-10-08T06:00:02.779Z,-USD,000000.726,000000.783,000000.715,3529064.03,000000.751,79142523.81
2021-10-08T07:00:01.68Z,-USD,000000.719,000000.783,000000.715,3500272.91,000000.751,79170609.85
2021-10-08T08:00:02.649Z,-USD,000000.733,000000.783,000000.715,3455973.77,000000.754,79195810.32
2021-10-08T09:00:01.806Z,-USD,000000.738,000000.783,000000.715,3461818.59,000000.757,79240683.67
2021-10-08T10:00:02.664Z,-USD,000000.734,000000.783,000000.715,3373321.58,000000.761,79292284.53
2021-10-08T11:00:02.738Z,-USD,000000.726,000000.783,000000.715,3241075.71,0000000.76,79323287.19
2021-10-08T12:00:01.729Z,-USD,000000.731,000000.783,000000.715,3248793.43,000000.755,79397344.57
2021-10-08T13:00:01.748Z,-USD,000000.725,000000.783,000000.715,3327881.82,000000.749,79706640.68
2021-10-08T14:00:01.788Z,-USD,000000.733,000000.783,000000.715,03293032.5,000000.746,79782450.0
2021-10-08T15:00:01.932Z,-USD,000000.719,000000.783,000000.716,3208976.66,000000.753,79898878.65
2021-10-08T16:00:01.733Z,-USD,000000.724,000000.783,000000.717,3184242.51,000000.748,79972725.32
2021-10-08T17:00:02.074Z,-USD,000000.728,000000.783,000000.722,3208873.41,000000.751,80069782.44
2021-10-08T18:00:02.349Z,-USD,000000.725,000000.783,000000.722,03184070.2,0000000.75,80150352.64
2021-10-08T19:00:02.991Z,-USD,000000.726,000000.783,000000.722,3163450.01,000000.753,80202689.47
2021-10-08T20:00:02.668Z,-USD,000000.727,000000.783,000000.722,3171912.95,000000.753,80258332.1
2021-10-08T21:00:01.935Z,-USD,0000000.73,000000.783,000000.722,3210760.47,000000.743,80396459.14
2021-10-08T22:00:02.123Z,-USD,000000.731,000000.783,000000.722,3273589.97,000000.744,80527837.11
2021-10-08T23:00:02.58Z,-USD,000000.725,000000.783,000000.724,3249960.27,000000.751,80617432.31
2021-10-09T00:00:01.744Z,-USD,000000.733,000000.783,000000.733,3324827.29,000000.747,80738453.17
2021-10-09T01:00:01.779Z,-USD,000000.757,000000.765,000000.736,2297559.09,0000000.74,76108662.07
2021-10-09T02:00:01.757Z,-USD,000000.751,000000.765,000000.734,2290471.44,000000.737,76185420.3
2021-10-09T03:00:01.973Z,-USD,000000.746,000000.765,000000.734,2285170.89,000000.744,76239939.92
2021-10-09T04:00:02.461Z,-USD,000000.752,000000.765,000000.734,2182833.33,000000.749,76297627.44
2021-10-09T05:00:02.076Z,-USD,000000.749,000000.765,000000.734,2115239.35,000000.753,76326346.62
2021-10-09T06:00:02.058Z,-USD,000000.752,000000.765,000000.734,2117004.32,000000.756,76377083.83
2021-10-09T07:00:01.978Z,-USD,000000.751,000000.765,000000.734,2167430.84,000000.753,76455743.46
2021-10-09T08:00:01.965Z,-USD,000000.753,000000.765,000000.734,2165669.42,000000.755,76478981.85
2021-10-09T09:00:01.831Z,-USD,000000.759,000000.765,000000.734,2182427.84,000000.751,76541252.15
2021-10-09T10:00:01.974Z,-USD,0000000.76,000000.765,000000.734,2191175.04,0000000.76,76605527.41
2021-10-09T11:00:02.63Z,-USD,000000.759,000000.769,000000.734,2237755.46,000000.768,76679550.88
2021-10-09T12:00:02.557Z,-USD,000000.755,0000000.77,000000.734,2234734.21,000000.756,76749806.27
2021-10-09T13:00:02.488Z,-USD,000000.749,0000000.77,000000.734,1963119.79,000000.765,76787255.12
2021-10-09T14:00:02.565Z,-USD,000000.745,0000000.77,000000.734,1981977.02,000000.767,76883334.43
2021-10-09T15:00:02.382Z,-USD,000000.752,000000.772,000000.734,02031699.6,000000.766,77048178.53
2021-10-09T16:00:01.741Z,-USD,000000.749,000000.772,000000.734,2027348.74,000000.762,77118241.61
2021-10-09T17:00:02.433Z,-USD,000000.751,000000.772,000000.734,2020252.49,000000.761,77207715.31
2021-10-09T18:00:01.824Z,-USD,000000.749,000000.772,000000.734,01977438.7,000000.762,77245836.42
2021-10-09T19:00:02.075Z,-USD,000000.755,000000.772,000000.734,01971574.1,000000.762,77291874.04
2021-10-09T20:00:01.879Z,-USD,000000.753,000000.772,000000.734,02022694.2,000000.757,77400779.16
2021-10-09T21:00:02.673Z,-USD,000000.744,000000.772,000000.734,2013686.08,000000.756,77532521.75
2021-10-09T22:00:02.583Z,-USD,000000.744,000000.772,000000.734,1919768.45,000000.754,77565149.67
2021-10-09T23:00:02.295Z,-USD,000000.747,000000.772,000000.734,1895272.56,000000.753,77632750.27
2021-10-10T00:00:02.547Z,-USD,000000.748,000000.772,000000.734,01819732.5,000000.759,77676024.41
2021-10-10T01:00:02.553Z,-USD,000000.742,000000.772,000000.734,1721922.14,000000.751,72659284.03
2021-10-10T02:00:02.552Z,-USD,000000.737,000000.772,000000.734,1760505.46,000000.745,72775696.75
2021-10-10T03:00:01.861Z,-USD,000000.743,000000.772,0000000.74,1760229.85,000000.743,72828996.21
2021-10-10T04:00:01.882Z,-USD,0000000.75,000000.772,0000000.74,1735505.45,0000000.75,72862681.66
2021-10-10T05:00:02.18Z,-USD,000000.753,000000.772,0000000.74,1751125.27,0000000.75,72909518.79
2021-10-10T06:00:02.301Z,-USD,000000.755,000000.772,0000000.74,1731063.03,000000.749,72937005.95
2021-10-10T07:00:02.218Z,-USD,000000.752,000000.772,0000000.74,1666379.05,000000.749,72950958.82
2021-10-10T08:00:02.251Z,-USD,000000.756,000000.772,0000000.74,01671803.7,000000.748,72979455.64
2021-10-10T09:00:02.179Z,-USD,000000.752,000000.772,0000000.74,1622153.77,0000000.75,72992229.2
2021-10-10T10:00:02.269Z,-USD,0000000.76,000000.772,0000000.74,1594276.67,000000.743,73028482.79
2021-10-10T11:00:02.648Z,-USD,000000.767,000000.772,0000000.74,1547272.96,000000.741,73055592.83
2021-10-10T12:00:07.664Z,-USD,000000.759,000000.772,000000.736,1620653.73,0000000.74,73199195.11
2021-10-10T13:00:02.71Z,-USD,000000.764,000000.772,000000.734,1659577.76,000000.736,73275509.28
2021-10-10T14:00:01.793Z,-USD,000000.767,000000.772,000000.734,1593796.53,000000.737,73316408.27
2021-10-10T15:00:02.025Z,-USD,000000.768,000000.768,000000.734,1457817.15,000000.739,73334821.87
2021-10-10T16:00:02.139Z,-USD,000000.764,000000.766,000000.734,1438187.71,0000000.74,73385106.3
2021-10-10T17:00:02.385Z,-USD,000000.761,000000.766,000000.734,1396865.33,000000.736,73433438.52
2021-10-10T18:00:02.252Z,-USD,000000.762,000000.765,0000000.73,1434792.58,000000.735,73509309.66
2021-10-10T19:00:02.349Z,-USD,000000.762,000000.764,0000000.73,1421349.85,000000.732,73542074.3
2021-10-10T20:00:02.364Z,-USD,000000.757,000000.764,0000000.73,1333611.55,000000.733,73564406.81
2021-10-10T21:00:02.48Z,-USD,000000.756,000000.764,0000000.73,1255143.97,000000.732,73616873.18
2021-10-10T22:00:02.666Z,-USD,000000.755,000000.764,000000.714,1469031.68,000000.718,73864783.88
2021-10-10T23:00:02.191Z,-USD,000000.752,000000.764,000000.714,1483031.05,000000.721,73944723.14
2021-10-11T00:00:02.154Z,-USD,000000.763,000000.764,000000.711,1542839.61,000000.719,74058012.07
2021-10-11T01:00:02.527Z,-USD,000000.753,000000.753,000000.705,1505120.99,000000.713,72620279.31
2021-10-11T02:00:02.635Z,-USD,000000.744,000000.752,000000.705,1499212.38,000000.717,72728542.34
2021-10-11T03:00:02.558Z,-USD,000000.744,000000.752,000000.705,1509916.93,000000.718,72793648.77
2021-10-11T04:00:01.875Z,-USD,000000.748,000000.752,000000.705,1564423.91,000000.725,72881600.77
2021-10-11T05:00:02.204Z,-USD,0000000.75,000000.752,000000.705,1591546.96,000000.728,72954645.9
2021-10-11T06:00:02.139Z,-USD,0000000.75,000000.752,000000.705,01578274.7,000000.725,72969945.78
2021-10-11T07:00:02.069Z,-USD,0000000.75,000000.751,000000.705,1610158.71,0000000.73,73014718.14
2021-10-11T08:00:02.235Z,-USD,000000.748,000000.751,000000.705,1648430.08,000000.733,73083125.18
2021-10-11T09:00:02.208Z,-USD,0000000.75,0000000.75,000000.705,1664860.42,000000.736,73113876.19
2021-10-11T10:00:02.067Z,-USD,000000.742,000000.744,000000.705,1681120.03,000000.731,73172981.94
2021-10-11T11:00:02.16Z,-USD,000000.739,000000.744,000000.705,1703147.32,000000.724,73213285.11
2021-10-11T12:00:02.145Z,-USD,000000.741,000000.741,000000.705,1607196.74,000000.721,73261932.9
2021-10-11T13:00:02.285Z,-USD,000000.738,000000.741,000000.705,1560876.68,000000.721,73290716.12
2021-10-11T14:00:02.568Z,-USD,000000.737,000000.741,000000.705,1561169.53,000000.721,73334191.18
2021-10-11T15:00:01.913Z,-USD,000000.738,000000.741,000000.705,1616622.07,000000.717,73406450.39
2021-10-11T16:00:02.399Z,-USD,000000.739,0000000.74,000000.705,01698552.6,000000.714,73540203.29
2021-10-11T17:00:02.792Z,-USD,000000.737,0000000.74,000000.705,01743202.4,000000.709,73630169.16
2021-10-11T18:00:02.105Z,-USD,000000.733,0000000.74,000000.705,1792635.54,000000.712,73756060.05
2021-10-11T19:00:02.186Z,-USD,000000.733,0000000.74,000000.704,1840597.36,000000.706,73836363.46
2021-10-11T20:00:02.657Z,-USD,000000.734,0000000.74,000000.699,2155080.25,00000000.7,74173173.75
2021-10-11T21:00:01.781Z,-USD,0000000.73,000000.738,000000.689,2270430.81,000000.693,74340936.16
2021-10-11T22:00:02.029Z,-USD,000000.717,000000.738,000000.689,02092775.3,00000000.7,74411603.87
2021-10-11T23:00:02.517Z,-USD,000000.724,000000.738,000000.689,2934924.88,00000000.7,75333776.62
2021-10-12T00:00:01.841Z,-USD,000000.718,000000.738,000000.689,2886290.23,000000.704,75402298.19
2021-10-12T01:00:02.656Z,-USD,000000.712,000000.738,000000.686,2911940.22,000000.691,73724702.91
2021-10-12T02:00:02.318Z,-USD,000000.715,000000.738,000000.686,2948249.41,000000.695,73871205.35
2021-10-12T03:00:01.942Z,-USD,000000.718,000000.738,000000.682,02997404.7,000000.683,73983534.14
2021-10-12T04:00:02.146Z,-USD,000000.728,000000.738,000000.676,3060446.96,000000.679,74160671.35
2021-10-12T05:00:02.04Z,-USD,000000.728,000000.738,000000.676,3048929.06,000000.685,74196089.61
2021-10-12T06:00:02.041Z,-USD,000000.726,000000.738,000000.676,3131561.51,000000.691,74294835.01
2021-10-12T07:00:02.005Z,-USD,000000.729,000000.738,000000.676,3157146.62,000000.681,74367070.63
2021-10-12T08:00:02.023Z,-USD,000000.734,000000.738,000000.674,3381929.07,0000000.68,74657612.3
2021-10-12T09:00:01.857Z,-USD,000000.735,000000.735,000000.674,3385437.48,000000.683,74691814.41
2021-10-12T10:00:02.173Z,-USD,000000.731,000000.733,000000.666,3520598.97,000000.669,74887679.72
2021-10-12T11:00:02.102Z,-USD,000000.724,000000.725,000000.665,3570194.45,000000.668,74976235.72
2021-10-12T12:00:04.158Z,-USD,000000.721,000000.723,000000.665,3545713.25,000000.677,75000299.72
2021-10-12T13:00:02.162Z,-USD,000000.721,000000.723,000000.664,03590624.3,000000.667,75073833.79
2021-10-12T14:00:02.326Z,-USD,000000.723,000000.723,000000.664,3628871.47,000000.686,75156562.18
2021-10-12T15:00:02.526Z,-USD,000000.718,000000.718,000000.664,03626139.4,000000.681,75225146.59
2021-10-12T16:00:02.687Z,-USD,000000.713,000000.717,000000.664,03569940.8,000000.689,75302775.03
2021-10-12T17:00:02.293Z,-USD,000000.707,000000.717,000000.664,3525644.85,000000.694,75348306.9
2021-10-12T18:00:02.619Z,-USD,000000.709,000000.711,000000.664,3463401.11,000000.686,75413271.96
2021-10-12T19:00:01.827Z,-USD,000000.706,000000.708,000000.664,3435624.69,0000000.69,75464646.82
2021-10-12T20:00:02.18Z,-USD,000000.698,000000.704,000000.664,3152629.38,000000.687,75518290.28
2021-10-12T21:00:02.512Z,-USD,000000.693,000000.704,000000.664,3102676.26,000000.694,75636567.73
2021-10-12T22:00:02.088Z,-USD,00000000.7,000000.704,000000.664,3109754.52,000000.693,75714564.4
2021-10-12T23:00:02.493Z,-USD,000000.699,000000.704,000000.664,2230659.14,000000.696,75757017.35
2021-10-13T00:00:01.744Z,-USD,000000.702,000000.703,000000.664,2295193.43,000000.696,75897851.85
2021-10-13T01:00:02.208Z,-USD,000000.692,000000.702,000000.664,2226385.26,000000.702,72686106.31
2021-10-13T02:00:02.689Z,-USD,000000.697,000000.705,000000.664,2141688.36,000000.703,72747512.38
2021-10-13T03:00:01.885Z,-USD,000000.683,000000.705,000000.664,2075422.45,000000.705,72792661.47
2021-10-13T04:00:01.985Z,-USD,000000.679,0000000.71,000000.664,2178979.31,000000.706,73074122.81
2021-10-13T05:00:02.285Z,-USD,000000.686,0000000.71,000000.664,2177954.93,000000.702,73109164.69
2021-10-13T06:00:02.133Z,-USD,000000.691,0000000.71,000000.664,2226354.79,0000000.69,73255681.57
2021-10-13T07:00:02.124Z,-USD,000000.681,0000000.71,000000.664,2228541.77,000000.689,73329344.04
2021-10-13T08:00:02.214Z,-USD,000000.682,0000000.71,000000.664,1970557.48,000000.685,73364505.74
2021-10-13T09:00:02.105Z,-USD,000000.684,0000000.71,000000.664,1963805.55,000000.686,73407704.86
2021-10-13T10:00:02.579Z,-USD,000000.668,0000000.71,000000.664,1836181.58,0000000.69,73458570.34
2021-10-13T11:00:02.093Z,-USD,0000000.67,0000000.71,000000.664,1787069.27,000000.691,73496966.96
2021-10-13T12:00:02.298Z,-USD,000000.676,0000000.71,000000.664,1837860.73,000000.699,73571885.1
2021-10-13T13:00:01.833Z,-USD,000000.668,0000000.71,000000.668,1811766.62,000000.697,73619694.79
2021-10-13T14:00:01.99Z,-USD,000000.686,0000000.71,000000.677,1768780.76,0000000.69,73659100.15
2021-10-13T15:00:02.007Z,-USD,000000.685,0000000.71,000000.677,1790602.36,000000.698,73749430.32
2021-10-13T16:00:02.355Z,-USD,000000.689,0000000.71,000000.679,1785621.07,00000000.7,73822196.17
2021-10-13T17:00:01.918Z,-USD,000000.694,0000000.71,000000.679,1789875.65,000000.698,73873591.75
2021-10-13T18:00:02.304Z,-USD,000000.687,0000000.71,000000.679,1751289.55,000000.702,73898265.8
2021-10-13T19:00:02.617Z,-USD,000000.689,0000000.71,000000.679,1968374.11,0000000.69,74167397.85
2021-10-13T20:00:02.707Z,-USD,000000.686,0000000.71,000000.679,2035154.66,0000000.69,74287840.12
2021-10-13T21:00:02.185Z,-USD,000000.694,0000000.71,000000.683,2071390.38,000000.693,74457481.35
2021-10-13T22:00:02.473Z,-USD,000000.696,0000000.71,000000.683,2071266.99,000000.693,74520788.21
2021-10-13T23:00:01.978Z,-USD,000000.696,0000000.71,000000.683,02166942.0,000000.702,74657654.2
2021-10-14T00:00:02.046Z,-USD,000000.695,0000000.71,000000.683,2090053.71,000000.705,74721571.67
2021-10-14T01:00:05.243Z,-USD,000000.703,0000000.71,000000.683,2100595.73,000000.697,72924290.65
2021-10-14T02:00:03.006Z,-USD,000000.702,0000000.71,000000.683,2092672.45,000000.701,72973927.4
2021-10-14T03:00:02.7Z,-USD,000000.705,0000000.71,000000.683,2150391.06,000000.702,73074562.04
2021-10-14T04:00:02.047Z,-USD,000000.704,000000.708,000000.683,1915985.17,000000.705,73121648.24
2021-10-14T05:00:02.507Z,-USD,000000.704,000000.708,000000.683,1925801.78,000000.703,73166672.38
2021-10-14T06:00:02.568Z,-USD,000000.687,000000.707,000000.683,1802762.12,000000.703,73194347.56
2021-10-14T07:00:02.595Z,-USD,000000.689,0000000.71,000000.683,1806767.73,000000.708,73268891.46
2021-10-14T08:00:02.577Z,-USD,000000.685,000000.711,000000.683,1813166.08,000000.705,73313705.57
2021-10-14T09:00:02.551Z,-USD,000000.687,000000.711,000000.683,1792729.43,000000.709,73331903.71
2021-10-14T10:00:01.905Z,-USD,0000000.69,000000.711,000000.687,1763724.25,000000.708,73354419.18
2021-10-14T11:00:02.068Z,-USD,000000.693,000000.711,000000.687,1767633.91,000000.707,73396177.44
2021-10-14T12:00:02.265Z,-USD,000000.698,000000.725,000000.687,1903111.32,000000.716,73607179.66
2021-10-14T13:00:02.14Z,-USD,000000.697,000000.725,000000.687,1935800.39,000000.712,73687186.67
2021-10-14T14:00:02.068Z,-USD,000000.687,000000.725,000000.687,1959021.51,000000.713,73751162.92
2021-10-14T15:00:02.441Z,-USD,000000.698,000000.725,000000.688,1957500.55,000000.714,73840924.13
2021-10-14T16:00:04.16Z,-USD,000000.701,000000.725,000000.688,2100847.44,000000.708,74055244.53
2021-10-14T17:00:02.106Z,-USD,000000.698,000000.725,000000.688,2139379.76,000000.704,74145884.65
2021-10-14T18:00:02.311Z,-USD,000000.702,000000.725,000000.688,2194530.73,000000.704,74224659.56
2021-10-14T19:00:02.462Z,-USD,0000000.69,000000.725,000000.688,1996856.65,000000.705,74298555.54
2021-10-14T20:00:07.559Z,-USD,000000.689,000000.725,000000.688,1999310.25,000000.703,74418733.42
2021-10-14T21:00:10.523Z,-USD,000000.693,000000.725,000000.691,2032383.83,000000.697,74621476.98
2021-10-14T22:00:14.151Z,-USD,000000.693,000000.725,000000.693,2145540.71,000000.703,74797815.75
2021-10-14T23:00:12.339Z,-USD,000000.703,000000.725,000000.694,2085530.39,000000.702,74876397.99
2021-10-15T00:00:17.239Z,-USD,000000.707,000000.725,000000.694,2104543.66,000000.702,74960105.15
2021-10-15T01:00:12.464Z,-USD,000000.699,000000.725,000000.691,2120464.79,000000.694,72837414.65
2021-10-15T02:00:12.334Z,-USD,000000.703,000000.725,000000.689,2341215.64,000000.696,73108441.97
2021-10-15T03:00:11.185Z,-USD,000000.703,000000.725,000000.689,2375537.81,000000.705,73241733.47
2021-10-15T04:00:22.641Z,-USD,000000.704,000000.725,000000.689,2516912.27,000000.706,73430345.99
2021-10-15T05:00:10.149Z,-USD,000000.702,000000.725,000000.689,2603379.24,000000.704,73562205.06
2021-10-15T06:00:07.409Z,-USD,000000.701,000000.725,000000.689,2668653.62,000000.706,73654877.55
2021-10-15T07:00:03.474Z,-USD,0000000.71,000000.725,000000.689,2825641.42,000000.699,73887024.43
2021-10-15T08:00:03.829Z,-USD,000000.706,000000.725,000000.689,2835253.25,000000.698,73941450.77
2021-10-15T09:00:02.657Z,-USD,000000.707,000000.725,0000000.68,3198037.88,0000000.68,74322672.48
2021-10-15T10:00:02.516Z,-USD,000000.705,000000.725,0000000.67,3574965.61,000000.681,74721013.89
2021-10-15T11:00:04.493Z,-USD,000000.708,000000.725,0000000.67,03671309.3,000000.681,74859802.98
2021-10-15T12:00:04.313Z,-USD,000000.717,000000.718,0000000.67,3587228.07,000000.687,74986043.1
2021-10-15T13:00:03.096Z,-USD,000000.713,000000.717,0000000.67,3666944.37,000000.687,75149149.77
2021-10-15T14:00:08.91Z,-USD,000000.714,000000.717,0000000.67,3853472.04,000000.691,75396541.45
2021-10-15T15:00:10.762Z,-USD,000000.712,000000.714,0000000.67,3863036.19,000000.689,75513302.18
2021-10-15T16:00:10.703Z,-USD,0000000.71,000000.711,0000000.67,3770720.31,0000000.69,75617604.46
2021-10-15T17:00:09.903Z,-USD,000000.701,000000.709,0000000.67,3854748.97,000000.697,75792559.78
2021-10-15T18:00:08.961Z,-USD,000000.704,000000.709,0000000.67,3924037.57,000000.696,75940355.28
2021-10-15T19:00:02.023Z,-USD,000000.705,000000.709,0000000.67,3954170.72,000000.702,76044430.44
2021-10-15T20:00:02.445Z,-USD,000000.702,000000.709,0000000.67,03911014.0,000000.702,76121413.75
2021-10-15T21:00:02.621Z,-USD,000000.698,000000.709,0000000.67,4078475.59,000000.702,76491589.72
2021-10-15T22:00:01.816Z,-USD,000000.702,000000.709,0000000.67,4156048.25,000000.693,76749580.14
2021-10-15T23:00:02.561Z,-USD,000000.702,000000.709,0000000.67,4246921.49,000000.695,76915056.72
2021-10-16T00:00:01.776Z,-USD,000000.703,000000.709,0000000.67,04291935.5,000000.691,77045130.17
2021-10-16T01:00:10.841Z,-USD,000000.693,000000.709,0000000.67,4501365.55,000000.694,74708603.37
2021-10-16T02:00:11.121Z,-USD,000000.696,000000.709,0000000.67,4407119.03,000000.695,74885747.47
2021-10-16T03:00:11.374Z,-USD,000000.706,000000.709,0000000.67,04434585.0,000000.698,75045925.77
2021-10-16T04:00:23.43Z,-USD,000000.706,000000.708,0000000.67,4370127.65,000000.693,75173542.44
2021-10-16T05:00:09.936Z,-USD,000000.703,000000.708,0000000.67,4404322.68,000000.694,75356911.7
2021-10-16T06:00:10.923Z,-USD,000000.707,000000.707,0000000.67,4482104.94,000000.696,75506567.82
2021-10-16T07:00:08.629Z,-USD,00000000.7,000000.704,0000000.67,4301585.83,000000.699,75558293.6
2021-10-16T08:00:02.213Z,-USD,000000.696,000000.704,0000000.67,4277624.68,000000.701,75589821.38
2021-10-16T09:00:02.128Z,-USD,0000000.68,000000.705,0000000.67,4028182.54,000000.704,75726070.05
2021-10-16T10:00:02.706Z,-USD,000000.679,000000.705,000000.674,3717666.71,000000.704,75810476.52
2021-10-16T11:00:03.731Z,-USD,0000000.68,000000.708,000000.679,3632507.84,000000.704,75866055.16
2021-10-16T12:00:02.202Z,-USD,000000.686,000000.709,000000.684,3590608.27,000000.708,75946760.61
2021-10-16T13:00:11.501Z,-USD,000000.687,000000.711,000000.685,3651638.75,000000.695,76170393.42
2021-10-16T14:00:11.199Z,-USD,0000000.69,000000.711,000000.685,3511819.78,00000000.7,76277980.62
2021-10-16T15:00:17.788Z,-USD,000000.688,000000.711,000000.687,03689429.6,000000.702,76572605.81
2021-10-16T16:00:11.248Z,-USD,0000000.69,000000.711,000000.687,3825504.96,000000.703,76812768.37
2021-10-16T17:00:10.684Z,-USD,000000.696,000000.711,0000000.69,3760557.09,000000.705,76927147.25
2021-10-16T18:00:10.018Z,-USD,000000.697,000000.711,0000000.69,3734630.84,000000.703,77045124.41
2021-10-16T19:00:11.792Z,-USD,000000.702,000000.712,0000000.69,3729690.36,000000.711,77143992.62
2021-10-16T20:00:10.055Z,-USD,000000.703,000000.712,0000000.69,03842760.4,000000.704,77334628.84
2021-10-16T21:00:02.455Z,-USD,000000.702,000000.712,0000000.69,3628920.96,000000.704,77491909.15
2021-10-16T22:00:02.416Z,-USD,000000.695,000000.743,0000000.69,4121489.58,000000.734,78242434.32
2021-10-16T23:00:02.255Z,-USD,000000.695,000000.743,0000000.69,4170962.86,000000.727,78468545.6
2021-10-17T00:00:01.695Z,-USD,000000.693,000000.743,0000000.69,4176767.17,000000.715,78685120.52
2021-10-17T01:00:11.042Z,-USD,000000.695,000000.743,0000000.69,4114750.75,000000.714,76640068.81
2021-10-17T02:00:11.159Z,-USD,000000.697,000000.743,0000000.69,4008777.68,000000.713,76712078.69
2021-10-17T03:00:11.036Z,-USD,000000.699,000000.743,0000000.69,3902290.65,0000000.71,76765858.33
2021-10-17T04:00:42.256Z,-USD,000000.695,000000.743,000000.691,3670305.41,0000000.71,76844477.69
2021-10-17T05:00:08.356Z,-USD,000000.695,000000.743,000000.691,3733142.43,000000.707,76907314.71
2021-10-17T06:00:09.229Z,-USD,000000.696,000000.743,000000.691,3604693.97,000000.705,76928115.73
2021-10-17T07:00:09.424Z,-USD,000000.698,000000.743,000000.691,3602071.01,000000.706,76976921.11
2021-10-17T08:00:08.545Z,-USD,000000.702,000000.743,000000.691,3596872.36,000000.705,77013974.95
2021-10-17T09:00:09.307Z,-USD,000000.704,000000.743,000000.691,3539338.13,000000.707,77082026.89
2021-10-17T10:00:09.766Z,-USD,000000.704,000000.743,000000.691,3478509.48,000000.703,77105570.11
2021-10-17T11:00:10.085Z,-USD,000000.705,000000.743,000000.691,3461000.04,000000.703,77145280.84
2021-10-17T12:00:08.446Z,-USD,000000.708,000000.743,000000.691,3405641.71,00000000.7,77170184.22
2021-10-17T13:00:11.507Z,-USD,000000.693,000000.743,000000.692,3363059.92,000000.699,77350128.88
2021-10-17T14:00:09.855Z,-USD,000000.701,000000.743,000000.694,3215857.27,000000.701,77397695.56
2021-10-17T15:00:09.417Z,-USD,000000.703,000000.743,000000.694,3063401.67,000000.701,77453474.08
2021-10-17T16:00:08.9Z,-USD,000000.705,000000.743,0000000.69,2867367.66,000000.692,77518220.63
2021-10-17T17:00:02.403Z,-USD,000000.705,000000.743,0000000.69,2804825.02,000000.695,77548637.82
2021-10-17T18:00:03.747Z,-USD,000000.703,000000.743,0000000.69,2737816.37,000000.696,77599607.28
2021-10-17T19:00:01.935Z,-USD,000000.711,000000.743,0000000.69,2737495.48,00000000.7,77698071.1
2021-10-17T20:00:02.498Z,-USD,000000.704,000000.743,0000000.69,2631235.99,000000.691,77785781.01
2021-10-17T21:00:02.149Z,-USD,000000.706,000000.743,000000.673,2888667.33,000000.676,78197556.25
2021-10-17T22:00:02.532Z,-USD,000000.736,000000.736,000000.673,2210234.44,000000.686,78276065.38
2021-10-17T23:00:01.82Z,-USD,000000.725,000000.726,000000.673,2164454.95,0000000.69,78450400.98
2021-10-18T00:00:08.546Z,-USD,000000.718,000000.719,000000.673,02001435.0,000000.691,78508998.07
2021-10-18T01:00:02.724Z,-USD,000000.714,000000.718,000000.673,1960083.11,000000.693,76862409.56
2021-10-18T02:00:01.902Z,-USD,000000.713,000000.713,000000.673,1954661.41,000000.692,76938985.39
2021-10-18T03:00:01.983Z,-USD,000000.708,000000.712,000000.673,1933663.23,0000000.69,76961813.34
2021-10-18T04:00:02.164Z,-USD,000000.709,000000.712,000000.673,1887024.75,000000.687,76996680.13
2021-10-18T05:00:01.742Z,-USD,000000.705,000000.712,000000.673,1948299.69,000000.687,77117877.74
2021-10-18T06:00:01.777Z,-USD,000000.706,000000.712,000000.673,1990783.28,000000.687,77181482.07
2021-10-18T07:00:01.706Z,-USD,000000.706,000000.712,000000.673,1965031.38,0000000.69,77204398.38
2021-10-18T08:00:02.552Z,-USD,000000.706,0000000.71,000000.673,2024990.02,000000.686,77303129.49
2021-10-18T09:00:02.451Z,-USD,000000.706,000000.708,000000.673,1999467.48,000000.687,77343815.41
2021-10-18T10:00:02.248Z,-USD,000000.705,000000.705,000000.673,2057150.33,000000.684,77425971.1
2021-10-18T11:00:02.559Z,-USD,000000.704,000000.705,000000.673,2105328.63,000000.685,77514041.43
2021-10-18T12:00:02.461Z,-USD,00000000.7,000000.702,000000.673,2150692.03,000000.682,77584650.75
2021-10-18T13:00:02.581Z,-USD,000000.698,000000.702,000000.673,2026894.91,000000.681,77639666.89
2021-10-18T14:00:01.943Z,-USD,00000000.7,000000.702,000000.673,2076078.46,000000.688,77736100.98
2021-10-18T15:00:02.116Z,-USD,000000.699,000000.701,000000.673,2087521.48,000000.686,77803456.21
2021-10-18T16:00:02.353Z,-USD,000000.694,000000.701,000000.673,2153171.65,000000.681,77934420.05
2021-10-18T17:00:01.827Z,-USD,000000.695,000000.701,000000.673,2239814.53,000000.676,78050780.53
2021-10-18T18:00:02.355Z,-USD,000000.696,000000.701,000000.673,02265047.2,000000.675,78126972.17
2021-10-18T19:00:02.229Z,-USD,00000000.7,00000000.7,000000.672,02518725.8,000000.674,78479077.5
2021-10-18T20:00:02.515Z,-USD,000000.692,000000.696,000000.671,2731305.65,000000.676,78779401.04
2021-10-18T21:00:01.852Z,-USD,000000.674,000000.696,000000.671,2469915.75,000000.681,78929793.43
2021-10-18T22:00:02.585Z,-USD,000000.687,000000.696,000000.671,2489844.52,000000.679,79028566.98
2021-10-18T23:00:01.997Z,-USD,0000000.69,000000.696,000000.671,2470891.05,000000.681,79186043.19
2021-10-19T00:00:02.07Z,-USD,000000.692,000000.696,000000.671,2480875.04,000000.681,79252296.55
2021-10-19T01:00:02.499Z,-USD,000000.693,000000.695,000000.671,2481703.92,000000.677,78067187.4
2021-10-19T02:00:01.899Z,-USD,000000.693,000000.693,000000.671,2521381.68,000000.685,78183700.88
2021-10-19T03:00:02.276Z,-USD,000000.691,000000.692,000000.671,2722196.79,000000.685,78407061.88
2021-10-19T04:00:02.483Z,-USD,000000.687,000000.692,000000.671,2766691.19,000000.689,78486484.21
2021-10-19T05:00:01.823Z,-USD,000000.686,000000.692,000000.671,2802110.07,000000.687,78643094.66
2021-10-19T06:00:02.691Z,-USD,000000.688,000000.692,000000.671,2783704.12,000000.686,78688413.72
2021-10-19T07:00:01.891Z,-USD,000000.691,000000.692,000000.671,2841962.59,000000.685,78770187.72
2021-10-19T08:00:01.966Z,-USD,000000.686,000000.699,000000.671,2889945.98,000000.696,78916148.65
2021-10-19T09:00:02.439Z,-USD,000000.686,000000.699,000000.671,2907189.13,0000000.69,78978857.92
2021-10-19T10:00:02.336Z,-USD,000000.683,000000.699,000000.671,2865386.59,0000000.69,79014436.54
2021-10-19T11:00:02.348Z,-USD,000000.684,000000.699,000000.671,2804802.11,000000.687,79042423.96
2021-10-19T12:00:02.418Z,-USD,000000.682,000000.699,000000.671,2767594.04,0000000.69,79075297.58
2021-10-19T13:00:02.461Z,-USD,000000.683,000000.699,000000.671,2768479.38,0000000.69,79132869.26
2021-10-19T14:00:02.569Z,-USD,000000.686,000000.699,000000.671,2781466.58,000000.687,79240886.74
2021-10-19T15:00:01.94Z,-USD,000000.683,000000.699,000000.671,2870918.03,000000.686,79397425.24
2021-10-19T16:00:02.246Z,-USD,0000000.68,000000.699,000000.671,2798882.63,0000000.68,79456392.9
2021-10-19T17:00:02.619Z,-USD,000000.677,000000.699,000000.671,2761847.56,000000.683,79535815.54
2021-10-19T18:00:02.691Z,-USD,000000.675,000000.699,000000.671,2813197.83,000000.681,79663261.62
2021-10-19T19:00:02.283Z,-USD,000000.675,000000.699,000000.671,2665467.49,000000.678,79867646.94
2021-10-19T20:00:02.68Z,-USD,000000.676,000000.699,000000.674,2432299.19,000000.678,79934753.75
2021-10-19T21:00:02.531Z,-USD,0000000.68,000000.699,000000.674,2329250.03,000000.677,79982097.7
2021-10-19T22:00:02.312Z,-USD,0000000.68,000000.699,000000.674,2306703.12,000000.678,80058776.32
2021-10-19T23:00:02.548Z,-USD,0000000.68,000000.699,000000.672,2225622.87,000000.677,80134767.8
2021-10-20T00:00:02.423Z,-USD,000000.681,000000.699,000000.672,2284763.51,0000000.68,80261289.4
2021-10-20T01:00:02.584Z,-USD,000000.679,000000.699,000000.672,02243301.2,000000.677,75051840.75
2021-10-20T02:00:02.668Z,-USD,000000.685,000000.699,000000.672,2242115.43,000000.676,75155143.41
2021-10-20T03:00:02.542Z,-USD,000000.684,000000.699,000000.672,2067703.54,000000.677,75215633.92
2021-10-20T04:00:02.569Z,-USD,0000000.69,000000.699,000000.672,2153670.14,000000.675,75369202.52
2021-10-20T05:00:01.718Z,-USD,000000.685,000000.699,000000.672,2042638.29,000000.675,75414785.54
2021-10-20T06:00:02.82Z,-USD,000000.686,000000.699,000000.672,2020952.83,000000.675,75438434.29
2021-10-20T07:00:02.601Z,-USD,000000.683,000000.699,000000.672,1967930.15,000000.674,75467166.72
2021-10-20T08:00:02.315Z,-USD,000000.698,000000.698,000000.672,1892450.77,000000.681,75543174.47
2021-10-20T09:00:02.178Z,-USD,000000.692,000000.694,000000.672,01902449.7,000000.682,75611014.87
2021-10-20T10:00:02.107Z,-USD,0000000.69,000000.694,000000.672,01915751.1,0000000.68,75659270.58
2021-10-20T11:00:04.304Z,-USD,000000.687,000000.694,000000.672,1924806.06,000000.683,75696273.99
2021-10-20T12:00:01.956Z,-USD,000000.691,000000.694,000000.672,01923344.8,000000.686,75727869.64
2021-10-20T13:00:01.795Z,-USD,000000.689,000000.694,000000.672,1928347.96,000000.689,75790331.67
2021-10-20T14:00:02.204Z,-USD,000000.685,000000.695,000000.672,2028902.78,000000.692,76006516.05
2021-10-20T15:00:02.133Z,-USD,000000.685,00000000.7,000000.672,2055559.47,000000.696,76182072.83
2021-10-20T16:00:02.191Z,-USD,000000.679,000000.704,000000.672,2246990.13,000000.703,76432671.16
2021-10-20T17:00:01.752Z,-USD,000000.684,000000.708,000000.672,2404029.41,000000.707,76672674.88
2021-10-20T18:00:02.711Z,-USD,000000.681,000000.709,000000.672,02498734.7,000000.707,76891282.96
2021-10-20T19:00:02.04Z,-USD,000000.678,000000.711,000000.672,2477126.12,000000.709,77073982.32
2021-10-20T20:00:01.881Z,-USD,000000.678,000000.713,000000.672,02681186.0,000000.712,77345282.61
2021-10-20T21:00:02.216Z,-USD,000000.677,000000.713,000000.672,2794724.28,000000.706,77515474.83
2021-10-20T22:00:02.297Z,-USD,000000.678,000000.713,000000.672,2938192.84,000000.708,77727802.1
2021-10-20T23:00:01.822Z,-USD,000000.677,000000.713,000000.672,3013352.37,000000.707,77879473.52
2021-10-21T00:00:02.66Z,-USD,0000000.68,000000.713,000000.672,2988913.51,000000.711,77980916.13
2021-10-21T01:00:02.187Z,-USD,000000.676,000000.727,000000.672,3277834.16,000000.724,74691364.39
2021-10-21T02:00:02.795Z,-USD,000000.676,000000.727,000000.672,3469383.22,000000.715,74990141.25
2021-10-21T03:00:02.201Z,-USD,000000.677,000000.727,000000.672,3558103.78,000000.714,75134024.72
2021-10-21T04:00:02.146Z,-USD,000000.677,000000.727,000000.672,3487464.21,000000.717,75216915.29
2021-10-21T05:00:02.629Z,-USD,000000.677,000000.727,000000.672,3511768.58,000000.713,75292766.07
2021-10-21T06:00:02.524Z,-USD,000000.675,000000.727,000000.672,3802383.87,0000000.72,75601205.82
2021-10-21T07:00:02.385Z,-USD,000000.674,000000.727,000000.673,3946716.86,000000.712,75774632.18
2021-10-21T08:00:02.232Z,-USD,0000000.68,000000.727,000000.679,3899467.39,000000.714,75803878.61
2021-10-21T09:00:02.008Z,-USD,000000.683,000000.727,0000000.68,3863322.86,000000.719,75834580.82
2021-10-21T10:00:01.763Z,-USD,000000.681,000000.727,000000.681,3937368.56,000000.725,75956932.85
2021-10-21T11:00:02.084Z,-USD,000000.683,000000.729,000000.682,4019977.17,000000.726,76076500.23
2021-10-21T12:00:01.931Z,-USD,000000.687,000000.729,000000.686,4450031.04,000000.706,76539018.42
2021-10-21T13:00:01.776Z,-USD,000000.688,000000.729,000000.686,4504519.91,0000000.71,76655139.78
2021-10-21T14:00:02.654Z,-USD,000000.692,000000.729,000000.691,4426738.32,000000.717,76793811.04
2021-10-21T15:00:01.791Z,-USD,000000.695,000000.729,000000.694,4645050.65,000000.706,77190413.4
2021-10-21T16:00:02.014Z,-USD,000000.703,000000.729,000000.687,4678731.43,000000.696,77471631.16
2021-10-21T17:00:02.369Z,-USD,000000.709,000000.729,000000.687,4544922.43,000000.695,77578009.28
2021-10-21T18:00:02.593Z,-USD,000000.709,000000.729,000000.687,04441428.7,000000.689,77694254.8
2021-10-21T19:00:02.51Z,-USD,000000.709,000000.729,000000.687,4347667.59,000000.691,77782053.7
2021-10-21T20:00:02.655Z,-USD,000000.711,000000.729,000000.687,4182203.09,000000.691,77888049.29
2021-10-21T21:00:01.929Z,-USD,000000.706,000000.729,000000.687,4103519.01,000000.696,78006287.98
2021-10-21T22:00:02.08Z,-USD,000000.708,000000.729,000000.687,3975913.67,000000.692,78063972.61
2021-10-21T23:00:02.468Z,-USD,000000.708,000000.729,000000.687,3950716.43,000000.691,78190456.22
2021-10-22T00:00:02.626Z,-USD,000000.712,000000.729,000000.687,3939836.73,0000000.69,78281225.64
2021-10-22T01:00:09.309Z,-USD,000000.725,000000.729,000000.687,3716371.47,000000.697,75852180.64
2021-10-22T02:00:07.275Z,-USD,000000.716,000000.729,000000.687,3480146.42,000000.699,75919114.66
2021-10-22T03:00:02.234Z,-USD,000000.713,000000.729,000000.687,3398140.25,000000.699,75979971.06
2021-10-22T04:00:01.852Z,-USD,000000.717,000000.729,000000.687,3402656.72,000000.706,76063774.37
2021-10-22T05:00:02.652Z,-USD,000000.714,000000.729,000000.687,3352571.11,000000.704,76091239.91
2021-10-22T06:00:02.402Z,-USD,0000000.72,000000.729,000000.687,3098441.68,000000.702,76145235.62
2021-10-22T07:00:02.05Z,-USD,000000.711,000000.729,000000.687,3009041.03,000000.702,76231153.79
2021-10-22T08:00:01.781Z,-USD,000000.715,000000.729,000000.687,03024301.7,000000.706,76272417.23
2021-10-22T09:00:02.57Z,-USD,000000.721,000000.729,000000.687,3028400.11,000000.706,76311802.24
2021-10-22T10:00:02.161Z,-USD,000000.724,000000.729,000000.687,2941357.28,000000.707,76342780.38
2021-10-22T11:00:02.351Z,-USD,000000.728,000000.729,000000.687,2868643.95,000000.711,76391696.34
2021-10-22T12:00:01.743Z,-USD,000000.707,000000.723,000000.687,2445602.53,000000.713,76428831.26
2021-10-22T13:00:02.639Z,-USD,000000.711,000000.723,000000.687,2353276.46,000000.714,76465229.06
2021-10-22T14:00:02.466Z,-USD,000000.717,000000.719,000000.687,2280076.91,000000.706,76518357.67
2021-10-22T15:00:01.819Z,-USD,000000.706,000000.716,000000.687,2127071.47,000000.703,76761801.4
2021-10-22T16:00:01.939Z,-USD,000000.694,000000.716,000000.689,2004189.24,000000.697,76920162.0
2021-10-22T17:00:02.393Z,-USD,000000.696,000000.716,000000.689,2062587.01,000000.701,77086626.44
2021-10-22T18:00:02.025Z,-USD,000000.691,000000.716,000000.689,02061187.2,000000.697,77199726.84
2021-10-22T19:00:02.161Z,-USD,000000.692,000000.716,000000.689,2023990.63,000000.698,77250364.07
2021-10-22T20:00:02.173Z,-USD,000000.692,000000.716,000000.689,1970222.14,00000000.7,77303923.64
2021-10-22T21:00:02.418Z,-USD,000000.694,000000.716,000000.689,1905269.17,000000.699,77355753.99
2021-10-22T22:00:02.198Z,-USD,000000.693,000000.716,000000.689,1861580.65,000000.695,77392987.99
2021-10-22T23:00:02.568Z,-USD,0000000.69,000000.716,000000.689,01809482.5,000000.697,77444147.57
2021-10-23T00:00:02.446Z,-USD,0000000.69,000000.716,000000.689,1772859.07,000000.696,77505831.92
2021-10-23T01:00:02.283Z,-USD,000000.697,000000.716,000000.689,1690512.04,000000.698,75148780.62
2021-10-23T02:00:02.096Z,-USD,00000000.7,000000.716,000000.689,1653058.24,000000.697,75173852.8
2021-10-23T03:00:02.102Z,-USD,000000.701,000000.716,000000.689,1634509.69,000000.701,75216296.92
2021-10-23T04:00:02.17Z,-USD,000000.707,000000.716,000000.689,1596980.64,000000.704,75263437.23
2021-10-23T05:00:02.322Z,-USD,000000.705,000000.716,000000.689,1643851.32,000000.705,75336974.42
2021-10-23T06:00:02.227Z,-USD,000000.702,000000.716,000000.689,1654565.46,000000.702,75401994.6
2021-10-23T07:00:02.1Z,-USD,000000.702,000000.716,000000.689,1604797.45,000000.706,75437635.19
2021-10-23T08:00:01.833Z,-USD,000000.707,000000.716,000000.689,1677079.78,000000.709,75551198.9
2021-10-23T09:00:01.76Z,-USD,000000.706,000000.716,000000.689,1692758.65,000000.713,75606419.11
2021-10-23T10:00:02.585Z,-USD,000000.706,000000.716,000000.689,1720492.97,000000.707,75665602.91
2021-10-23T11:00:01.767Z,-USD,000000.711,000000.716,000000.689,1698944.51,00000000.7,75692369.01
2021-10-23T12:00:02.463Z,-USD,000000.713,000000.716,000000.689,1721274.96,000000.706,75752575.55
2021-10-23T13:00:02.387Z,-USD,000000.714,000000.716,000000.689,01700910.0,000000.707,75768073.43
2021-10-23T14:00:02.271Z,-USD,000000.704,000000.714,000000.689,1676730.26,000000.709,75796772.49
2021-10-31T18:00:08.706Z,-USD,0000001.17,0000001.55,000000.891,111940532.03,000000.996,287998920.75
2021-10-31T19:00:01.791Z,-USD,000001.147,0000001.55,000000.891,109798723.04,000000.991,290234503.72
2021-10-31T20:00:01.778Z,-USD,000001.153,0000001.55,000000.891,108543462.4,000001.014,292431074.47
2021-10-31T21:00:02.684Z,-USD,000001.279,0000001.55,000000.891,103698085.21,000001.017,293916674.68
2021-10-31T22:00:01.709Z,-USD,000001.326,0000001.55,000000.891,87198156.64,0000001.02,295300657.39
2021-10-31T23:00:03.094Z,-USD,000001.275,0000001.45,000000.891,73225948.25,000000.995,296671745.64
2021-11-01T00:00:04.868Z,-USD,000001.244,0000001.45,000000.891,66698039.39,000000.995,297862431.79
2021-11-01T01:00:04.338Z,-USD,000001.339,0000001.45,000000.891,58998508.84,000001.026,296295735.5
2021-11-01T02:00:03.854Z,-USD,000001.344,000001.397,000000.891,51245768.24,00000001.0,298051420.03
2021-11-01T03:00:03.703Z,-USD,000001.273,000001.301,000000.891,49190581.0,000000.989,300147380.72
2021-11-01T04:00:13.388Z,-USD,000001.254,000001.257,000000.891,47439904.56,000000.968,300978043.47
2021-11-01T05:00:07.284Z,-USD,000001.186,000001.235,000000.891,44842673.17,000000.992,301674627.5
2021-11-01T06:00:06.049Z,-USD,000001.166,000001.235,000000.891,44041874.98,000001.001,302524207.53
2021-11-01T07:00:06.388Z,-USD,000001.166,000001.235,000000.891,42559810.13,000000.998,302969709.54
2021-11-01T08:00:02.266Z,-USD,000001.147,000001.149,000000.891,41695919.38,000001.017,303398513.42
2021-11-01T09:00:01.782Z,-USD,000001.104,000001.122,000000.891,40272450.28,000001.004,303679884.53
2021-11-01T10:00:02.202Z,-USD,000001.077,00000001.1,000000.891,39060430.34,000001.012,303972372.38
2021-11-01T11:00:03.213Z,-USD,000001.086,00000001.1,000000.891,38057924.18,000001.049,304859567.11
2021-11-01T12:00:02.513Z,-USD,0000001.04,000001.099,000000.891,37790229.45,000001.025,306844863.91
2021-11-01T13:00:02.256Z,-USD,000001.016,000001.099,000000.891,37035210.53,000001.051,308984313.58
2021-11-01T14:00:02.194Z,-USD,000001.002,000001.099,000000.891,35622242.21,000001.037,310556481.23
2021-11-01T15:00:02.248Z,-USD,000000.974,000001.099,000000.959,33385732.25,000001.016,311438269.69
2021-11-01T16:00:01.801Z,-USD,000000.978,000001.099,000000.959,31768832.87,000001.016,312228239.52
2021-11-01T17:00:03.98Z,-USD,000001.001,000001.099,000000.959,29243602.35,000001.001,312972419.46
2021-11-01T18:00:02.944Z,-USD,000000.997,000001.099,000000.959,28762484.46,000000.988,313680568.93
2021-11-01T19:00:02.167Z,-USD,000000.991,000001.099,000000.959,27154402.31,000000.987,314302632.15
2021-11-01T20:00:02.283Z,-USD,0000001.01,000001.099,000000.959,26683205.68,0000001.01,316027924.3
2021-11-01T21:00:02.427Z,-USD,000001.017,000001.099,000000.959,26339485.67,000000.996,317168639.64
2021-11-01T22:00:02.478Z,-USD,000001.021,000001.099,000000.959,25475814.83,000000.999,317704867.62
2021-11-01T23:00:03.419Z,-USD,000000.994,000001.099,000000.959,24795322.07,000001.005,318388629.8
2021-11-02T00:00:01.929Z,-USD,000000.994,000001.099,000000.959,24571064.89,000001.023,319357588.72
2021-11-02T01:00:01.873Z,-USD,000001.025,000001.099,000000.959,24634653.27,0000001.04,318981351.04
2021-11-02T02:00:01.986Z,-USD,000000.997,000001.099,000000.959,25050295.43,000001.081,321144277.73
2021-11-02T03:00:01.903Z,-USD,000000.989,000001.127,000000.959,26234841.73,000001.062,324425360.82
2021-11-02T04:00:02.082Z,-USD,000000.968,000001.127,000000.959,26035968.3,0000001.07,325058583.78
2021-11-02T05:01:03.096Z,-USD,000000.999,000001.127,000000.977,25463151.28,000001.049,326018413.23
2021-11-02T06:00:02.166Z,-USD,000000.999,000001.127,000000.977,25779654.06,000001.042,326334916.01
2021-11-02T07:00:01.91Z,-USD,000001.005,000001.127,000000.977,25567618.62,000001.051,326579366.37
2021-11-02T08:00:01.852Z,-USD,0000001.02,000001.127,000000.977,25592904.09,000001.045,327024441.07
2021-11-02T09:00:01.775Z,-USD,000001.005,000001.127,000000.977,25863246.54,000001.051,327581505.92
2021-11-02T10:00:01.714Z,-USD,000001.013,000001.127,000000.977,26161711.68,000001.056,328173429.18
2021-11-02T11:00:04.183Z,-USD,000001.049,000001.127,000000.977,25708345.02,000001.046,328599126.68
2021-11-02T12:00:01.711Z,-USD,000001.025,000001.127,000000.977,24567743.9,000001.042,329444520.83
2021-11-02T13:00:02.582Z,-USD,000001.054,000001.127,000000.977,23127666.72,000001.035,330162053.76
2021-11-02T14:00:02.686Z,-USD,000001.036,000001.127,000000.977,22159508.81,000001.038,330774947.2
2021-11-02T15:00:02.009Z,-USD,000001.016,000001.127,000000.977,21813547.54,000001.042,331298036.8
2021-11-02T16:00:02.22Z,-USD,000001.016,000001.127,000000.977,21627844.77,000001.032,331896699.67
2021-11-02T17:00:03.37Z,-USD,000001.001,000001.127,000000.977,21440205.92,000001.032,332470305.65
2021-11-02T18:00:02.126Z,-USD,000000.988,000001.127,000000.977,21116630.16,0000001.03,332835871.69
2021-11-02T19:00:02.42Z,-USD,000000.988,000001.127,000000.982,20842115.7,000001.033,333185662.64
2021-11-02T20:00:01.771Z,-USD,000001.012,000001.127,0000000.99,19468411.86,000001.036,333539098.95
2021-11-02T21:00:01.886Z,-USD,000000.997,000001.127,000000.992,18718138.9,000001.025,334124047.13
2021-11-02T22:00:02.016Z,-USD,00000001.0,000001.127,000000.999,18894802.19,000001.018,334652892.44
2021-11-02T23:00:02.751Z,-USD,000001.006,000001.127,000000.999,18733378.59,000001.023,335165756.16
2021-11-03T00:00:02.489Z,-USD,000001.023,000001.127,000001.009,18486264.01,000001.031,335875903.38
2021-11-03T01:00:02.616Z,-USD,000001.038,000001.127,000000.951,19217597.93,000001.003,334887152.21
2021-11-03T02:00:02.352Z,-USD,000001.079,000001.127,000000.951,17764991.2,000000.994,335712892.48
2021-11-03T03:00:02.521Z,-USD,000001.065,000001.081,000000.951,15321933.29,000001.002,336438426.15
2021-11-03T04:00:02.703Z,-USD,0000001.07,000001.074,000000.951,15177823.82,000000.989,336931283.42
2021-11-03T05:00:03.72Z,-USD,000001.049,000001.071,000000.951,14852287.73,000000.979,337555828.98
2021-11-03T06:00:02.825Z,-USD,000001.042,000001.071,000000.951,14807276.73,000000.995,337830005.84
2021-11-03T07:00:01.666Z,-USD,000001.054,000001.071,000000.951,14679607.63,000000.999,337962893.14
2021-11-03T08:00:02.667Z,-USD,000001.045,000001.071,000000.951,14639936.28,000000.998,338368810.0
2021-11-03T09:00:02.682Z,-USD,0000001.05,000001.071,000000.951,14302650.43,000000.991,338569327.57
2021-11-03T10:00:02.489Z,-USD,000001.058,000001.063,000000.951,13889909.86,00000001.0,338750806.34
2021-11-03T11:00:04.508Z,-USD,000001.046,000001.062,000000.951,14186983.99,000000.995,339473536.78
2021-11-03T12:00:01.942Z,-USD,000001.045,000001.055,000000.951,13763068.55,000001.001,339896449.94
2021-11-03T13:00:01.863Z,-USD,000001.034,000001.045,000000.951,13909392.4,000000.964,340762869.13
2021-11-03T14:00:01.998Z,-USD,000001.038,000001.045,000000.937,14318382.34,000000.953,341789646.19
2021-11-03T15:00:02.207Z,-USD,000001.042,000001.044,000000.937,14372966.09,0000000.97,342360177.17
2021-11-03T16:00:01.68Z,-USD,0000001.03,000001.042,000000.937,14265838.29,000000.966,342879559.61
2021-11-03T17:00:03.277Z,-USD,000001.033,000001.042,000000.937,14043574.68,000000.965,343216187.94
2021-11-03T18:00:01.882Z,-USD,0000001.03,000001.042,000000.937,14170787.91,000000.969,343703533.57
2021-11-03T19:00:02.278Z,-USD,000001.032,000001.042,000000.937,14637306.57,0000000.99,344508191.96
2021-11-03T20:00:02.568Z,-USD,000001.038,000001.042,000000.937,14574482.14,000000.981,344802190.24
2021-11-03T21:00:01.933Z,-USD,000001.022,000001.042,000000.937,14520942.44,000000.977,345336335.05
