Coin on file:	BCH
Created by:	chris
Created on:	09/18/2021T03:00:1631948402Z

Recorded,Currency,Open,High,Low,Volume,Last,Volume30day
2021-09-18T03:00:02.659Z,-USD,0000638.73,0000647.93,0000612.78,35051.21372231,0000626.22,926000.65724757
2021-09-18T04:00:01.983Z,-USD,0000640.38,0000647.93,0000612.78,35069.04342886,0000628.36,926591.60573692
2021-09-18T05:00:02.052Z,-USD,0000642.94,0000647.93,0000612.78,35752.7797905,0000633.35,928437.54229525
2021-09-18T06:00:02.083Z,-USD,0000640.64,0000647.93,0000612.78,35792.8915765,0000635.65,929105.87470732
2021-09-18T07:00:02.385Z,-USD,0000641.47,0000647.93,0000612.78,35424.87429207,0000635.46,929697.90427924
2021-09-18T08:00:02.626Z,-USD,0000640.75,0000647.93,0000612.78,34117.13278421,0000635.48,930083.33382104
2021-09-18T09:00:01.852Z,-USD,00000645.1,0000646.01,0000612.78,32688.06257083,0000635.69,930792.47272203
2021-09-18T10:00:01.968Z,-USD,0000639.75,0000642.96,0000612.78,31998.30879715,0000633.54,931126.29289966
2021-09-18T11:00:02.344Z,-USD,0000626.68,0000638.29,0000612.78,28370.84742595,0000633.29,931557.77551297
2021-09-18T12:00:02.46Z,-USD,00000620.9,0000638.29,0000612.78,26974.11058948,0000630.45,932474.49453733
2021-09-18T13:00:02.675Z,-USD,0000621.14,0000638.29,00000614.0,25420.52148772,0000632.25,933532.50974489
2021-09-18T14:00:01.88Z,-USD,0000618.72,0000638.29,00000614.0,25324.41903272,0000632.87,935202.31532054
2021-09-18T14:27:57.952Z,-USD,0000626.72,0000638.29,00000614.0,23472.9628712,0000636.97,935688.84291809
2021-09-18T14:28:37.246Z,-USD,0000626.72,0000638.29,00000614.0,23578.72694158,00000636.8,935794.60698847
2021-09-18T14:31:17.504Z,-USD,0000626.72,0000638.29,00000614.0,23742.08641958,0000636.82,935957.96646647
2021-09-18T15:00:02.118Z,-USD,0000626.72,0000638.29,00000614.0,24178.49014946,0000634.75,936394.37019635
2021-09-18T16:00:02.322Z,-USD,0000627.06,0000638.29,00000614.0,23355.79752632,0000630.07,937051.68715157
2021-09-18T17:00:02.107Z,-USD,0000629.68,0000638.29,00000614.0,22782.95397184,0000627.97,937632.18792367
2021-09-18T18:00:07.221Z,-USD,0000624.35,0000638.29,00000614.0,22486.77309084,0000629.24,938232.01214378
2021-09-18T19:00:01.787Z,-USD,0000624.26,0000638.29,00000614.0,21840.60735631,0000629.31,938678.49829118
2021-09-18T20:00:02.515Z,-USD,0000627.85,0000638.29,00000614.0,21825.54872427,0000628.97,939206.40495232
2021-09-18T21:00:02.121Z,-USD,0000617.34,0000638.29,00000614.0,21738.54882252,0000621.59,940763.36485809
2021-09-18T22:00:02.335Z,-USD,0000621.18,0000638.29,00000614.0,21209.99454661,0000622.86,941186.04419587
2021-09-18T23:00:01.768Z,-USD,00000615.0,0000638.29,0000614.22,20963.23010961,0000626.93,941982.84544586
2021-09-19T00:00:02.394Z,-USD,0000621.69,0000638.29,0000614.65,21247.99068685,0000630.94,943144.0707664
2021-09-19T01:00:02.002Z,-USD,00000625.2,0000638.29,0000619.01,20339.13936637,0000623.14,916952.02996938
2021-09-19T02:00:02.019Z,-USD,0000626.59,0000641.97,0000619.01,21840.38561119,0000641.53,920293.29666841
2021-09-19T03:00:02.664Z,-USD,0000626.17,0000647.43,0000619.01,24518.0079166,00000639.4,923568.58767272
2021-09-19T04:00:02.654Z,-USD,0000628.41,0000647.43,0000619.01,25192.32688153,0000633.68,924829.60124013
2021-09-19T05:00:02.407Z,-USD,0000633.42,0000647.43,0000619.01,23912.67714289,0000633.73,925396.87544372
2021-09-19T06:00:02.187Z,-USD,0000636.53,0000647.43,0000619.01,23725.82679255,0000637.61,925884.35570672
2021-09-19T07:00:02.005Z,-USD,0000635.71,0000647.43,0000619.01,23608.76257391,0000637.09,926351.63367611
2021-09-19T08:00:02.143Z,-USD,00000636.4,0000647.43,0000619.01,23819.77380797,0000636.84,926980.65908998
2021-09-19T09:00:01.925Z,-USD,00000635.6,0000647.43,0000619.01,23668.60652058,0000637.91,927505.86802934
2021-09-19T10:00:01.868Z,-USD,0000634.01,0000647.43,0000619.01,23703.36363401,0000634.46,927873.57606287
2021-09-19T11:00:02.48Z,-USD,0000633.38,0000647.43,0000619.01,23542.3708735,0000631.62,928144.04260883
2021-09-19T12:00:02.523Z,-USD,0000631.19,0000647.43,0000608.07,26073.239213,0000611.21,931623.05818291
2021-09-19T13:00:02.684Z,-USD,0000631.71,0000647.43,0000608.07,27047.27338666,0000613.86,933625.39738162
2021-09-19T14:00:02.607Z,-USD,0000633.53,0000647.43,0000608.07,26772.53039743,0000616.26,935018.8767497
2021-09-19T15:00:02.684Z,-USD,0000634.63,0000647.43,0000608.07,26949.81545391,0000617.75,936393.6874496
2021-09-19T16:00:02.634Z,-USD,0000630.37,0000647.43,0000608.07,26798.18599452,0000617.68,936902.12198855
2021-09-19T17:00:02.62Z,-USD,0000628.07,0000647.43,0000608.07,27040.48848762,0000616.49,937734.90898678
2021-09-19T18:00:01.7Z,-USD,00000628.9,0000647.43,0000608.07,27309.77470488,0000614.42,938636.57563539
2021-09-19T19:00:01.839Z,-USD,0000629.34,0000647.43,0000608.07,27703.87083602,0000615.08,939427.14317832
2021-09-19T20:00:01.841Z,-USD,0000629.58,0000647.43,0000608.07,27959.0461237,0000611.73,940211.75760991
2021-09-19T21:00:02.299Z,-USD,0000621.68,0000647.43,0000608.07,27078.6567335,00000617.0,940886.21025462
2021-09-19T22:00:02.24Z,-USD,00000622.8,0000647.43,0000608.07,27252.86159264,00000614.1,941483.19297538
2021-09-19T23:00:02.396Z,-USD,0000627.39,0000647.43,0000602.46,29959.36813592,0000606.78,944987.17921411
2021-09-20T00:00:01.696Z,-USD,0000630.88,0000647.43,0000602.46,30001.77823679,0000608.94,946198.6946658
2021-09-20T01:00:01.876Z,-USD,0000623.23,0000647.43,0000595.29,32465.61330821,00000598.2,924140.14826904
2021-09-20T02:00:02.151Z,-USD,0000642.12,0000647.43,0000595.29,30457.37223607,0000601.03,925518.00344187
2021-09-20T03:00:02.274Z,-USD,0000639.38,0000640.44,0000579.14,30354.68025611,0000586.38,928685.93276417
2021-09-20T04:00:02.153Z,-USD,0000633.59,0000639.93,0000574.82,32172.65720148,0000583.66,931718.97343306
2021-09-20T05:00:01.965Z,-USD,0000634.12,0000639.93,0000574.82,33612.40308932,0000583.92,933756.27576613
2021-09-20T06:00:01.919Z,-USD,0000637.46,0000639.93,0000574.82,33995.92751083,0000585.55,934604.82241015
2021-09-20T07:00:02.042Z,-USD,0000638.06,0000639.93,0000574.82,34492.95799567,0000579.82,935565.3192839
2021-09-20T08:00:02.121Z,-USD,0000637.21,0000638.68,0000560.59,36867.96405738,0000567.83,938569.71215881
2021-09-20T09:00:01.892Z,-USD,0000638.36,0000638.68,0000560.59,37534.48716519,00000573.3,939761.10761506
2021-09-20T10:00:01.701Z,-USD,0000634.86,0000635.19,0000560.59,38266.51564322,0000567.67,940864.45489176
2021-09-20T11:00:02.361Z,-USD,0000631.96,0000631.96,0000560.59,40454.79295572,0000564.78,943316.86390732
2021-09-20T12:00:02.361Z,-USD,0000611.11,0000620.54,00000540.9,42103.58883956,0000551.65,948553.68301742
2021-09-20T13:00:02.403Z,-USD,0000614.06,0000620.54,0000530.19,45279.186496,00000545.0,953621.81931218
2021-09-20T14:00:02.73Z,-USD,00000615.9,0000620.54,0000530.19,48584.55110433,0000552.89,958321.2102054
2021-09-20T15:00:01.832Z,-USD,0000616.97,0000620.54,0000530.19,49844.40447069,0000548.09,961005.56348777
2021-09-20T16:00:02.357Z,-USD,0000617.42,0000619.26,0000530.19,51737.73539612,0000550.94,963357.26435897
2021-09-20T17:00:02.536Z,-USD,0000616.58,0000618.43,0000530.19,52483.69437328,00000549.0,964935.61188671
2021-09-20T18:00:02.544Z,-USD,0000613.48,0000618.43,0000530.19,52803.97911913,0000551.92,966161.5518984
2021-09-20T19:00:02.469Z,-USD,0000614.88,0000617.81,0000530.19,53878.75614932,0000541.65,968023.75380284
2021-09-20T20:00:02.434Z,-USD,0000611.43,0000617.81,0000530.19,55270.83056007,0000548.94,970205.19446578
2021-09-20T21:00:02.46Z,-USD,0000616.51,0000617.81,0000530.19,56024.02970796,0000539.68,971622.6409201
2021-09-20T22:00:02.44Z,-USD,00000614.0,0000617.81,0000530.19,56154.88546409,0000543.99,972354.90456975
2021-09-20T23:00:02.52Z,-USD,0000606.95,0000611.12,0000530.19,53838.42996924,0000541.92,973548.5158503
2021-09-21T00:00:02.956Z,-USD,0000609.05,0000609.44,0000530.19,54254.15803239,0000541.34,975173.12241126
2021-09-21T01:00:02.191Z,-USD,0000598.39,0000602.62,0000511.22,56889.93638437,0000522.68,962763.86075935
2021-09-21T02:00:01.777Z,-USD,0000600.97,0000602.23,0000511.22,58492.48969825,0000540.21,965770.31747921
2021-09-21T03:00:02.103Z,-USD,0000585.46,0000587.73,0000511.22,56480.79676147,0000542.81,966914.8787318
2021-09-21T04:00:02.34Z,-USD,0000582.26,0000586.64,0000511.22,54244.62946347,0000537.66,967691.32723312
2021-09-21T05:00:02.612Z,-USD,00000583.8,0000586.64,0000511.22,52965.20564086,0000533.53,968467.88380595
2021-09-21T06:00:02.518Z,-USD,0000585.61,0000586.03,0000511.22,52999.66490136,0000533.35,969324.51410166
2021-09-21T07:00:02.272Z,-USD,0000579.73,0000583.05,0000511.22,52588.40712446,0000537.87,969884.98231843
2021-09-21T08:00:02.419Z,-USD,0000569.29,0000575.41,0000511.22,50801.98584733,0000542.86,971127.51169187
2021-09-21T09:00:02.545Z,-USD,0000573.33,0000575.41,0000511.22,50845.65691104,0000547.94,972326.99367721
2021-09-21T10:00:02.395Z,-USD,0000568.06,0000575.41,0000511.22,50127.77488368,0000544.12,972712.73651193
2021-09-21T11:00:02.6Z,-USD,0000564.94,0000565.92,0000511.22,49680.64063194,0000551.71,974719.44401038
2021-09-21T12:00:02.507Z,-USD,0000549.86,0000555.53,0000511.22,45118.76557485,0000547.62,975443.96478226
2021-09-21T13:00:02.679Z,-USD,00000545.4,0000555.53,0000511.22,41812.21868574,0000544.41,977159.10608288
2021-09-21T14:00:01.857Z,-USD,0000553.11,0000554.86,0000511.22,38883.48634724,0000546.35,978946.46605126
2021-09-21T15:00:02.144Z,-USD,0000548.05,0000554.86,0000511.22,37835.63024096,00000541.2,980563.16369353
2021-09-21T16:00:02.617Z,-USD,0000551.07,0000554.86,0000511.22,37077.63099654,0000544.89,982179.12244888
2021-09-21T17:00:03.462Z,-USD,0000550.01,0000554.04,0000511.22,37127.6797946,0000538.79,983783.65418082
2021-09-21T18:00:01.824Z,-USD,0000552.43,0000552.88,0000511.22,37982.12026893,0000526.51,985864.70048616
2021-09-21T19:00:02.438Z,-USD,00000542.5,0000552.44,0000511.22,38208.84665147,0000527.29,987969.71845422
2021-09-21T20:00:02.298Z,-USD,0000549.41,0000552.44,0000511.22,37722.74667611,0000525.72,989650.65775968
2021-09-21T21:00:01.766Z,-USD,0000540.04,0000552.44,0000509.87,39001.8154897,0000513.29,992349.82418267
2021-09-21T22:00:02.225Z,-USD,0000544.82,0000552.44,0000496.83,41165.8808093,0000518.41,995286.92527186
2021-09-21T23:00:02.124Z,-USD,0000542.49,0000552.44,0000496.83,41575.09657103,0000503.27,996861.55538058
2021-09-22T00:00:02.323Z,-USD,0000542.59,0000552.44,0000496.83,42350.86805617,0000504.39,999263.49550324
2021-09-22T01:00:02.686Z,-USD,0000523.78,0000552.44,0000496.74,38741.08070361,0000502.59,974521.58022603
2021-09-22T02:00:01.838Z,-USD,0000539.62,0000552.44,0000496.74,37682.19350218,0000518.63,976519.51090476
2021-09-22T03:00:02.496Z,-USD,0000542.24,0000552.44,0000496.74,37507.31206851,0000517.63,977435.3509357
2021-09-22T04:00:01.855Z,-USD,00000537.9,0000552.44,0000496.74,38052.77630585,0000515.26,978757.73084917
2021-09-22T05:00:01.961Z,-USD,0000533.25,0000552.44,0000496.74,37817.54413193,0000511.98,979299.06878142
2021-09-22T06:00:02.356Z,-USD,0000533.79,0000552.44,0000496.74,37999.71507774,0000518.01,980340.18504976
2021-09-22T07:00:02.359Z,-USD,0000538.46,0000552.44,0000496.74,38434.58302485,0000522.35,981333.76312483
2021-09-22T08:00:02.458Z,-USD,0000543.21,0000552.44,0000496.74,37894.0897102,0000524.79,982052.81079862
2021-09-22T09:00:03.657Z,-USD,0000548.32,0000552.44,0000496.74,37420.77149229,0000521.62,982766.14894354
2021-09-22T10:00:01.805Z,-USD,0000546.77,0000552.44,0000496.74,37587.88208997,0000524.81,983405.55935429
2021-09-22T11:00:02.368Z,-USD,0000551.25,0000552.07,0000496.74,36577.56275908,00000525.0,984311.38934988
2021-09-22T12:00:02.378Z,-USD,00000547.6,0000552.07,0000496.74,36899.63359409,0000519.18,985362.28877801
2021-09-22T13:00:02.638Z,-USD,0000544.34,0000549.35,0000496.74,36230.07375585,0000523.71,986403.08673772
2021-09-22T14:00:01.835Z,-USD,0000546.27,0000548.42,0000496.74,35913.82957272,0000525.69,987876.56498825
2021-09-22T15:00:01.945Z,-USD,0000541.53,0000548.42,0000496.74,35768.38107307,0000528.59,989399.54217569
2021-09-22T16:00:02.268Z,-USD,0000544.89,0000545.11,0000496.74,36184.94990013,0000536.86,991382.19950822
2021-09-22T17:00:02.156Z,-USD,0000538.79,0000540.71,0000496.74,37972.00839668,0000540.17,994772.02720197
2021-09-22T18:00:02.557Z,-USD,0000526.48,0000540.89,0000496.74,36803.69715724,0000536.54,995687.29805234
2021-09-22T19:00:02.158Z,-USD,0000526.54,0000546.98,0000496.74,36888.34742084,0000536.16,997872.22946161
2021-09-22T20:00:02.676Z,-USD,0000524.44,0000546.98,0000496.74,36674.71695099,00000540.2,999363.91692535
2021-09-22T21:00:01.933Z,-USD,0000512.42,0000546.98,0000496.74,34695.99047544,0000543.02,1000248.65930485
2021-09-22T22:00:02.514Z,-USD,0000517.85,0000546.98,0000496.74,32960.66809854,0000542.81,1001262.77618689
2021-09-22T23:00:02.005Z,-USD,0000503.68,0000546.98,0000496.74,32471.73584616,00000546.5,1002349.17818413
2021-09-23T00:00:03.545Z,-USD,0000505.47,0000548.32,0000496.74,31187.49319266,0000547.89,1003465.19059848
2021-09-23T01:00:02.49Z,-USD,0000503.55,0000550.09,0000499.47,30151.03304478,0000538.03,973782.38733234
2021-09-23T02:00:02.357Z,-USD,0000518.88,0000550.09,0000511.75,29761.19458914,0000544.55,975389.54192452
2021-09-23T03:00:02.712Z,-USD,00000517.0,0000550.09,0000511.75,29544.63895552,0000544.21,976088.94304963
2021-09-23T04:00:01.926Z,-USD,0000515.46,0000550.09,0000511.75,29927.94322667,0000548.85,977794.18610426
2021-09-23T05:00:02.221Z,-USD,0000512.24,0000550.09,00000512.1,29902.3083957,0000544.71,978308.94920554
2021-09-23T06:00:02.32Z,-USD,0000518.09,0000550.09,00000512.1,29590.85227266,0000542.21,979036.76176823
2021-09-23T07:00:03.134Z,-USD,0000522.88,0000550.09,0000518.51,29165.64201279,0000547.69,979605.24567266
2021-09-23T08:00:02.122Z,-USD,0000524.65,0000550.09,0000518.51,28956.9783591,0000548.32,980116.47294775
2021-09-23T09:00:02.3Z,-USD,0000521.63,0000550.09,0000518.51,28816.41915528,0000542.58,980691.34357153
2021-09-23T10:00:02.464Z,-USD,0000526.23,0000550.09,0000518.51,28698.4686383,00000542.9,981238.52185348
2021-09-23T11:00:05.825Z,-USD,0000525.97,0000550.09,0000518.51,29063.27794643,0000539.86,982487.84932473
2021-09-23T12:00:02.063Z,-USD,0000519.66,0000550.09,00000518.6,29227.33788277,0000535.07,983701.2286892
2021-09-23T13:00:02.551Z,-USD,0000523.73,0000550.09,0000521.23,29514.29945097,0000536.22,985024.64821711
2021-09-23T14:00:01.849Z,-USD,0000526.29,0000550.09,0000523.78,29111.99295232,0000544.51,986095.96381728
2021-09-23T15:00:02.469Z,-USD,00000528.4,0000550.09,0000528.38,28407.32846451,0000545.58,986917.50401558
2021-09-23T16:00:01.835Z,-USD,0000536.51,0000550.09,0000532.62,27608.89125959,0000539.76,988102.8817989
2021-09-23T17:00:02.388Z,-USD,0000540.25,0000550.09,0000532.62,25297.6867435,0000541.44,989175.75759851
2021-09-23T18:00:01.982Z,-USD,0000536.59,0000551.29,0000532.62,26648.27002886,0000550.63,991441.33672378
2021-09-23T19:00:01.805Z,-USD,0000536.86,0000552.28,0000532.62,25957.15116524,0000549.57,992935.90801946
2021-09-23T20:00:02.516Z,-USD,0000540.47,0000554.06,0000532.62,25524.2687458,0000552.24,994003.64117112
2021-09-23T21:00:02.25Z,-USD,00000543.5,0000554.06,0000532.62,25361.18713406,0000549.33,994815.03216304
2021-09-23T22:00:02.175Z,-USD,0000542.44,0000554.06,0000532.62,24957.57492518,0000549.16,995328.68844394
2021-09-23T23:00:01.951Z,-USD,0000546.39,0000554.06,0000532.62,25209.46664082,0000550.14,996664.69511397
2021-09-24T00:00:02.48Z,-USD,0000547.87,0000554.06,0000532.62,24978.58911453,0000552.74,997558.4868075
2021-09-24T01:00:02.228Z,-USD,0000538.01,00000556.9,0000532.62,25279.57871183,00000550.4,977159.99023466
2021-09-24T02:00:02.084Z,-USD,0000544.85,00000556.9,0000532.62,24426.10398069,00000545.2,977914.97010708
2021-09-24T03:00:01.973Z,-USD,0000544.25,00000556.9,0000532.62,24770.39084856,0000544.65,978957.03182424
2021-09-24T04:00:02.45Z,-USD,0000549.03,00000556.9,0000532.62,24004.38231676,0000542.12,979896.15837627
2021-09-24T05:00:02.206Z,-USD,0000544.67,00000556.9,0000532.62,24356.60671522,0000542.39,980765.2960462
2021-09-24T06:00:02.643Z,-USD,0000542.54,00000556.9,0000532.62,24606.55720063,0000541.29,981740.80745886
2021-09-24T07:00:02.623Z,-USD,0000548.37,00000556.9,0000532.62,25027.28904776,0000537.04,982730.28256551
2021-09-24T08:00:01.884Z,-USD,00000548.6,00000556.9,0000532.62,27489.00448794,0000543.54,985703.06758158
2021-09-24T09:00:02.126Z,-USD,00000542.4,00000556.9,0000532.62,27639.8042425,0000536.34,986432.38793947
2021-09-24T10:00:02.248Z,-USD,0000541.46,00000556.9,0000502.69,31762.71674879,0000502.69,991112.02256573
2021-09-24T11:00:02.663Z,-USD,0000539.41,00000556.9,0000492.54,36281.0138968,0000495.56,996868.14971397
2021-09-24T12:00:02.133Z,-USD,0000535.56,00000556.9,0000479.12,45277.18997746,0000499.56,1007075.9087921
2021-09-24T13:00:02.817Z,-USD,0000536.18,00000556.9,0000479.12,47114.75089186,0000495.92,1010243.02923441
2021-09-24T14:00:02.591Z,-USD,00000544.4,00000556.9,0000479.12,49151.61788794,0000505.03,1013353.36277961
2021-09-24T15:00:02.124Z,-USD,0000545.55,00000556.9,0000479.12,51106.59416283,0000509.03,1016121.63830385
2021-09-24T16:00:01.961Z,-USD,0000539.69,00000556.9,0000479.12,51262.05641339,0000505.52,1017462.57018166
2021-09-24T17:00:02.316Z,-USD,0000541.82,00000556.9,0000479.12,51892.3678268,0000507.27,1019168.00364772
2021-09-24T18:00:02.431Z,-USD,0000550.39,00000556.9,0000479.12,51174.22358697,0000503.52,1020795.70239812
2021-09-24T19:00:02.41Z,-USD,0000550.51,00000556.9,0000479.12,50824.04102802,0000507.85,1021867.12786041
2021-09-24T20:00:01.732Z,-USD,0000552.35,00000556.9,0000479.12,50747.88865764,0000509.02,1022853.85847283
2021-09-24T21:00:02.101Z,-USD,0000549.58,00000556.9,0000479.12,50971.84265508,0000516.07,1023884.51917936
2021-09-24T22:00:02.204Z,-USD,0000549.61,00000556.9,0000479.12,51534.42985111,0000516.81,1024960.74199374
2021-09-24T23:00:01.997Z,-USD,0000549.65,00000556.9,0000479.12,51163.08632326,0000518.41,1025933.06932475
2021-09-25T00:00:02.169Z,-USD,0000552.89,00000556.9,0000479.12,51731.76152477,0000513.75,1027390.65652223
2021-09-25T01:00:02.578Z,-USD,00000550.9,0000551.99,0000479.12,51780.25659337,0000518.05,996070.84279316
2021-09-25T02:00:01.928Z,-USD,0000545.87,0000546.56,0000479.12,52574.36765857,0000520.23,997653.65366558
2021-09-25T03:00:01.987Z,-USD,0000544.86,0000546.34,0000479.12,52438.02948119,00000514.4,998517.66539301
2021-09-25T04:00:02.605Z,-USD,0000541.56,0000546.34,0000479.12,52634.40354853,0000517.06,999661.38589847
2021-09-25T05:00:02.68Z,-USD,0000541.69,0000546.34,0000479.12,52286.02984997,0000517.21,1000175.67831779
2021-09-25T06:00:02.668Z,-USD,0000541.13,0000546.34,0000479.12,52221.09561552,0000515.05,1001085.60280134
2021-09-25T07:00:01.846Z,-USD,0000537.03,0000546.34,0000479.12,51871.40401179,0000519.71,1001729.29797102
2021-09-25T08:00:01.884Z,-USD,0000542.97,0000545.88,0000479.12,49592.45142402,0000512.17,1002431.9180258
2021-09-25T09:00:02.034Z,-USD,0000535.98,0000536.55,0000479.12,51132.50020907,00000516.1,1004704.51420141
2021-09-25T10:00:01.83Z,-USD,0000503.13,0000523.47,0000479.12,47668.64651113,0000519.39,1005933.32272593
2021-09-25T11:00:02.586Z,-USD,0000495.61,0000523.47,0000479.12,42732.31374633,0000517.59,1006731.29376742
2021-09-25T12:00:02.497Z,-USD,0000498.96,0000523.47,00000490.6,33509.96683941,0000512.76,1007707.88967888
2021-09-25T13:00:02.182Z,-USD,0000496.35,0000523.47,00000490.6,31045.12232938,0000511.68,1008416.32008668
2021-09-25T14:00:02.678Z,-USD,0000505.08,0000523.47,0000502.05,28760.59153489,0000515.06,1009260.92719184
2021-09-25T15:00:02.678Z,-USD,0000508.77,0000523.47,0000502.05,27189.2651066,0000509.23,1010434.25932373
2021-09-25T16:00:01.769Z,-USD,0000505.13,0000523.47,0000502.05,26798.65892645,0000513.77,1011383.79033488
2021-09-25T17:00:02.512Z,-USD,00000507.0,0000523.47,0000502.05,26732.13274701,0000512.62,1013024.21149934
2021-09-25T18:00:01.743Z,-USD,00000504.8,0000523.47,0000502.14,25763.9416815,0000513.46,1013686.15592136
2021-09-25T19:00:01.831Z,-USD,0000507.17,0000523.47,0000502.14,25524.65151696,0000511.77,1014515.39149638
2021-09-25T20:00:02.078Z,-USD,0000508.92,0000523.47,0000502.14,25727.63025346,0000515.68,1015706.92952001
2021-09-25T21:00:02.047Z,-USD,0000516.04,0000523.47,0000502.14,25518.55204761,0000515.77,1016530.06928297
2021-09-25T22:00:01.967Z,-USD,0000517.18,0000523.47,0000502.14,25042.33181947,0000514.38,1017129.14315071
2021-09-25T23:00:02.555Z,-USD,0000518.51,0000523.47,0000502.14,24898.68761913,0000517.82,1017967.75421857
2021-09-26T00:00:01.749Z,-USD,0000513.74,0000523.47,0000502.14,24294.87843666,0000517.33,1018811.77635261
2021-09-26T01:00:01.825Z,-USD,0000517.76,0000523.47,0000502.14,23910.43278106,00000509.1,995383.88782644
2021-09-26T02:00:02.1Z,-USD,0000519.39,0000523.47,0000502.14,23533.54301128,0000507.02,996589.60721537
2021-09-26T03:00:01.99Z,-USD,00000514.5,0000523.47,0000501.28,23618.60790108,0000505.92,997537.91441096
2021-09-26T04:00:02.515Z,-USD,0000517.63,0000523.47,0000501.28,23728.85055392,0000509.82,998794.68753979
2021-09-26T05:00:01.75Z,-USD,0000517.32,0000523.47,0000501.28,24209.79052022,0000508.06,999785.93180624
2021-09-26T06:00:02.535Z,-USD,00000515.2,0000523.47,0000501.28,24142.36299521,0000506.64,1000631.62804877
2021-09-26T07:00:02.664Z,-USD,0000519.87,0000523.47,0000501.28,24560.46316208,0000502.13,1001690.53338532
2021-09-26T08:00:02.631Z,-USD,0000512.47,0000523.47,0000481.68,26619.70296474,0000488.63,1004470.41324276
2021-09-26T09:00:02.674Z,-USD,0000515.43,0000523.47,0000481.08,26283.99654503,00000487.6,1006395.23586198
2021-09-26T10:00:01.845Z,-USD,0000519.55,0000521.99,0000481.08,27667.40518622,0000514.39,1009000.21519883
2021-09-26T11:00:01.798Z,-USD,0000517.83,0000519.39,0000481.08,28665.65086965,0000508.87,1010798.50616383
2021-09-26T12:00:02.079Z,-USD,0000512.18,0000519.39,0000481.08,28389.28949279,0000510.74,1011500.52725702
2021-09-26T13:00:02.198Z,-USD,0000512.09,0000519.39,0000481.08,28841.81217159,0000513.67,1012657.81451049
2021-09-26T14:00:02.218Z,-USD,0000513.42,0000519.39,0000481.08,29082.17864134,0000514.34,1013749.38807962
2021-09-26T15:00:02.375Z,-USD,0000508.69,0000520.21,0000481.08,30012.91001604,0000516.56,1015854.89159199
2021-09-26T16:00:02.518Z,-USD,0000513.73,0000520.21,0000481.08,30368.20548322,0000518.44,1017152.09455812
2021-09-26T17:00:02.496Z,-USD,0000512.44,0000520.21,0000481.08,30341.58199379,0000513.08,1018769.124617
2021-09-26T18:00:01.767Z,-USD,0000512.02,0000520.21,0000481.08,30334.50355311,0000510.63,1019449.27007803
2021-09-26T19:00:01.978Z,-USD,0000511.51,0000520.21,0000481.08,30038.1004829,0000509.87,1019952.9442315
2021-09-26T20:00:02.12Z,-USD,0000516.18,0000520.21,0000481.08,29489.36466493,0000510.91,1020596.62195653
2021-09-26T21:00:02.114Z,-USD,0000514.82,0000520.21,0000481.08,30034.78988787,0000512.09,1021979.43051697
2021-09-26T22:00:02.208Z,-USD,0000514.66,0000520.21,0000481.08,30181.12723316,0000507.79,1022710.79495428
2021-09-26T23:00:02.421Z,-USD,0000517.84,0000520.21,0000481.08,30383.48467437,0000501.19,1023753.61107103
2021-09-27T00:00:02.585Z,-USD,0000517.17,0000520.21,0000481.08,30967.97976354,0000503.66,1025180.51081806
2021-09-27T01:00:01.792Z,-USD,00000510.8,0000520.21,0000481.08,30481.59144746,0000512.07,1008123.80676728
2021-09-27T02:00:01.815Z,-USD,0000506.98,0000520.21,0000481.08,30931.51268812,0000514.29,1009674.37414053
2021-09-27T03:00:01.926Z,-USD,0000505.62,0000520.21,0000481.08,30966.54215947,0000513.29,1010657.27433112
2021-09-27T04:00:02.541Z,-USD,0000510.02,0000520.21,0000481.08,30844.01214144,0000510.38,1011800.05265516
2021-09-27T05:00:02.144Z,-USD,0000508.94,0000520.21,0000481.08,30598.74994924,0000509.78,1012542.27561826
2021-09-27T06:00:02.117Z,-USD,0000506.22,0000520.21,0000481.08,30289.64887747,0000511.51,1013075.77975237
2021-09-27T07:00:02.227Z,-USD,0000502.34,0000520.21,0000481.08,30042.71570583,0000506.41,1013888.90095293
2021-09-27T08:00:02.214Z,-USD,0000487.93,0000520.21,0000481.08,28508.01860104,0000505.15,1015142.57624609
2021-09-27T09:00:02.262Z,-USD,0000488.03,0000520.21,0000486.21,27143.21291179,0000505.46,1015692.21218161
2021-09-27T10:00:02.303Z,-USD,0000514.72,0000520.21,0000496.26,25607.30384635,0000501.99,1016762.13730921
2021-09-27T11:00:01.866Z,-USD,0000508.45,0000520.21,0000496.26,24371.81781731,0000506.38,1017333.1438641
2021-09-27T12:00:01.882Z,-USD,0000511.25,0000520.21,0000496.26,24856.57364757,0000506.61,1018510.70665537
2021-09-27T13:00:02.11Z,-USD,0000513.87,0000520.21,0000496.26,25145.59444897,0000504.66,1019956.92092175
2021-09-27T14:00:02.199Z,-USD,0000514.66,0000520.21,0000496.26,25263.74231335,0000499.96,1021177.4959432
2021-09-27T15:00:02.738Z,-USD,0000516.73,0000518.76,0000496.26,24938.96478337,0000497.35,1022978.54789924
2021-09-27T16:00:02.049Z,-USD,0000518.49,0000518.76,0000494.27,24539.43919631,0000499.98,1023844.68143303
2021-09-27T17:00:02.063Z,-USD,0000513.11,0000515.43,0000494.27,24166.19543263,0000497.32,1025093.79935241
2021-09-27T18:00:02.964Z,-USD,0000510.41,0000515.43,0000494.27,26320.25354508,0000499.09,1027935.74188062
2021-09-27T19:00:02.296Z,-USD,0000510.04,0000515.43,0000494.27,27246.75082326,0000498.62,1029352.86440746
2021-09-27T20:00:02.256Z,-USD,0000511.36,0000515.43,0000494.27,27409.71038375,0000499.12,1030159.68736823
2021-09-27T21:00:02.424Z,-USD,0000512.07,0000515.43,0000493.49,27663.86991237,0000494.87,1031800.97128082
2021-09-27T22:00:02.669Z,-USD,0000507.18,0000515.43,0000493.49,27980.38488189,0000500.89,1032844.40329222
2021-09-27T23:00:01.766Z,-USD,0000499.57,0000515.43,0000493.49,27764.96652413,0000499.01,1033679.36612611
2021-09-28T00:00:02.209Z,-USD,0000503.41,0000515.43,0000487.84,28092.65712673,0000488.04,1035433.27978586
2021-09-28T01:00:02.458Z,-USD,0000512.26,0000515.43,0000485.87,28374.26211531,0000490.11,986325.19593054
2021-09-28T02:00:01.85Z,-USD,0000514.29,0000515.43,0000485.87,27726.8238877,0000495.42,987235.48967203
2021-09-28T03:00:01.975Z,-USD,0000512.95,0000513.57,0000485.87,27882.95053907,0000492.33,988362.34651955
2021-09-28T04:00:02.216Z,-USD,0000510.97,0000513.26,0000485.87,27663.07407906,0000493.66,989285.08158678
2021-09-28T05:00:01.939Z,-USD,0000509.79,0000513.26,0000485.87,27630.10508573,0000494.54,989996.77487947
2021-09-28T06:00:02.042Z,-USD,00000511.8,0000513.26,0000485.87,27979.34564528,0000492.15,990875.84449626
2021-09-28T07:00:02.341Z,-USD,00000506.0,0000510.07,0000485.87,28055.83832884,0000488.77,991776.37828322
2021-09-28T08:00:02.528Z,-USD,00000504.5,0000510.07,0000482.36,28418.46983076,0000483.63,993403.70812155
2021-09-28T09:00:02.378Z,-USD,0000505.74,0000510.07,0000481.36,29270.8859641,0000486.82,994787.005447
2021-09-28T10:00:02.386Z,-USD,0000501.86,0000508.53,0000481.36,29521.89857583,0000490.62,996127.41796101
2021-09-28T11:00:02.074Z,-USD,0000506.51,0000508.53,0000481.36,29846.25191545,0000488.68,997000.23839539
2021-09-28T12:00:02.338Z,-USD,0000505.65,0000508.53,0000481.36,30304.0773467,00000498.1,998673.44591106
2021-09-28T13:00:02.449Z,-USD,0000504.11,0000508.53,0000481.36,30150.80630032,0000490.56,999929.45779856
2021-09-28T14:00:02.665Z,-USD,0000499.88,0000508.53,0000481.36,30588.36522794,0000491.13,1001588.99933153
2021-09-28T15:00:01.936Z,-USD,0000497.67,00000503.0,0000481.36,30444.46007513,0000485.64,1003264.90520759
2021-09-28T16:00:02.569Z,-USD,0000500.06,00000503.0,0000481.36,31229.67948294,00000483.7,1004959.05658975
2021-09-28T17:00:02.866Z,-USD,0000497.97,00000503.0,0000479.14,31572.85124511,0000481.26,1006488.51429592
2021-09-28T18:00:02.31Z,-USD,0000498.95,00000503.0,0000476.99,30042.17664518,0000480.25,1007798.59337955
2021-09-28T19:00:02.452Z,-USD,0000498.64,00000503.0,00000476.9,29815.55029092,0000484.35,1008996.8256697
2021-09-28T20:00:02.524Z,-USD,0000498.67,00000503.0,00000476.9,30252.95840344,0000482.42,1010236.98234266
2021-09-28T21:00:02.277Z,-USD,0000494.31,00000503.0,00000476.9,30244.225326,0000484.31,1011872.58274369
2021-09-28T22:00:01.703Z,-USD,0000500.67,00000503.0,00000476.9,29898.77267787,0000485.19,1012564.86057096
2021-09-28T23:00:02.446Z,-USD,0000498.88,0000499.73,00000476.9,29695.46713102,00000479.6,1013199.52318389
2021-09-29T00:00:02.799Z,-USD,0000488.31,0000499.29,0000472.58,29711.41230518,0000473.83,1014970.13309271
2021-09-29T01:00:02.151Z,-USD,0000490.48,0000499.29,0000471.38,30199.0468697,0000478.55,983343.41518422
2021-09-29T02:00:01.875Z,-USD,0000495.43,0000499.29,0000471.38,30838.82151073,0000477.63,984892.44380732
2021-09-29T03:00:02.624Z,-USD,0000491.57,0000499.29,0000471.38,30568.61579064,0000483.85,985773.2240953
2021-09-29T04:00:02.225Z,-USD,0000494.22,0000499.29,0000471.38,30299.71205179,0000486.33,986400.58779894
2021-09-29T05:00:01.856Z,-USD,0000494.12,0000499.29,0000471.38,30507.52154023,0000486.82,987390.39863001
2021-09-29T06:00:02.48Z,-USD,0000492.19,0000499.29,0000471.38,30764.82280905,0000486.24,988459.08090317
2021-09-29T07:00:02.046Z,-USD,0000489.07,0000499.29,0000471.38,30708.57817829,00000489.5,989315.68897828
2021-09-29T08:00:02.639Z,-USD,0000483.66,0000499.29,0000471.38,29854.07589171,0000489.23,990077.64160405
2021-09-29T09:00:02.32Z,-USD,0000487.15,0000499.29,0000471.38,29795.18933976,0000488.32,991401.26451927
2021-09-29T10:00:02.706Z,-USD,0000490.53,0000499.29,0000471.38,29243.32295366,0000484.03,992195.8239122
2021-09-29T11:00:03.436Z,-USD,0000488.55,0000499.29,0000471.38,30735.54942504,0000493.05,994554.11215359
2021-09-29T12:00:02.427Z,-USD,00000498.4,0000499.29,0000471.38,30260.40176071,0000493.06,995755.88164221
2021-09-29T13:00:02.041Z,-USD,0000490.19,0000498.17,0000471.38,31229.37146857,00000489.5,997974.81568206
2021-09-29T14:00:02.192Z,-USD,0000490.43,00000498.0,0000471.38,31852.4461555,0000493.04,1000260.1275496
2021-09-29T15:00:02.089Z,-USD,0000485.69,00000498.0,0000471.38,31159.745761,00000493.1,1001248.68328356
2021-09-29T16:00:01.756Z,-USD,00000483.7,00000498.0,0000471.38,30628.08988527,0000484.43,1002404.8083181
2021-09-29T17:00:02.569Z,-USD,0000480.65,00000498.0,0000471.38,29909.08815866,0000485.52,1003227.14202256
2021-09-29T18:00:02.127Z,-USD,0000479.33,00000498.0,0000471.38,29341.11601359,0000479.53,1003964.61336358
2021-09-29T19:00:01.734Z,-USD,0000483.73,00000498.0,0000471.38,29033.60047147,0000479.43,1004845.74011161
2021-09-29T20:00:02.534Z,-USD,0000482.86,00000498.0,0000471.38,28619.7564753,0000476.69,1005683.0127884
2021-09-29T21:00:02.245Z,-USD,00000484.2,00000498.0,0000471.38,29085.98615314,0000474.73,1007778.87910821
2021-09-29T22:00:02.118Z,-USD,0000485.65,00000498.0,00000471.2,30447.10134634,0000476.54,1009833.63849503
2021-09-29T23:00:02.473Z,-USD,0000479.02,00000498.0,00000471.2,30846.50414281,0000480.74,1010880.33141588
2021-09-30T20:00:24.953Z,-USD,0000476.46,0000505.95,00000471.2,27469.40669269,0000497.69,1004856.92404644
2021-09-30T21:00:01.877Z,-USD,0000474.29,0000505.95,00000471.2,25906.34412137,0000496.79,1005393.37453461
2021-09-30T22:00:01.971Z,-USD,0000476.51,0000505.95,0000474.84,24446.02601699,0000501.06,1005968.90811201
2021-09-30T23:00:01.898Z,-USD,0000480.12,0000505.95,0000479.49,23955.14184692,0000499.95,1006532.29766097
2021-10-01T00:00:02.236Z,-USD,0000484.91,0000505.95,0000481.74,23636.38623356,00000503.0,1007492.7150775
2021-10-01T01:00:02.43Z,-USD,0000491.44,0000505.95,0000490.27,22551.81463245,0000502.91,978737.17974361
2021-10-01T02:00:01.807Z,-USD,0000495.32,0000506.58,0000491.13,21784.58148494,0000505.43,979677.0066827
2021-10-01T03:00:02.143Z,-USD,0000496.06,0000507.53,0000491.13,21377.98107005,0000501.66,980337.52136648
2021-10-01T04:00:01.981Z,-USD,0000499.59,0000507.53,0000491.13,20857.72637487,0000503.07,980846.32280781
2021-10-01T05:00:01.806Z,-USD,0000501.67,0000507.53,0000491.13,20313.96119285,0000504.09,981209.91927565
2021-10-01T06:00:01.719Z,-USD,0000499.85,0000507.53,0000491.13,20556.7492237,0000505.78,981844.07042343
2021-10-01T07:00:02.628Z,-USD,0000498.99,0000507.53,0000491.13,20814.55407688,00000505.1,982406.5532406
2021-10-01T08:00:02.645Z,-USD,0000497.94,0000513.97,0000491.13,21508.73031255,0000513.69,984124.06388861
2021-10-01T09:00:02.609Z,-USD,0000493.72,00000517.8,0000491.13,22445.65724014,0000513.91,986500.31760199
2021-10-01T10:00:02.404Z,-USD,0000495.96,00000517.8,0000491.13,22133.57848324,0000513.85,986919.65905954
2021-10-01T11:00:02.164Z,-USD,0000492.15,00000535.0,0000491.72,25078.0085959,0000532.63,990877.59880315
2021-10-01T12:00:02.314Z,-USD,0000494.88,0000537.34,0000492.32,26328.54438147,0000534.43,992802.42717382
2021-10-01T13:00:02.328Z,-USD,0000498.96,0000537.95,0000492.32,25596.01476694,0000533.11,993859.23543558
2021-10-01T14:00:02.419Z,-USD,0000495.19,0000537.95,0000492.32,25337.2119526,0000532.59,994976.36568457
2021-10-01T15:00:02.422Z,-USD,0000495.27,0000537.95,0000492.74,26076.11400091,0000532.99,996581.33127235
2021-10-01T16:00:02.633Z,-USD,0000497.32,0000537.95,0000492.74,25885.22221824,0000535.93,997546.85569075
2021-10-01T17:00:01.817Z,-USD,0000494.71,0000542.07,00000494.4,27997.10239472,0000538.99,1000472.45288816
2021-10-01T18:00:02.137Z,-USD,00000498.4,0000542.07,00000494.4,27927.78477554,0000539.59,1001346.42599391
2021-10-01T19:00:02.528Z,-USD,0000502.86,0000542.07,00000494.4,27803.18646527,0000540.67,1002012.90607329
2021-10-01T20:00:02.642Z,-USD,0000497.97,0000544.05,00000494.4,27750.57290171,0000540.53,1003175.59818738
2021-10-01T21:00:01.797Z,-USD,00000496.6,0000544.05,0000496.47,28295.26716113,0000540.31,1004261.23953549
2021-10-01T22:00:01.864Z,-USD,0000501.43,00000544.4,0000498.23,28825.87255099,0000541.72,1005361.96784564
2021-10-01T23:00:01.744Z,-USD,0000499.99,00000545.0,0000498.23,29403.84579249,0000539.29,1006502.86709217
2021-10-02T00:00:02.671Z,-USD,0000502.85,00000545.0,0000500.43,29989.57555297,0000543.51,1008056.10951069
2021-10-02T01:00:02.583Z,-USD,0000502.31,0000547.76,0000500.43,30143.14342212,0000542.98,981402.42597802
2021-10-02T02:00:01.75Z,-USD,0000505.88,0000548.94,0000500.43,30077.36143753,0000544.52,982272.20067735
2021-10-02T03:00:01.917Z,-USD,0000501.52,0000548.94,0000500.43,30300.85372761,0000542.66,983162.61920038
2021-10-02T04:00:02.267Z,-USD,0000503.53,0000548.94,0000501.78,30261.32136251,0000539.04,983624.4198694
2021-10-02T05:00:01.935Z,-USD,0000503.99,0000548.94,0000502.25,30384.11089204,0000539.47,984110.963685
2021-10-02T06:00:02.018Z,-USD,0000505.93,0000548.94,0000502.25,30479.52887798,00000540.6,984852.12812231
2021-10-02T07:00:02.099Z,-USD,0000505.04,0000548.94,0000503.44,30263.02558923,0000543.29,985185.22126192
2021-10-02T08:00:01.754Z,-USD,00000514.2,0000548.94,0000510.76,28944.53599933,0000542.87,985612.72653058
2021-10-02T09:00:02.683Z,-USD,0000514.57,0000548.94,0000513.45,27302.90731528,0000541.24,986329.26215561
2021-10-02T10:00:02.272Z,-USD,00000514.4,0000548.94,0000513.45,27399.41849214,0000540.19,986842.22195725
2021-10-02T11:00:02.409Z,-USD,0000531.96,0000548.94,0000529.25,23810.78744379,00000539.5,987259.08456685
2021-10-02T12:00:02.429Z,-USD,0000534.98,0000548.94,0000529.25,22301.15622836,0000540.51,987626.50192716
2021-10-02T13:00:02.295Z,-USD,0000533.31,0000548.94,0000529.25,21690.4503526,0000544.01,988067.89359084
2021-10-02T14:00:02.394Z,-USD,0000532.67,00000550.0,0000529.25,21592.49915534,0000545.78,989173.00113205
2021-10-02T15:00:02.37Z,-USD,0000533.11,0000553.38,0000533.11,21374.33125948,0000552.88,990488.40214435
2021-10-02T16:00:02.284Z,-USD,0000537.16,0000554.67,0000536.64,21435.28794679,0000553.22,991506.54525671
2021-10-02T17:00:01.853Z,-USD,0000540.14,0000554.96,0000536.64,20504.57376662,0000554.48,993505.43565037
2021-10-02T18:00:01.996Z,-USD,0000539.91,0000557.15,0000536.64,20487.75895399,0000556.06,994347.84810515
2021-10-02T19:00:03.21Z,-USD,0000541.16,0000560.23,0000536.82,20395.11081947,0000560.02,994930.81585265
2021-10-02T20:00:02.449Z,-USD,0000541.07,0000560.23,0000536.82,19991.35417855,0000559.89,995697.14404028
2021-10-02T21:00:02.484Z,-USD,0000540.19,0000560.23,0000536.82,19636.18985734,0000557.58,996452.72438191
2021-10-02T22:00:02.619Z,-USD,0000542.58,0000560.23,0000536.82,19023.53723168,0000557.98,996945.45659515
2021-10-02T23:00:02.232Z,-USD,0000539.42,0000560.23,0000536.82,18241.94779086,0000557.46,997263.09391356
2021-10-03T00:00:02.159Z,-USD,00000544.0,0000560.23,0000536.82,17984.13288826,0000552.59,998562.24263819
2021-10-03T01:00:02.643Z,-USD,0000544.74,0000560.23,0000536.82,18191.84626878,0000547.32,943255.82380446
2021-10-03T02:00:02.455Z,-USD,00000544.1,0000560.23,0000536.82,18059.84521209,0000551.14,943970.95856971
2021-10-03T03:00:02.212Z,-USD,0000542.21,0000560.23,0000536.82,17596.78936147,0000552.57,944388.92304727
2021-10-03T04:00:02.056Z,-USD,0000538.83,0000560.23,0000536.82,17486.7946078,0000554.67,944753.78448018
2021-10-03T05:00:02.271Z,-USD,0000539.05,0000560.23,0000536.82,17651.44845874,0000552.15,945391.88024769
2021-10-03T06:00:01.704Z,-USD,00000540.5,0000560.23,0000536.82,17329.51472831,0000554.05,945817.10755411
2021-10-03T07:00:02.137Z,-USD,0000542.99,0000560.23,0000536.82,17424.55325614,0000552.91,946234.02478313
2021-10-03T08:00:01.747Z,-USD,0000542.03,0000560.23,0000536.82,17291.31372475,0000550.98,946527.82965012
2021-10-03T09:00:02.23Z,-USD,0000540.75,0000560.23,0000536.82,16867.73024366,0000551.49,946845.4537073
2021-10-03T10:00:01.83Z,-USD,0000540.26,0000560.23,0000536.82,16921.70034743,0000549.59,947389.64837011
2021-10-03T11:00:02.311Z,-USD,0000539.54,0000560.23,0000536.82,17307.63386351,0000552.26,948192.09963154
2021-10-03T12:00:02.605Z,-USD,00000540.8,0000574.79,0000540.75,19651.83849316,0000568.78,950905.65391551
2021-10-03T13:00:02.294Z,-USD,0000543.69,0000574.79,0000543.37,20924.84627174,0000570.56,952632.5406202
2021-10-03T14:00:02.107Z,-USD,0000546.88,0000574.79,0000544.87,20627.28786917,0000573.88,953437.44546878
2021-10-03T15:00:01.771Z,-USD,0000553.64,00000576.0,0000544.87,20464.27510436,0000568.71,954612.90781933
2021-10-03T16:00:02.635Z,-USD,0000552.67,00000576.0,0000544.87,20499.64604898,0000566.29,955649.88131862
2021-10-03T17:00:02.595Z,-USD,0000554.84,00000576.0,0000544.87,19712.46536614,0000568.54,956858.64699278
2021-10-03T18:00:02.164Z,-USD,0000556.06,0000578.14,0000544.87,20239.39117379,0000575.62,958214.61650001
2021-10-03T19:00:02.339Z,-USD,0000559.71,0000579.32,0000544.87,20838.04368847,0000574.76,959399.3234796
2021-10-03T20:00:02.394Z,-USD,0000559.97,0000579.32,0000544.87,20823.67240578,0000574.47,960147.87274104
2021-10-03T21:00:02.153Z,-USD,0000557.61,0000579.32,0000544.87,21071.94050148,0000570.82,961147.37392127
2021-10-03T22:00:02.068Z,-USD,0000557.91,0000579.32,0000544.87,21826.67169879,0000567.29,962395.07362164
2021-10-03T23:00:01.757Z,-USD,0000557.34,0000579.32,0000544.87,22318.12956768,0000570.12,963207.81061476
2021-10-04T00:00:01.766Z,-USD,0000552.66,0000579.32,0000544.87,21606.2311904,0000570.59,963804.19792443
2021-10-04T01:00:01.911Z,-USD,00000546.4,0000579.32,0000546.13,21329.03871472,0000562.55,930888.94104405
2021-10-04T02:00:02.161Z,-USD,0000550.81,0000579.32,00000546.9,21814.70301318,0000559.58,932087.64655711
2021-10-04T03:00:02.437Z,-USD,0000552.57,0000579.32,00000546.9,22317.11945945,0000555.43,933007.38245719
2021-10-04T04:00:02.577Z,-USD,0000554.87,0000579.32,00000546.9,24043.45127703,0000549.76,935102.68705453
2021-10-04T05:00:02.206Z,-USD,0000552.36,0000579.32,0000546.15,24166.36290124,0000552.15,935871.92675505
2021-10-04T06:00:02.478Z,-USD,0000554.09,0000579.32,0000546.15,23996.36743184,0000552.44,936116.29809305
2021-10-04T07:00:02.295Z,-USD,0000552.81,0000579.32,0000546.15,24061.89465895,0000550.89,936599.48811243
2021-10-04T08:00:02.455Z,-USD,0000550.76,0000579.32,0000546.15,24261.98619822,0000554.04,937091.99261358
2021-10-04T09:00:02.365Z,-USD,00000550.9,0000579.32,0000546.15,24754.1252924,0000551.81,937917.88333045
2021-10-04T10:00:02.176Z,-USD,00000550.4,0000579.32,0000546.15,24614.57678776,0000553.44,938306.25172319
2021-10-04T11:00:02.405Z,-USD,0000552.25,0000579.32,0000546.15,24478.09049527,00000551.3,939017.94895157
2021-10-04T12:00:02.181Z,-USD,0000569.22,0000579.32,00000543.4,24093.99479638,0000546.47,941361.63248167
2021-10-04T13:00:03.229Z,-USD,0000569.99,0000579.32,00000543.2,23074.57210909,0000549.93,942076.69534072
2021-10-04T14:00:02.249Z,-USD,0000574.66,0000579.32,00000543.2,23457.56243499,0000555.08,943229.81802878
2021-10-04T15:00:02.514Z,-USD,00000569.3,0000579.32,0000536.26,24286.84847382,0000539.42,945224.7535235
2021-10-04T16:00:01.811Z,-USD,0000566.77,0000579.32,0000530.56,25122.09203851,0000539.45,947093.81927419
2021-10-04T17:00:01.975Z,-USD,0000568.72,0000579.32,0000530.56,26136.78113033,0000546.97,949305.49606046
2021-10-04T18:00:02.628Z,-USD,0000577.64,0000579.32,0000530.56,26206.99245768,0000551.45,950728.8255677
2021-10-04T19:00:02.19Z,-USD,0000574.65,0000575.91,0000530.56,26338.18307765,0000553.72,952054.2627624
2021-10-04T20:00:02.612Z,-USD,0000574.81,0000575.32,0000530.56,26563.79000136,0000551.33,953023.01252252
2021-10-04T21:00:02.314Z,-USD,0000570.66,0000573.21,0000530.56,26879.24024042,0000548.05,954340.55066861
2021-10-04T22:00:02.616Z,-USD,0000567.42,0000573.21,0000530.56,26400.46993205,0000549.66,955172.18850173
2021-10-04T23:00:01.945Z,-USD,0000571.31,0000573.21,0000530.56,26314.81375435,0000546.67,955826.20296892
2021-10-05T00:00:01.829Z,-USD,00000571.5,00000571.5,0000530.56,30839.205581,0000551.79,960965.66255335
2021-10-05T01:00:01.97Z,-USD,0000561.21,00000562.9,0000530.56,31814.89200878,0000555.06,924192.79186374
2021-10-05T02:00:02.235Z,-USD,0000559.69,0000559.91,0000530.56,31334.6087241,0000553.71,924905.91120057
2021-10-05T03:00:02.364Z,-USD,0000554.93,0000559.73,0000530.56,30900.74748682,0000554.21,925533.96776924
2021-10-05T04:00:02.384Z,-USD,0000549.34,0000559.73,0000530.56,29506.72618324,0000554.59,926117.08755561
2021-10-05T05:00:01.837Z,-USD,0000552.44,0000559.73,0000530.56,30037.40065758,0000551.96,927394.44811975
2021-10-05T06:00:01.692Z,-USD,0000551.64,0000565.02,0000530.56,31908.65582857,0000563.64,929509.53570475
2021-10-05T07:00:02.624Z,-USD,0000549.84,0000565.48,0000530.56,32048.4776361,0000562.19,930135.98011191
2021-10-05T08:00:02.359Z,-USD,0000556.55,0000565.48,0000530.56,32321.62620663,0000562.29,931014.44344822
2021-10-05T09:00:02.454Z,-USD,0000552.27,0000565.48,0000530.56,32102.8801179,0000563.43,931511.86693156
2021-10-05T10:00:02.347Z,-USD,0000553.87,0000566.57,0000530.56,32534.39317571,0000566.38,932334.14131029
2021-10-05T11:00:02.138Z,-USD,0000551.29,00000569.7,0000530.56,32622.48762863,0000564.52,933193.21545052
2021-10-05T12:00:02.334Z,-USD,0000545.53,00000569.7,0000530.56,30947.51688046,0000564.54,933821.20347479
2021-10-05T13:00:02.277Z,-USD,0000549.92,00000569.7,0000530.56,31225.49071803,0000562.62,934787.01351731
2021-10-05T14:00:02.345Z,-USD,0000555.68,00000569.7,0000530.56,30930.08966041,0000567.12,935703.68246944
2021-10-05T15:00:02.507Z,-USD,0000539.24,00000569.7,0000530.56,30647.53836098,0000563.87,937359.00655838
2021-10-05T16:00:02.682Z,-USD,0000541.15,0000578.26,0000539.67,31968.40852495,0000569.53,940605.35359821
2021-10-05T17:00:02.625Z,-USD,00000546.1,0000578.26,0000542.37,31417.94366319,0000575.43,942220.42534236
2021-10-05T18:00:02.044Z,-USD,0000551.19,0000578.26,00000545.3,31294.31736931,0000574.48,943612.20686848
2021-10-05T19:00:02.356Z,-USD,0000552.68,0000588.41,00000545.3,34372.40626311,0000585.64,947956.4373966
2021-10-05T20:00:02.651Z,-USD,0000551.47,0000589.42,00000545.3,35698.74174421,0000588.83,950286.75475783
2021-10-05T21:00:01.92Z,-USD,0000547.57,0000594.56,00000545.3,38812.03920046,0000592.57,954661.72529954
2021-10-05T22:00:02.228Z,-USD,0000548.46,0000598.32,00000545.3,41750.95395958,0000595.94,958426.33864018
2021-10-05T23:00:02.554Z,-USD,0000545.81,0000599.99,0000545.52,44522.3041165,0000598.36,961886.83555155
2021-10-06T00:00:02.48Z,-USD,0000550.89,0000599.99,0000549.01,42681.01742509,0000594.11,965223.4491598
2021-10-06T01:00:03.848Z,-USD,0000555.09,0000605.75,00000551.8,46324.88305594,0000596.77,915497.9851978
2021-10-06T02:00:02.558Z,-USD,0000553.46,0000605.75,00000551.8,47761.84868989,0000592.82,917647.89181841
2021-10-06T03:00:02.558Z,-USD,0000554.33,0000605.75,0000551.85,48963.46020774,0000592.89,919480.98935231
2021-10-06T04:00:02.525Z,-USD,0000555.13,0000605.75,0000551.85,49330.77691083,0000592.22,920423.23826523
2021-10-06T05:00:02.242Z,-USD,0000552.22,0000605.75,0000552.21,51097.52857462,0000589.18,923470.19007582
2021-10-06T06:00:02.1Z,-USD,0000563.95,0000605.75,0000558.71,50056.156162,0000592.41,924558.43948347
2021-10-06T07:00:01.857Z,-USD,00000562.6,0000605.75,0000558.71,50380.6599601,0000593.05,925500.62277231
2021-10-06T08:00:01.881Z,-USD,00000562.4,0000605.75,0000558.71,50742.59977999,00000584.7,926744.12473745
2021-10-06T09:00:01.785Z,-USD,0000564.22,0000605.75,0000558.71,53724.01834692,0000567.92,930252.48440916
2021-10-06T10:00:01.918Z,-USD,0000566.79,0000605.75,0000560.89,54876.86064582,0000565.25,932199.27115427
2021-10-06T11:00:02.583Z,-USD,0000565.49,0000605.75,0000560.89,56256.44648008,00000568.0,934445.40570538
2021-10-06T12:00:02.527Z,-USD,0000565.24,0000605.75,0000560.89,58017.25631163,0000569.99,936816.67401437
2021-10-06T13:00:02.795Z,-USD,0000562.61,0000605.75,0000560.89,59503.77893661,0000596.05,939267.36103146
2021-10-06T14:00:02.037Z,-USD,0000567.44,0000622.32,0000560.89,70281.43542647,0000620.97,950960.6395575
2021-10-06T15:00:01.789Z,-USD,0000563.52,0000625.86,0000562.34,75152.04421383,0000619.17,957523.65218389
2021-10-06T16:00:02.198Z,-USD,0000569.46,0000625.86,0000562.34,75602.81998284,0000620.74,961319.40093107
2021-10-06T17:00:02.432Z,-USD,0000576.07,0000625.86,0000562.34,77154.44420635,0000616.79,964364.59207195
2021-10-06T18:00:02.61Z,-USD,0000575.16,0000625.86,0000562.34,77932.80852815,0000613.13,966527.60999919
2021-10-06T19:00:02.044Z,-USD,0000586.47,0000625.86,0000562.34,75759.99178355,0000611.81,968716.41927354
2021-10-06T20:00:02.302Z,-USD,0000589.26,0000625.86,0000562.34,76961.06387438,0000620.72,972254.89087587
2021-10-06T21:00:02.267Z,-USD,0000592.87,0000625.86,0000562.34,74565.18927683,0000616.96,974322.09429442
2021-10-06T22:00:02.387Z,-USD,0000596.32,0000625.86,0000562.34,72651.13289893,0000618.74,976055.29658276
2021-10-06T23:00:02.252Z,-USD,0000599.56,0000625.86,0000562.34,70074.92430184,0000616.42,977354.9583407
2021-10-07T00:00:02.344Z,-USD,0000595.08,0000625.86,0000562.34,69489.05929506,0000618.18,979715.33353351
2021-10-07T01:00:02.619Z,-USD,0000598.62,0000625.86,0000562.34,67937.13942281,00000606.7,904586.38013878
2021-10-07T02:00:01.765Z,-USD,00000593.4,0000625.86,0000562.34,69143.73804329,0000604.56,907940.24547916
2021-10-07T03:00:01.924Z,-USD,0000591.79,0000625.86,0000562.34,68643.63464083,0000604.37,909279.49077291
2021-10-07T04:00:01.977Z,-USD,0000591.76,0000625.86,0000562.34,69610.3319193,0000602.58,911173.66023629
2021-10-07T05:00:01.982Z,-USD,0000588.66,0000625.86,0000562.34,68663.46511131,0000606.56,913322.41989603
2021-10-07T06:00:02.06Z,-USD,0000593.75,0000625.86,0000562.34,68707.89928453,0000607.22,914454.66167044
2021-10-07T07:00:02.06Z,-USD,0000591.93,0000625.86,0000562.34,69247.73745708,0000605.64,915896.21317873
2021-10-07T08:00:01.954Z,-USD,0000584.99,0000625.86,0000562.34,73005.42198113,0000623.59,920876.60022858
2021-10-07T09:00:02.462Z,-USD,0000566.42,0000625.86,0000562.34,70997.53464789,0000620.72,922398.04295323
2021-10-07T10:00:01.882Z,-USD,0000564.47,0000636.84,0000563.27,72648.88847275,0000628.73,926040.43790453
2021-10-07T11:00:02.552Z,-USD,0000566.79,0000636.84,0000564.84,72653.99136025,0000620.54,928244.44086064
2021-10-07T12:00:02.381Z,-USD,00000567.4,0000636.84,0000566.74,71848.72222389,0000625.11,929817.21286354
2021-10-07T13:00:02.003Z,-USD,0000597.64,0000636.84,0000593.59,71609.59363907,0000617.98,932077.3953888
2021-10-07T14:00:02.354Z,-USD,0000621.46,0000636.84,0000598.07,61287.74522973,0000625.92,933555.1873045
2021-10-07T15:00:02.174Z,-USD,0000621.95,0000636.84,0000598.07,57161.45612574,0000614.04,936051.65982687
2021-10-07T16:00:02.337Z,-USD,0000620.01,0000636.84,0000598.07,55315.03149551,0000621.45,937810.86750348
2021-10-07T17:00:02.827Z,-USD,00000617.1,0000636.84,0000598.07,54349.78329077,0000619.97,939847.29534235
2021-10-07T18:00:02.286Z,-USD,0000612.84,0000636.84,0000598.07,55151.25224599,0000612.78,942853.6129131
2021-10-07T19:00:02.466Z,-USD,0000610.75,0000636.84,0000598.07,54511.81096726,0000613.35,944452.33345688
2021-10-07T20:00:02.612Z,-USD,0000619.77,0000636.84,0000598.07,51837.18919151,0000612.92,945247.9362954
2021-10-07T21:00:02.671Z,-USD,0000617.99,0000636.84,0000598.07,50422.59962141,0000615.46,945910.41437402
2021-10-07T22:00:02.414Z,-USD,0000617.73,0000636.84,0000598.07,49692.05409863,0000614.14,946884.56384554
2021-10-07T23:00:01.81Z,-USD,00000615.5,0000636.84,0000598.07,50382.18904397,0000608.98,949018.16189099
2021-10-08T00:00:02.056Z,-USD,0000617.32,0000636.84,0000598.07,49341.96701523,0000611.96,950261.87438318
2021-10-08T01:00:02.337Z,-USD,0000605.78,0000636.84,0000598.07,46540.94449271,0000612.58,913410.87849474
2021-10-08T02:00:02.461Z,-USD,0000603.85,0000636.84,0000599.83,45076.40601566,0000609.67,915317.75562243
2021-10-08T03:00:02.42Z,-USD,0000604.91,0000636.84,00000595.0,47068.94438926,0000597.03,918647.40629808
2021-10-08T04:00:02.64Z,-USD,0000602.17,0000636.84,0000587.77,47289.5584156,0000595.73,920749.16925427
2021-10-08T05:00:02.097Z,-USD,0000606.75,0000636.84,0000587.77,46268.54174151,0000597.63,921876.17902038
2021-10-08T06:00:02.779Z,-USD,00000607.9,0000636.84,0000587.77,46025.01679479,0000600.75,922769.15728794
2021-10-08T07:00:01.68Z,-USD,0000606.15,0000636.84,0000587.77,45270.82773665,00000602.3,923475.19456218
2021-10-08T08:00:02.649Z,-USD,0000624.14,0000636.84,0000587.77,41856.70813196,0000606.03,925013.46700642
2021-10-08T09:00:01.806Z,-USD,0000620.87,0000636.84,0000587.77,43001.0695297,0000616.92,927702.98973769
2021-10-08T10:00:02.664Z,-USD,0000630.58,0000632.44,0000587.77,40607.84125367,0000609.86,928969.80158496
2021-10-08T11:00:02.738Z,-USD,0000620.77,0000627.92,0000587.77,39982.69574912,0000610.36,930518.48936485
2021-10-08T12:00:01.729Z,-USD,0000625.41,0000627.92,0000587.77,39732.88173451,0000607.25,931872.99799716
2021-10-08T13:00:01.748Z,-USD,0000618.92,0000627.92,0000587.77,39492.32776003,0000603.26,933915.9071804
2021-10-08T14:00:01.788Z,-USD,0000625.78,0000627.92,0000587.77,39889.05659172,0000599.18,935723.67878415
2021-10-08T15:00:01.932Z,-USD,0000613.94,0000627.92,0000587.77,39304.92268388,0000607.61,937666.71204054
2021-10-08T16:00:01.733Z,-USD,0000623.76,0000627.92,0000587.77,38921.58438485,0000604.94,939078.11110581
2021-10-08T17:00:02.074Z,-USD,00000620.5,0000622.52,0000587.77,38848.11587233,0000604.17,941023.14412922
2021-10-08T18:00:02.349Z,-USD,0000612.53,0000617.99,0000587.77,37065.98194002,00000602.9,942216.92981115
2021-10-08T19:00:02.991Z,-USD,0000613.33,0000617.99,0000587.77,36196.41402936,0000605.18,942936.98002377
2021-10-08T20:00:02.668Z,-USD,0000613.16,0000617.99,0000587.77,36319.61022822,0000603.64,943857.03120877
2021-10-08T21:00:01.935Z,-USD,0000614.58,0000617.99,0000587.77,37098.23185668,0000594.81,945294.90126672
2021-10-08T22:00:02.123Z,-USD,0000612.86,0000617.99,0000587.77,36712.05609825,0000598.13,946209.73852157
2021-10-08T23:00:02.58Z,-USD,00000608.3,0000617.99,0000587.77,35555.58660406,0000598.79,946898.6698398
2021-10-09T00:00:01.744Z,-USD,0000611.67,0000617.99,0000587.77,35196.68447653,0000595.56,947740.74678216
2021-10-09T01:00:01.779Z,-USD,00000611.9,0000617.99,0000587.77,35156.60992419,00000598.2,924668.61142064
2021-10-09T02:00:01.757Z,-USD,0000609.42,0000617.99,0000587.77,34217.72908006,0000595.88,925626.68079169
2021-10-09T03:00:01.973Z,-USD,0000595.49,0000617.99,0000587.77,31609.02491908,0000598.56,926374.55719577
2021-10-09T04:00:02.461Z,-USD,0000595.67,0000617.99,0000591.58,30598.94704223,0000603.66,927458.18927096
2021-10-09T05:00:02.076Z,-USD,0000597.32,0000617.99,0000591.58,30068.04204043,0000605.79,928053.48549894
2021-10-09T06:00:02.058Z,-USD,0000600.46,0000617.99,0000591.58,30263.36923237,0000602.41,929134.0656467
2021-10-09T07:00:01.978Z,-USD,0000601.96,0000617.99,0000591.58,31157.33504643,00000607.4,930740.04302191
2021-10-09T08:00:01.965Z,-USD,0000605.73,0000617.99,0000591.58,30897.32829546,0000606.85,932058.56772692
2021-10-09T09:00:01.831Z,-USD,0000616.62,0000617.43,0000591.58,29460.56878885,0000603.29,933314.47113025
2021-10-09T10:00:01.974Z,-USD,0000609.33,0000612.42,0000591.58,28961.55521993,0000606.48,934074.18625632
2021-10-09T11:00:02.63Z,-USD,0000610.23,0000615.27,0000591.58,29297.97377977,0000615.27,935905.19630294
2021-10-09T12:00:02.557Z,-USD,0000604.82,0000619.99,0000591.58,31462.12677901,0000612.43,939541.14217593
2021-10-09T13:00:02.488Z,-USD,0000603.09,0000619.99,0000591.58,31573.96864815,0000613.09,941631.02824417
2021-10-09T14:00:02.565Z,-USD,0000598.69,0000619.99,0000591.58,31440.35787623,0000616.16,943262.76203336
2021-10-09T15:00:02.382Z,-USD,0000606.47,0000619.99,0000591.58,31577.90282657,0000615.74,945410.78868543
2021-10-09T16:00:01.741Z,-USD,0000603.73,0000624.27,0000591.58,33925.21027985,00000622.9,949154.58821662
2021-10-09T17:00:02.433Z,-USD,0000604.07,00000625.0,0000591.58,36470.04062475,0000623.25,953584.24327428
2021-10-09T18:00:01.824Z,-USD,0000602.21,00000625.0,0000591.58,37409.17998778,0000621.48,955719.19294736
2021-10-09T19:00:02.075Z,-USD,0000605.45,00000625.0,0000591.58,38468.07754235,0000621.04,957489.42914358
2021-10-09T20:00:01.879Z,-USD,0000603.99,00000625.0,0000591.58,38553.94490519,00000616.6,958538.67589637
2021-10-09T21:00:02.673Z,-USD,0000595.07,00000625.0,0000591.58,38783.93355586,0000617.32,960191.1805209
2021-10-09T22:00:02.583Z,-USD,0000599.93,00000625.0,0000591.58,38357.40179862,0000616.38,960662.79635749
2021-10-09T23:00:02.295Z,-USD,00000599.2,00000625.0,0000591.58,38361.26333732,0000616.34,961357.75912802
2021-10-10T00:00:02.547Z,-USD,0000596.66,00000625.0,0000591.58,38115.3077628,0000614.31,961949.96451186
2021-10-10T01:00:02.553Z,-USD,0000599.95,00000625.0,0000592.68,39310.47107043,00000608.3,942100.25666498
2021-10-10T02:00:02.552Z,-USD,0000596.53,00000625.0,0000592.68,40343.37884447,0000603.73,944086.12139197
2021-10-10T03:00:01.861Z,-USD,0000598.93,00000625.0,0000598.17,40438.76849942,00000605.4,944959.88174852
2021-10-10T04:00:01.882Z,-USD,0000603.48,00000625.0,0000600.08,40438.18679951,0000611.03,946141.47084711
2021-10-10T05:00:02.18Z,-USD,0000606.08,00000625.0,0000600.08,41729.82823393,0000616.25,947899.87348247
2021-10-10T06:00:02.301Z,-USD,0000602.58,00000625.0,0000600.08,41742.12876523,0000613.37,949027.29331806
2021-10-10T07:00:02.218Z,-USD,0000607.73,00000625.0,0000600.08,41266.02942674,0000622.28,950125.34208413
2021-10-10T08:00:02.251Z,-USD,0000609.19,00000625.0,0000600.08,40453.30870467,00000619.2,950649.38551202
2021-10-10T09:00:02.179Z,-USD,0000603.97,00000625.0,0000600.08,39634.98399916,0000621.75,951087.1411347
2021-10-10T10:00:02.269Z,-USD,0000608.04,00000625.0,0000600.08,39736.61463099,0000615.82,951954.60056746
2021-10-10T11:00:02.648Z,-USD,0000618.42,00000625.0,0000600.08,38222.77361938,0000613.65,952451.96018305
2021-10-10T12:00:07.664Z,-USD,0000613.24,00000625.0,0000600.08,35444.52087957,0000613.77,953146.16080214
2021-10-10T13:00:02.71Z,-USD,0000613.83,00000625.0,0000600.08,34731.08103778,00000607.0,954528.66275061
2021-10-10T14:00:01.793Z,-USD,0000615.98,00000625.0,0000600.08,34901.10814492,0000608.29,956281.50639563
2021-10-10T15:00:02.025Z,-USD,0000616.73,00000625.0,0000600.08,33382.43485331,00000609.5,956946.74220875
2021-10-10T16:00:02.139Z,-USD,0000622.96,00000625.0,0000600.08,30269.30334578,0000607.99,957550.14037777
2021-10-10T17:00:02.385Z,-USD,0000622.99,0000624.11,0000600.08,26999.75817718,0000604.99,958799.29399496
2021-10-10T18:00:02.252Z,-USD,0000622.58,0000624.11,0000597.88,26600.45422883,0000601.36,960485.00327673
2021-10-10T19:00:02.349Z,-USD,0000621.55,0000623.31,0000597.25,25787.14774829,0000600.91,961473.41480063
2021-10-10T20:00:02.364Z,-USD,0000616.91,0000623.31,0000597.25,25485.85240291,0000600.11,962256.95617223
2021-10-10T21:00:02.48Z,-USD,0000617.85,0000623.31,0000596.79,26128.72277008,0000597.42,964443.06137146
2021-10-10T22:00:02.666Z,-USD,0000616.21,0000623.31,0000583.13,29000.15259788,0000587.73,967777.54480886
2021-10-10T23:00:02.191Z,-USD,0000616.74,0000623.31,0000583.13,30064.14706955,00000591.2,969549.6296681
2021-10-11T00:00:02.154Z,-USD,0000615.38,0000623.31,0000582.47,30768.87103194,0000585.48,970847.93663504
2021-10-11T01:00:02.527Z,-USD,0000608.19,0000623.31,0000576.59,31387.75005632,0000590.22,958614.92605209
2021-10-11T02:00:02.635Z,-USD,0000603.13,0000623.31,0000576.59,31365.11442501,0000593.16,960561.23615626
2021-10-11T03:00:02.558Z,-USD,00000604.8,0000623.31,0000576.59,31288.23347865,0000595.29,961439.62237139
2021-10-11T04:00:01.875Z,-USD,0000609.69,0000623.31,0000576.59,32567.80544112,0000604.97,963839.52094944
2021-10-11T05:00:02.204Z,-USD,0000615.86,0000623.31,0000576.59,32895.78029108,0000609.05,965907.93167137
2021-10-11T06:00:02.139Z,-USD,0000613.32,0000623.31,0000576.59,32982.42184776,0000607.39,967102.42124415
2021-10-11T07:00:02.069Z,-USD,0000622.38,0000622.81,0000576.59,32402.33871795,00000609.3,967680.50096889
2021-10-11T08:00:02.235Z,-USD,0000620.24,0000622.81,0000576.59,32775.53213905,0000615.03,968557.56548027
2021-10-11T09:00:02.208Z,-USD,0000622.58,0000622.58,0000576.59,33468.10636993,0000611.13,969659.92321171
2021-10-11T10:00:02.067Z,-USD,0000615.34,0000617.61,0000576.59,33610.26980143,0000608.44,970668.98381598
2021-10-11T11:00:02.16Z,-USD,00000614.3,0000617.61,0000576.59,34218.10830339,0000606.39,971782.24552107
2021-10-11T12:00:02.145Z,-USD,00000614.8,0000617.61,0000576.59,35195.56097718,0000602.05,973498.0237985
2021-10-11T13:00:02.285Z,-USD,0000608.27,0000617.61,0000576.59,34770.63761578,0000601.97,974397.3661785
2021-10-11T14:00:02.568Z,-USD,00000608.6,0000617.61,0000576.59,34910.20537123,0000611.27,976287.89660667
2021-10-11T15:00:01.913Z,-USD,0000608.74,0000618.42,0000576.59,36549.12872276,0000614.47,978586.6161868
2021-10-11T16:00:02.399Z,-USD,0000607.66,0000618.42,0000576.59,37675.48734726,0000612.13,980399.51820366
2021-10-11T17:00:02.792Z,-USD,0000605.09,0000618.42,0000576.59,38151.5486904,0000611.99,982058.55419412
2021-10-11T18:00:02.105Z,-USD,0000600.31,0000618.42,0000576.59,37644.96881722,0000605.72,983304.54761688
2021-10-11T19:00:02.186Z,-USD,0000600.15,0000618.42,0000576.59,37692.75286087,0000602.63,984291.00297799
2021-10-11T20:00:02.657Z,-USD,0000598.04,0000618.42,0000576.59,39292.85287226,0000599.72,986656.22007122
2021-10-11T21:00:01.781Z,-USD,00000597.1,0000618.42,0000576.59,39351.10525094,0000591.45,988909.98874086
2021-10-11T22:00:02.029Z,-USD,0000586.51,0000618.42,0000576.59,36894.07072471,00000595.7,989771.70674726
2021-10-11T23:00:02.517Z,-USD,0000590.66,0000618.42,0000576.59,36214.40198904,0000599.67,990854.49557136
2021-10-12T00:00:01.841Z,-USD,0000584.67,0000618.42,0000576.59,35687.65211786,0000601.66,991645.28014708
2021-10-12T01:00:02.656Z,-USD,0000590.07,0000618.42,0000588.59,34900.51317175,0000593.82,976802.13737345
2021-10-12T02:00:02.318Z,-USD,00000592.7,0000618.42,0000588.75,34211.60294309,0000597.94,978035.58831819
2021-10-12T03:00:01.942Z,-USD,0000595.59,0000618.42,0000587.32,34549.9397623,0000588.75,979258.42435708
2021-10-12T04:00:02.146Z,-USD,0000605.32,0000618.42,0000581.89,33518.7084412,0000584.83,980653.77892237
2021-10-12T05:00:02.04Z,-USD,0000609.48,0000618.42,0000581.89,32916.21029511,00000590.0,982098.58070022
2021-10-12T06:00:02.041Z,-USD,0000607.82,0000618.42,0000580.18,33269.14367656,0000591.88,983632.15584617
2021-10-12T07:00:02.005Z,-USD,0000609.59,0000618.42,0000580.18,34066.390929,0000587.49,984997.70927853
2021-10-12T08:00:02.023Z,-USD,00000615.1,0000618.42,0000580.18,34540.06967404,0000588.72,986363.48594313
2021-10-12T09:00:01.857Z,-USD,0000611.68,0000618.42,0000580.18,34867.35783675,0000589.75,987778.46893139
2021-10-12T10:00:02.173Z,-USD,0000608.81,0000618.42,0000570.24,36189.93459916,0000573.21,990112.22653965
2021-10-12T11:00:02.102Z,-USD,00000605.1,0000618.42,0000570.24,37318.40636956,0000576.27,992372.45886491
2021-10-12T12:00:04.158Z,-USD,0000602.01,0000618.42,0000570.24,36710.788521,0000577.21,993480.58564038
2021-10-12T13:00:02.162Z,-USD,00000602.3,0000618.42,0000567.98,37692.38851823,00000571.4,995358.5665805
2021-10-12T14:00:02.326Z,-USD,0000611.59,0000618.42,0000567.98,38090.3329746,0000584.37,997657.03963853
2021-10-12T15:00:02.526Z,-USD,0000614.23,0000615.56,0000567.98,37498.05950307,0000577.98,999356.4436729
2021-10-12T16:00:02.687Z,-USD,0000612.56,0000615.42,0000567.98,37668.47691367,0000584.45,1001345.86290753
2021-10-12T17:00:02.293Z,-USD,0000611.45,0000613.39,0000567.98,37044.35263438,0000586.17,1002357.28038126
2021-10-12T18:00:02.619Z,-USD,0000605.37,0000605.86,0000567.98,37219.39246115,00000581.2,1003776.85890224
2021-10-12T19:00:01.827Z,-USD,0000601.98,0000604.11,0000567.98,36685.14665006,0000585.73,1004283.33346727
2021-10-12T20:00:02.18Z,-USD,0000599.14,0000601.89,0000567.98,34972.27136993,0000581.96,1004885.8339529
2021-10-12T21:00:02.512Z,-USD,0000590.91,0000601.89,0000567.98,34305.41019673,0000586.72,1006494.61253364
2021-10-12T22:00:02.088Z,-USD,0000596.09,0000601.89,0000567.98,33927.20017763,0000587.37,1006949.74304805
2021-10-12T23:00:02.493Z,-USD,0000598.92,0000601.89,0000567.98,33290.39579192,0000589.05,1007402.7380814
2021-10-13T00:00:01.744Z,-USD,0000600.88,0000600.93,0000567.98,33077.62153702,0000587.55,1007995.89208644
2021-10-13T01:00:02.208Z,-USD,0000594.17,0000599.52,0000567.98,32172.69370032,0000591.86,967345.14556772
2021-10-13T02:00:02.689Z,-USD,00000597.8,0000598.79,0000567.98,32220.81315904,0000590.44,968616.64725954
2021-10-13T03:00:01.885Z,-USD,0000588.77,0000594.73,0000567.98,31413.81350829,0000592.62,969034.21517763
2021-10-13T04:00:01.985Z,-USD,0000585.75,0000594.73,0000567.98,30839.44674914,0000591.17,969948.66872043
2021-10-13T05:00:02.285Z,-USD,0000590.48,0000594.73,0000567.98,30251.27545989,00000591.0,970725.1003768
2021-10-13T06:00:02.133Z,-USD,0000591.64,0000594.73,0000567.98,31806.76802605,0000575.69,973877.18769752
2021-10-13T07:00:02.124Z,-USD,0000587.09,0000594.73,0000567.98,31740.60962952,0000578.39,975119.18914029
2021-10-13T08:00:02.214Z,-USD,00000588.4,0000594.73,0000567.98,31248.63635063,0000573.11,975982.5896079
2021-10-13T09:00:02.105Z,-USD,0000590.28,0000594.73,0000567.98,32029.42107984,0000574.55,978181.06632002
2021-10-13T10:00:02.579Z,-USD,0000574.23,0000594.73,0000567.98,30515.37732323,0000577.37,979038.44311637
2021-10-13T11:00:02.093Z,-USD,0000575.41,0000594.73,0000567.98,29348.66545861,0000575.31,980111.51344836
2021-10-13T12:00:02.298Z,-USD,0000576.52,0000594.73,0000567.98,29200.83487671,0000581.41,981058.01281529
2021-10-13T13:00:01.833Z,-USD,0000570.89,0000594.73,0000570.86,28708.0561505,0000583.97,982442.96645209
2021-10-13T14:00:01.99Z,-USD,0000583.61,0000594.73,00000571.3,27778.3226427,00000576.2,983834.97716404
2021-10-13T15:00:02.007Z,-USD,0000579.63,0000594.73,00000571.3,27436.82107577,00000580.9,985185.15530137
2021-10-13T16:00:02.355Z,-USD,0000583.99,0000594.73,00000571.3,27283.40453384,00000586.3,986999.81377928
2021-10-13T17:00:01.918Z,-USD,0000586.08,0000594.73,00000571.3,27329.08228533,0000587.27,988055.29243553
2021-10-13T18:00:02.304Z,-USD,0000581.59,0000594.73,00000571.3,26930.46433525,00000587.1,989070.18008742
2021-10-13T19:00:02.617Z,-USD,0000584.84,0000594.73,00000571.3,27417.68835995,00000585.6,990106.56287938
2021-10-13T20:00:02.707Z,-USD,0000581.65,0000594.73,00000571.3,27699.74303334,0000587.99,990949.5385201
2021-10-13T21:00:02.185Z,-USD,0000587.49,0000594.73,00000571.3,26886.56463179,0000589.54,991757.78599639
2021-10-13T22:00:02.473Z,-USD,0000588.05,0000594.73,00000571.3,27360.36890546,00000591.5,992691.27090926
2021-10-13T23:00:01.978Z,-USD,0000588.42,0000594.73,00000571.3,27707.74010256,0000593.43,993470.63747065
2021-10-14T00:00:02.046Z,-USD,0000587.85,0000594.73,00000571.3,28404.29503854,0000594.08,994777.4027028
2021-10-14T01:00:05.243Z,-USD,0000593.74,0000595.68,00000571.3,28521.45483728,0000591.56,974114.60931831
2021-10-14T02:00:03.006Z,-USD,0000590.99,0000603.24,00000571.3,31298.10554684,0000602.84,978150.13050874
2021-10-14T03:00:02.7Z,-USD,0000593.12,0000603.52,00000571.3,33447.75652635,0000600.55,980711.67839267
2021-10-14T04:00:02.047Z,-USD,0000591.64,0000603.52,00000571.3,33647.53721069,0000598.17,981822.54852953
2021-10-14T05:00:02.507Z,-USD,00000591.7,0000603.52,00000571.3,33442.14637301,0000598.24,982405.03809385
2021-10-14T06:00:02.568Z,-USD,0000572.86,0000603.52,00000571.3,30714.25006205,0000597.16,982906.98441898
2021-10-14T07:00:02.595Z,-USD,0000577.85,0000603.52,00000571.3,30159.3483693,0000596.48,983507.01790754
2021-10-14T08:00:02.577Z,-USD,0000572.28,0000603.52,00000571.3,30062.02001258,00000595.6,984290.65997116
2021-10-14T09:00:02.551Z,-USD,0000572.96,0000603.52,00000571.3,28217.47683495,0000597.43,984641.3852308
2021-10-14T10:00:01.905Z,-USD,0000577.17,0000603.52,0000573.42,28433.54905533,0000599.55,985707.06349228
2021-10-14T11:00:02.068Z,-USD,0000575.62,0000603.52,0000573.42,27958.36471888,0000597.49,986342.13575018
2021-10-14T12:00:02.265Z,-USD,0000581.61,0000608.26,0000573.42,29631.86552176,0000604.39,988918.30560146
2021-10-14T13:00:02.14Z,-USD,0000584.63,0000608.26,0000573.42,29017.02448873,0000602.17,989713.54905571
2021-10-14T14:00:02.068Z,-USD,0000576.63,0000608.26,0000573.42,28384.23421536,0000600.69,990448.93387413
2021-10-14T15:00:02.441Z,-USD,0000581.52,0000608.26,00000580.5,27920.91833989,00000603.1,991341.66946948
2021-10-14T16:00:04.16Z,-USD,0000586.19,0000608.26,0000584.03,27782.04498882,0000598.65,993014.4598875
2021-10-14T17:00:02.106Z,-USD,0000585.87,0000608.26,00000584.1,28441.06937588,0000594.75,994747.96614046
2021-10-14T18:00:02.311Z,-USD,0000587.57,0000608.26,00000584.1,28445.27284025,0000597.03,995749.07962041
2021-10-14T19:00:02.462Z,-USD,0000585.11,0000608.26,0000584.31,28430.07107445,0000600.06,996801.65184903
2021-10-14T20:00:07.559Z,-USD,00000587.2,0000608.26,0000586.33,28783.1065626,0000597.21,997967.54831679
2021-10-14T21:00:10.523Z,-USD,0000588.56,0000608.26,0000587.29,28923.7285292,0000595.92,998957.10545222
2021-10-14T22:00:14.151Z,-USD,0000590.36,0000608.26,0000589.23,28550.13017503,0000597.99,999485.60732267
2021-10-14T23:00:12.339Z,-USD,0000592.63,0000608.26,0000589.23,28340.13384073,0000597.64,1000054.14688433
2021-10-15T00:00:17.239Z,-USD,0000593.29,0000608.26,0000590.31,27956.74290524,0000597.97,1000972.95196293
2021-10-15T01:00:12.464Z,-USD,0000591.84,0000608.26,0000589.56,28669.80843872,0000590.48,987560.75648515
2021-10-15T02:00:12.334Z,-USD,0000601.96,0000608.26,0000585.67,27775.16150521,00000590.0,990772.71645745
2021-10-15T03:00:11.185Z,-USD,0000600.41,0000611.72,0000585.67,29352.41100412,0000611.22,994852.13392035
2021-10-15T04:00:22.641Z,-USD,0000598.22,0000631.84,0000585.67,36635.4239281,0000626.59,1003242.18904096
2021-10-15T05:00:10.149Z,-USD,0000597.13,0000635.51,0000585.67,39359.97885806,0000634.34,1006537.93091216
2021-10-15T06:00:07.409Z,-USD,0000597.92,0000636.96,0000585.67,41442.77165637,0000632.29,1009138.80480191
2021-10-15T07:00:03.474Z,-USD,0000596.93,0000636.96,0000585.67,42798.74860715,0000626.34,1011099.53178078
2021-10-15T08:00:03.829Z,-USD,0000595.56,0000636.96,0000585.67,43164.57814162,0000621.73,1012253.76318142
2021-10-15T09:00:02.657Z,-USD,0000597.76,0000636.96,0000585.67,46480.02855302,00000610.1,1015905.9031653
2021-10-15T10:00:02.516Z,-USD,0000599.61,0000636.96,0000585.67,47791.54828436,00000611.2,1018274.11522489
2021-10-15T11:00:04.493Z,-USD,0000597.74,0000636.96,0000585.67,48374.51025001,0000611.64,1019529.41153759
2021-10-15T12:00:04.313Z,-USD,0000604.31,0000636.96,0000585.67,46940.46743813,0000612.13,1020645.89987009
2021-10-15T13:00:03.096Z,-USD,0000603.18,0000636.96,0000585.67,47587.3618958,0000608.62,1022075.20465101
2021-10-15T14:00:08.91Z,-USD,00000601.3,0000636.96,0000585.67,48858.63174758,00000617.8,1024139.38445424
2021-10-15T15:00:10.762Z,-USD,0000602.48,0000636.96,0000585.67,52126.08956291,0000616.92,1028238.89456532
2021-10-15T16:00:10.703Z,-USD,0000599.39,0000636.96,0000585.67,53261.40573905,0000617.86,1031110.78085862
2021-10-15T17:00:09.903Z,-USD,0000594.81,0000636.96,0000585.67,54413.09454191,0000628.51,1033934.37003886
2021-10-15T18:00:08.961Z,-USD,0000596.89,0000636.96,0000585.67,55786.92462227,0000627.32,1036336.26430749
2021-10-15T19:00:02.023Z,-USD,0000600.31,0000636.96,0000585.67,56384.08266647,0000630.29,1037970.15177498
2021-10-15T20:00:02.445Z,-USD,0000597.76,0000636.96,0000585.67,57329.53579146,0000629.55,1040067.47471731
2021-10-15T21:00:02.621Z,-USD,0000597.36,0000636.96,0000585.67,59108.05378023,00000632.6,1042849.18635348
2021-10-15T22:00:01.816Z,-USD,0000599.18,0000636.96,0000585.67,60896.45255517,0000625.17,1045168.24849683
2021-10-15T23:00:02.561Z,-USD,0000597.47,0000636.96,0000585.67,61294.71016612,0000625.33,1046145.1142269
2021-10-16T00:00:01.776Z,-USD,0000599.15,0000636.96,0000585.67,61415.65782806,0000624.74,1047175.20058239
2021-10-16T01:00:10.841Z,-USD,0000590.81,0000636.96,0000585.67,62034.88048383,0000630.47,1012454.02062651
2021-10-16T02:00:11.121Z,-USD,0000589.68,0000636.96,0000587.16,59931.6119427,0000629.92,1013568.85706161
2021-10-16T03:00:11.374Z,-USD,0000611.39,0000636.96,0000605.36,56647.47438198,0000633.91,1014351.63772614
2021-10-16T04:00:23.43Z,-USD,0000630.43,0000636.96,0000605.36,49402.52792084,0000628.82,1015548.23543413
2021-10-16T05:00:09.936Z,-USD,0000636.72,0000636.96,0000605.36,47125.02226626,0000628.26,1016569.56995247
2021-10-16T06:00:10.923Z,-USD,0000633.55,00000635.7,0000605.36,45180.46062429,00000630.6,1017246.14021205
2021-10-16T07:00:08.629Z,-USD,0000626.24,00000635.7,0000605.36,43863.55816006,00000626.8,1017882.66836072
2021-10-16T08:00:02.213Z,-USD,0000622.37,00000635.7,0000605.36,43392.58228712,00000627.9,1018506.96492055
2021-10-16T09:00:02.128Z,-USD,00000609.9,00000635.7,0000605.36,40456.29335695,0000633.34,1019266.15649395
2021-10-16T10:00:02.706Z,-USD,0000611.25,00000648.4,0000606.39,42717.18073615,0000642.52,1023843.05735582
2021-10-16T11:00:03.731Z,-USD,0000611.74,00000648.4,0000607.71,42336.29322092,0000642.95,1024725.61566753
2021-10-16T12:00:02.202Z,-USD,0000612.71,00000648.4,0000607.71,41923.63039646,0000644.86,1025423.76276098
2021-10-16T13:00:11.501Z,-USD,00000608.6,00000648.4,0000607.71,43117.25074999,0000633.94,1028046.04490746
2021-10-16T14:00:11.199Z,-USD,0000618.02,00000648.4,0000610.69,42006.43672128,0000638.38,1029229.91276584
2021-10-16T15:00:17.788Z,-USD,0000617.21,00000648.4,00000614.0,40323.27764619,0000639.41,1031417.82004488
2021-10-16T16:00:11.248Z,-USD,0000618.28,00000648.4,0000616.47,38631.71997552,00000638.8,1032656.9332229
2021-10-16T17:00:10.684Z,-USD,0000628.77,0000648.84,0000622.56,37919.8103663,0000640.18,1034804.35134966
2021-10-16T18:00:10.018Z,-USD,0000627.34,0000648.84,0000622.56,36929.43968466,0000637.73,1036191.89542144
2021-10-16T19:00:11.792Z,-USD,00000630.4,0000648.84,0000622.56,36282.01817184,0000634.42,1037115.35995282
2021-10-16T20:00:10.055Z,-USD,0000630.52,0000648.84,0000622.56,34703.43303779,00000632.0,1037661.99577782
2021-10-16T21:00:02.455Z,-USD,0000633.46,0000648.84,0000622.56,32934.61826626,0000629.87,1038661.01136491
2021-10-16T22:00:02.416Z,-USD,0000625.21,0000648.84,00000622.9,31410.22718509,0000625.93,1039441.74125918
2021-10-16T23:00:02.255Z,-USD,0000626.25,0000648.84,00000622.9,31396.74396345,0000627.99,1040415.85256559
2021-10-17T00:00:01.695Z,-USD,0000625.44,0000648.84,0000623.55,31156.92615657,0000625.03,1041353.4560497
2021-10-17T01:00:11.042Z,-USD,0000631.67,0000648.84,0000618.26,31509.95593536,00000623.4,1009814.98954235
2021-10-17T02:00:11.159Z,-USD,0000630.25,0000648.84,0000618.26,31406.24117173,00000625.5,1010862.69649526
2021-10-17T03:00:11.036Z,-USD,0000634.97,0000648.84,0000618.26,31177.66047175,0000624.56,1011381.88196429
2021-10-17T04:00:42.256Z,-USD,0000626.71,0000648.84,0000618.26,29651.00381372,0000626.53,1012190.40881026
2021-10-17T05:00:08.356Z,-USD,0000626.71,0000648.84,0000618.26,30602.63242273,00000625.6,1013142.03741927
2021-10-17T06:00:09.229Z,-USD,0000630.26,0000648.84,0000618.26,30822.52881007,0000621.54,1013916.59664316
2021-10-17T07:00:09.424Z,-USD,0000626.71,0000648.84,0000618.26,30584.65385901,0000622.53,1014385.94277693
2021-10-17T08:00:08.545Z,-USD,0000627.22,0000648.84,0000618.26,30656.71960794,0000620.81,1015024.36964562
2021-10-17T09:00:09.307Z,-USD,0000632.98,0000648.84,0000618.26,30476.46625533,0000620.68,1015586.04896965
2021-10-17T10:00:09.766Z,-USD,0000642.47,0000648.84,0000618.26,26226.82061695,0000622.73,1015921.44268878
2021-10-17T11:00:10.085Z,-USD,0000643.13,0000648.84,0000618.26,25606.20925416,0000622.97,1016187.56270025
2021-10-17T12:00:08.446Z,-USD,0000645.28,0000648.84,0000618.26,25351.0735335,0000620.73,1016634.56410877
2021-10-17T13:00:11.507Z,-USD,00000632.1,0000648.84,0000614.92,23725.40982414,0000618.16,1017647.10709776
2021-10-17T14:00:09.855Z,-USD,0000638.66,0000648.84,0000614.92,23172.58137578,0000619.11,1018244.4582242
2021-10-17T15:00:09.417Z,-USD,00000640.1,0000648.84,0000612.72,21738.77994984,0000614.03,1019015.86640999
2021-10-17T16:00:08.9Z,-USD,0000640.41,0000648.84,0000607.63,22246.20179347,0000610.24,1020766.21781232
2021-10-17T17:00:02.403Z,-USD,0000640.99,0000640.99,0000607.63,20802.25039115,0000610.75,1021445.98506759
2021-10-17T18:00:03.747Z,-USD,0000637.63,0000637.76,0000606.49,20294.39126589,0000610.56,1022342.28638178
2021-10-17T19:00:01.935Z,-USD,0000635.35,0000635.35,0000606.49,19971.57322835,0000611.67,1022934.62603678
2021-10-17T20:00:02.498Z,-USD,0000631.97,0000633.23,00000605.8,20519.29729776,0000606.86,1024023.31958535
2021-10-17T21:00:02.149Z,-USD,0000630.02,0000630.22,00000590.0,24054.80183817,00000595.5,1028555.85797175
2021-10-17T22:00:02.532Z,-USD,0000625.84,0000630.22,00000590.0,24297.63531826,0000602.28,1029583.24479059
2021-10-17T23:00:01.82Z,-USD,0000628.24,0000630.22,00000590.0,25986.17048792,0000609.78,1032254.43642447
2021-10-18T00:00:08.546Z,-USD,0000625.67,0000628.68,00000590.0,25753.61082848,00000611.5,1033042.67670605
2021-10-18T01:00:02.724Z,-USD,0000623.66,0000628.68,00000590.0,24355.91839792,0000616.94,1012956.75424673
2021-10-18T02:00:01.902Z,-USD,0000625.55,0000628.68,00000590.0,23926.10022164,0000616.95,1013571.11103103
2021-10-18T03:00:01.983Z,-USD,00000624.5,0000628.68,00000590.0,24175.29581472,0000614.77,1014329.58124311
2021-10-18T04:00:02.164Z,-USD,00000626.5,0000628.68,00000590.0,23900.59113071,0000614.53,1014830.05894135
2021-10-18T05:00:01.742Z,-USD,0000624.99,0000626.74,00000590.0,23580.79273474,00000614.8,1015513.7199304
2021-10-18T06:00:01.777Z,-USD,0000621.59,0000625.95,00000590.0,24067.67531086,0000618.09,1016744.58936258
2021-10-18T07:00:01.706Z,-USD,0000622.82,0000625.95,00000590.0,23931.09923358,0000616.48,1017069.22692153
2021-10-18T08:00:02.552Z,-USD,0000619.24,0000624.76,00000590.0,24260.11173829,0000614.02,1018062.95378567
2021-10-18T09:00:02.451Z,-USD,0000620.96,0000624.76,00000590.0,24597.1867057,0000613.02,1018977.50626629
2021-10-18T10:00:02.248Z,-USD,0000622.76,0000624.76,00000590.0,25649.53490618,0000607.99,1020321.81536779
2021-10-18T11:00:02.559Z,-USD,0000622.18,0000624.76,00000590.0,26429.99141987,0000609.04,1021365.64231738
2021-10-18T12:00:02.461Z,-USD,0000619.88,0000620.94,00000590.0,26772.94883796,0000604.51,1022164.68974727
2021-10-18T13:00:02.581Z,-USD,0000618.45,0000620.64,00000590.0,26891.6086673,0000603.07,1023292.93416603
2021-10-18T14:00:01.943Z,-USD,0000619.56,00000620.2,00000590.0,28895.57852173,00000612.5,1025894.91767835
2021-10-18T15:00:02.116Z,-USD,0000614.42,0000619.77,00000590.0,29298.29045572,0000610.93,1027071.78095502
2021-10-18T16:00:02.353Z,-USD,00000609.3,0000619.77,00000590.0,28318.03480075,0000607.95,1027846.58249632
2021-10-18T17:00:01.827Z,-USD,0000611.59,0000619.77,00000590.0,28530.63807882,0000604.03,1028726.34389348
2021-10-18T18:00:02.355Z,-USD,0000610.16,0000619.77,00000590.0,28215.73872723,0000603.65,1029337.01738766
2021-10-18T19:00:02.229Z,-USD,0000611.09,0000619.77,00000590.0,28211.99631138,0000603.29,1029979.57254182
2021-10-18T20:00:02.515Z,-USD,0000606.36,0000619.77,00000590.0,28306.40154778,0000605.07,1031105.57372971
2021-10-18T21:00:01.852Z,-USD,00000594.7,0000619.77,0000593.73,24562.00122763,0000606.87,1031863.66443105
2021-10-18T22:00:02.585Z,-USD,0000602.15,0000619.77,0000598.23,23817.97610844,0000609.18,1032340.53523863
2021-10-18T23:00:01.997Z,-USD,0000609.39,0000619.77,0000598.23,21789.64375019,00000611.3,1032833.6232894
2021-10-19T00:00:02.07Z,-USD,0000612.41,0000619.77,0000598.23,21393.33384235,0000611.27,1033211.29433661
2021-10-19T01:00:02.499Z,-USD,0000617.01,0000619.02,0000598.23,21061.15766411,0000608.64,1004020.12496516
2021-10-19T02:00:01.899Z,-USD,0000616.35,0000619.02,0000598.23,21226.57742788,0000613.19,1004838.80507377
2021-10-19T03:00:02.276Z,-USD,0000615.87,0000619.02,0000598.23,21166.76038426,0000614.31,1005494.96180704
2021-10-19T04:00:02.483Z,-USD,0000614.57,0000623.82,0000598.23,23091.75300322,0000623.82,1007916.92910665
2021-10-19T05:00:01.823Z,-USD,0000615.93,0000624.98,0000598.23,23549.4739098,0000621.62,1009088.74235057
2021-10-19T06:00:02.691Z,-USD,0000618.65,0000624.98,0000598.23,22820.28861845,00000622.6,1009570.00289696
2021-10-19T07:00:01.891Z,-USD,0000616.45,0000624.98,0000598.23,23070.21156864,0000617.35,1010168.5570678
2021-10-19T08:00:01.966Z,-USD,0000613.87,0000624.98,0000598.23,22618.07777479,0000618.55,1010682.56261762
2021-10-19T09:00:02.439Z,-USD,0000613.54,0000624.98,0000598.23,22419.98738664,0000617.05,1011399.71036707
2021-10-19T10:00:02.336Z,-USD,0000608.96,0000624.98,0000598.23,21769.50895105,00000614.4,1012095.86268112
2021-10-19T11:00:02.348Z,-USD,0000608.89,0000624.98,0000598.23,21184.32475494,0000613.52,1012548.79526495
2021-10-19T12:00:02.418Z,-USD,0000605.87,0000624.98,0000598.23,20734.60213346,0000613.11,1012904.87739381
2021-10-19T13:00:02.461Z,-USD,0000603.52,0000624.98,0000598.23,20421.09224858,00000611.0,1013720.18425904
2021-10-19T14:00:02.569Z,-USD,0000612.08,0000624.98,0000598.56,20520.33582581,0000609.84,1016424.54369858
2021-10-19T15:00:01.94Z,-USD,0000610.22,0000624.98,0000598.56,22804.13846341,0000605.18,1019890.4683532
2021-10-19T16:00:02.246Z,-USD,0000607.77,0000624.98,0000598.56,24373.04028044,0000606.14,1022236.98479356
2021-10-19T17:00:02.619Z,-USD,0000603.86,0000624.98,0000598.56,24312.85494526,0000608.11,1023039.43259089
2021-10-19T18:00:02.691Z,-USD,0000603.39,0000624.98,0000598.56,25652.95376831,0000611.05,1024985.79853153
2021-10-19T19:00:02.283Z,-USD,0000603.97,0000624.98,0000598.56,25707.25145751,0000610.02,1025686.20809577
2021-10-19T20:00:02.68Z,-USD,0000605.36,0000624.98,0000599.17,25333.34386624,0000612.47,1026483.03095119
2021-10-19T21:00:02.531Z,-USD,00000606.4,0000624.98,0000599.17,26489.33595641,0000610.95,1028355.24976431
2021-10-19T22:00:02.312Z,-USD,00000610.2,0000624.98,0000599.17,27040.66204145,0000613.93,1029378.22368173
2021-10-19T23:00:02.548Z,-USD,0000611.71,0000624.98,0000599.17,27819.49986658,0000618.24,1030651.09963645
2021-10-20T00:00:02.423Z,-USD,0000611.34,0000624.98,0000599.17,28591.76432039,0000618.73,1031804.42901826
2021-10-20T01:00:02.584Z,-USD,0000608.83,0000624.98,0000599.17,28778.88444447,0000614.63,978535.55806671
2021-10-20T02:00:02.668Z,-USD,0000614.52,0000624.98,0000599.17,29392.98011303,0000614.28,979969.67638106
2021-10-20T03:00:02.542Z,-USD,0000615.02,0000624.98,0000599.17,29638.09926429,0000612.69,980873.6361841
2021-10-20T04:00:02.569Z,-USD,00000623.0,0000624.98,0000599.17,28714.55458501,0000610.22,982380.91537867
2021-10-20T05:00:01.718Z,-USD,0000622.23,0000623.44,0000599.17,29050.31297747,00000611.1,983865.18023921
2021-10-20T06:00:02.82Z,-USD,0000621.91,00000622.6,0000599.17,29202.43859166,0000609.18,984531.73210989
2021-10-20T07:00:02.601Z,-USD,0000617.46,0000620.33,0000599.17,29406.44721875,0000605.77,985365.48918464
2021-10-20T08:00:02.315Z,-USD,0000618.32,0000620.33,0000599.17,29512.11197662,0000608.54,985923.21329131
2021-10-20T09:00:02.178Z,-USD,0000617.22,0000620.33,0000599.17,29158.94357619,0000610.59,986290.68703103
2021-10-20T10:00:02.107Z,-USD,0000613.85,0000620.33,0000599.17,28751.69017384,00000610.0,986583.90721937
2021-10-20T11:00:04.304Z,-USD,0000612.75,0000620.33,0000599.17,28602.88349459,0000609.77,986882.32643578
2021-10-20T12:00:01.956Z,-USD,0000612.95,0000620.33,0000599.17,28875.31172743,0000612.79,987515.47943595
2021-10-20T13:00:01.795Z,-USD,00000611.0,0000628.58,0000599.17,31828.9480031,0000623.23,991281.56020871
2021-10-20T14:00:02.204Z,-USD,0000609.91,0000632.55,0000599.17,31622.02732789,0000632.01,993775.72373103
2021-10-20T15:00:02.133Z,-USD,0000604.98,0000638.89,0000603.31,33326.43204405,0000637.44,998966.85810344
2021-10-20T16:00:02.191Z,-USD,0000606.14,0000643.09,0000605.26,33795.08562568,0000642.39,1001760.33509383
2021-10-20T17:00:01.752Z,-USD,0000608.56,0000648.75,0000605.26,37641.37272413,00000647.0,1006426.32954681
2021-10-20T18:00:02.711Z,-USD,0000611.38,0000648.75,0000605.26,37245.55488932,0000645.69,1007975.47664563
2021-10-20T19:00:02.04Z,-USD,0000610.26,0000648.75,0000605.26,37950.65065576,0000647.78,1009364.59765296
2021-10-20T20:00:01.881Z,-USD,0000611.56,0000648.75,0000605.26,38688.14275448,0000647.56,1010904.6995988
2021-10-20T21:00:02.216Z,-USD,0000610.66,0000648.75,0000605.26,39245.90363662,0000645.28,1013345.22205415
2021-10-20T22:00:02.297Z,-USD,0000613.94,0000648.75,0000605.26,39607.51029284,0000644.33,1014716.31341743
2021-10-20T23:00:01.822Z,-USD,0000618.31,0000648.75,0000605.26,39447.38339874,0000643.21,1015841.08774259
2021-10-21T00:00:02.66Z,-USD,0000618.36,0000648.75,0000605.26,39167.89550625,0000644.41,1016699.45495005
2021-10-21T01:00:02.187Z,-USD,0000614.38,0000654.41,0000605.26,41606.69043534,0000651.65,977791.55989573
2021-10-21T02:00:02.795Z,-USD,0000614.52,0000654.41,0000605.26,42504.80779818,0000647.64,980136.58889009
2021-10-21T03:00:02.201Z,-USD,0000612.72,0000654.41,0000605.26,45852.19455789,0000643.49,984384.530679
2021-10-21T04:00:02.146Z,-USD,0000610.19,0000654.41,0000605.26,46114.82272614,0000641.76,986159.24549713
2021-10-21T05:00:02.629Z,-USD,0000611.05,0000654.41,0000605.26,45977.3286644,0000640.97,987492.97102354
2021-10-21T06:00:02.524Z,-USD,0000608.97,0000654.41,0000605.26,45865.33403484,0000640.38,988066.11785487
2021-10-21T07:00:02.385Z,-USD,0000606.04,0000654.41,0000605.54,46032.63737572,0000638.94,989070.78222669
2021-10-21T08:00:02.232Z,-USD,0000608.17,0000654.41,0000608.14,46303.76097269,0000641.49,989875.68805304
2021-10-21T09:00:02.008Z,-USD,0000610.54,0000654.41,0000608.14,46612.53322088,00000644.7,990554.76656773
2021-10-21T10:00:01.763Z,-USD,0000610.08,0000654.41,0000608.14,47452.69179443,0000650.89,991690.65560764
2021-10-21T11:00:02.084Z,-USD,00000610.5,0000654.41,0000609.91,48294.48441937,0000651.27,992828.53392477
2021-10-21T12:00:01.931Z,-USD,0000612.88,0000655.98,0000612.49,51435.27401484,0000641.26,996607.17965166
2021-10-21T13:00:01.776Z,-USD,0000624.08,0000655.98,0000621.42,50377.83341,0000643.36,999322.05310404
2021-10-21T14:00:02.654Z,-USD,0000632.72,0000655.98,0000631.27,51010.49416122,0000641.98,1002490.11933272
2021-10-21T15:00:01.791Z,-USD,0000637.68,0000655.98,0000628.53,51275.06823739,0000631.64,1007934.52425728
2021-10-21T16:00:02.014Z,-USD,0000642.91,0000655.98,00000621.0,51578.49896209,0000628.44,1011033.02587925
2021-10-21T17:00:02.369Z,-USD,0000647.44,0000655.98,00000621.0,48797.01125957,0000626.29,1012893.95157661
2021-10-21T18:00:02.593Z,-USD,0000645.27,0000655.98,00000621.0,49438.05819648,0000624.66,1015080.42582625
2021-10-21T19:00:02.51Z,-USD,0000647.47,0000655.98,00000621.0,48885.67312197,00000627.5,1016026.49222045
2021-10-21T20:00:02.655Z,-USD,0000647.32,0000655.98,00000621.0,48395.654201,0000626.69,1016974.3179132
2021-10-21T21:00:01.929Z,-USD,0000645.35,0000655.98,00000621.0,47230.2625881,00000628.7,1018226.18687944
2021-10-21T22:00:02.08Z,-USD,00000643.6,0000655.98,00000621.0,46675.3538076,0000629.53,1019043.9825243
2021-10-21T23:00:02.468Z,-USD,0000643.39,0000655.98,00000621.0,47958.77088574,0000624.16,1021460.87360606
2021-10-22T00:00:02.626Z,-USD,0000644.76,0000655.98,00000621.0,48707.23095725,0000623.59,1023060.01294526
2021-10-22T01:00:09.309Z,-USD,0000651.49,0000655.98,00000621.0,47386.32404181,0000632.23,993984.56750558
2021-10-22T02:00:07.275Z,-USD,0000647.57,0000655.98,00000621.0,46561.39757639,0000631.37,995535.38511161
2021-10-22T03:00:02.234Z,-USD,0000644.51,0000655.98,00000621.0,42818.88358659,00000630.9,996015.95632045
2021-10-22T04:00:01.852Z,-USD,0000641.57,0000655.98,00000621.0,41514.61529415,0000634.39,996483.59143973
2021-10-22T05:00:02.652Z,-USD,0000640.27,0000655.98,00000621.0,41379.57488876,00000634.3,997676.08256724
2021-10-22T06:00:02.402Z,-USD,00000640.4,0000655.98,00000621.0,41190.12237264,0000634.71,998059.62322881
2021-10-22T07:00:02.05Z,-USD,0000638.92,0000655.98,00000621.0,40857.52669165,0000631.24,998737.21299151
2021-10-22T08:00:01.781Z,-USD,0000641.44,0000655.98,00000621.0,40687.77042342,0000634.03,999372.46161773
2021-10-22T09:00:02.57Z,-USD,0000645.26,0000655.98,00000621.0,40544.36900507,0000634.11,999902.68011407
2021-10-22T10:00:02.161Z,-USD,0000651.19,0000655.98,00000621.0,39706.10133023,00000631.4,1000211.64913039
2021-10-22T11:00:02.351Z,-USD,0000651.64,0000655.98,00000621.0,39019.70945688,00000630.2,1000658.1528709
2021-10-22T12:00:01.743Z,-USD,0000641.81,0000646.28,00000621.0,35559.37550083,0000634.15,1001002.13828325
2021-10-22T13:00:02.639Z,-USD,0000643.27,0000646.28,00000621.0,34344.56344355,0000636.81,1002480.9395887
2021-10-22T14:00:02.466Z,-USD,0000642.06,00000643.5,00000621.0,33741.11255005,0000626.55,1005096.40043148
2021-10-22T15:00:01.819Z,-USD,0000631.16,0000637.15,0000615.67,33031.8769091,0000624.91,1009802.40367428
2021-10-22T16:00:01.939Z,-USD,0000629.21,0000637.15,0000615.67,31126.42118247,0000620.48,1011010.50665316
2021-10-22T17:00:02.393Z,-USD,0000626.13,0000637.15,0000612.37,31198.5496986,0000621.35,1012901.8113454
2021-10-22T18:00:02.025Z,-USD,0000624.71,0000637.15,0000612.37,30015.35916941,0000617.02,1013904.78993506
2021-10-22T19:00:02.161Z,-USD,0000627.62,0000637.15,0000612.37,29806.20454153,0000619.82,1014636.25791116
2021-10-22T20:00:02.173Z,-USD,0000627.35,0000637.15,0000612.37,29504.22544661,0000621.95,1015294.30061839
2021-10-22T21:00:02.418Z,-USD,0000628.55,0000637.15,0000612.37,30106.24000135,0000620.56,1017136.63870493
2021-10-22T22:00:02.198Z,-USD,0000629.65,0000637.15,0000612.37,29672.95037229,0000617.79,1017560.52263382
2021-10-22T23:00:02.568Z,-USD,0000624.27,0000637.15,0000612.37,30845.19596199,0000625.81,1021251.42772308
2021-10-23T00:00:02.446Z,-USD,0000623.44,0000637.15,0000612.37,30237.17606149,0000623.89,1022122.00859749
2021-10-23T01:00:02.283Z,-USD,0000632.72,0000637.15,0000612.37,28814.88501094,00000626.0,997817.97709781
2021-10-23T02:00:02.096Z,-USD,0000631.37,0000637.15,0000612.37,30084.57408316,0000628.58,1000639.13609603
2021-10-23T03:00:02.102Z,-USD,0000630.83,0000637.15,0000612.37,30391.1640405,0000629.16,1001425.5963819
2021-10-23T04:00:02.17Z,-USD,0000635.42,0000637.15,0000612.37,30273.43812874,0000630.12,1001826.4660143
2021-10-23T05:00:02.322Z,-USD,0000634.79,00000638.0,0000612.37,31426.29635471,0000636.49,1004155.38994667
2021-10-23T06:00:02.227Z,-USD,00000635.2,00000638.0,0000612.37,32510.44590723,0000634.12,1005591.87245945
2021-10-23T07:00:02.1Z,-USD,0000631.73,00000638.0,0000612.37,32340.81294981,0000634.22,1006096.9015737
2021-10-23T08:00:01.833Z,-USD,0000634.63,00000638.0,0000612.37,32077.93479596,0000633.58,1006473.34098881
2021-10-23T09:00:01.76Z,-USD,0000634.71,00000638.0,0000612.37,31778.30379804,00000632.7,1006701.79289757
2021-10-23T10:00:02.585Z,-USD,0000631.63,00000638.0,0000612.37,32792.56705487,0000627.93,1008023.86317468
2021-10-23T11:00:01.767Z,-USD,0000629.96,00000638.0,0000612.37,32924.71061608,0000623.06,1008601.4773271
2021-10-23T12:00:02.463Z,-USD,0000634.56,00000638.0,0000612.37,37727.03072659,0000630.66,1013753.41440336
2021-10-23T13:00:02.387Z,-USD,0000636.79,00000638.0,0000612.37,36709.59016937,00000627.9,1014217.59270507
2021-10-23T14:00:02.271Z,-USD,0000626.79,00000638.0,0000612.37,34920.36533536,0000625.55,1015080.10553797
2021-10-31T18:00:08.706Z,-USD,0000584.39,0000604.88,0000574.27,26125.90952239,0000594.28,1008592.15307118
2021-10-31T19:00:01.791Z,-USD,0000587.16,0000604.88,0000574.27,26730.647053,0000596.05,1009739.43184067
2021-10-31T20:00:01.778Z,-USD,0000587.75,0000604.88,0000574.27,27213.7591667,0000595.76,1010743.45461296
2021-10-31T21:00:02.684Z,-USD,0000585.21,0000604.88,0000574.27,28375.09851684,0000598.72,1012383.26055615
2021-10-31T22:00:01.709Z,-USD,0000585.25,0000604.88,0000574.27,28527.57731093,0000600.27,1013312.73458708
2021-10-31T23:00:03.094Z,-USD,0000580.66,0000604.88,0000574.27,27520.5267828,0000598.35,1014354.75393217
2021-11-01T00:00:04.868Z,-USD,0000585.56,0000604.88,0000574.27,27718.11931368,0000596.65,1015352.12753646
2021-11-01T01:00:04.338Z,-USD,0000588.27,0000604.88,0000574.27,27650.91274485,0000598.35,998162.20683464
2021-11-01T02:00:03.854Z,-USD,0000585.56,0000604.88,0000574.27,27612.7262238,0000593.78,998715.1727548
2021-11-01T03:00:03.703Z,-USD,0000599.96,0000602.36,0000574.27,25952.97976835,00000587.7,1000012.48593917
2021-11-01T04:00:13.388Z,-USD,0000596.09,0000601.23,0000574.27,25481.25765339,00000582.8,1000821.69536873
2021-11-01T05:00:07.284Z,-USD,0000593.47,0000601.23,0000574.27,25273.06071462,0000587.51,1001635.53820723
2021-11-01T06:00:06.049Z,-USD,0000593.11,0000601.23,0000574.27,24978.89389796,0000587.04,1002085.77830442
2021-11-01T07:00:06.388Z,-USD,0000594.34,0000601.23,0000574.27,25004.23289608,0000588.65,1002632.79846011
2021-11-01T08:00:02.266Z,-USD,0000592.37,0000601.23,0000574.27,25180.59240341,0000596.22,1003221.22173337
2021-11-01T09:00:01.782Z,-USD,0000584.36,0000601.23,0000574.27,24810.92253724,0000593.73,1003784.01456481
2021-11-01T10:00:02.202Z,-USD,0000583.43,0000601.23,0000574.27,25640.56836606,00000591.3,1005055.85008236
2021-11-01T11:00:03.213Z,-USD,0000582.61,0000601.23,0000574.27,24380.15708031,00000589.2,1005608.29992135
2021-11-01T12:00:02.513Z,-USD,0000578.08,0000601.23,0000574.27,24890.91447299,0000586.14,1006809.90835224
2021-11-01T13:00:02.256Z,-USD,0000579.33,0000601.23,0000577.43,23713.9068705,0000587.58,1007431.08434616
2021-11-01T14:00:02.194Z,-USD,00000584.7,0000601.23,0000579.04,22749.22232008,0000590.49,1008576.71816581
2021-11-01T15:00:02.248Z,-USD,0000586.68,0000601.23,0000579.04,22095.67434209,0000586.03,1009171.80347196
2021-11-01T16:00:01.801Z,-USD,0000591.89,0000601.23,0000579.04,22087.52131158,0000586.76,1010479.56299697
2021-11-01T17:00:03.98Z,-USD,0000594.79,0000601.23,0000579.04,21744.78768949,0000587.48,1011438.33553293
2021-11-01T18:00:02.944Z,-USD,0000594.34,0000601.23,0000579.04,21928.69574156,0000585.06,1012546.08420791
2021-11-01T19:00:02.167Z,-USD,0000595.92,0000601.23,0000579.04,21550.27121709,0000584.85,1013304.31363776
2021-11-01T20:00:02.283Z,-USD,0000597.37,0000601.23,0000579.04,21180.2196788,0000589.56,1013962.75542942
2021-11-01T21:00:02.427Z,-USD,0000599.24,0000601.23,0000579.04,20907.3812514,0000586.83,1015298.67763756
2021-11-01T22:00:02.478Z,-USD,0000601.12,0000601.23,0000579.04,20672.75747861,0000585.94,1016008.16021349
2021-11-01T23:00:03.419Z,-USD,0000598.55,00000600.0,0000579.04,20034.1096649,0000587.74,1016427.33915805
2021-11-02T00:00:01.929Z,-USD,00000597.3,00000600.0,0000579.04,19360.53808824,0000586.96,1016792.06287353
2021-11-02T01:00:01.873Z,-USD,0000599.66,0000599.97,0000579.04,19306.28308589,00000586.7,995840.79270655
2021-11-02T02:00:01.986Z,-USD,00000593.9,0000597.13,0000579.04,19534.82838901,0000588.84,996652.6342126
2021-11-02T03:00:01.903Z,-USD,00000587.4,0000597.13,0000579.04,19255.19641637,0000588.06,997648.25776439
2021-11-02T04:00:02.082Z,-USD,0000581.95,0000597.13,0000579.04,18773.90531024,0000588.91,998000.24413584
2021-11-02T05:01:03.096Z,-USD,0000587.11,0000597.13,0000581.13,18116.71237336,0000588.24,998578.74683227
2021-11-02T06:00:02.166Z,-USD,0000587.11,0000597.13,0000581.13,18510.35106767,0000588.72,998972.38552658
2021-11-02T07:00:01.91Z,-USD,0000588.79,0000597.13,0000581.13,18442.54815359,0000588.25,999446.46029235
2021-11-02T08:00:01.852Z,-USD,0000595.98,0000597.13,0000581.13,18033.79621134,0000585.86,999630.21067761
2021-11-02T09:00:01.775Z,-USD,0000594.47,0000595.95,0000581.13,18297.4945231,0000585.01,1000459.34719255
2021-11-02T10:00:01.714Z,-USD,0000592.11,00000598.3,0000581.13,18639.20497891,0000597.95,1002069.07532335
2021-11-02T11:00:04.183Z,-USD,0000589.19,0000601.31,0000581.13,19351.62445049,0000595.24,1003350.29172457
2021-11-02T12:00:01.711Z,-USD,0000585.47,0000601.31,0000581.13,18623.03868883,00000593.5,1003814.05241683
2021-11-02T13:00:02.582Z,-USD,0000587.23,0000601.31,0000581.13,18540.04962058,0000593.71,1004342.29741416
2021-11-02T14:00:02.686Z,-USD,0000590.04,0000601.31,0000581.13,18039.11254599,0000596.47,1004996.61452864
2021-11-02T15:00:02.009Z,-USD,0000585.54,0000601.31,0000581.13,18511.0703311,00000596.3,1006058.47036726
2021-11-02T16:00:02.22Z,-USD,0000586.49,0000601.31,0000581.13,18263.31558959,0000600.28,1007133.94127116
2021-11-02T17:00:03.37Z,-USD,0000586.57,0000607.22,0000581.13,19066.63488336,00000605.4,1008893.37291436
2021-11-02T18:00:02.126Z,-USD,0000584.05,0000609.04,0000581.13,19456.97663248,0000604.78,1010381.61257855
2021-11-02T19:00:02.42Z,-USD,00000583.2,0000609.04,0000582.37,19810.3852492,0000607.62,1011494.50546138
2021-11-02T20:00:01.771Z,-USD,0000589.23,0000609.04,0000582.83,20729.66520017,0000603.93,1013082.57595675
2021-11-02T21:00:01.886Z,-USD,0000586.65,0000609.04,0000582.83,20573.32683495,0000600.91,1014244.39387887
2021-11-02T22:00:02.016Z,-USD,0000585.98,0000609.04,0000582.83,20745.69021982,0000600.72,1015130.40185863
2021-11-02T23:00:02.751Z,-USD,0000587.01,0000609.04,0000582.83,21006.96951054,0000598.76,1015807.82287855
2021-11-03T00:00:02.489Z,-USD,0000587.45,0000609.04,0000582.83,21712.4713632,0000598.34,1016879.78586413
2021-11-03T01:00:02.616Z,-USD,0000586.46,0000609.04,0000582.83,21895.48252033,0000599.92,986810.34630071
2021-11-03T02:00:02.352Z,-USD,0000589.02,0000609.04,0000582.83,21880.89321251,0000597.15,987617.59991183
2021-11-03T03:00:02.521Z,-USD,0000587.64,0000609.04,0000582.83,21790.1390334,0000599.77,988508.14455035
2021-11-03T04:00:02.703Z,-USD,00000588.5,0000609.04,0000582.83,22607.74288748,0000599.65,989678.80063407
2021-11-03T05:00:03.72Z,-USD,0000588.12,0000609.04,0000582.83,23052.28603315,0000598.99,990697.28351076
2021-11-03T06:00:02.825Z,-USD,0000588.72,0000609.04,0000582.83,24904.08399236,0000605.24,992942.77741444
2021-11-03T07:00:01.666Z,-USD,0000588.35,0000615.25,0000582.83,26708.93741988,0000611.74,995223.10240689
2021-11-03T08:00:02.667Z,-USD,0000584.63,0000619.17,0000583.05,27697.63890846,0000617.16,996633.59878822
2021-11-03T09:00:02.682Z,-USD,0000584.22,0000619.41,0000583.05,27750.4092896,0000613.35,997282.90251859
2021-11-03T10:00:02.489Z,-USD,0000597.76,0000619.41,0000593.35,26595.66729838,0000617.05,997736.24845851
2021-11-03T11:00:04.508Z,-USD,0000595.75,0000619.41,0000593.35,26020.43884478,0000615.45,998437.0733349
2021-11-03T12:00:01.942Z,-USD,0000593.65,0000619.41,0000593.35,26262.55739643,0000614.57,999146.01781933
2021-11-03T13:00:01.863Z,-USD,00000593.9,0000619.41,0000589.12,27874.51896614,0000595.35,1001285.90083335
2021-11-03T14:00:01.998Z,-USD,0000597.25,0000619.41,0000589.12,28686.19643313,0000595.22,1002771.34167571
2021-11-03T15:00:02.207Z,-USD,0000597.63,0000619.41,0000589.12,29146.1478945,0000596.96,1004285.86851227
2021-11-03T16:00:01.68Z,-USD,0000600.73,0000619.41,0000589.12,29263.88951846,0000599.97,1005471.33085242
2021-11-03T17:00:03.277Z,-USD,0000607.59,0000619.41,0000589.12,29981.64295251,0000601.51,1007960.79790624
2021-11-03T18:00:01.882Z,-USD,0000604.63,0000619.41,0000589.12,29124.05778979,0000605.97,1008615.23695306
2021-11-03T19:00:02.278Z,-USD,0000608.67,0000619.41,0000589.12,31438.52396237,0000612.71,1012093.49602201
2021-11-03T20:00:02.568Z,-USD,00000603.3,0000619.41,0000589.12,32105.17830776,0000612.11,1014270.01372256
2021-11-03T21:00:01.933Z,-USD,0000600.43,0000619.41,0000589.12,32163.14700612,00000612.3,1015501.79812967
