Coin on file:	BTC
Created by:	chris
Created on:	09/18/2021T03:00:1631948402Z

Recorded,Currency,Open,High,Low,Volume,Last,Volume30day
2021-09-18T03:00:02.659Z,-USD,0047764.85,0048176.64,0046752.67,9274.96076081,0047661.63,337023.61397524
2021-09-18T04:00:01.983Z,-USD,0047913.65,0048176.64,0046752.67,9392.28379627,00047950.0,337452.09305238
2021-09-18T05:00:02.052Z,-USD,0048091.06,0048349.98,0046752.67,9548.22122366,0048349.98,337895.84448689
2021-09-18T06:00:02.083Z,-USD,0048064.14,0048768.57,0046752.67,9867.20627037,0048687.16,338443.69761894
2021-09-18T07:00:02.385Z,-USD,0048071.08,0048780.78,0046752.67,9990.47179255,0048590.47,338760.56207565
2021-09-18T08:00:02.626Z,-USD,0047735.85,0048780.78,0046752.67,9979.3858772,0048629.16,338974.39644896
2021-09-18T09:00:01.852Z,-USD,0047930.45,0048780.78,0046752.67,10001.11654215,0048660.99,339172.31867841
2021-09-18T10:00:01.968Z,-USD,0047732.69,0048825.62,0046752.67,9995.73545667,0048628.55,339369.37806129
2021-09-18T11:00:02.344Z,-USD,0047462.47,0048825.62,0046752.67,9803.93638345,0048591.29,339574.57268703
2021-09-18T12:00:02.46Z,-USD,0047412.92,0048825.62,0046752.67,9474.8284435,0048353.94,339790.44948115
2021-09-18T13:00:02.675Z,-USD,0047475.01,0048825.62,0046752.67,9406.57349513,0048379.87,340129.68537728
2021-09-18T14:00:01.88Z,-USD,00047250.0,0048825.62,0046752.67,9184.52281525,0048449.51,340367.99951346
2021-09-18T14:27:57.952Z,-USD,0047505.87,0048825.62,0046752.67,8826.61695764,0048511.29,340527.55062831
2021-09-18T14:28:37.246Z,-USD,0047505.87,0048825.62,0046752.67,8829.27740458,0048514.18,340530.21107525
2021-09-18T14:31:17.504Z,-USD,0047505.87,0048825.62,0046752.67,8834.71607292,0048519.44,340535.64974359
2021-09-18T15:00:02.118Z,-USD,0047505.87,0048825.62,0046752.67,8964.96706823,0048485.53,340665.9007389
2021-09-18T16:00:02.322Z,-USD,0047526.82,0048825.62,0046752.67,8870.598662,0048439.11,340965.16649373
2021-09-18T17:00:02.107Z,-USD,0047629.52,0048825.62,0046752.67,8783.6454058,00048228.3,341264.01224888
2021-09-18T18:00:07.221Z,-USD,00047250.0,0048825.62,0046752.67,8672.53391513,0048361.24,341576.09535247
2021-09-18T19:00:01.787Z,-USD,0047195.77,0048825.62,0046775.65,7987.21126522,0048303.39,341863.45923026
2021-09-18T20:00:02.515Z,-USD,0047505.29,0048825.62,0046775.65,7882.37511597,0048260.88,342133.72544711
2021-09-18T21:00:02.121Z,-USD,0046980.78,0048825.62,0046775.65,7817.99334183,0048011.04,342505.17729789
2021-09-18T22:00:02.335Z,-USD,0047282.93,0048825.62,0046911.62,7653.28560809,0047884.13,342745.9425735
2021-09-18T23:00:01.768Z,-USD,0046977.88,0048825.62,0046911.62,7541.72266362,0048045.06,343060.60162301
2021-09-19T00:00:02.394Z,-USD,0047306.87,0048825.62,00047050.0,7486.42823941,0048325.87,343347.69561053
2021-09-19T01:00:02.002Z,-USD,0047390.68,0048825.62,0047339.78,7403.85677977,0047938.16,330462.31256856
2021-09-19T02:00:02.019Z,-USD,0047613.59,0048825.62,0047526.26,7407.81831036,0047866.74,330868.57238471
2021-09-19T03:00:02.664Z,-USD,0047658.54,0048825.62,0047606.04,7244.69545487,0048022.85,331083.79733117
2021-09-19T04:00:02.654Z,-USD,0047941.74,0048825.62,0047606.04,7026.49602442,00047850.2,331295.23646329
2021-09-19T05:00:02.407Z,-USD,0048339.17,0048825.62,0047606.04,6790.93781944,0047855.89,331503.28875916
2021-09-19T06:00:02.187Z,-USD,0048685.08,0048825.62,0047606.04,6411.6018939,0048039.82,331671.24375057
2021-09-19T07:00:02.005Z,-USD,0048595.61,0048825.62,0047606.04,6335.6762588,0048126.27,331912.16508966
2021-09-19T08:00:02.143Z,-USD,0048627.78,0048825.62,0047606.04,6335.62405297,00048179.2,332125.435592
2021-09-19T09:00:01.925Z,-USD,0048666.73,0048825.62,0047606.04,6339.68513265,0048277.55,332330.33285987
2021-09-19T10:00:01.868Z,-USD,0048625.73,0048710.11,0047606.04,6314.4185053,0048148.01,332499.38140203
2021-09-19T11:00:02.48Z,-USD,0048593.02,0048685.28,0047606.04,6252.48315266,0048070.22,332642.40296903
2021-09-19T12:00:02.523Z,-USD,0048374.14,0048685.28,00047149.0,6540.86349194,00047365.2,333147.72884362
2021-09-19T13:00:02.684Z,-USD,0048370.91,0048564.15,00047100.0,6619.12116949,00047272.1,333564.69180453
2021-09-19T14:00:02.607Z,-USD,0048455.13,0048564.15,00047100.0,6702.86460911,0047335.21,333887.20417792
2021-09-19T15:00:02.684Z,-USD,0048485.53,0048564.15,00047100.0,6840.68870885,00047608.8,334322.30277015
2021-09-19T16:00:02.634Z,-USD,00048433.2,0048532.59,00047100.0,6815.14284814,0047663.08,334598.34206782
2021-09-19T17:00:02.62Z,-USD,0048214.78,0048431.26,00047100.0,6738.9278875,0047557.28,334822.1845587
2021-09-19T18:00:01.7Z,-USD,0048347.22,0048431.26,00047100.0,6697.46042707,0047353.39,335089.80911811
2021-09-19T19:00:01.839Z,-USD,0048300.76,0048379.75,00047100.0,6679.1449847,0047645.24,335358.40424695
2021-09-19T20:00:01.841Z,-USD,0048272.44,0048379.75,00047100.0,6646.52704708,0047371.79,335597.79077622
2021-09-19T21:00:02.299Z,-USD,0047983.98,0048379.75,00047100.0,6522.36134595,0047606.39,335843.79498727
2021-09-19T22:00:02.24Z,-USD,0047881.46,0048379.75,00047100.0,6505.50741088,0047460.92,336067.68341677
2021-09-19T23:00:02.396Z,-USD,0048056.51,0048379.75,0046850.87,6977.4675743,0047050.35,336854.32768488
2021-09-20T00:00:01.696Z,-USD,0048309.86,0048379.19,0046850.87,7085.5958832,0047241.42,337253.22726028
2021-09-20T01:00:01.876Z,-USD,0047941.36,0048346.73,00046800.0,7260.60715582,0046998.01,328150.1143192
2021-09-20T02:00:02.151Z,-USD,0047890.75,0048346.73,00046800.0,7092.23836891,0047244.08,328386.53235675
2021-09-20T03:00:02.274Z,-USD,0048020.98,0048346.73,00045802.0,8023.08035193,0045995.36,329532.33040338
2021-09-20T04:00:02.153Z,-USD,0047854.63,0048346.73,00045163.5,9196.91494939,0045586.56,330917.56194911
2021-09-20T05:00:01.965Z,-USD,0047863.25,0048346.73,00045163.5,9914.47537116,00045665.3,331844.32036276
2021-09-20T06:00:01.919Z,-USD,00048026.2,0048346.73,00045163.5,10110.99994282,0045759.35,332209.82962706
2021-09-20T07:00:02.042Z,-USD,0048144.54,0048346.73,00045163.5,10357.62213006,0045640.26,332698.09127914
2021-09-20T08:00:02.121Z,-USD,0048171.79,0048346.73,0044488.21,11401.8257086,0044783.19,333953.49453562
2021-09-20T09:00:01.892Z,-USD,0048276.46,0048346.73,0044488.21,11842.39361335,0045067.78,334598.9915907
2021-09-20T10:00:01.701Z,-USD,0048128.52,0048188.67,0044488.21,12250.98491862,0044815.82,335178.59754125
2021-09-20T11:00:02.361Z,-USD,0048074.36,0048083.07,00044303.0,13034.57809695,0044565.74,336102.46215107
2021-09-20T12:00:02.361Z,-USD,0047342.63,0047790.91,00043250.0,14635.63131189,0043752.11,338209.57417751
2021-09-20T13:00:02.403Z,-USD,0047293.97,0047790.91,00042500.0,17114.54330331,0043502.34,341131.32246909
2021-09-20T14:00:02.73Z,-USD,0047339.17,0047790.91,00042500.0,19028.56188033,00044052.5,343341.02089552
2021-09-20T15:00:01.832Z,-USD,00047600.0,0047790.91,00042500.0,19966.29062722,0043805.76,344716.51915199
2021-09-20T16:00:02.357Z,-USD,0047662.43,0047790.91,00042500.0,21004.40218079,0043936.47,346030.56271213
2021-09-20T17:00:02.536Z,-USD,0047554.97,0047790.91,00042500.0,21786.39590054,0043843.34,347034.68178716
2021-09-20T18:00:02.544Z,-USD,00047376.1,0047790.91,00042500.0,22385.75733793,0044042.22,347902.09527974
2021-09-20T19:00:02.469Z,-USD,0047670.02,00047759.9,00042500.0,23862.01310291,0043368.83,349646.26717714
2021-09-20T20:00:02.434Z,-USD,0047384.35,0047674.58,00042500.0,25543.99449546,00043852.9,351568.03177545
2021-09-20T21:00:02.46Z,-USD,00047600.0,0047674.58,00042500.0,26137.32785949,00043530.8,352406.70400778
2021-09-20T22:00:02.44Z,-USD,0047466.01,0047620.31,00042500.0,26594.51137173,0043497.78,353087.50717567
2021-09-20T23:00:02.52Z,-USD,0047054.55,0047379.47,00042500.0,26715.03674837,0043328.62,353996.71605174
2021-09-21T00:00:02.956Z,-USD,0047253.71,0047358.92,00042500.0,27692.13011215,0042961.64,355371.27159995
2021-09-21T01:00:02.191Z,-USD,0046991.91,00047295.0,00040200.0,31260.47223044,0041646.49,353169.98519127
2021-09-21T02:00:01.777Z,-USD,0047227.02,0047269.73,00040200.0,32743.7283031,0042759.66,354887.07302813
2021-09-21T03:00:02.103Z,-USD,0045955.38,0046082.76,00040200.0,32512.56600344,0042934.65,355810.29220022
2021-09-21T04:00:02.34Z,-USD,0045540.15,0045832.51,00040200.0,31548.29867358,0042681.33,356225.7104835
2021-09-21T05:00:02.612Z,-USD,0045658.47,0045832.51,00040200.0,31174.00768927,0042426.12,356777.48976005
2021-09-21T06:00:02.518Z,-USD,0045730.01,0045797.98,00040200.0,31282.89990858,0042538.12,357250.66408074
2021-09-21T07:00:02.272Z,-USD,0045632.72,00045789.2,00040200.0,31224.67727942,0042852.25,357680.09030551
2021-09-21T08:00:02.419Z,-USD,0044800.72,00045277.4,00040200.0,30484.24490994,00043290.0,358198.24105396
2021-09-21T09:00:02.545Z,-USD,0045038.54,00045277.4,00040200.0,30218.67385046,0043279.48,358577.6753837
2021-09-21T10:00:02.395Z,-USD,0044825.47,00045277.4,00040200.0,29986.6862674,0043128.53,358924.30802265
2021-09-21T11:00:02.6Z,-USD,0044579.52,0044617.02,00040200.0,29563.86051098,0043448.89,359425.13961831
2021-09-21T12:00:02.507Z,-USD,0043713.08,0044250.35,00040200.0,27869.24254704,0043294.87,359837.99255556
2021-09-21T13:00:02.679Z,-USD,0043521.57,0044250.35,00040200.0,25579.92448119,0043161.01,360473.35097082
2021-09-21T14:00:01.857Z,-USD,0044061.29,0044250.35,00040200.0,24341.23788293,0043122.77,361447.97704744
2021-09-21T15:00:02.144Z,-USD,0043807.84,0044250.35,00040200.0,24109.87351323,0042424.99,362597.34314581
2021-09-21T16:00:02.617Z,-USD,0043840.27,0044250.35,00040200.0,23641.60579246,0043036.64,363439.02819353
2021-09-21T17:00:03.462Z,-USD,0043852.96,0044250.35,00040200.0,23582.10252175,0042443.69,364374.89294427
2021-09-21T18:00:01.824Z,-USD,0044051.88,0044120.32,00040200.0,24190.04970645,0041655.62,365851.12648374
2021-09-21T19:00:02.438Z,-USD,0043385.51,0043954.57,00040200.0,23854.3261447,0042214.58,367276.0801845
2021-09-21T20:00:02.298Z,-USD,0043848.44,0043954.57,00040200.0,22914.04687798,0042083.51,368241.35961282
2021-09-21T21:00:01.766Z,-USD,0043537.04,0043923.95,00040200.0,24066.21267148,0040908.94,370231.51299777
2021-09-21T22:00:02.225Z,-USD,0043499.99,0043923.95,00039600.0,26883.49159874,0041427.86,373730.69156713
2021-09-21T23:00:02.124Z,-USD,0043342.93,0043639.88,00039600.0,27261.60501112,0040467.59,375019.10792895
2021-09-22T00:00:02.323Z,-USD,0043007.69,0043639.88,00039600.0,27271.05497181,0040641.38,376413.47638739
2021-09-22T01:00:02.686Z,-USD,00041657.3,0043639.88,00039600.0,24331.51306101,0040986.61,366682.64040198
2021-09-22T02:00:01.838Z,-USD,0042756.88,0043639.88,00039600.0,24714.67862767,0042164.01,368786.10653362
2021-09-22T03:00:02.496Z,-USD,00042900.0,0043639.88,00039600.0,24677.54310155,0042064.72,369666.47165941
2021-09-22T04:00:01.855Z,-USD,0042677.99,0043639.88,00039600.0,24897.59532853,0042086.05,370299.68214937
2021-09-22T05:00:01.961Z,-USD,0042420.33,0043639.88,00039600.0,24773.47161959,0041890.41,370727.63806271
2021-09-22T06:00:02.356Z,-USD,0042560.29,0043639.88,00039600.0,24786.1768765,0041990.58,371213.12002669
2021-09-22T07:00:02.359Z,-USD,0042892.62,0043639.88,00039600.0,24895.52541785,0042293.77,371752.13761861
2021-09-22T08:00:02.458Z,-USD,00043294.5,0043639.88,00039600.0,24946.20807368,0042551.21,372323.61451722
2021-09-22T09:00:03.657Z,-USD,0043268.92,0043639.88,00039600.0,25040.88437391,0042297.56,372794.94043924
2021-09-22T10:00:01.805Z,-USD,0043151.43,0043639.88,00039600.0,25006.86506724,0042379.78,373108.09109001
2021-09-22T11:00:02.368Z,-USD,0043446.51,0043568.61,00039600.0,25216.76924663,0042155.62,373817.98957187
2021-09-22T12:00:02.378Z,-USD,00043287.8,0043562.23,00039600.0,25180.96153262,00041961.1,374197.14365913
2021-09-22T13:00:02.638Z,-USD,0043121.46,0043330.79,00039600.0,24957.54755791,0042191.16,374607.85705651
2021-09-22T14:00:01.835Z,-USD,0043142.36,0043301.29,00039600.0,24690.0848179,0042386.41,375317.00396386
2021-09-22T15:00:01.945Z,-USD,0042429.76,0043301.29,00039600.0,24326.56666057,0042341.45,376101.27750436
2021-09-22T16:00:02.268Z,-USD,00043073.1,00043300.0,00039600.0,24829.79724123,0043256.98,377447.80874541
2021-09-22T17:00:02.156Z,-USD,0042442.61,00043475.0,00039600.0,24918.58095186,00043370.0,378470.14254948
2021-09-22T18:00:02.557Z,-USD,0041688.11,00043475.0,00039600.0,24500.16291955,0043134.74,379536.43856718
2021-09-22T19:00:02.158Z,-USD,0042187.15,0044035.44,00039600.0,25830.38585281,0043186.96,382282.68746964
2021-09-22T20:00:02.676Z,-USD,00042023.3,0044035.44,00039600.0,25544.72984836,0043408.09,382985.55829045
2021-09-22T21:00:01.933Z,-USD,0040933.23,0044035.44,00039600.0,24003.48711481,0043481.96,383414.31154251
2021-09-22T22:00:02.514Z,-USD,00041376.9,0044035.44,0040220.87,20992.387462,0043264.59,383906.98879267
2021-09-22T23:00:02.005Z,-USD,00040517.5,0044035.44,0040220.87,20186.73505805,0043560.58,384389.30780784
2021-09-23T00:00:03.545Z,-USD,0040736.81,0044035.44,0040570.42,19460.22364515,0043570.22,385053.71486227
2021-09-23T01:00:02.49Z,-USD,0041032.48,0044035.44,0040742.59,19082.83905862,00043204.2,373698.86240391
2021-09-23T02:00:02.357Z,-USD,0042206.51,0044035.44,00041799.0,17439.53772789,0043628.22,374158.46853474
2021-09-23T03:00:02.712Z,-USD,0042034.62,0044035.44,00041799.0,16944.80212411,0043730.47,374543.54705438
2021-09-23T04:00:01.926Z,-USD,0042068.92,00044209.0,00041799.0,17047.33720517,0044098.48,375281.55852579
2021-09-23T05:00:02.221Z,-USD,0041900.64,0044315.78,00041799.0,17019.83350213,0044062.06,375680.52717402
2021-09-23T06:00:02.32Z,-USD,0042019.06,0044315.78,00041850.0,16892.21424917,0043914.02,376039.34836922
2021-09-23T07:00:03.134Z,-USD,0042341.83,0044411.11,00041850.0,16663.13760749,0044297.88,376347.45485393
2021-09-23T08:00:02.122Z,-USD,0042554.15,0044411.11,00041850.0,16544.45266452,0044274.51,376802.04275788
2021-09-23T09:00:02.3Z,-USD,0042296.75,0044411.11,00041850.0,16486.64314132,0043898.56,377213.33385008
2021-09-23T10:00:02.464Z,-USD,0042406.69,0044411.11,00041850.0,16525.91800481,0044050.01,377567.05852599
2021-09-23T11:00:05.825Z,-USD,0042162.92,0044411.11,00041850.0,16509.35869429,0043813.07,378259.50905429
2021-09-23T12:00:02.063Z,-USD,0041936.55,0044411.11,0041883.24,16499.54963753,0043605.78,378629.70590529
2021-09-23T13:00:02.551Z,-USD,0042191.41,0044411.11,0042081.49,16594.95854865,00043516.8,379134.93750433
2021-09-23T14:00:01.849Z,-USD,0042386.33,0044411.11,0042283.59,16523.57271704,0044070.96,379775.0766538
2021-09-23T15:00:02.469Z,-USD,0042337.22,0044411.11,0042337.22,16345.60438733,0044158.28,380382.08354088
2021-09-23T16:00:01.835Z,-USD,0043246.52,0044411.11,0042876.67,15647.32424119,0043786.21,381034.82626457
2021-09-23T17:00:02.388Z,-USD,0043354.64,0044411.11,0042876.67,15108.73982752,0043815.75,381513.96413402
2021-09-23T18:00:01.982Z,-USD,0043162.01,00044949.0,0042876.67,16047.83306632,0044796.42,383526.42769816
2021-09-23T19:00:01.805Z,-USD,0043172.35,00044949.0,0042876.67,14233.83583243,0044757.38,384451.8240722
2021-09-23T20:00:02.516Z,-USD,0043428.16,00044949.0,0043036.72,14020.22296344,0044799.29,384945.30546644
2021-09-23T21:00:02.25Z,-USD,0043446.89,00044949.0,0043036.72,14064.0605787,0044665.94,385412.22165738
2021-09-23T22:00:02.175Z,-USD,0043269.45,00044949.0,0043096.73,13825.48599188,0044698.98,385665.21718863
2021-09-23T23:00:01.951Z,-USD,0043539.75,00045000.0,0043096.73,13781.36899331,0044862.68,386103.10323994
2021-09-24T00:00:02.48Z,-USD,0043575.19,00045000.0,0043096.73,13446.54986934,0044895.68,386434.24150488
2021-09-24T01:00:02.228Z,-USD,0043213.16,00045000.0,0043096.73,13186.77539733,0044663.02,377597.48713776
2021-09-24T02:00:02.084Z,-USD,0043651.09,00045000.0,0043388.88,13144.71693249,0044471.84,378018.36906761
2021-09-24T03:00:01.973Z,-USD,0043728.51,00045000.0,0043388.88,14339.67476092,00044436.0,379594.62750293
2021-09-24T04:00:02.45Z,-USD,00044100.0,00045000.0,0043388.88,13972.55682085,0044311.96,379966.74272383
2021-09-24T05:00:02.206Z,-USD,0044064.71,00045000.0,0043388.88,13948.89760649,0044275.94,380341.38300679
2021-09-24T06:00:02.643Z,-USD,0043923.12,00045000.0,0043388.88,13924.77337606,0044226.19,380675.40513792
2021-09-24T07:00:02.623Z,-USD,0044326.57,00045000.0,0043388.88,13828.78604121,0044146.55,380892.82445454
2021-09-24T08:00:01.884Z,-USD,0044261.52,00045200.0,0043388.88,14398.00519399,0044917.12,381913.96598624
2021-09-24T09:00:02.126Z,-USD,0043889.77,00045200.0,0043388.88,14409.41925885,0044486.33,382333.59954277
2021-09-24T10:00:02.248Z,-USD,0044009.41,00045200.0,00042371.0,16286.56963278,0042382.14,384564.87973467
2021-09-24T11:00:02.663Z,-USD,0043792.83,00045200.0,0041957.03,17164.12140342,0042204.44,386135.7517732
2021-09-24T12:00:02.133Z,-USD,0043666.32,00045200.0,0040683.29,19801.74539642,0041592.68,389143.7250506
2021-09-24T13:00:02.817Z,-USD,0043527.18,00045200.0,0040683.29,20710.55436409,0041082.87,390556.72538066
2021-09-24T14:00:02.591Z,-USD,00044060.0,00045200.0,0040683.29,21934.56075085,0041872.53,392427.32406778
2021-09-24T15:00:02.124Z,-USD,0044164.38,00045200.0,0040683.29,22686.06986312,0042459.06,393779.96548968
2021-09-24T16:00:01.961Z,-USD,0043771.66,00045200.0,0040683.29,23202.75172307,0041996.29,394950.9446221
2021-09-24T17:00:02.316Z,-USD,0043815.75,00045200.0,0040683.29,23325.45249064,0042216.02,395550.31534466
2021-09-24T18:00:02.431Z,-USD,0044853.95,00045200.0,0040683.29,21882.83006951,0041942.92,396134.30647907
2021-09-24T19:00:02.41Z,-USD,0044769.48,00045200.0,0040683.29,21480.01956577,0042221.73,396647.22596376
2021-09-24T20:00:01.732Z,-USD,00044805.2,00045200.0,0040683.29,21745.62829889,00042411.1,397403.03378061
2021-09-24T21:00:02.101Z,-USD,0044715.03,00045200.0,0040683.29,22083.16190509,0042980.49,398213.70244264
2021-09-24T22:00:02.204Z,-USD,0044700.06,00045200.0,0040683.29,22340.6445885,0042940.89,398717.03095308
2021-09-24T23:00:01.997Z,-USD,0044819.92,00045200.0,0040683.29,22332.18057828,0043097.94,399150.77561153
2021-09-25T00:00:02.169Z,-USD,0044896.55,00045200.0,0040683.29,22451.22176901,0042850.55,399596.5563203
2021-09-25T01:00:02.578Z,-USD,0044678.77,00045200.0,0040683.29,22381.18066653,0042777.91,388328.82797092
2021-09-25T02:00:01.928Z,-USD,0044478.65,00045200.0,0040683.29,22475.10937487,0042453.89,388854.14361681
2021-09-25T03:00:01.987Z,-USD,00044458.7,00045200.0,0040683.29,21207.41005621,0042358.08,389156.96563498
2021-09-25T04:00:02.605Z,-USD,0044297.35,00045200.0,0040683.29,21021.67340684,0042640.73,389337.86830043
2021-09-25T05:00:02.68Z,-USD,0044286.25,00045200.0,0040683.29,20817.11125077,0042730.94,389507.63648568
2021-09-25T06:00:02.668Z,-USD,0044236.46,00045200.0,0040683.29,20790.01937079,0042502.58,389814.74998825
2021-09-25T07:00:01.846Z,-USD,0044139.24,00045200.0,0040683.29,20706.47059198,0042776.09,389949.57721989
2021-09-25T08:00:01.884Z,-USD,0044854.72,0045089.24,0040683.29,19879.98229695,0042371.17,390150.84918101
2021-09-25T09:00:02.034Z,-USD,0044537.37,0044544.77,0040683.29,20385.06416207,0042707.05,391079.19301333
2021-09-25T10:00:01.83Z,-USD,0042376.32,00043242.9,0040683.29,18494.30407862,0042676.85,391425.73010783
2021-09-25T11:00:02.586Z,-USD,0042162.75,00043242.9,0040683.29,17162.22002247,0042689.28,391653.23831437
2021-09-25T12:00:02.497Z,-USD,0041540.87,00043242.9,0040872.15,14598.58216103,0042502.94,392093.51055692
2021-09-25T13:00:02.182Z,-USD,0041198.88,00043242.9,0040872.15,13471.14279496,00042376.4,392385.50233736
2021-09-25T14:00:02.678Z,-USD,0041863.71,00043242.9,00041660.0,11916.66198221,0042574.53,392698.24960471
2021-09-25T15:00:02.678Z,-USD,0042487.21,00043242.9,00041660.0,10902.12973301,0042398.12,393033.82712365
2021-09-25T16:00:01.769Z,-USD,0041978.55,00043242.9,00041675.0,10082.25994987,0042696.41,393384.54394821
2021-09-25T17:00:02.512Z,-USD,0042219.95,00043242.9,00041675.0,9821.36223346,0042609.54,393721.14385013
2021-09-25T18:00:01.743Z,-USD,0042016.91,00043242.9,00041675.0,9450.81868095,0042638.96,393936.41509232
2021-09-25T19:00:01.831Z,-USD,0042190.81,00043242.9,00041675.0,9279.21605604,0042597.48,394281.47142873
2021-09-25T20:00:02.078Z,-USD,0042409.05,00043242.9,00041675.0,8729.25932591,0042692.79,394481.8848891
2021-09-25T21:00:02.047Z,-USD,0042975.69,00043242.9,00041675.0,8128.25237794,00042687.2,394692.088213
2021-09-25T22:00:01.967Z,-USD,0042957.06,00043130.0,00041675.0,7824.6311459,00042714.7,394891.92913796
2021-09-25T23:00:02.555Z,-USD,0043031.04,0043067.78,00041675.0,7628.42212321,00042742.3,395139.51208755
2021-09-26T00:00:01.749Z,-USD,0042848.44,0042998.76,00041675.0,7383.17222898,0042711.44,395328.74015636
2021-09-26T01:00:01.825Z,-USD,0042762.81,0042998.76,00041675.0,7318.02137529,0042470.39,386723.9629341
2021-09-26T02:00:02.1Z,-USD,0042425.59,0042998.76,00041675.0,7173.54191044,0042411.43,387106.70158919
2021-09-26T03:00:01.99Z,-USD,0042370.79,0042998.76,00041675.0,7430.59316394,00042092.2,387664.18742065
2021-09-26T04:00:02.515Z,-USD,0042639.99,0042998.76,00041675.0,7489.6806099,0042204.97,387903.72468438
2021-09-26T05:00:01.75Z,-USD,0042722.35,0042998.76,00041675.0,7541.12896972,0042239.26,388125.22314681
2021-09-26T06:00:02.535Z,-USD,00042475.8,0042998.76,00041675.0,7351.1229347,0042094.71,388242.75200938
2021-09-26T07:00:02.664Z,-USD,0042774.66,0042998.76,00041675.0,7464.63794116,0041994.28,388490.42312497
2021-09-26T08:00:02.631Z,-USD,0042395.13,0042998.76,00040803.0,8540.96231142,0041272.46,389768.42335839
2021-09-26T09:00:02.674Z,-USD,0042674.04,0042998.76,00040803.0,8146.3777644,0041632.77,390306.65492536
2021-09-26T10:00:01.845Z,-USD,00042680.3,0043767.74,00040803.0,9075.58074178,0043272.68,391577.57734692
2021-09-26T11:00:01.798Z,-USD,00042707.0,0043767.74,00040803.0,9368.9193929,0043072.28,392098.79108041
2021-09-26T12:00:02.079Z,-USD,0042507.09,0043767.74,00040803.0,9197.14373163,0043079.73,392367.08873362
2021-09-26T13:00:02.198Z,-USD,0042368.98,0043767.74,00040803.0,9407.15527525,0043269.38,392869.01327269
2021-09-26T14:00:02.218Z,-USD,0042525.01,0043767.74,00040803.0,9429.68966226,0043243.13,393205.49622975
2021-09-26T15:00:02.375Z,-USD,0042366.57,0043767.74,00040803.0,9412.44810033,00043332.3,393525.57443502
2021-09-26T16:00:02.518Z,-USD,0042691.78,0043767.74,00040803.0,9367.44428169,0043340.64,393828.40920915
2021-09-26T17:00:02.496Z,-USD,00042656.9,0043767.74,00040803.0,9309.86818047,0043272.76,394111.1936566
2021-09-26T18:00:01.767Z,-USD,0042620.09,0043767.74,00040803.0,9315.96820074,0043184.47,394328.86723407
2021-09-26T19:00:01.978Z,-USD,0042603.83,0043767.74,00040803.0,9141.67275581,0043244.71,394499.19149846
2021-09-26T20:00:02.12Z,-USD,0042692.87,0043767.74,00040803.0,9145.09268547,0043251.16,394703.22237005
2021-09-26T21:00:02.114Z,-USD,0042676.08,0043767.74,00040803.0,9292.38165944,0043597.58,395060.84785152
2021-09-26T22:00:02.208Z,-USD,0042710.02,0043767.74,00040803.0,9302.10846642,0043582.44,395270.21478257
2021-09-26T23:00:02.421Z,-USD,0042750.13,00043937.0,00040803.0,9616.96361261,0043035.74,395832.90530447
2021-09-27T00:00:02.585Z,-USD,0042705.51,00043937.0,00040803.0,9968.0569026,0043190.58,396372.82625604
2021-09-27T01:00:01.792Z,-USD,0042612.18,00043980.0,00040803.0,10244.30271252,0043936.29,392098.68271095
2021-09-27T02:00:01.815Z,-USD,0042411.42,0044315.42,00040803.0,10664.91311735,0044299.96,392876.56043078
2021-09-27T03:00:01.926Z,-USD,0042091.21,0044366.96,00040803.0,10629.58011805,0044179.98,393399.23692997
2021-09-27T04:00:02.541Z,-USD,0042238.85,0044366.96,00040803.0,10660.84884426,0044027.05,393669.19787278
2021-09-27T05:00:02.144Z,-USD,0042247.96,0044366.96,00040803.0,10661.03977878,0044041.44,393892.52413235
2021-09-27T06:00:02.117Z,-USD,0042090.92,0044366.96,00040803.0,10857.10090481,0044118.61,394204.21538363
2021-09-27T07:00:02.227Z,-USD,0041996.46,0044366.96,00040803.0,10997.75320429,0043783.31,394643.38548462
2021-09-27T08:00:02.214Z,-USD,0041267.86,0044366.96,0041076.72,10030.91155216,0043786.96,394906.44587148
2021-09-27T09:00:02.262Z,-USD,00041634.4,0044366.96,0041539.58,9647.65387358,0043819.23,395062.52112346
2021-09-27T10:00:02.303Z,-USD,0043275.39,0044366.96,0042686.29,8912.03568785,0043548.71,395595.46099481
2021-09-27T11:00:01.866Z,-USD,0043010.51,0044366.96,0042686.29,8654.10886576,0043772.08,395859.16048521
2021-09-27T12:00:01.882Z,-USD,0043080.66,0044366.96,0042686.29,8604.63858942,0043791.92,396076.33380824
2021-09-27T13:00:02.11Z,-USD,0043285.71,0044366.96,0042686.29,8557.82615736,0043613.79,396533.8551495
2021-09-27T14:00:02.199Z,-USD,0043239.95,0044366.96,0042686.29,8561.06263653,0043534.73,396871.87620511
2021-09-27T15:00:02.738Z,-USD,0043337.21,0044366.96,0042686.29,8894.4429867,0043165.12,397525.19128884
2021-09-27T16:00:02.049Z,-USD,0043366.42,0044366.96,0042686.29,9035.53421786,0043334.48,397970.09163592
2021-09-27T17:00:02.063Z,-USD,0043238.01,0044366.96,0042686.29,9327.88512369,0042999.46,398543.94935852
2021-09-27T18:00:02.964Z,-USD,0043162.56,0044366.96,0042686.29,9537.88690793,0043043.26,398971.91026928
2021-09-27T19:00:02.296Z,-USD,0043215.38,0044366.96,0042686.29,9666.78542902,0043028.82,399272.94395081
2021-09-27T20:00:02.256Z,-USD,0043261.04,0044366.96,0042686.29,9791.5238003,0043055.06,399600.68308233
2021-09-27T21:00:02.424Z,-USD,0043660.83,0044366.96,00042600.0,10046.85192997,0042701.81,400217.58427489
2021-09-27T22:00:02.669Z,-USD,00043582.7,0044366.96,00042600.0,10181.30246847,0043084.34,400555.89294855
2021-09-27T23:00:01.766Z,-USD,0042926.88,0044366.96,00042600.0,9978.22201843,0043170.74,400921.60808926
2021-09-28T00:00:02.209Z,-USD,0043172.17,0044366.96,00042111.0,10092.98061088,0042172.42,401573.69350326
2021-09-28T01:00:02.458Z,-USD,00043885.5,0044366.96,0041953.96,9885.7263994,0042334.08,395054.30719709
2021-09-28T02:00:01.85Z,-USD,0044303.43,0044366.96,0041953.96,9404.19072954,0042527.39,395354.56656704
2021-09-28T03:00:01.975Z,-USD,0044190.54,00044288.8,0041953.96,9178.59235649,0042472.16,395643.72812656
2021-09-28T04:00:02.216Z,-USD,00044058.9,00044288.8,0041953.96,9095.87211963,0042564.67,395831.70915664
2021-09-28T05:00:01.939Z,-USD,0044029.15,00044288.8,0041953.96,9087.98396489,0042699.26,396046.36967756
2021-09-28T06:00:02.042Z,-USD,00044097.0,00044288.8,0041953.96,9011.19721041,0042429.04,396282.69759583
2021-09-28T07:00:02.341Z,-USD,0043761.22,0044136.99,00041866.9,9080.20608168,0042233.72,396792.19883516
2021-09-28T08:00:02.528Z,-USD,0043712.06,0044136.99,0041670.01,9306.24683324,0041787.77,397281.58674484
2021-09-28T09:00:02.378Z,-USD,0043853.53,0044136.99,0041535.44,9660.29544554,0041838.99,397788.91701172
2021-09-28T10:00:02.386Z,-USD,0043578.67,0044077.21,0041535.44,9506.04022443,0041887.21,398170.00057591
2021-09-28T11:00:02.074Z,-USD,0043795.33,0044077.21,0041535.44,9652.67689202,00041810.2,398579.47022564
2021-09-28T12:00:02.338Z,-USD,0043767.66,0044077.21,0041535.44,9697.71012624,0042097.41,398840.60097339
2021-09-28T13:00:02.449Z,-USD,00043578.0,0044077.21,0041535.44,9591.09006562,0041789.75,399192.37225473
2021-09-28T14:00:02.665Z,-USD,00043518.0,0044077.21,0041535.44,10171.88551076,00042009.3,400115.88411415
2021-09-28T15:00:01.936Z,-USD,0043188.12,0043426.39,0041276.61,10629.48869152,00041550.6,401223.58213311
2021-09-28T16:00:02.569Z,-USD,0043312.99,0043426.39,0041276.61,10731.00314484,00041503.4,401772.17336645
2021-09-28T17:00:02.866Z,-USD,00043078.8,0043423.44,00041150.0,10642.21461806,0041258.87,402255.25110747
2021-09-28T18:00:02.31Z,-USD,0043061.06,0043423.44,0041114.31,10686.32094757,0041421.77,402726.85607588
2021-09-28T19:00:02.452Z,-USD,0043042.99,0043423.44,0041114.31,10816.98502455,0041583.96,403155.41671048
2021-09-28T20:00:02.524Z,-USD,0043040.83,0043423.44,0041114.31,10885.46042124,0041583.01,403553.78834512
2021-09-28T21:00:02.277Z,-USD,0042700.35,0043423.44,0041114.31,10768.94569052,0041810.65,404052.08737099
2021-09-28T22:00:01.703Z,-USD,00043089.2,0043423.44,0041114.31,10624.67603264,0041828.54,404245.62228157
2021-09-28T23:00:02.446Z,-USD,0043186.91,0043250.87,0041114.31,10508.65595802,0041615.23,404497.12453178
2021-09-29T00:00:02.799Z,-USD,0042166.31,00042780.0,00040897.7,10489.64527856,00041029.1,405130.03405894
2021-09-29T01:00:02.151Z,-USD,0042350.79,00042780.0,0040750.12,10779.57795111,0041547.31,393585.81232831
2021-09-29T02:00:01.875Z,-USD,0042485.67,00042780.0,0040750.12,10851.07491068,0041527.96,393970.83896203
2021-09-29T03:00:02.624Z,-USD,0042450.66,00042780.0,0040750.12,10929.09014047,0041764.63,394324.56450249
2021-09-29T04:00:02.225Z,-USD,0042570.17,00042780.0,0040750.12,11135.31469569,0042156.11,394718.15576825
2021-09-29T05:00:01.856Z,-USD,0042650.62,0042733.25,0040750.12,11364.81241118,0042254.25,395163.01417911
2021-09-29T06:00:02.48Z,-USD,0042440.72,0042569.18,0040750.12,11299.66076566,0042257.01,395336.02511619
2021-09-29T07:00:02.046Z,-USD,0042225.75,0042569.18,0040750.12,10947.60559606,0042419.58,395493.47436539
2021-09-29T08:00:02.639Z,-USD,0041784.59,0042569.18,0040750.12,10634.23895239,0042442.76,395668.98777785
2021-09-29T09:00:02.32Z,-USD,0041855.71,0042569.18,0040750.12,10385.05952592,0042384.06,395925.46086343
2021-09-29T10:00:02.706Z,-USD,0041898.92,0042569.18,0040750.12,10228.95825525,0042267.15,396151.46729424
2021-09-29T11:00:03.436Z,-USD,00041817.2,0042569.18,0040750.12,10233.96745277,0042464.49,396567.92120141
2021-09-29T12:00:02.427Z,-USD,0042103.31,0042569.18,0040750.12,10506.831962,0042403.41,397106.84912146
2021-09-29T13:00:02.041Z,-USD,0041827.24,0042638.99,0040750.12,10893.53689573,0042039.45,397846.87512034
2021-09-29T14:00:02.192Z,-USD,0042005.56,0042638.99,0040750.12,10598.34308825,0042139.74,398468.0627163
2021-09-29T15:00:02.089Z,-USD,00041546.0,0042638.99,0040750.12,9935.64864607,0042224.21,398911.11080963
2021-09-29T16:00:01.756Z,-USD,0041452.86,0042638.99,0040750.12,10043.88403596,0041687.99,399572.32507645
2021-09-29T17:00:02.569Z,-USD,0041264.86,0042638.99,0040750.12,10004.68733816,0041501.23,400012.87268342
2021-09-29T18:00:02.127Z,-USD,0041407.32,0042638.99,0040750.12,9981.09574664,0041223.99,400459.18961218
2021-09-29T19:00:01.734Z,-USD,0041586.08,0042638.99,0040750.12,10173.54962734,0041300.01,401081.01450696
2021-09-29T20:00:02.534Z,-USD,0041607.45,0042638.99,0040750.12,10207.93576888,0041175.99,401521.17808522
2021-09-29T21:00:02.245Z,-USD,0041779.18,0042638.99,0040750.12,10361.88923401,0041111.65,402179.22487209
2021-09-29T22:00:02.118Z,-USD,00041860.0,0042638.99,0040750.12,10551.58855538,0041232.76,402552.08754453
2021-09-29T23:00:02.473Z,-USD,0041579.33,0042638.99,0040750.12,10669.50847858,0041376.35,402919.20856228
2021-09-30T20:00:24.953Z,-USD,0041193.74,0044110.17,00040904.2,12793.08636133,0043561.82,401398.75501564
2021-09-30T21:00:01.877Z,-USD,0041121.66,0044110.17,0040963.31,12745.1316059,0043417.34,402009.67748712
2021-09-30T22:00:01.971Z,-USD,0041231.19,0044110.17,00041067.8,12700.18320736,0043746.64,402333.51498736
2021-09-30T23:00:01.898Z,-USD,0041360.97,0044110.17,0041294.41,12674.69399008,0043748.23,402676.75599972
2021-10-01T00:00:02.236Z,-USD,0041519.11,0044110.17,0041409.67,12827.85049793,0043781.32,403094.67731481
2021-10-01T01:00:02.43Z,-USD,0042324.44,0044110.17,0042242.38,12592.70416906,0043747.46,390510.27954512
2021-10-01T02:00:01.807Z,-USD,0042960.44,0044110.17,0042720.45,12088.40781374,0043724.48,390987.8807426
2021-10-01T03:00:02.143Z,-USD,0043400.75,0044110.17,0042720.45,11937.67482256,0043377.83,391422.71017169
2021-10-01T04:00:01.981Z,-USD,00043600.0,0044110.17,0042720.45,11622.02075888,0043637.92,391772.55523884
2021-10-01T05:00:01.806Z,-USD,0043510.18,0044110.17,0042720.45,11331.86357543,0043638.91,391977.53213474
2021-10-01T06:00:01.719Z,-USD,0043515.88,0044110.17,0042720.45,11353.63124885,0043851.82,392359.53958631
2021-10-01T07:00:02.628Z,-USD,0043376.79,0044110.17,0042720.45,11496.76281886,0043999.03,392727.4681732
2021-10-01T08:00:02.645Z,-USD,0043286.65,0044827.63,0042720.45,11969.63863331,0044806.02,393515.83724697
2021-10-01T09:00:02.609Z,-USD,0043059.89,0044999.99,0042720.45,11996.17810324,0044939.14,393941.73116841
2021-10-01T10:00:02.404Z,-USD,0043142.73,0044999.99,0042720.45,12105.0932545,0044904.83,394248.83398076
2021-10-01T11:00:02.164Z,-USD,0042810.95,0047777.77,0042767.35,14428.88868942,0047141.04,396900.22038637
2021-10-01T12:00:02.314Z,-USD,0043067.29,00048000.0,00042830.0,15827.99377761,0047482.27,398623.41865885
2021-10-01T13:00:02.328Z,-USD,0043424.18,00048000.0,00042830.0,16552.80711776,0047245.95,400064.69871648
2021-10-01T14:00:02.419Z,-USD,0043076.95,00048000.0,00042830.0,16853.48528556,0047021.04,400977.97582589
2021-10-01T15:00:02.422Z,-USD,0043111.12,00048000.0,00042830.0,17889.28106881,0047142.36,402473.79162522
2021-10-01T16:00:02.633Z,-USD,0043148.48,00048000.0,00042830.0,18210.70739603,0047336.35,403455.3419451
2021-10-01T17:00:01.817Z,-USD,0042941.25,00048000.0,0042928.42,18626.07521565,00047568.6,404478.76402788
2021-10-01T18:00:02.137Z,-USD,0043331.66,00048000.0,0043112.24,18572.98818415,0047630.16,405169.56781334
2021-10-01T19:00:02.528Z,-USD,0043989.99,00048000.0,0043112.24,18506.47679052,0047723.99,406213.62816686
2021-10-01T20:00:02.642Z,-USD,0043534.56,00048200.0,0043112.24,18886.19609229,0047980.78,407275.60723184
2021-10-01T21:00:01.797Z,-USD,0043435.67,0048214.01,0043287.44,19107.32768266,0048113.22,408108.65397947
2021-10-01T22:00:01.864Z,-USD,0043749.36,00048500.0,0043287.44,19674.6124005,0048297.17,409003.44293459
2021-10-01T23:00:01.744Z,-USD,0043745.77,00048500.0,0043287.44,20137.99484971,00047996.1,409808.18844129
2021-10-02T00:00:02.671Z,-USD,0043828.89,00048500.0,0043287.44,20093.34661017,0048169.05,410185.31884237
2021-10-02T01:00:02.583Z,-USD,0043700.26,00048500.0,0043287.44,20290.34930281,0047760.75,396684.96109117
2021-10-02T02:00:01.75Z,-USD,0043744.99,00048500.0,0043287.44,20403.58760202,0047762.05,397276.89415735
2021-10-02T03:00:01.917Z,-USD,0043380.03,00048500.0,0043354.85,20361.70952642,00047749.9,397666.85098069
2021-10-02T04:00:02.267Z,-USD,0043642.36,00048500.0,0043464.05,20378.77814032,0047538.79,398034.57263984
2021-10-02T05:00:01.935Z,-USD,0043632.82,00048500.0,0043520.35,20440.01024568,00047599.7,398298.68147533
2021-10-02T06:00:02.018Z,-USD,00043863.1,00048500.0,00043700.0,20319.74310719,0047766.93,398560.84360087
2021-10-02T07:00:02.099Z,-USD,0043999.99,00048500.0,0043915.65,20100.18557218,0047825.98,398712.85616722
2021-10-02T08:00:01.754Z,-USD,0044805.05,00048500.0,0044739.71,19429.18233806,0047771.42,398825.09131752
2021-10-02T09:00:02.683Z,-USD,00044958.5,00048500.0,0044795.61,19102.75305603,0047713.51,398944.91158692
2021-10-02T10:00:02.272Z,-USD,0044916.56,00048500.0,0044851.99,18978.48025421,0047730.02,399108.6089744
2021-10-02T11:00:02.409Z,-USD,00047092.0,00048500.0,0046754.49,16440.0706988,0047645.63,399264.72504712
2021-10-02T12:00:02.429Z,-USD,0047514.07,00048500.0,0046754.49,14907.49184309,0047695.59,399436.16790339
2021-10-02T13:00:02.295Z,-USD,0047230.68,00048500.0,0046754.49,13680.28028129,0047751.77,399633.71527476
2021-10-02T14:00:02.394Z,-USD,0046992.37,00048500.0,0046754.49,13199.3285068,0047768.62,400101.31614068
2021-10-02T15:00:02.37Z,-USD,0047154.48,00048500.0,0047062.95,12098.26145755,0048025.96,400467.26750271
2021-10-02T16:00:02.284Z,-USD,0047378.17,00048500.0,0047258.81,11412.62958999,0047868.95,400759.35455058
2021-10-02T17:00:01.853Z,-USD,0047597.46,00048500.0,0047437.53,10770.71917051,0048005.95,401157.60901007
2021-10-02T18:00:01.996Z,-USD,0047646.38,00048500.0,00047451.0,10451.26412589,0047900.29,401512.64246653
2021-10-02T19:00:03.21Z,-USD,0047745.52,00048500.0,00047451.0,9767.19405096,0047908.86,401890.67620382
2021-10-02T20:00:02.449Z,-USD,0048071.09,00048500.0,00047451.0,9103.46447675,0048237.09,402270.45264368
2021-10-02T21:00:02.484Z,-USD,0048140.12,00048500.0,00047451.0,8507.03678213,0048031.54,402509.78547605
2021-10-02T22:00:02.619Z,-USD,0048379.96,00048490.0,00047451.0,7786.75775592,0048185.75,402677.4195358
2021-10-02T23:00:02.232Z,-USD,0048027.07,0048359.33,00047451.0,7223.00480229,00048120.7,402914.67082647
2021-10-03T00:00:02.159Z,-USD,0048165.76,0048359.33,00047451.0,7257.11271557,0047714.62,403324.03386275
2021-10-03T01:00:02.643Z,-USD,0047836.09,0048359.33,0047120.11,7327.48013801,00047336.9,389454.79453031
2021-10-03T02:00:02.455Z,-USD,0047751.13,0048359.33,0047120.11,7072.30077232,0047557.67,389781.50645121
2021-10-03T03:00:02.212Z,-USD,0047731.93,0048359.33,0047120.11,6917.0909936,0047647.11,390011.02111523
2021-10-03T04:00:02.056Z,-USD,0047535.55,0048359.33,0047120.11,6754.59685036,0047899.13,390217.56672841
2021-10-03T05:00:02.271Z,-USD,0047601.82,0048359.33,0047120.11,6667.69895479,0047913.35,390394.90516545
2021-10-03T06:00:01.704Z,-USD,0047773.95,0048359.33,0047120.11,6719.63513788,0048002.87,390705.24489504
2021-10-03T07:00:02.137Z,-USD,0047827.36,0048359.33,0047120.11,6722.95629815,0047993.16,390861.6835055
2021-10-03T08:00:01.747Z,-USD,0047751.36,0048359.33,0047120.11,6746.83228536,0047913.56,390995.91952791
2021-10-03T09:00:02.23Z,-USD,00047741.2,0048359.33,0047120.11,6749.28777208,0047874.04,391120.50642291
2021-10-03T10:00:01.83Z,-USD,0047733.04,0048359.33,0047120.11,6759.38751515,0047799.52,391291.70316178
2021-10-03T11:00:02.311Z,-USD,0047638.26,0048359.33,0047120.11,6725.11933652,0047817.52,391417.15116242
2021-10-03T12:00:02.605Z,-USD,0047718.28,0048359.33,0047120.11,6709.90520499,0048028.68,391570.78226559
2021-10-03T13:00:02.294Z,-USD,0047756.08,0048359.33,0047120.11,6667.49943128,0048027.74,391728.25399567
2021-10-03T14:00:02.107Z,-USD,00047853.6,00048300.0,0047120.11,6466.29912108,00048088.8,391995.69619654
2021-10-03T15:00:01.771Z,-USD,0048051.95,00048300.0,0047120.11,6278.16664193,00047969.0,392172.5308725
2021-10-03T16:00:02.635Z,-USD,0047861.13,00048300.0,0047120.11,6226.6319435,0047890.81,392412.7256428
2021-10-03T17:00:02.595Z,-USD,0048030.01,00048300.0,0047120.11,6101.26652992,00048065.0,392689.31973082
2021-10-03T18:00:02.164Z,-USD,0047909.12,00049300.0,0047120.11,6741.62323618,0048907.04,393679.28068892
2021-10-03T19:00:02.339Z,-USD,0047897.36,00049300.0,0047120.11,7049.8706187,0048873.03,394372.68873065
2021-10-03T20:00:02.394Z,-USD,0048263.87,00049300.0,0047120.11,7105.14774716,0048839.22,394800.88473673
2021-10-03T21:00:02.153Z,-USD,0048022.01,00049300.0,0047120.11,7233.2222362,0048562.69,395167.27473804
2021-10-03T22:00:02.068Z,-USD,0048149.93,00049300.0,0047120.11,7817.69459487,0047801.86,395926.67164158
2021-10-03T23:00:01.757Z,-USD,0048075.67,00049300.0,0047120.11,8072.39490442,00048000.0,396412.31747462
2021-10-04T00:00:01.766Z,-USD,0047663.74,00049300.0,0047120.11,7988.33330146,0048220.45,396740.66265128
2021-10-04T01:00:01.911Z,-USD,0047299.74,00049300.0,00047250.0,7777.16832339,0047955.12,389644.14538055
2021-10-04T02:00:02.161Z,-USD,0047550.76,00049300.0,0047519.39,7808.57726865,0047834.34,390001.56933363
2021-10-04T03:00:02.437Z,-USD,00047650.0,00049300.0,0047568.25,8125.91339716,0047646.63,390542.33663466
2021-10-04T04:00:02.577Z,-USD,0047928.93,00049300.0,00047374.0,8437.5212269,0047525.21,391061.25588294
2021-10-04T05:00:02.206Z,-USD,00047915.2,00049300.0,00047262.8,8649.32226964,0047765.57,391451.41053293
2021-10-04T06:00:02.478Z,-USD,0048010.51,00049300.0,00047262.8,8523.39032113,0047789.34,391635.94238488
2021-10-04T07:00:02.295Z,-USD,0047997.62,00049300.0,00047262.8,8601.50152695,00047768.5,391868.22740048
2021-10-04T08:00:02.455Z,-USD,0047917.66,00049300.0,00047262.8,8658.99710045,0047787.37,392060.59234292
2021-10-04T09:00:02.365Z,-USD,0047852.15,00049300.0,00047262.8,8793.61994616,0047607.43,392319.7755996
2021-10-04T10:00:02.176Z,-USD,00047850.0,00049300.0,00047262.8,8763.83261466,0047737.09,392462.12569789
2021-10-04T11:00:02.405Z,-USD,0047835.58,00049300.0,00047262.8,8781.40440434,0047670.57,392604.32706575
2021-10-04T12:00:02.181Z,-USD,0048006.13,00049300.0,00047262.8,8879.31338719,0047606.65,392855.28479257
2021-10-04T13:00:03.229Z,-USD,0047993.72,00049300.0,00047262.8,8980.18184336,0047733.02,393117.32107665
2021-10-04T14:00:02.249Z,-USD,0048081.48,00049300.0,00047262.8,9121.55527274,0047960.33,393529.3547525
2021-10-04T15:00:02.514Z,-USD,0047985.75,00049300.0,00047262.8,10012.14421636,0047356.51,394594.37866542
2021-10-04T16:00:01.811Z,-USD,0047907.59,00049300.0,00046916.7,10750.7004783,0047680.86,395570.35659068
2021-10-04T17:00:01.975Z,-USD,0048073.06,00049300.0,00046916.7,11760.67800361,0048636.53,396868.90282774
2021-10-04T18:00:02.628Z,-USD,0048931.54,0049474.21,00046916.7,11944.23413177,00049300.0,398036.40880288
2021-10-04T19:00:02.19Z,-USD,00048860.5,00049505.0,00046916.7,12458.78420155,0049327.31,399239.29575513
2021-10-04T20:00:02.612Z,-USD,0048811.77,00049505.0,00046916.7,13166.14946781,0049337.29,400376.1789061
2021-10-04T21:00:02.314Z,-USD,0048463.63,00049505.0,00046916.7,13793.72558267,00049001.0,401395.87320727
2021-10-04T22:00:02.616Z,-USD,0047787.65,00049505.0,00046916.7,13670.66833141,0048906.71,402006.81005501
2021-10-04T23:00:01.945Z,-USD,0048015.01,00049505.0,00046916.7,13640.34056108,0048930.88,402463.72836247
2021-10-05T00:00:01.829Z,-USD,0048233.99,00049505.0,00046916.7,13926.19333309,0049214.18,403072.29377684
2021-10-05T01:00:01.97Z,-USD,0047892.55,00049786.0,00046916.7,14276.57481366,00049563.0,396181.58109707
2021-10-05T02:00:02.235Z,-USD,0047845.58,00049786.0,00046916.7,14340.54179731,0049284.34,396604.29269896
2021-10-05T03:00:02.364Z,-USD,0047711.03,00049786.0,00046916.7,14102.85262853,0049346.61,396916.40661067
2021-10-05T04:00:02.384Z,-USD,0047490.43,00049786.0,00046916.7,13854.00317164,0049281.93,397174.93073966
2021-10-05T05:00:01.837Z,-USD,0047777.02,00049786.0,00046916.7,13684.90823219,0049150.95,397395.38219714
2021-10-05T06:00:01.692Z,-USD,0047793.01,00049786.0,00046916.7,13741.27588542,0049361.96,397634.33548954
2021-10-05T07:00:02.624Z,-USD,0047728.18,00049786.0,00046916.7,13732.00201453,0049342.53,397859.38026012
2021-10-05T08:00:02.359Z,-USD,00047853.6,00049786.0,00046916.7,13786.4446209,0049523.58,398107.77179507
2021-10-05T09:00:02.454Z,-USD,0047671.69,00049950.0,00046916.7,14000.35503317,0049927.04,398606.39948554
2021-10-05T10:00:02.347Z,-USD,0047751.28,00050300.0,00046916.7,15106.31273004,0050283.06,399824.83851612
2021-10-05T11:00:02.138Z,-USD,0047650.52,0050380.38,00046916.7,15438.75405934,00049994.2,400300.80797672
2021-10-05T12:00:02.334Z,-USD,00047603.2,0050380.38,00046916.7,15650.96347772,0049908.04,400763.95813672
2021-10-05T13:00:02.277Z,-USD,0047735.57,0050380.38,00046916.7,15928.04420969,0050001.03,401307.19614191
2021-10-05T14:00:02.345Z,-USD,0048130.59,0050380.38,00046916.7,16236.42364414,0050214.28,402044.43547692
2021-10-05T15:00:02.507Z,-USD,0047451.32,0050380.38,00046916.7,16483.58336001,0049887.53,403362.77354676
2021-10-05T16:00:02.682Z,-USD,0047780.53,0050380.38,00047721.3,16645.98141694,0049810.23,404495.56496597
2021-10-05T17:00:02.625Z,-USD,00048599.3,0050380.38,00048223.0,16154.35450161,0050114.96,405295.38631527
2021-10-05T18:00:02.044Z,-USD,0049306.51,0050380.38,0048554.03,15719.73988984,0050182.93,406023.15872797
2021-10-05T19:00:02.356Z,-USD,00049324.0,0050790.21,0048554.03,15813.27617421,00050658.0,407322.78928248
2021-10-05T20:00:02.651Z,-USD,00049399.9,0051406.19,0048554.03,16138.78918037,0051273.61,408788.54594452
2021-10-05T21:00:01.92Z,-USD,0048997.68,00051800.0,0048554.03,16745.36084867,0051394.79,410417.86370205
2021-10-05T22:00:02.228Z,-USD,00048933.5,0051906.23,0048704.01,17274.50904067,00051780.0,411544.63797423
2021-10-05T23:00:02.554Z,-USD,0048930.89,0051906.23,0048909.11,17848.16821585,0051367.19,412571.89241673
2021-10-06T00:00:02.48Z,-USD,0049244.13,0051906.23,0049057.18,17822.13075934,00051513.3,413162.93830972
2021-10-06T01:00:03.848Z,-USD,00049543.0,0051906.23,00049079.0,17556.1935058,0051323.75,404171.08481246
2021-10-06T02:00:02.558Z,-USD,0049263.37,0051906.23,00049079.0,17995.18727546,0051304.65,405036.09718072
2021-10-06T03:00:02.558Z,-USD,0049341.42,0051906.23,00049110.0,18259.15579555,0051592.12,405609.17323939
2021-10-06T04:00:02.525Z,-USD,0049320.15,0051906.23,00049110.0,18489.36885971,00051567.7,406094.50619747
2021-10-06T05:00:02.242Z,-USD,0049179.48,0051906.23,0049154.75,18835.87838062,0051342.56,406661.09656169
2021-10-06T06:00:02.1Z,-USD,0049337.61,0051906.23,0049266.54,19221.24263677,0051527.37,407288.28321814
2021-10-06T07:00:01.857Z,-USD,0049317.03,0051906.23,00049270.0,19249.93544435,0051584.11,407544.26150505
2021-10-06T08:00:01.881Z,-USD,0049494.22,0051906.23,0049403.13,19536.86368202,0051460.93,408074.6147317
2021-10-06T09:00:01.785Z,-USD,0049931.89,0051906.23,0049604.46,20242.94990371,0050720.28,409304.04679888
2021-10-06T10:00:01.918Z,-USD,0050278.56,0051906.23,0049604.46,19567.57569569,0050718.67,409830.9302562
2021-10-06T11:00:02.583Z,-USD,0050014.81,0051906.23,0049604.46,19785.60342452,0051220.03,410520.91695986
2021-10-06T12:00:02.527Z,-USD,0049906.08,0051906.23,0049604.46,19836.60604477,0051373.52,411042.63813001
2021-10-06T13:00:02.795Z,-USD,0050019.99,0052831.83,0049604.46,21128.43032825,0052823.24,412873.08859182
2021-10-06T14:00:02.037Z,-USD,0050225.02,00055300.0,0049604.46,25023.65803452,0054009.66,417526.66408134
2021-10-06T15:00:01.789Z,-USD,00049860.0,00055300.0,0049673.91,25879.6684353,0054519.21,419689.79687293
2021-10-06T16:00:02.198Z,-USD,0049811.45,00055300.0,0049673.91,26679.87080758,0055062.62,421616.42624406
2021-10-06T17:00:02.432Z,-USD,0050132.67,00055300.0,0049980.45,27093.48626637,0054861.82,422822.41624764
2021-10-06T18:00:02.61Z,-USD,0050163.74,00055300.0,00050159.8,27155.49993151,0054581.58,423624.00620621
2021-10-06T19:00:02.044Z,-USD,0050642.68,00055300.0,0050416.01,26824.06204387,0054568.97,424585.70266325
2021-10-06T20:00:02.302Z,-USD,0051210.36,00055300.0,0050416.01,26127.95012438,0055070.98,425381.68554623
2021-10-06T21:00:02.267Z,-USD,00051479.7,0055410.65,0050416.01,25472.62951815,0054849.71,426453.79309826
2021-10-06T22:00:02.387Z,-USD,00051755.6,0055410.65,0050416.01,25519.78571915,00055093.3,427501.29464205
2021-10-06T23:00:02.252Z,-USD,00051381.1,0055410.65,0050416.01,25129.32095211,0055165.12,428135.341032
2021-10-07T00:00:02.344Z,-USD,0051499.77,0055757.11,0050416.01,25859.71962117,0055359.05,429457.36972677
2021-10-07T01:00:02.619Z,-USD,0051354.75,0055757.11,0050416.01,26645.88681013,0054850.82,401797.62285226
2021-10-07T02:00:01.765Z,-USD,0051318.93,0055757.11,0050416.01,26689.58685435,00054804.0,402711.82112234
2021-10-07T03:00:01.924Z,-USD,0051582.52,0055757.11,0050416.01,26831.99898243,0055061.38,403425.12350406
2021-10-07T04:00:01.977Z,-USD,0051550.01,0055757.11,0050416.01,26957.44157273,00054855.1,404035.14093578
2021-10-07T05:00:01.982Z,-USD,0051338.28,0055757.11,0050416.01,26746.2566366,0055079.14,404387.94483951
2021-10-07T06:00:02.06Z,-USD,0051546.41,0055757.11,0050416.01,26488.60999331,0054693.06,404758.20058912
2021-10-07T07:00:02.06Z,-USD,0051546.35,0055757.11,0050416.01,26562.60831714,0054543.39,405093.53295331
2021-10-07T08:00:01.954Z,-USD,0051484.33,0055757.11,0050416.01,26503.361129,0054776.53,405557.77487194
2021-10-07T09:00:02.462Z,-USD,00050720.0,0055757.11,0050416.01,25563.3364197,0054592.21,405856.47862562
2021-10-07T10:00:01.882Z,-USD,0050721.83,0055757.11,0050648.93,25682.27929551,0054285.01,406497.70758269
2021-10-07T11:00:02.552Z,-USD,00051177.0,0055757.11,0051116.22,25528.53130529,0053942.29,407032.49556392
2021-10-07T12:00:02.381Z,-USD,0051337.76,0055757.11,00051293.1,25573.05201865,0054386.12,407610.67314054
2021-10-07T13:00:02.003Z,-USD,0052773.37,0055757.11,00052649.0,24512.32031529,0053950.28,408404.2370432
2021-10-07T14:00:02.354Z,-USD,0053990.63,0055757.11,0053669.48,20755.29187651,0054585.64,409296.05519166
2021-10-07T15:00:02.174Z,-USD,0054509.47,0055757.11,00053379.0,20303.05467968,00053800.0,411001.25825392
2021-10-07T16:00:02.337Z,-USD,0054999.25,0055757.11,00053379.0,19152.83387247,0053851.57,411798.99588056
2021-10-07T17:00:02.827Z,-USD,0054898.23,0055757.11,00053379.0,18846.60864667,0054166.61,412667.67942638
2021-10-07T18:00:02.286Z,-USD,0054603.88,0055757.11,00053379.0,18681.07966502,0054179.03,413295.94781046
2021-10-07T19:00:02.466Z,-USD,0054550.79,0055757.11,00053379.0,18209.4522392,0053925.66,413798.16133012
2021-10-07T20:00:02.612Z,-USD,0055083.96,0055757.11,00053379.0,17894.1914987,0053927.22,414284.23066978
2021-10-07T21:00:02.671Z,-USD,0054940.07,0055757.11,00053379.0,17363.22904316,0054199.88,414825.36146967
2021-10-07T22:00:02.414Z,-USD,0055101.91,0055757.11,00053379.0,16726.41258207,0054270.79,415213.33648445
2021-10-07T23:00:01.81Z,-USD,0055172.75,0055757.11,00053379.0,16712.33764041,00053930.4,415834.03813083
2021-10-08T00:00:02.056Z,-USD,0055346.95,0055356.85,00053379.0,15819.76775018,0053770.23,416264.25176476
2021-10-08T01:00:02.337Z,-USD,0054812.82,0055240.77,00053379.0,14763.19668811,0054150.01,396951.99738869
2021-10-08T02:00:02.461Z,-USD,0054801.31,0055240.77,00053379.0,14130.66836337,0054311.18,397239.50137338
2021-10-08T03:00:02.42Z,-USD,0055093.35,0055240.77,00053379.0,13734.91592508,0053870.01,397543.05517431
2021-10-08T04:00:02.64Z,-USD,0054824.26,0055240.77,00053379.0,13391.07640481,0053828.28,397805.86291952
2021-10-08T05:00:02.097Z,-USD,0055086.54,0055086.54,00053379.0,13223.90098589,0053879.33,397990.42534876
2021-10-08T06:00:02.779Z,-USD,0054756.59,0054977.48,00053379.0,13125.68688432,0054151.13,398263.96934134
2021-10-08T07:00:01.68Z,-USD,0054556.58,0054819.29,00053379.0,12976.7748972,0054158.94,398446.68397083
2021-10-08T08:00:02.649Z,-USD,0054785.83,00054980.0,00053379.0,13053.81232808,0054800.99,398991.03909818
2021-10-08T09:00:01.806Z,-USD,0054542.43,00056113.0,00053379.0,14051.58499861,0055810.12,400285.00602091
2021-10-08T10:00:02.664Z,-USD,0054340.11,00056113.0,00053379.0,14124.90224744,0055282.47,401010.81927794
2021-10-08T11:00:02.738Z,-USD,0053939.32,00056113.0,00053379.0,14022.58045179,0055546.67,401437.0942834
2021-10-08T12:00:01.729Z,-USD,00054331.5,00056113.0,00053379.0,13804.82177799,0055282.55,401800.79302238
2021-10-08T13:00:01.748Z,-USD,0054013.47,00056113.0,00053379.0,14077.39604366,0054809.33,402868.64593015
2021-10-08T14:00:01.788Z,-USD,0054590.35,00056113.0,00053379.0,14287.58141041,00054158.8,403973.65515854
2021-10-08T15:00:01.932Z,-USD,0053809.28,00056113.0,0053415.86,13201.13822977,0054640.19,404597.85218531
2021-10-08T16:00:01.733Z,-USD,0053929.46,00056113.0,0053415.86,13222.62382857,0054274.35,405404.87846523
2021-10-08T17:00:02.074Z,-USD,0054171.01,00056113.0,00053618.3,12901.37527725,0054285.09,405949.76022795
2021-10-08T18:00:02.349Z,-USD,0054189.56,00056113.0,00053618.3,12626.52703828,00054330.0,406313.84918384
2021-10-08T19:00:02.991Z,-USD,0053910.06,00056113.0,00053618.3,12641.32621188,0054498.23,406820.34775064
2021-10-08T20:00:02.668Z,-USD,0053981.18,00056113.0,00053618.3,12655.65338185,0054639.75,407325.90940073
2021-10-08T21:00:01.935Z,-USD,0054187.97,00056113.0,00053618.3,12716.18780461,0053956.97,407920.73111816
2021-10-08T22:00:02.123Z,-USD,00054298.4,00056113.0,00053618.3,12845.29640893,00054256.2,408440.26154556
2021-10-08T23:00:02.58Z,-USD,0053915.11,00056113.0,00053618.3,12485.8626904,0054108.47,408705.14930992
2021-10-09T00:00:01.744Z,-USD,0053805.46,00056113.0,0053634.41,12413.86026098,0053977.24,409054.62752072
2021-10-09T01:00:01.779Z,-USD,00054130.0,00056113.0,0053634.41,12468.7205236,0054246.24,395829.21376545
2021-10-09T02:00:01.757Z,-USD,0054318.75,00056113.0,0053634.41,12389.82044158,0054008.71,396038.47102076
2021-10-09T03:00:01.973Z,-USD,0053863.12,00056113.0,0053634.41,12283.0889409,0054163.25,396234.49110893
2021-10-09T04:00:02.461Z,-USD,0053829.05,00056113.0,0053634.41,12290.40910308,0054580.42,396510.61427093
2021-10-09T05:00:02.076Z,-USD,0053894.41,00056113.0,0053634.41,12297.49734365,0054668.89,396695.07793508
2021-10-09T06:00:02.058Z,-USD,0054190.65,00056113.0,00053675.0,12319.57551928,00054623.2,396994.53238274
2021-10-09T07:00:01.978Z,-USD,0054132.76,00056113.0,00053675.0,12533.20730612,0054890.65,397386.78647647
2021-10-09T08:00:01.965Z,-USD,0054830.61,00056113.0,00053675.0,12213.2178546,0054914.66,397620.20560732
2021-10-09T09:00:01.831Z,-USD,0055815.86,0055909.85,00053675.0,11217.46449166,0054737.05,397919.39887059
2021-10-09T10:00:01.974Z,-USD,0055253.31,0055610.67,00053675.0,10654.51113182,0054884.12,398074.76565803
2021-10-09T11:00:02.63Z,-USD,0055501.96,0055610.67,00053675.0,10395.6046177,0054853.55,398242.36484042
2021-10-09T12:00:02.557Z,-USD,0055264.97,0055348.27,00053675.0,10432.46517116,0054805.57,398645.40948511
2021-10-09T13:00:02.488Z,-USD,00054853.0,0055348.27,00053675.0,9628.63172429,0054979.99,398912.35820345
2021-10-09T14:00:02.565Z,-USD,00054189.3,00055500.0,00053675.0,8908.86222024,0055226.76,399300.98739821
2021-10-09T15:00:02.382Z,-USD,0054591.11,00055500.0,00053675.0,8619.10902375,0055165.81,399636.98354798
2021-10-09T16:00:01.741Z,-USD,00054358.7,00055500.0,00053675.0,8148.0428733,0054997.99,399996.83530436
2021-10-09T17:00:02.433Z,-USD,0054307.58,00055500.0,00053675.0,8093.74182846,0054825.04,400454.29977624
2021-10-09T18:00:01.824Z,-USD,0054311.37,00055500.0,00053675.0,8049.63826745,0054905.18,400778.13822642
2021-10-09T19:00:02.075Z,-USD,0054502.17,00055500.0,00053675.0,7886.05042752,0054888.65,401118.3488426
2021-10-09T20:00:01.879Z,-USD,0054701.26,00055500.0,00053675.0,7584.9045996,0054677.53,401329.06642335
2021-10-09T21:00:02.673Z,-USD,0054021.74,00055500.0,00053675.0,7411.36370939,00054665.4,401757.0734726
2021-10-09T22:00:02.583Z,-USD,00054171.3,00055500.0,00053675.0,7102.1005395,0054864.05,401952.09436355
2021-10-09T23:00:02.295Z,-USD,00054079.6,00055500.0,00053675.0,7024.85413229,0054895.22,402138.88744914
2021-10-10T00:00:02.547Z,-USD,0053965.18,00055500.0,00053675.0,7040.49602292,0054965.42,402503.51893923
2021-10-10T01:00:02.553Z,-USD,0054283.34,00055500.0,0053857.52,7118.67422618,0054987.52,388045.52304072
2021-10-10T02:00:02.552Z,-USD,0054022.28,00055500.0,0053857.52,7389.22332883,0054439.98,388525.59641514
2021-10-10T03:00:01.861Z,-USD,00054173.4,00055500.0,0054112.95,7550.21843852,0054655.14,388880.16957887
2021-10-10T04:00:01.882Z,-USD,0054579.71,00055500.0,0054112.95,7559.68036103,0055113.47,389166.84088689
2021-10-10T05:00:02.18Z,-USD,0054696.84,00055990.0,0054112.95,8096.87356622,0055754.79,389889.6784876
2021-10-10T06:00:02.301Z,-USD,00054608.3,0056074.52,0054112.95,8292.38262023,00055650.0,390383.24077958
2021-10-10T07:00:02.218Z,-USD,0054850.49,0056074.52,0054112.95,8141.8192423,0055612.69,390628.07695112
2021-10-10T08:00:02.251Z,-USD,0054931.46,0056074.52,0054112.95,8076.57734968,0055650.36,390799.65914941
2021-10-10T09:00:02.179Z,-USD,0054750.29,0056074.52,0054112.95,7983.23474393,0055578.63,391000.18054511
2021-10-10T10:00:02.269Z,-USD,0054922.24,0056074.52,0054112.95,8238.49026655,0054984.41,391411.94486599
2021-10-10T11:00:02.648Z,-USD,0054893.25,0056074.52,0054112.95,8210.99590233,0055052.98,391551.58969811
2021-10-10T12:00:07.664Z,-USD,0054810.33,0056074.52,0054112.95,7927.80438329,0055157.41,391671.36209338
2021-10-10T13:00:02.71Z,-USD,0054990.01,0056074.52,0054112.95,7852.66392933,0054920.32,391860.44523647
2021-10-10T14:00:01.793Z,-USD,0055243.27,0056074.52,0054112.95,7763.86833623,0055209.57,392165.5402225
2021-10-10T15:00:02.025Z,-USD,0055153.52,0056074.52,0054112.95,7751.63981523,0055203.12,392486.5180203
2021-10-10T16:00:02.139Z,-USD,0054993.97,0056074.52,0054112.95,7606.34607405,0055417.25,392703.26429382
2021-10-10T17:00:02.385Z,-USD,0054822.63,0056074.52,0054112.95,7474.23609311,0055477.32,393027.8126038
2021-10-10T18:00:02.252Z,-USD,0054930.76,0056074.52,0054112.95,7465.48819207,0055345.83,393341.41975193
2021-10-10T19:00:02.349Z,-USD,0054914.63,0056074.52,0054112.95,7386.319348,0055304.15,393605.34955428
2021-10-10T20:00:02.364Z,-USD,00054666.1,0056074.52,0054112.95,7449.40326651,00055520.9,393882.11080207
2021-10-10T21:00:02.48Z,-USD,0054680.59,0056545.24,0054112.95,8460.28306417,0055429.73,395313.97809717
2021-10-10T22:00:02.666Z,-USD,0054857.78,0056545.24,0054112.95,9107.81115662,0054876.95,396156.65181484
2021-10-10T23:00:02.191Z,-USD,00054910.8,0056545.24,0054112.95,9432.8920048,0054940.34,396668.34051175
2021-10-11T00:00:02.154Z,-USD,0054963.29,0056545.24,0054112.95,9358.20480217,0054716.52,397038.73488911
2021-10-11T01:00:02.527Z,-USD,0054925.01,0056545.24,0054112.95,9440.79182121,0055145.51,391283.69946001
2021-10-11T02:00:02.635Z,-USD,0054411.01,0056545.24,0054112.95,9524.24791934,0055385.86,391845.45611753
2021-10-11T03:00:02.558Z,-USD,0054644.87,0056545.24,0054381.93,9488.01617366,0055803.92,392171.10308405
2021-10-11T04:00:01.875Z,-USD,00055041.1,0056789.13,0054381.93,10227.93226606,0056535.96,393210.04757501
2021-10-11T05:00:02.204Z,-USD,0055881.41,0056789.13,0054381.93,10058.15567089,0056472.99,393751.77808844
2021-10-11T06:00:02.139Z,-USD,00055660.0,0056789.13,0054381.93,9863.85777453,0056530.01,394046.36965927
2021-10-11T07:00:02.069Z,-USD,0055622.76,0056789.13,0054381.93,9943.72449012,0056679.32,394365.46266771
2021-10-11T08:00:02.235Z,-USD,0055685.18,00057054.0,0054381.93,10253.2779086,0056815.66,394847.45664534
2021-10-11T09:00:02.208Z,-USD,0055584.96,00057054.0,0054381.93,10450.39548633,00056542.2,395244.32288861
2021-10-11T10:00:02.067Z,-USD,0054993.73,00057054.0,0054381.93,10196.38759404,0056518.62,395404.00081953
2021-10-11T11:00:02.16Z,-USD,0055029.56,00057054.0,0054381.93,10349.91846608,0056276.12,395696.99467727
2021-10-11T12:00:02.145Z,-USD,0055167.71,00057054.0,0054381.93,10693.67638897,0056451.77,396159.62257429
2021-10-11T13:00:02.285Z,-USD,00054962.2,00057054.0,0054381.93,10829.74718811,0056489.95,396484.50813993
2021-10-11T14:00:02.568Z,-USD,0055255.84,0057446.13,0054381.93,11585.91145956,0057248.28,397547.6821895
2021-10-11T15:00:01.913Z,-USD,00055150.0,00057690.0,0054381.93,12580.69175673,0057460.66,398862.73781618
2021-10-11T16:00:02.399Z,-USD,0055405.24,00057690.0,0054381.93,12979.09391851,0057486.02,399486.16443743
2021-10-11T17:00:02.792Z,-USD,0055489.43,00057776.0,0054381.93,13399.50842654,0057337.73,400227.12325587
2021-10-11T18:00:02.105Z,-USD,0055362.31,00057776.0,0054381.93,13669.91763464,0057416.29,400805.36203065
2021-10-11T19:00:02.186Z,-USD,0055337.69,00057776.0,0054381.93,13967.42810011,0057383.25,401372.62878501
2021-10-11T20:00:02.657Z,-USD,0055474.16,0057833.23,0054381.93,14377.72568918,0057522.13,402057.40278774
2021-10-11T21:00:01.781Z,-USD,0055441.99,0057833.23,0054381.93,13966.32807957,0057378.03,403074.09622074
2021-10-11T22:00:02.029Z,-USD,0054829.76,0057833.23,0054381.93,13616.9964859,0057138.37,403569.10980002
2021-10-11T23:00:02.517Z,-USD,0054930.62,0057833.23,0054381.93,13495.28882093,0057228.53,403961.45102477
2021-10-12T00:00:01.841Z,-USD,0054683.09,0057833.23,0054411.54,13407.00672769,0057474.05,404250.34468279
2021-10-12T01:00:02.656Z,-USD,0055165.09,0057833.23,0055090.55,13752.97824894,00056943.4,398539.67522395
2021-10-12T02:00:02.318Z,-USD,0055353.37,0057833.23,0055309.99,13715.82601667,0057070.63,399063.55212907
2021-10-12T03:00:01.942Z,-USD,00055838.8,0057833.23,00055680.8,13936.82085492,0056791.65,399617.05416759
2021-10-12T04:00:02.146Z,-USD,0056519.56,0057833.23,0055893.81,13422.99304328,0056677.31,400136.87002957
2021-10-12T05:00:02.04Z,-USD,0056478.35,0057833.23,0055893.81,13126.77028699,0057012.66,400381.25922505
2021-10-12T06:00:02.041Z,-USD,0056548.04,0057833.23,0055893.81,13222.84026569,0057511.76,400770.37168306
2021-10-12T07:00:02.005Z,-USD,0056700.04,0057833.23,0055893.81,13327.24270087,0057233.99,401193.2963515
2021-10-12T08:00:02.023Z,-USD,0056801.58,0057833.23,0055893.81,13107.24968562,0057404.05,401457.22073214
2021-10-12T09:00:01.857Z,-USD,0056567.85,0057833.23,0055893.81,12969.80663802,0057455.61,401716.02166629
2021-10-12T10:00:02.173Z,-USD,0056518.05,0057833.23,0055893.81,13243.6408677,0056896.13,402148.36888288
2021-10-12T11:00:02.102Z,-USD,0056215.86,0057833.23,0055893.81,13303.02109495,0057205.71,402515.60017918
2021-10-12T12:00:04.158Z,-USD,0056423.18,0057833.23,0056138.41,13081.69922997,00057270.0,402746.0104782
2021-10-12T13:00:02.162Z,-USD,0056489.34,0057833.23,00056425.5,13225.86349054,0056891.96,403211.75874806
2021-10-12T14:00:02.326Z,-USD,0057236.77,0057833.23,00056425.5,13121.72185102,00057000.2,404178.29300417
2021-10-12T15:00:02.526Z,-USD,00057465.0,0057833.23,0056132.08,12787.09728694,0056314.85,405153.73515996
2021-10-12T16:00:02.687Z,-USD,0057505.21,0057833.23,0056008.41,13145.70867781,0056301.02,406138.33956926
2021-10-12T17:00:02.293Z,-USD,0057286.52,0057833.23,00055800.0,13341.39891336,0055922.66,407073.93753438
2021-10-12T18:00:02.619Z,-USD,0057433.47,0057833.23,00055510.0,13873.05324376,0055888.43,408181.19301321
2021-10-12T19:00:01.827Z,-USD,00057350.9,0057833.23,00055510.0,13927.22825613,0055610.64,408808.43069518
2021-10-12T20:00:02.18Z,-USD,0057494.47,0057674.55,0055166.77,14068.52982114,0055315.94,409634.65525533
2021-10-12T21:00:02.512Z,-USD,0057344.05,0057674.55,0053873.78,14800.66369086,0055408.77,411377.44835256
2021-10-12T22:00:02.088Z,-USD,0057156.85,0057674.55,0053873.78,15084.23449728,0056034.29,412156.24625553
2021-10-12T23:00:02.493Z,-USD,0057177.88,0057674.55,0053873.78,15310.79154382,0056384.73,412776.24706299
2021-10-13T00:00:01.744Z,-USD,0057485.97,0057674.55,0053873.78,15441.55387234,0055992.99,413207.4544281
2021-10-13T01:00:02.208Z,-USD,0056938.95,0057674.55,0053873.78,15146.25229498,0056445.35,398678.87975168
2021-10-13T02:00:02.689Z,-USD,0057067.54,0057674.55,0053873.78,15081.87496613,0056270.17,399130.9058873
2021-10-13T03:00:01.885Z,-USD,0056788.65,0057674.55,0053873.78,14913.19983855,0056435.92,399526.84571913
2021-10-13T04:00:01.985Z,-USD,0056730.54,0057674.55,0053873.78,14661.55110171,0056296.67,399784.62789477
2021-10-13T05:00:02.285Z,-USD,0056991.21,0057674.55,0053873.78,14670.45994247,00056080.0,400037.3231766
2021-10-13T06:00:02.133Z,-USD,0057446.02,0057646.88,0053873.78,14924.10991895,0055203.23,400687.58611068
2021-10-13T07:00:02.124Z,-USD,00057227.6,0057627.06,0053873.78,15104.41818729,0055374.57,401284.2497103
2021-10-13T08:00:02.214Z,-USD,0057355.56,0057627.06,0053873.78,15384.70086237,0054678.82,401827.90636767
2021-10-13T09:00:02.105Z,-USD,0057470.38,00057514.3,0053873.78,15700.23582332,0054662.94,402404.64035813
2021-10-13T10:00:02.579Z,-USD,0056962.23,0057460.81,0053873.78,15797.54197274,00054885.8,402933.56897894
2021-10-13T11:00:02.093Z,-USD,0057188.93,0057460.81,0053873.78,16012.58155229,0054634.45,403515.81905645
2021-10-13T12:00:02.298Z,-USD,0057258.25,0057460.81,0053873.78,16423.95211284,0055158.14,404155.78676005
2021-10-13T13:00:01.833Z,-USD,0056895.73,0057460.81,0053873.78,16536.64914052,0055039.31,404737.1860185
2021-10-13T14:00:01.99Z,-USD,0056940.56,0057160.25,0053873.78,16314.61790942,0054870.17,405481.47324489
2021-10-13T15:00:02.007Z,-USD,00056400.0,00056629.5,0053873.78,16516.38186533,0055783.13,406673.38043167
2021-10-13T16:00:02.355Z,-USD,0056297.48,00056612.3,0053873.78,16453.81941814,0056152.46,407584.99582226
2021-10-13T17:00:01.918Z,-USD,0055883.92,00057127.0,0053873.78,16400.86567577,0057004.97,408468.33816289
2021-10-13T18:00:02.304Z,-USD,0055909.84,0057229.98,0053873.78,16010.42829412,0056878.71,409179.78843146
2021-10-13T19:00:02.617Z,-USD,0055552.11,0057229.98,0053873.78,15990.61895171,0056975.88,409802.67456695
2021-10-13T20:00:02.707Z,-USD,0055308.77,0057296.66,0053873.78,15761.51172962,0057295.64,410396.90773932
2021-10-13T21:00:02.185Z,-USD,0055356.57,00057489.0,0054236.09,14870.09218898,0057001.29,411235.79833685
2021-10-13T22:00:02.473Z,-USD,0056061.82,00057700.0,0054236.09,14898.23342976,0057525.21,412045.5202394
2021-10-13T23:00:01.978Z,-USD,0056394.41,0057771.33,0054236.09,14809.07490855,0057389.06,412576.79272465
2021-10-14T00:00:02.046Z,-USD,00056005.1,0057771.33,0054236.09,14688.92976541,0057385.15,412896.5363849
2021-10-14T01:00:05.243Z,-USD,0056473.13,0057771.33,0054236.09,14604.8123026,0057670.34,400642.77344293
2021-10-14T02:00:03.006Z,-USD,0056291.23,00058460.0,0054236.09,15414.89452757,0058280.04,401905.50890992
2021-10-14T03:00:02.7Z,-USD,0056427.22,0058520.71,0054236.09,15629.64345994,0058214.11,402515.7032545
2021-10-14T04:00:02.047Z,-USD,0056289.81,0058520.71,0054236.09,15601.62927316,0058073.05,402744.86682735
2021-10-14T05:00:02.507Z,-USD,00056084.6,0058520.71,0054236.09,15659.35258167,0057962.58,403055.67006257
2021-10-14T06:00:02.568Z,-USD,0055037.91,0058520.71,0054236.09,15159.92745658,0057999.31,403228.98079454
2021-10-14T07:00:02.595Z,-USD,00055360.3,0058520.71,0054236.09,14816.8952812,0057652.24,403462.28951532
2021-10-14T08:00:02.577Z,-USD,00054618.0,0058520.71,0054236.09,14472.59057999,0057414.71,403673.29087628
2021-10-14T09:00:02.551Z,-USD,0054611.13,0058520.71,0054236.09,14093.99720415,0057459.17,403862.98713505
2021-10-14T10:00:01.905Z,-USD,0054884.77,0058520.71,0054405.45,13871.11158556,0057475.25,404163.48352868
2021-10-14T11:00:02.068Z,-USD,0054660.29,0058520.71,00054499.0,13592.97210572,0057667.36,404467.21178677
2021-10-14T12:00:02.265Z,-USD,0055228.14,0058520.71,0054517.59,13418.06998101,00057616.1,404939.87222811
2021-10-14T13:00:02.14Z,-USD,0055040.54,0058520.71,0054517.59,13622.55658464,0057570.78,405721.58467726
2021-10-14T14:00:02.068Z,-USD,0054908.53,0058520.71,0054517.59,13535.68069102,0057399.27,406375.78146231
2021-10-14T15:00:02.441Z,-USD,0055785.64,0058520.71,0055785.64,13292.5090884,0057446.88,407325.52403101
2021-10-14T16:00:04.16Z,-USD,0056170.71,0058520.71,0056066.83,13343.54669749,0057329.65,408287.21296276
2021-10-14T17:00:02.106Z,-USD,0056937.73,0058520.71,0056627.72,13116.05076274,00057169.8,408969.18109906
2021-10-14T18:00:02.311Z,-USD,0056884.96,0058520.71,0056627.72,12848.59548775,0057207.29,409394.80967079
2021-10-14T19:00:02.462Z,-USD,0056969.95,0058520.71,0056627.72,13242.84761033,0058029.87,410406.66711777
2021-10-14T20:00:07.559Z,-USD,0057272.91,0058520.71,0056627.72,13486.55747801,0057799.96,411261.02026393
2021-10-14T21:00:10.523Z,-USD,0056980.76,0058520.71,0056832.32,13000.35225969,00057450.0,411595.07595626
2021-10-14T22:00:14.151Z,-USD,0057508.45,0058520.71,0056832.32,12401.1328905,0057751.77,411807.92262308
2021-10-14T23:00:12.339Z,-USD,0057383.35,0058520.71,0056832.32,12135.71819352,0057623.01,412072.23023872
2021-10-15T00:00:17.239Z,-USD,0057367.32,0058520.71,0056832.32,12195.92610429,0057349.79,412450.38175594
2021-10-15T01:00:12.464Z,-USD,0057724.67,0058520.71,0056832.32,12257.36351767,0057028.79,400785.16557779
2021-10-15T02:00:12.334Z,-USD,0058300.96,0058520.71,0056832.32,11496.91934306,0057245.13,401266.86402306
2021-10-15T03:00:11.185Z,-USD,0058218.79,0059346.97,0056832.32,13127.97121445,0059145.64,403505.7885675
2021-10-15T04:00:22.641Z,-USD,0058071.63,0059458.18,0056832.32,14232.67977768,0059443.05,404838.51783411
2021-10-15T05:00:10.149Z,-USD,0057990.79,0059737.47,0056832.32,15062.2222846,00059536.9,405981.36866084
2021-10-15T06:00:07.409Z,-USD,0057962.32,00059999.0,0056832.32,15832.65864425,00059511.1,406923.17306841
2021-10-15T07:00:03.474Z,-USD,0057684.83,00059999.0,0056832.32,15991.25420432,0059693.86,407314.91373837
2021-10-15T08:00:03.829Z,-USD,0057379.82,00059999.0,0056832.32,16320.77773024,0059264.34,407858.06064499
2021-10-15T09:00:02.657Z,-USD,0057464.11,00059999.0,0056832.32,16743.76133711,0058946.85,408469.03268925
2021-10-15T10:00:02.516Z,-USD,0057423.08,00059999.0,0056832.32,16859.31925848,0059345.23,408886.89081132
2021-10-15T11:00:04.493Z,-USD,0057672.23,00059999.0,0056832.32,17025.60589828,00059282.2,409357.93781395
2021-10-15T12:00:04.313Z,-USD,0057627.26,00059999.0,0056832.32,16990.87139835,0059486.08,409794.43194873
2021-10-15T13:00:03.096Z,-USD,0057569.41,00059999.0,0056832.32,17152.71790957,00059260.0,410739.35333115
2021-10-15T14:00:08.91Z,-USD,0057415.93,00060347.0,0056832.32,18271.63473989,0060153.06,412513.69732356
2021-10-15T15:00:10.762Z,-USD,0057384.74,00060347.0,0056832.32,18891.24340163,0060056.98,414082.84094262
2021-10-15T16:00:10.703Z,-USD,0057338.73,00060347.0,0056832.32,19320.7520953,0060006.85,415481.89416395
2021-10-15T17:00:09.903Z,-USD,0057114.35,0061563.51,0056832.32,21082.92767104,00061425.0,417915.87940689
2021-10-15T18:00:08.961Z,-USD,0057190.48,0061849.48,0056832.32,22572.39983113,00061820.0,419830.69831371
2021-10-15T19:00:02.023Z,-USD,0058055.89,00061863.0,0056842.71,22821.84757656,0061641.91,421094.12936175
2021-10-15T20:00:02.445Z,-USD,0057871.64,00061863.0,0056867.11,22882.26971994,0061422.13,422035.71704481
2021-10-15T21:00:02.621Z,-USD,0057435.12,00062910.0,0056867.11,24940.44500009,0062527.89,424397.96778293
2021-10-15T22:00:01.816Z,-USD,00057760.8,00062910.0,0056867.11,26131.3164258,0061104.74,425801.11505256
2021-10-15T23:00:02.561Z,-USD,0057606.55,00062910.0,0056867.11,26696.6650179,0061309.83,426630.81488486
2021-10-16T00:00:01.776Z,-USD,0057359.51,00062910.0,0056867.11,27095.74889936,00061700.0,427408.38706411
2021-10-16T01:00:10.841Z,-USD,00057067.4,00062910.0,0056867.11,27211.60166985,00061400.4,416265.13177211
2021-10-16T02:00:11.121Z,-USD,0057267.77,00062910.0,0057106.92,27207.62723974,0061390.23,416737.26785359
2021-10-16T03:00:11.374Z,-USD,0059111.15,00062910.0,0058758.01,25354.32150017,0061665.59,417148.63283731
2021-10-16T04:00:23.43Z,-USD,0059446.99,00062910.0,0058758.01,24329.00789449,0061591.36,417441.21408396
2021-10-16T05:00:09.936Z,-USD,00059610.1,00062910.0,0058758.01,23641.3589988,0061793.64,417889.61402418
2021-10-16T06:00:10.923Z,-USD,0059556.79,00062910.0,0058758.01,23080.9390026,0062148.85,418268.52565164
2021-10-16T07:00:08.629Z,-USD,00059644.2,00062910.0,0058758.01,23009.32051243,0061860.84,418592.30132711
2021-10-16T08:00:02.213Z,-USD,0059231.96,00062910.0,0058758.01,22692.00901718,0061735.79,418813.90383582
2021-10-16T09:00:02.128Z,-USD,0058955.64,00062910.0,0058758.01,22538.3931645,0061537.98,419274.08557026
2021-10-16T10:00:02.706Z,-USD,0059368.26,00062910.0,0058881.67,22397.73680065,0061396.01,419548.26236694
2021-10-16T11:00:03.731Z,-USD,0059299.29,00062910.0,0059204.33,22277.23131772,0061557.71,419898.35862369
2021-10-16T12:00:02.202Z,-USD,0059540.51,00062910.0,0059204.33,22096.3971438,0061735.24,420159.99799892
2021-10-16T13:00:11.501Z,-USD,00059276.6,00062910.0,0059230.77,22137.44711198,0060807.08,421139.64665441
2021-10-16T14:00:11.199Z,-USD,0059975.69,00062910.0,00059615.0,20883.56569889,0060970.29,421708.35719203
2021-10-16T15:00:17.788Z,-USD,0060071.77,00062910.0,0059688.73,19892.48310313,0060912.79,422250.72330599
2021-10-16T16:00:11.248Z,-USD,0060017.19,00062910.0,00060000.0,18936.41663216,00060920.0,422699.3229603
2021-10-16T17:00:10.684Z,-USD,0061433.67,00062910.0,0060476.49,16846.75480255,0060619.49,423088.58411456
2021-10-16T18:00:10.018Z,-USD,0061746.33,00062910.0,0060139.01,15753.87507278,00060544.6,423876.89285799
2021-10-16T19:00:11.792Z,-USD,0061648.25,00062910.0,0060139.01,14893.51938278,0061029.21,424256.15680418
2021-10-16T20:00:10.055Z,-USD,0061436.15,00062910.0,0060139.01,14301.83921277,0060843.75,424607.75654822
2021-10-16T21:00:02.455Z,-USD,0062529.65,0062557.53,0060139.01,12384.62762591,0061009.76,425053.73381883
2021-10-16T22:00:02.416Z,-USD,0061200.26,00062350.0,0060139.01,11298.10568922,0060695.12,425381.68516919
2021-10-16T23:00:02.255Z,-USD,0061303.58,00062350.0,0060139.01,10766.90952968,0060795.49,425661.13611044
2021-10-17T00:00:01.695Z,-USD,0061690.32,00062350.0,0060139.01,10159.08395185,0060855.67,425837.64009523
2021-10-17T01:00:11.042Z,-USD,0061442.93,00062350.0,0060139.01,9999.42469906,0060931.53,417180.69666527
2021-10-17T02:00:11.159Z,-USD,0061386.11,00062350.0,0060139.01,9831.89132823,0061080.87,417484.83010888
2021-10-17T03:00:11.036Z,-USD,0061612.11,00062350.0,0060139.01,9665.02967323,0061125.56,417728.56233983
2021-10-17T04:00:42.256Z,-USD,0061737.18,00062350.0,0060139.01,9279.20709241,0061144.04,418086.38143456
2021-10-17T05:00:08.356Z,-USD,0061737.18,00062350.0,0060139.01,9526.42002206,0060981.11,418333.59436421
2021-10-17T06:00:09.229Z,-USD,0062133.52,00062300.0,0060139.01,9384.99555276,0060667.86,418569.44557886
2021-10-17T07:00:09.424Z,-USD,0061857.21,0062057.82,0060139.01,9266.38977952,0060680.92,418771.51259488
2021-10-17T08:00:08.545Z,-USD,00061731.7,0062057.82,0060139.01,9242.14894638,0060408.08,418968.98876683
2021-10-17T09:00:09.307Z,-USD,0061540.91,0061755.39,0060139.01,8931.30432999,0060685.65,419117.0979212
2021-10-17T10:00:09.766Z,-USD,0061422.75,0061755.39,0060139.01,8913.27421682,0061215.27,419379.5996474
2021-10-17T11:00:10.085Z,-USD,0061538.61,0061755.39,0060139.01,8748.16185278,00061166.8,419562.07191873
2021-10-17T12:00:08.446Z,-USD,0061593.11,0061600.33,0060139.01,8633.54852061,00060977.4,419713.54310599
2021-10-17T13:00:11.507Z,-USD,0060701.62,0061447.35,0060139.01,7852.35911643,0060857.67,419912.23572413
2021-10-17T14:00:09.855Z,-USD,00061024.0,0061447.35,0060139.01,7647.03250009,00060978.9,420268.48999762
2021-10-17T15:00:09.417Z,-USD,0060887.36,0061447.35,0060139.01,7299.29605433,0060981.26,420466.6780416
2021-10-17T16:00:08.9Z,-USD,0060953.81,0061447.35,0060139.01,7200.81111699,0060785.23,420813.44768316
2021-10-17T17:00:02.403Z,-USD,0060651.65,0061447.35,0060139.01,7182.31280197,0060935.11,421185.54390284
2021-10-17T18:00:03.747Z,-USD,0060601.31,0061447.35,0060327.67,6631.85757422,0061034.61,421422.81180978
2021-10-17T19:00:01.935Z,-USD,00061064.4,0061447.35,0060327.67,6450.13785581,0060983.24,421620.53102474
2021-10-17T20:00:02.498Z,-USD,00060832.5,0061447.35,0060327.67,6524.06940868,0060531.63,422044.68076143
2021-10-17T21:00:02.149Z,-USD,0061017.49,0061447.35,0058943.83,7747.93115287,0059457.61,423724.3285852
2021-10-17T22:00:02.532Z,-USD,0060672.68,0061447.35,0058943.83,8221.2367874,0060657.07,424516.22224197
2021-10-17T23:00:01.82Z,-USD,0060796.23,0061447.35,0058943.83,8643.44177191,0061294.87,425217.62898564
2021-10-18T00:00:08.546Z,-USD,0060867.05,0061744.17,0058943.83,9147.66173661,0061522.47,425898.90651371
2021-10-18T01:00:02.724Z,-USD,0060928.17,00062469.9,0058943.83,9592.61660937,0062397.64,419282.90221995
2021-10-18T02:00:01.902Z,-USD,0061087.31,00062562.5,0058943.83,9976.86614298,0062223.83,419973.15906921
2021-10-18T03:00:01.983Z,-USD,0061101.88,00062562.5,0058943.83,10282.81816029,0062122.52,420524.65280145
2021-10-18T04:00:02.164Z,-USD,0061123.73,00062562.5,0058943.83,10329.60716634,0062103.16,420924.80029905
2021-10-18T05:00:01.742Z,-USD,0060922.08,00062562.5,0058943.83,10373.12758728,0062352.08,421219.89464595
2021-10-18T06:00:01.777Z,-USD,0060659.65,00062562.5,0058943.83,10401.77703365,0062368.75,421486.20546897
2021-10-18T07:00:01.706Z,-USD,0060671.16,00062562.5,0058943.83,10480.16038872,0062250.91,421760.99848317
2021-10-18T08:00:02.552Z,-USD,0060345.14,0062675.19,0058943.83,10752.16079955,0061889.52,422232.27250691
2021-10-18T09:00:02.451Z,-USD,0060679.83,0062675.19,0058943.83,11059.29440482,0061777.43,422687.01438973
2021-10-18T10:00:02.248Z,-USD,00061221.1,0062675.19,0058943.83,11434.4172586,0061192.03,423325.34816921
2021-10-18T11:00:02.559Z,-USD,0061132.54,0062675.19,0058943.83,11769.1078223,0061319.38,423841.34253877
2021-10-18T12:00:02.461Z,-USD,0060946.16,0062675.19,0058943.83,12244.32219625,0060865.65,424469.55919139
2021-10-18T13:00:02.581Z,-USD,00060860.3,0062675.19,0058943.83,13169.18908044,0060566.82,425591.03126683
2021-10-18T14:00:01.943Z,-USD,0061011.82,0062675.19,0058943.83,14850.65478219,0061943.55,427634.86486386
2021-10-18T15:00:02.116Z,-USD,00061024.2,0062675.19,0058943.83,16160.32159718,0062179.36,429144.11585127
2021-10-18T16:00:02.353Z,-USD,0060777.93,0062675.19,0058943.83,17216.02250049,0061983.67,430543.08493592
2021-10-18T17:00:01.827Z,-USD,0060971.45,0062675.19,0058943.83,18288.05766803,00061801.0,431987.50837847
2021-10-18T18:00:02.355Z,-USD,00061025.2,0062675.19,0058943.83,19398.4590083,0061800.24,433331.39462743
2021-10-18T19:00:02.229Z,-USD,0060977.01,0062675.19,0058943.83,19974.18931318,0061851.88,434105.20374311
2021-10-18T20:00:02.515Z,-USD,0060511.96,0062675.19,0058943.83,20912.29587968,0061438.69,435470.15423234
2021-10-18T21:00:01.852Z,-USD,0059400.01,0062675.19,0059294.54,20011.26712203,00061430.9,436249.71631559
2021-10-18T22:00:02.585Z,-USD,0060628.06,0062675.19,0059887.74,19709.07844344,0061807.65,436738.19870627
2021-10-18T23:00:01.997Z,-USD,0061276.09,0062675.19,0059887.74,19803.94183074,0062086.49,437538.57039246
2021-10-19T00:00:02.07Z,-USD,0061530.07,0062675.19,0059887.74,19793.20947557,0062084.77,438206.74249501
2021-10-19T01:00:02.499Z,-USD,0062452.75,0062675.19,0059887.74,19423.92932047,00061899.4,431634.89066166
2021-10-19T02:00:01.899Z,-USD,0062089.68,0062675.19,0059887.74,19151.38973412,00061790.3,432064.41626288
2021-10-19T03:00:02.276Z,-USD,0062109.02,0062675.19,0059887.74,18947.41647547,0061767.73,432387.21768036
2021-10-19T04:00:02.483Z,-USD,0062107.88,00062987.0,0059887.74,19520.16348869,00062714.3,433360.53369518
2021-10-19T05:00:01.823Z,-USD,0062350.03,00062987.0,0059887.74,19583.85475146,0062430.87,433720.66601318
2021-10-19T06:00:02.691Z,-USD,0062354.56,00062987.0,0059887.74,19536.29833438,0062474.05,433938.47197654
2021-10-19T07:00:01.891Z,-USD,0062237.44,00062987.0,0059887.74,19611.10736407,0062157.49,434286.5650703
2021-10-19T08:00:01.966Z,-USD,0061876.62,00062987.0,0059887.74,19288.77144108,0062306.35,434437.13283878
2021-10-19T09:00:02.439Z,-USD,0061791.17,00062987.0,0059887.74,19141.88503626,0062430.23,434745.18068606
2021-10-19T10:00:02.336Z,-USD,0061224.63,00062987.0,0059887.74,18765.35847736,0062147.43,435008.24233207
2021-10-19T11:00:02.348Z,-USD,0061292.69,00062987.0,0059887.74,18470.05444719,0062242.63,435227.02885837
2021-10-19T12:00:02.418Z,-USD,00060911.3,00062987.0,0059887.74,18064.74878799,0062139.08,435450.03864907
2021-10-19T13:00:02.461Z,-USD,0060619.17,00062987.0,0059887.74,17333.23049979,0062196.57,435857.48899802
2021-10-19T14:00:02.569Z,-USD,0061856.92,00063293.3,00061050.0,17276.86351155,0062596.71,437857.29871125
2021-10-19T15:00:01.94Z,-USD,0062109.67,00063293.3,00061050.0,17227.06250265,0062562.45,439301.46107229
2021-10-19T16:00:02.246Z,-USD,0062015.36,00063293.3,00061050.0,16701.88185742,00062434.1,440170.05263448
2021-10-19T17:00:02.619Z,-USD,0061833.79,00063293.3,00061050.0,16142.05043305,0063157.25,441046.10722951
2021-10-19T18:00:02.691Z,-USD,00061749.1,00063500.0,00061050.0,16262.83307724,0063419.56,442528.10743279
2021-10-19T19:00:02.283Z,-USD,0061851.71,0063644.85,00061050.0,16528.2276445,0063452.67,443550.49882707
2021-10-19T20:00:02.68Z,-USD,00061423.1,00064321.0,0061127.81,16625.77213745,0064302.06,445013.09273005
2021-10-19T21:00:02.531Z,-USD,0061365.36,0064353.99,0061127.81,16992.36091708,00064119.4,446157.56720078
2021-10-19T22:00:02.312Z,-USD,0061799.39,0064353.99,0061303.42,17520.8360746,0064110.11,447175.07514081
2021-10-19T23:00:02.548Z,-USD,0062088.64,0064353.99,00061333.0,17310.5742091,0064066.63,447771.84202425
2021-10-20T00:00:02.423Z,-USD,00062042.4,00064500.0,00061333.0,17376.57291312,0064286.32,448501.9085726
2021-10-20T01:00:02.584Z,-USD,0061865.33,00064500.0,00061333.0,17337.23601946,00064088.8,421273.6260577
2021-10-20T02:00:02.668Z,-USD,0061830.28,00064500.0,00061333.0,17456.72819842,0063846.46,421820.23910064
2021-10-20T03:00:02.542Z,-USD,0061755.93,00064500.0,00061333.0,17448.79765232,0063821.59,422132.06653039
2021-10-20T04:00:02.569Z,-USD,0062584.79,00064500.0,00061333.0,16781.09587067,00063873.4,422440.91674644
2021-10-20T05:00:01.718Z,-USD,0062423.42,00064500.0,00061333.0,16630.30661854,0064068.61,422655.67792553
2021-10-20T06:00:02.82Z,-USD,0062480.84,00064500.0,00061333.0,16703.80639718,0063758.89,422937.08949541
2021-10-20T07:00:02.601Z,-USD,0062197.47,00064500.0,00061333.0,16573.17066005,0063817.61,423154.23232179
2021-10-20T08:00:02.315Z,-USD,0062290.13,00064500.0,00061333.0,16568.90645844,0064000.25,423299.92958851
2021-10-20T09:00:02.178Z,-USD,0062544.79,00064500.0,00061333.0,16435.17261428,0064052.45,423487.21572661
2021-10-20T10:00:02.107Z,-USD,0062146.55,00064500.0,00061333.0,16371.31544394,0064034.13,423676.06538098
2021-10-20T11:00:04.304Z,-USD,0062249.37,00064500.0,00061333.0,16378.76430904,0063866.16,423911.03827135
2021-10-20T12:00:01.956Z,-USD,0062142.78,00064500.0,00061333.0,16358.5818127,0063819.99,424105.51083401
2021-10-20T13:00:01.795Z,-USD,0062224.24,0064575.25,00061333.0,16609.04547243,0064384.58,424763.07446715
2021-10-20T14:00:02.204Z,-USD,0062635.05,0066116.13,00061333.0,17515.72451134,0066024.41,427674.1239338
2021-10-20T15:00:02.133Z,-USD,0062544.85,00066999.0,0062330.73,18743.24626311,00066707.7,430343.03984678
2021-10-20T16:00:02.191Z,-USD,0062409.71,00066999.0,0062330.73,19567.44493499,0066868.05,432041.40206689
2021-10-20T17:00:01.752Z,-USD,0063186.96,00066999.0,0063039.99,20283.63880637,0066473.26,433653.78243121
2021-10-20T18:00:02.711Z,-USD,0063427.23,00066999.0,0063046.31,20149.08913046,00066414.4,434981.76716233
2021-10-20T19:00:02.04Z,-USD,0063442.26,00066999.0,0063410.99,20151.22675717,0066658.32,435999.00982058
2021-10-20T20:00:01.881Z,-USD,0064201.42,00066999.0,00063525.0,19606.91622621,0066403.15,436976.09644536
2021-10-20T21:00:02.216Z,-USD,0064130.45,00066999.0,00063525.0,19831.13192774,0065955.98,438293.33759746
2021-10-20T22:00:02.297Z,-USD,00064099.1,00066999.0,00063525.0,19370.57462344,0065825.88,438843.91451202
2021-10-20T23:00:01.822Z,-USD,0064113.71,00066999.0,00063525.0,19316.99117969,0065901.97,439397.12747256
2021-10-21T00:00:02.66Z,-USD,0064303.14,00066999.0,00063525.0,19186.81639505,0065987.98,439985.78055467
2021-10-21T01:00:02.187Z,-USD,0064068.24,00066999.0,00063525.0,19565.30148394,0065629.77,413578.64230534
2021-10-21T02:00:02.795Z,-USD,0063836.63,00066999.0,00063525.0,20524.13993772,0064920.18,415074.62317456
2021-10-21T03:00:02.201Z,-USD,0063809.89,00066999.0,00063525.0,22247.23594677,0064950.17,417110.84439254
2021-10-21T04:00:02.146Z,-USD,0063865.84,00066999.0,00063525.0,22670.23216428,0065066.13,417837.04700502
2021-10-21T05:00:02.629Z,-USD,0064061.03,00066999.0,00063525.0,22959.16843832,0065070.47,418341.34620107
2021-10-21T06:00:02.524Z,-USD,0063788.43,00066999.0,0063708.98,23060.45623344,0064837.32,418724.00578103
2021-10-21T07:00:02.385Z,-USD,0063821.08,00066999.0,0063739.88,23457.30482376,0064673.62,419336.8881129
2021-10-21T08:00:02.232Z,-USD,0064007.78,00066999.0,0063739.88,23663.51528316,0065164.59,419688.84601258
2021-10-21T09:00:02.008Z,-USD,00064050.4,00066999.0,0063739.88,24104.21178581,0065904.88,420316.42776057
2021-10-21T10:00:01.763Z,-USD,0064024.16,00066999.0,0063739.88,24462.46640495,00066185.3,420864.77307771
2021-10-21T11:00:02.084Z,-USD,0063865.96,00066999.0,0063739.88,24669.68919954,0065619.62,421305.97039447
2021-10-21T12:00:01.931Z,-USD,0063806.44,00066999.0,0063733.53,26204.31783423,0064767.96,423035.59496423
2021-10-21T13:00:01.776Z,-USD,00064394.7,00066999.0,0063733.53,26896.09212612,0065038.94,424385.34941852
2021-10-21T14:00:02.654Z,-USD,0066050.75,00066999.0,0063733.53,24749.83186116,0064754.36,425181.30802867
2021-10-21T15:00:01.791Z,-USD,00066691.1,00066950.0,0062872.26,24210.04149815,0063658.03,427282.69302692
2021-10-21T16:00:02.014Z,-USD,00066887.8,00066950.0,00062070.0,24945.02538619,00062995.4,429723.1657798
2021-10-21T17:00:02.369Z,-USD,0066470.95,0066746.25,00062070.0,24534.85353254,00062820.7,430921.99126135
2021-10-21T18:00:02.593Z,-USD,0066373.42,0066746.25,00062070.0,24173.95717163,0062499.96,431888.97140862
2021-10-21T19:00:02.51Z,-USD,0066658.56,00066711.8,00062070.0,23948.19186978,0062659.99,432683.93346699
2021-10-21T20:00:02.655Z,-USD,00066416.4,0066650.85,00062070.0,23975.57179078,0062760.59,433711.65015722
2021-10-21T21:00:01.929Z,-USD,0065996.23,0066650.85,00062070.0,23584.70404124,0062705.15,434605.0649234
2021-10-21T22:00:02.08Z,-USD,0065809.33,0066650.85,00062070.0,23489.16257314,0062722.42,435059.97064104
2021-10-21T23:00:02.468Z,-USD,0065912.23,0066650.85,00062070.0,23441.8624244,0062475.13,435565.91029997
2021-10-22T00:00:02.626Z,-USD,0066021.26,0066650.85,00062050.0,23468.68126981,0062213.66,436186.76135572
2021-10-22T01:00:09.309Z,-USD,0065629.16,0066650.85,00062050.0,23525.42739239,0062814.37,417643.24204626
2021-10-22T02:00:07.275Z,-USD,0064986.94,0066650.85,00062050.0,22635.13704889,0062614.78,418272.86572569
2021-10-22T03:00:02.234Z,-USD,0064938.23,0066650.85,00062050.0,20901.64704028,0062861.63,418555.48752706
2021-10-22T04:00:01.852Z,-USD,0065068.15,0066650.85,00062050.0,20733.41754519,0063210.27,419109.74047739
2021-10-22T05:00:02.652Z,-USD,0065049.33,0066650.85,00062050.0,20655.12350839,0063052.32,419535.97200708
2021-10-22T06:00:02.402Z,-USD,0064831.69,0066650.85,00062050.0,20532.33192165,0063026.02,419794.20737293
2021-10-22T07:00:02.05Z,-USD,0064696.38,0066650.85,00062050.0,20210.07610112,0062735.19,420096.22802977
2021-10-22T08:00:01.781Z,-USD,0065101.71,0066650.85,00062050.0,20697.02761067,0063333.02,420925.32637868
2021-10-22T09:00:02.57Z,-USD,0065892.88,0066650.85,00062050.0,20475.99115508,0063587.17,421331.27162804
2021-10-22T10:00:02.161Z,-USD,00066200.2,0066210.37,00062050.0,20262.14890831,0063339.82,421666.22094318
2021-10-22T11:00:02.351Z,-USD,0065625.93,0066037.73,00062050.0,19981.7560449,0063227.97,421826.95026642
2021-10-22T12:00:01.743Z,-USD,0064809.74,0065598.69,00062050.0,18401.80755445,0063405.56,421984.8186857
2021-10-22T13:00:02.639Z,-USD,0065065.53,0065598.69,00062050.0,17430.92691232,0063659.85,422354.86999671
2021-10-22T14:00:02.466Z,-USD,0064755.32,0064900.07,00062050.0,17607.31135342,0062395.31,423337.37581465
2021-10-22T15:00:01.819Z,-USD,0063633.73,0063887.55,00061131.0,17845.27953944,0061535.74,425685.47618583
2021-10-22T16:00:01.939Z,-USD,0062985.39,0063799.66,0060480.58,17407.74853674,0060749.24,427679.06356511
2021-10-22T17:00:02.393Z,-USD,0062800.29,00063750.0,00060000.0,18219.79682369,0061207.67,429684.84879909
2021-10-22T18:00:02.025Z,-USD,0062490.32,00063750.0,00060000.0,18151.92248773,0060561.64,430586.87157636
2021-10-22T19:00:02.161Z,-USD,00062730.1,00063750.0,00060000.0,18095.22729477,00060620.1,431324.56390053
2021-10-22T20:00:02.173Z,-USD,0062832.43,00063750.0,00060000.0,18121.33323675,0061014.91,432392.73686725
2021-10-22T21:00:02.418Z,-USD,0062672.04,00063750.0,00060000.0,17855.98142317,00060710.0,433004.61550101
2021-10-22T22:00:02.198Z,-USD,0062735.28,00063750.0,00060000.0,17835.30842126,0060416.14,433435.38395028
2021-10-22T23:00:02.568Z,-USD,0062464.88,00063750.0,00060000.0,17576.15587643,0060629.16,433684.97398788
2021-10-23T00:00:02.446Z,-USD,0062204.01,00063750.0,00060000.0,17217.02814633,0060688.25,433946.9609138
2021-10-23T01:00:02.283Z,-USD,0062817.89,00063750.0,00060000.0,16674.16632005,0061111.27,420873.08485082
2021-10-23T02:00:02.096Z,-USD,0062581.24,00063750.0,00060000.0,16302.32886259,0061035.07,421129.72903972
2021-10-23T03:00:02.102Z,-USD,0062846.65,00063750.0,00060000.0,16310.76815381,00061130.8,421419.9126414
2021-10-23T04:00:02.17Z,-USD,0063256.35,00063750.0,00060000.0,15965.42212456,0061231.27,421632.07212018
2021-10-23T05:00:02.322Z,-USD,0063054.01,00063750.0,00060000.0,15858.55262704,0061180.82,421948.5942665
2021-10-23T06:00:02.227Z,-USD,0063024.23,00063750.0,00060000.0,15806.4482057,00061000.0,422154.34771393
2021-10-23T07:00:02.1Z,-USD,0062740.01,00063750.0,00060000.0,15663.01971324,0061028.47,422312.5323859
2021-10-23T08:00:01.833Z,-USD,0063415.32,00063750.0,00060000.0,14937.93378192,0060880.14,422441.3973099
2021-10-23T09:00:01.76Z,-USD,0063584.37,00063750.0,00060000.0,14640.24854691,00061073.3,422524.80339374
2021-10-23T10:00:02.585Z,-USD,0063305.06,0063721.98,00060000.0,14607.88548365,0060660.53,422827.68592937
2021-10-23T11:00:01.767Z,-USD,0063210.11,0063721.98,00060000.0,14636.14698554,0060185.12,423017.27169048
2021-10-23T12:00:02.463Z,-USD,0063391.42,0063721.98,00059650.0,15176.74272022,00061500.0,423717.24410667
2021-10-23T13:00:02.387Z,-USD,0063658.43,0063721.98,00059650.0,15086.70176618,0061532.92,423999.11422018
2021-10-23T14:00:02.271Z,-USD,00062395.0,0062414.57,00059650.0,14279.46764466,0061327.95,424209.21998028
2021-10-31T18:00:08.706Z,-USD,0061429.46,0062427.02,00060001.0,8190.33716957,0060693.61,421906.22196283
2021-10-31T19:00:01.791Z,-USD,0061595.07,0062427.02,00060001.0,8357.52967401,0060807.82,422277.91905825
2021-10-31T20:00:01.778Z,-USD,0061764.67,0062427.02,00060001.0,8370.63484633,0060728.22,422498.51675412
2021-10-31T21:00:02.684Z,-USD,0061684.93,0062427.02,00060001.0,8445.15947,0060969.78,422794.0905869
2021-10-31T22:00:01.709Z,-USD,0061474.59,0062427.02,00060001.0,8583.33120575,0061494.78,423185.11233691
2021-10-31T23:00:03.094Z,-USD,0061562.99,0062427.02,00060001.0,8431.96267012,0061440.43,423445.71607443
2021-11-01T00:00:04.868Z,-USD,0061896.38,0062427.02,00060001.0,8369.29563145,0061353.87,423704.04537641
2021-11-01T01:00:04.338Z,-USD,0062404.25,0062427.02,00060001.0,8229.56531144,0061573.79,416774.56155019
2021-11-01T02:00:03.854Z,-USD,0062203.48,0062312.68,00060001.0,8260.14171092,0061368.89,417082.92566963
2021-11-01T03:00:03.703Z,-USD,0061767.62,0061909.58,00060001.0,8991.00421065,0060620.81,418145.16351429
2021-11-01T04:00:13.388Z,-USD,0061732.95,0061779.87,00060001.0,9177.60750176,0060052.17,418641.86864151
2021-11-01T05:00:07.284Z,-USD,0061438.38,0061779.87,00059500.0,9675.67223454,0060584.83,419432.30833947
2021-11-01T06:00:06.049Z,-USD,0061315.03,0061779.87,00059500.0,9656.81037048,0060645.29,419741.9073998
2021-11-01T07:00:06.388Z,-USD,0061343.99,0061779.87,00059500.0,9679.68251673,0060747.41,419973.19957247
2021-11-01T08:00:02.266Z,-USD,0061384.98,0062346.78,00059500.0,10274.26654483,0062195.92,420746.17009568
2021-11-01T09:00:01.782Z,-USD,0060817.28,0062444.44,00059500.0,10265.60322861,00061959.9,421215.34207992
2021-11-01T10:00:02.202Z,-USD,0060689.91,0062444.44,00059500.0,10395.19979099,0061992.59,421545.85907801
2021-11-01T11:00:03.213Z,-USD,0060819.96,0062444.44,00059500.0,10197.12958034,0062277.92,421797.85648461
2021-11-01T12:00:02.513Z,-USD,0060493.13,00062500.0,00059500.0,10509.27419638,0061916.97,422406.16958483
2021-11-01T13:00:02.256Z,-USD,0060323.59,00062500.0,00059500.0,10523.91002921,00061911.5,422867.34148227
2021-11-01T14:00:02.194Z,-USD,0060395.99,00062500.0,00059500.0,10345.84044838,00061975.0,423310.76285961
2021-11-01T15:00:02.248Z,-USD,0060481.18,00062500.0,00059500.0,10374.44546025,0061487.47,423926.78895155
2021-11-01T16:00:01.801Z,-USD,0060512.44,00062500.0,00059500.0,10488.47329957,0061565.85,424364.34741034
2021-11-01T17:00:03.98Z,-USD,0060714.75,00062500.0,00059500.0,10738.92780638,0061073.56,424991.42455259
2021-11-01T18:00:02.944Z,-USD,0060670.76,00062500.0,00059500.0,11022.22817355,0060792.73,425670.0802232
2021-11-01T19:00:02.167Z,-USD,0060754.97,00062500.0,00059500.0,11195.17254387,0060598.58,426213.31838588
2021-11-01T20:00:02.283Z,-USD,0060752.61,00062500.0,00059500.0,11588.73819039,0061404.19,426829.38111784
2021-11-01T21:00:02.427Z,-USD,0060980.93,00062500.0,00059500.0,11798.54984811,0060649.28,427330.51812921
2021-11-01T22:00:02.478Z,-USD,0061475.53,00062500.0,00059500.0,11694.74656988,00060817.6,427626.59585388
2021-11-01T23:00:03.419Z,-USD,0061421.37,00062500.0,00059500.0,11730.97995986,0061149.39,427917.83130445
2021-11-02T00:00:01.929Z,-USD,0061346.17,00062500.0,00059500.0,11721.51292255,00060981.2,428164.79813598
2021-11-02T01:00:01.873Z,-USD,0061610.94,00062500.0,00059500.0,11899.02416642,0060982.95,420685.53130591
2021-11-02T02:00:01.986Z,-USD,0061333.17,00062500.0,00059500.0,12406.43388819,0061382.54,421507.19174763
2021-11-02T03:00:01.903Z,-USD,0060590.23,00062500.0,00059500.0,11688.89326902,0060943.28,421849.58248684
2021-11-02T04:00:02.082Z,-USD,0059965.41,00062500.0,00059500.0,11361.07576467,0061139.32,422143.18486024
2021-11-02T05:01:03.096Z,-USD,0060641.61,00062500.0,0060316.57,10702.23441076,0061516.47,422464.24365237
2021-11-02T06:00:02.166Z,-USD,0060641.61,00062500.0,0060316.57,11053.01938603,0061778.43,422815.02862764
2021-11-02T07:00:01.91Z,-USD,0060764.55,00062500.0,00060327.0,11057.37007086,0061811.17,423042.33847654
2021-11-02T08:00:01.852Z,-USD,0062199.06,00062500.0,00060327.0,10507.31035924,0061594.53,423267.22910192
2021-11-02T09:00:01.775Z,-USD,0061950.09,00062500.0,00060327.0,10244.24460328,0061710.13,423473.33122779
2021-11-02T10:00:01.714Z,-USD,0061982.56,00063231.0,00060327.0,10821.84346755,00063148.1,424379.69244412
2021-11-02T11:00:04.183Z,-USD,0062288.01,0063619.31,00060327.0,11332.65220753,0063230.97,425149.48875003
2021-11-02T12:00:01.711Z,-USD,0061840.58,0063619.31,00060327.0,11437.04800936,0062986.35,425858.18213433
2021-11-02T13:00:02.582Z,-USD,0061876.36,0063619.31,00060327.0,11483.16778325,0063060.38,426363.50911864
2021-11-02T14:00:02.686Z,-USD,0061995.47,0063619.31,00060327.0,11720.34804419,0063465.53,427050.33828786
2021-11-02T15:00:02.009Z,-USD,0061486.06,00063955.0,00060327.0,12173.56888823,0063403.85,428114.61456481
2021-11-02T16:00:02.22Z,-USD,00061580.5,00064300.0,00060327.0,12743.11465824,0064084.05,429119.77210995
2021-11-02T17:00:03.37Z,-USD,0061057.76,00064300.0,00060327.0,12810.66287808,0063692.33,429833.10879387
2021-11-02T18:00:02.126Z,-USD,0060776.49,00064300.0,00060327.0,12595.37378166,0063495.99,430277.78352322
2021-11-02T19:00:02.42Z,-USD,0060590.49,00064300.0,00060327.0,12502.43433031,00063287.0,430727.96993127
2021-11-02T20:00:01.771Z,-USD,0061487.59,00064300.0,0060454.76,12507.63920976,0063623.49,431361.35942655
2021-11-02T21:00:01.886Z,-USD,0060730.84,00064300.0,0060454.76,12645.31745461,00063145.6,431991.6545172
2021-11-02T22:00:02.016Z,-USD,0060769.96,00064300.0,0060672.16,12996.27457567,0063050.02,432636.23537691
2021-11-02T23:00:02.751Z,-USD,0061128.26,00064300.0,0060672.16,13201.81473736,0062973.96,433131.49100822
2021-11-03T00:00:02.489Z,-USD,00060956.4,00064300.0,0060672.16,13691.36790359,0063232.91,433869.73547687
2021-11-03T01:00:02.616Z,-USD,00061000.0,00064300.0,0060797.11,13802.26054719,0063507.48,420551.48127665
2021-11-03T02:00:02.352Z,-USD,0061380.53,00064300.0,0060834.08,13421.69659239,0063176.45,420991.52977743
2021-11-03T03:00:02.521Z,-USD,0060955.68,00064300.0,0060834.08,13448.81220443,0063193.57,421360.90925068
2021-11-03T04:00:02.703Z,-USD,0061142.46,00064300.0,00061122.9,13543.35876936,0063241.57,421748.46997879
2021-11-03T05:00:03.72Z,-USD,0061479.34,00064300.0,0061347.99,13556.38464764,0062794.66,422081.38895171
2021-11-03T06:00:02.825Z,-USD,0061822.98,00064300.0,0061415.89,13510.75607931,0063088.97,422392.9066784
2021-11-03T07:00:01.666Z,-USD,0061821.73,00064300.0,0061415.89,13567.45759197,0062892.04,422674.76541187
2021-11-03T08:00:02.667Z,-USD,0061575.54,00064300.0,0061415.89,13685.82536263,0063442.55,423015.3592357
2021-11-03T09:00:02.682Z,-USD,0061597.99,00064300.0,00061536.8,13702.65724979,00062987.1,423238.03931278
2021-11-03T10:00:02.489Z,-USD,0063107.14,00064300.0,00062645.8,12989.04270327,0063342.64,423438.30418469
2021-11-03T11:00:04.508Z,-USD,00063258.0,00064300.0,00062645.8,12590.77299169,0063180.63,423805.55967314
2021-11-03T12:00:01.942Z,-USD,0062956.35,00064300.0,00062645.8,12142.8325418,0063166.48,424066.26539549
2021-11-03T13:00:01.863Z,-USD,00063050.0,00064300.0,0062255.01,12414.09334074,0062496.24,424844.96202647
2021-11-03T14:00:01.998Z,-USD,0063454.39,00064300.0,0061665.39,12836.99789226,0061940.83,425955.92768008
2021-11-03T15:00:02.207Z,-USD,0063404.56,00064300.0,00061610.5,12547.93478142,0062013.67,426730.68161701
2021-11-03T16:00:01.68Z,-USD,0064066.27,00064300.0,00061610.5,12152.75583433,0062255.27,427345.17312018
2021-11-03T17:00:03.277Z,-USD,0063701.74,0063819.65,00061610.5,11928.76061926,00062094.7,427831.38922345
2021-11-03T18:00:01.882Z,-USD,0063488.11,0063697.92,00061610.5,11998.04497017,00062513.8,428340.82404577
2021-11-03T19:00:02.278Z,-USD,0063275.68,0063697.92,00060070.0,13634.0335274,0063145.27,430429.77106911
2021-11-03T20:00:02.568Z,-USD,0063619.82,0063644.71,00060070.0,13723.63553599,0062898.89,431171.03581839
2021-11-03T21:00:01.933Z,-USD,0063136.57,0063568.36,00060070.0,13688.3099377,0062770.89,431749.17478347
