Coin on file:	CGLD
Created by:	chris
Created on:	09/18/2021T03:00:1631948402Z

Recorded,Currency,Open,High,Low,Volume,Last,Volume30day
2021-09-18T03:00:02.659Z,-USD,00005.1493,000005.349,00004.9979,2904275.88,00005.0712,184785476.94
2021-09-18T04:00:01.983Z,-USD,00005.1674,000005.349,00004.9979,3181106.46,00005.0993,185130203.51
2021-09-18T05:00:02.052Z,-USD,00005.1736,000005.349,00004.9979,3166410.83,00005.1409,185193371.0
2021-09-18T06:00:02.083Z,-USD,00005.1852,000005.349,00004.9979,3229225.28,00005.1931,185305185.78
2021-09-18T07:00:02.385Z,-USD,00005.1851,000005.349,00004.9979,3216277.71,00005.1325,185402507.63
2021-09-18T08:00:02.626Z,-USD,00005.1324,000005.349,00004.9979,3126217.97,00005.1141,185441511.08
2021-09-18T09:00:01.852Z,-USD,00005.1744,000005.349,00004.9979,3124058.24,00005.1561,185543379.5
2021-09-18T10:00:01.968Z,-USD,00005.1047,000005.349,00004.9979,03185285.0,00005.2461,185626426.93
2021-09-18T11:00:02.344Z,-USD,000005.127,000005.349,00004.9979,3064281.61,000005.181,185694683.56
2021-09-18T12:00:02.46Z,-USD,00005.0405,000005.349,00004.9979,3057434.46,00005.1472,185772648.86
2021-09-18T13:00:02.675Z,-USD,00005.0686,000005.349,00004.9984,3037015.39,00005.1163,185853782.41
2021-09-18T14:00:01.88Z,-USD,00005.0084,000005.349,00005.0011,2983482.22,00005.1788,185938107.13
2021-09-18T14:27:57.952Z,-USD,00005.0715,00005.3635,00005.0118,3103741.49,00005.3558,186120429.82
2021-09-18T14:28:37.246Z,-USD,00005.0715,00005.3805,00005.0118,3111130.99,00005.3804,186127819.32
2021-09-18T14:31:17.504Z,-USD,00005.0715,00005.3897,00005.0118,3124486.51,00005.3782,186141174.84
2021-09-18T15:00:02.118Z,-USD,00005.0715,00005.5537,00005.0118,3709560.55,00005.3824,186726248.88
2021-09-18T16:00:02.322Z,-USD,00005.1096,00005.5537,00005.0118,03887647.4,00005.3788,186964880.17
2021-09-18T17:00:02.107Z,-USD,00005.1441,00005.5537,00005.0118,4005125.63,00005.3075,187143178.14
2021-09-18T18:00:07.221Z,-USD,00005.3008,00005.5537,00005.0118,3875323.74,00005.2904,187233292.66
2021-09-18T19:00:01.787Z,-USD,000005.256,00005.5537,00005.0118,3527882.99,00005.3417,187281024.24
2021-09-18T20:00:02.515Z,-USD,000005.225,00005.5537,00005.0118,3511139.91,000005.273,187358125.84
2021-09-18T21:00:02.121Z,-USD,00005.3025,00005.5537,00005.0118,3347941.33,00005.1934,187525416.57
2021-09-18T22:00:02.335Z,-USD,00005.2101,00005.5537,00005.0118,3236801.26,00005.1733,187565204.82
2021-09-18T23:00:01.768Z,-USD,00005.0906,00005.5537,00005.0118,03210482.8,00005.2271,187617964.99
2021-09-19T00:00:02.394Z,-USD,00005.1115,00005.5537,00005.0118,3127163.86,00005.2448,187682057.94
2021-09-19T01:00:02.002Z,-USD,00005.0957,00005.5537,00005.0118,3154413.91,000005.165,187050089.19
2021-09-19T02:00:02.019Z,-USD,00005.0841,00005.5537,00005.0118,3163921.27,00005.2306,187128027.19
2021-09-19T03:00:02.664Z,-USD,00005.0645,00005.5537,00005.0118,3259937.93,00005.3115,187302318.47
2021-09-19T04:00:02.654Z,-USD,00005.0955,00005.5537,00005.0667,02986500.5,000005.263,187373623.38
2021-09-19T05:00:02.407Z,-USD,00005.1404,00005.5537,00005.0701,3034901.38,00005.1634,187482552.98
2021-09-19T06:00:02.187Z,-USD,00005.1912,00005.5537,00005.0701,3001984.35,00005.2606,187563154.32
2021-09-19T07:00:02.005Z,-USD,00005.1297,00005.5537,00005.0701,3068847.01,00005.2581,187725463.3
2021-09-19T08:00:02.143Z,-USD,00005.1174,00005.5537,00005.1048,3065815.96,00005.2278,187761722.44
2021-09-19T09:00:01.925Z,-USD,0000005.15,00005.5537,00005.1048,3051639.22,00005.2875,187849088.89
2021-09-19T10:00:01.868Z,-USD,00005.2476,00005.5537,00005.1048,03269695.9,00005.3574,188150755.34
2021-09-19T11:00:02.48Z,-USD,00005.1868,00005.8391,00005.1048,3863215.36,00005.7843,188811934.92
2021-09-19T12:00:02.523Z,-USD,000005.146,00005.9345,00005.1048,4923764.14,00005.5875,189950932.74
2021-09-19T13:00:02.684Z,-USD,00005.1125,00006.1386,00005.1092,6159252.02,00006.0991,191267063.02
2021-09-19T14:00:02.607Z,-USD,00005.1782,00006.1386,00005.1092,7158442.71,00005.9065,192350614.97
2021-09-19T15:00:02.684Z,-USD,00005.4137,00006.1386,00005.1092,6828652.83,00005.7009,192816333.21
2021-09-19T16:00:02.634Z,-USD,00005.3853,00006.1386,00005.1092,7024049.17,00005.7373,193243444.48
2021-09-19T17:00:02.62Z,-USD,00005.3107,00006.1386,00005.1092,7150974.31,00005.6859,193548380.96
2021-09-19T18:00:01.7Z,-USD,00005.2716,00006.1386,00005.1092,7315868.05,00005.7442,193807086.08
2021-09-19T19:00:01.839Z,-USD,00005.3472,00006.1386,00005.1092,7714470.49,00005.8649,194249921.35
2021-09-19T20:00:01.841Z,-USD,00005.2791,00000006.2,00005.1092,8489330.56,00006.1141,195101702.1
2021-09-19T21:00:02.299Z,-USD,000005.183,00000006.2,00005.1092,8892972.97,000006.087,195672531.26
2021-09-19T22:00:02.24Z,-USD,00005.1728,0000006.22,00005.1092,9388417.36,00006.1336,196207669.73
2021-09-19T23:00:02.396Z,-USD,00005.2264,00006.2209,00005.1092,9720459.12,00005.8974,196593054.86
2021-09-20T00:00:01.696Z,-USD,00005.2371,00006.2209,00005.1092,9948360.38,00005.9389,196884444.91
2021-09-20T01:00:01.876Z,-USD,00005.1688,0000006.25,00005.1092,10476373.08,0000006.25,196771425.73
2021-09-20T02:00:02.151Z,-USD,00005.2256,00006.5464,00005.1448,12114043.66,00006.2337,198487114.46
2021-09-20T03:00:02.274Z,-USD,00005.3123,00006.5464,00005.1448,12907372.19,00005.9013,199454672.74
2021-09-20T04:00:02.153Z,-USD,00005.2457,00006.5464,00005.1448,13693422.6,00005.9577,200325135.9
2021-09-20T05:00:01.965Z,-USD,00005.1605,00006.5464,00005.1584,14395704.91,00006.3052,201123319.27
2021-09-20T06:00:01.919Z,-USD,00005.2549,00006.5464,00005.1905,15436736.64,000006.211,202244492.94
2021-09-20T07:00:02.042Z,-USD,000005.264,00006.5464,00005.1905,15974853.95,00006.0597,202945145.49
2021-09-20T08:00:02.121Z,-USD,000005.224,00006.5464,00005.2195,16556323.04,000005.796,203562793.16
2021-09-20T09:00:01.892Z,-USD,00005.2945,00006.5464,00005.2756,16976262.19,00006.0457,204070195.5
2021-09-20T10:00:01.701Z,-USD,00005.3704,00006.5464,00005.3234,16955745.5,00005.7541,204351193.73
2021-09-20T11:00:02.361Z,-USD,00005.7721,00006.5464,000005.501,16660998.31,00005.5852,204719238.41
2021-09-20T12:00:02.361Z,-USD,00005.5849,00006.5464,0000005.25,16234957.02,00005.3963,205431652.42
2021-09-20T13:00:02.403Z,-USD,00006.0675,00006.5464,00005.1413,15782109.03,00005.5136,206300072.33
2021-09-20T14:00:02.73Z,-USD,00005.8942,00006.5464,00005.1413,15758964.16,00006.1463,207366615.87
2021-09-20T15:00:01.832Z,-USD,000005.707,00006.5464,00005.1413,16168176.1,00005.9288,208229762.95
2021-09-20T16:00:02.357Z,-USD,00005.7422,00006.5464,00005.1413,16602606.2,00006.0927,209093372.4
2021-09-20T17:00:02.536Z,-USD,000005.684,00006.5464,00005.1413,17287197.42,00006.2252,210080371.41
2021-09-20T18:00:02.544Z,-USD,00005.7402,00006.5464,00005.1413,17631682.7,000006.308,210683681.43
2021-09-20T19:00:02.469Z,-USD,00005.8716,00006.5464,00005.1413,17715089.68,00005.8869,211210021.08
2021-09-20T20:00:02.434Z,-USD,00006.1241,00006.5464,00005.1413,17541028.68,00006.1655,211888464.12
2021-09-20T21:00:02.46Z,-USD,00006.0835,00006.5464,00005.1413,17410795.89,000006.097,212329504.09
2021-09-20T22:00:02.44Z,-USD,00006.1344,00006.5464,00005.1413,17141340.15,00005.9386,212594735.12
2021-09-20T23:00:02.52Z,-USD,000005.895,00006.5464,00005.1413,17177487.85,00005.8415,213015973.71
2021-09-21T00:00:02.956Z,-USD,00005.9418,00006.5464,00005.1413,17519763.36,00005.8641,213649385.07
2021-09-21T01:00:02.191Z,-USD,000006.275,00006.5464,00005.1413,18211306.57,00006.0173,213264140.6
2021-09-21T02:00:01.777Z,-USD,00006.2368,00000006.5,00005.1413,17173423.23,00006.1355,213935244.93
2021-09-21T03:00:02.103Z,-USD,00005.8777,00000006.5,00005.1413,17020112.22,00006.2649,214755161.85
2021-09-21T04:00:02.34Z,-USD,000005.937,00000006.5,00005.1413,16868532.84,00006.2229,215465525.34
2021-09-21T05:00:02.612Z,-USD,00006.3059,00000006.5,00005.1413,16633725.55,00006.3935,216032972.11
2021-09-21T06:00:02.518Z,-USD,00006.2146,00007.5209,00005.1413,17517131.8,00007.1192,218032737.73
2021-09-21T07:00:02.272Z,-USD,00006.0432,00007.5209,00005.1413,17858153.63,00006.9827,219082808.21
2021-09-21T08:00:02.419Z,-USD,00005.8186,00007.5209,00005.1413,18033149.18,00006.8775,219875062.34
2021-09-21T09:00:02.545Z,-USD,00006.0523,00007.5209,00005.1413,17995666.62,00007.0842,220336787.58
2021-09-21T10:00:02.395Z,-USD,00005.8045,00007.5209,00005.1413,18162277.41,00007.2406,220786080.04
2021-09-21T11:00:02.6Z,-USD,00005.5989,00007.5209,00005.1413,18165315.71,00007.1237,221155200.0
2021-09-21T12:00:02.507Z,-USD,00005.4161,00007.5209,00005.1413,17751808.98,00006.9696,221456513.13
2021-09-21T13:00:02.679Z,-USD,00005.5108,00007.5209,00005.3625,17369266.11,000006.768,221940425.14
2021-09-21T14:00:01.857Z,-USD,00006.0779,00007.5209,00005.4923,17020716.05,00006.6868,222663566.89
2021-09-21T15:00:02.144Z,-USD,00005.9182,00007.5209,00005.4923,16852297.62,000006.622,223355526.43
2021-09-21T16:00:02.617Z,-USD,00006.0896,00007.5209,00005.4923,16670057.27,00006.8084,224039792.75
2021-09-21T17:00:03.462Z,-USD,00006.2421,00007.5209,00005.4923,16128999.74,00006.6284,224481237.93
2021-09-21T18:00:01.824Z,-USD,00006.2934,00007.5209,00005.4923,16094598.16,00006.5327,225049000.92
2021-09-21T19:00:02.438Z,-USD,00005.8667,00007.5209,00005.4923,15917561.51,00006.4552,225400845.24
2021-09-21T20:00:02.298Z,-USD,00006.1674,00007.5209,00005.4923,15561726.66,00006.3968,225722075.39
2021-09-21T21:00:01.766Z,-USD,00006.0963,00007.5209,00005.4923,15832038.8,00006.1649,226432414.89
2021-09-21T22:00:02.225Z,-USD,00005.9231,00007.5209,00005.4923,16801856.15,00006.3108,227667935.44
2021-09-21T23:00:02.124Z,-USD,000005.848,00007.5209,00005.4923,16840559.96,00006.0405,228132572.37
2021-09-22T00:00:02.323Z,-USD,000005.899,00007.5209,00005.4923,16891380.63,00006.2219,228818118.57
2021-09-22T01:00:02.686Z,-USD,00006.0266,00007.5209,00005.8399,16330349.9,00006.1999,228565651.48
2021-09-22T02:00:01.838Z,-USD,00006.1386,00007.5209,00005.8399,16191179.76,00006.4273,229098167.36
2021-09-22T03:00:02.496Z,-USD,00006.2553,00007.5209,00005.8399,15824149.99,00006.4069,229550510.19
2021-09-22T04:00:01.855Z,-USD,000006.237,00007.5209,00005.8399,15549888.66,00006.3564,229986673.72
2021-09-22T05:00:01.961Z,-USD,000006.395,00007.5209,00005.8399,15413198.6,00006.1097,230418174.28
2021-09-22T06:00:02.356Z,-USD,000007.171,00007.5199,00005.8399,13786344.57,00006.0143,230794550.3
2021-09-22T07:00:02.359Z,-USD,00006.9977,00007.3397,00005.8399,13177222.82,00006.0785,231232763.99
2021-09-22T08:00:02.458Z,-USD,000006.918,00007.3397,00005.8399,12633789.3,00006.0363,231484914.51
2021-09-22T09:00:03.657Z,-USD,00007.0703,00007.3397,00005.8399,12368833.95,00005.9715,231677209.47
2021-09-22T10:00:01.805Z,-USD,00007.2718,00000007.3,00000005.8,12241912.41,00005.9029,232001738.3
2021-09-22T11:00:02.368Z,-USD,00007.1282,0000007.17,00000005.8,12025557.49,00005.9781,232151656.52
2021-09-22T12:00:02.378Z,-USD,00006.9587,0000007.17,0000005.68,12111057.01,00005.6927,232538312.52
2021-09-22T13:00:02.638Z,-USD,00006.7429,0000007.09,0000005.68,11892516.77,000005.781,232804563.02
2021-09-22T14:00:01.835Z,-USD,00006.7003,0000007.09,0000005.68,11396452.62,00005.9757,233031461.15
2021-09-22T15:00:01.945Z,-USD,000006.623,0000007.09,0000005.68,11231281.13,00006.0253,233559543.52
2021-09-22T16:00:02.268Z,-USD,00006.8109,00006.9493,0000005.68,11202424.17,00006.2425,234214568.4
2021-09-22T17:00:02.156Z,-USD,000006.629,00006.7378,0000005.68,11335537.64,00006.4062,234788107.39
2021-09-22T18:00:02.557Z,-USD,00006.5339,00006.6985,0000005.68,11110686.26,00006.1606,235130559.87
2021-09-22T19:00:02.158Z,-USD,00006.4457,00006.5677,0000005.68,11163140.54,000006.176,235539953.12
2021-09-22T20:00:02.676Z,-USD,00006.3726,00006.5677,0000005.68,11079104.1,00006.2696,235778366.23
2021-09-22T21:00:01.933Z,-USD,000006.152,00006.5677,0000005.68,10518687.11,00006.4239,235921942.66
2021-09-22T22:00:02.514Z,-USD,00006.2907,00006.5141,0000005.68,9536882.89,00006.4761,236176511.76
2021-09-22T23:00:02.005Z,-USD,00006.0502,00006.8595,0000005.68,9664578.95,00006.7732,236769617.29
2021-09-23T00:00:03.545Z,-USD,00006.2345,00006.8595,0000005.68,9326964.02,00006.5436,237122674.99
2021-09-23T01:00:02.49Z,-USD,00006.2049,00006.8595,0000005.68,8995859.59,0000006.33,236781732.84
2021-09-23T02:00:02.357Z,-USD,00006.4398,00006.8595,0000005.68,8670662.84,00006.6287,236979344.2
2021-09-23T03:00:02.712Z,-USD,00006.3853,0000007.22,0000005.68,9343603.91,00006.8815,238102615.75
2021-09-23T04:00:01.926Z,-USD,00006.3449,0000007.22,0000005.68,9473897.43,00006.8808,238673572.92
2021-09-23T05:00:02.221Z,-USD,00006.1138,0000007.22,0000005.68,9466478.52,00006.7546,239094031.59
2021-09-23T06:00:02.32Z,-USD,00006.0921,0000007.22,0000005.68,9473689.56,00006.9183,239518445.01
2021-09-23T07:00:03.134Z,-USD,00006.0789,0000007.22,0000005.68,9275023.84,00006.9713,239720474.27
2021-09-23T08:00:02.122Z,-USD,00006.0368,0000007.22,0000005.68,9113063.15,00006.8443,239805503.17
2021-09-23T09:00:02.3Z,-USD,00005.9812,0000007.22,0000005.68,9106872.38,00006.8112,239991540.94
2021-09-23T10:00:02.464Z,-USD,00005.9233,0000007.22,0000005.68,8974905.89,00006.9052,240184421.21
2021-09-23T11:00:05.825Z,-USD,00005.9739,0000007.22,0000005.68,9111820.72,00006.8861,240474360.04
2021-09-23T12:00:02.063Z,-USD,00005.7115,0000007.22,00005.7115,9001391.89,00006.8105,240751826.96
2021-09-23T13:00:02.551Z,-USD,00005.7865,0000007.22,000005.764,8914675.09,00007.0975,240926992.23
2021-09-23T14:00:01.849Z,-USD,00005.9764,0000007.34,00005.9223,9494151.54,00007.0757,241733595.2
2021-09-23T15:00:02.469Z,-USD,00006.0304,0000007.34,00005.9564,9283862.74,00007.0832,242057007.54
2021-09-23T16:00:01.835Z,-USD,00006.2352,0000007.34,0000006.07,9066723.51,00006.9526,242490064.7
2021-09-23T17:00:02.388Z,-USD,00006.4187,0000007.34,0000006.07,8856298.95,00007.1151,242852057.89
2021-09-23T18:00:01.982Z,-USD,00006.1657,0000007.49,00006.1017,9059277.25,00007.4517,243397660.33
2021-09-23T19:00:01.805Z,-USD,000006.157,00007.8799,00006.1017,9609746.85,00007.5529,244359066.5
2021-09-23T20:00:02.516Z,-USD,00006.2773,00007.8799,00006.2412,9682510.16,00007.4078,244668423.12
2021-09-23T21:00:02.25Z,-USD,00006.4264,00007.8799,00006.2564,10018605.31,000007.567,245147979.6
2021-09-23T22:00:02.175Z,-USD,00006.4729,00007.8799,00006.2564,10048783.6,00007.3635,245434965.01
2021-09-23T23:00:01.951Z,-USD,00006.7677,00007.8799,00006.2564,9766171.19,000007.307,245744290.92
2021-09-24T00:00:02.48Z,-USD,00006.5467,00007.8799,00006.2564,9713584.52,00007.1379,246043920.49
2021-09-24T01:00:02.228Z,-USD,00006.3316,00007.8799,00006.2564,9632583.48,00007.1722,245774391.13
2021-09-24T02:00:02.084Z,-USD,00006.6286,00007.8799,00006.6223,9944910.56,00007.2057,246289148.51
2021-09-24T03:00:01.973Z,-USD,00006.8842,00007.8799,00006.6959,9244758.13,00007.0482,246707994.32
2021-09-24T04:00:02.45Z,-USD,00006.8972,00007.8799,00006.6959,9167193.45,00006.8322,247201594.74
2021-09-24T05:00:02.206Z,-USD,00006.7605,00007.8799,00006.6959,9144862.55,00006.7852,247600571.66
2021-09-24T06:00:02.643Z,-USD,00006.9263,00007.8799,000006.631,9244368.69,00000007.0,248123192.25
2021-09-24T07:00:02.623Z,-USD,000006.964,00007.8799,000006.631,09685250.4,00007.3449,248766112.28
2021-09-24T08:00:01.884Z,-USD,00006.8368,00007.8799,000006.631,10125725.37,00007.4104,249291478.95
2021-09-24T09:00:02.126Z,-USD,00006.8148,00007.8799,000006.631,10447471.15,00007.1931,249799438.27
2021-09-24T10:00:02.248Z,-USD,00006.8613,00007.8799,00006.4615,11117686.16,00006.5219,250663600.03
2021-09-24T11:00:02.663Z,-USD,00006.8788,00007.8799,000006.427,11408080.53,00006.5514,251243833.97
2021-09-24T12:00:02.133Z,-USD,00006.8306,00007.8799,00006.2061,11947478.87,00006.7774,252060698.16
2021-09-24T13:00:02.817Z,-USD,00007.1023,00007.8799,00006.2061,12126973.82,00006.5411,252417547.84
2021-09-24T14:00:02.591Z,-USD,00007.0809,00007.8799,00006.2061,11828212.55,00006.8845,252923032.76
2021-09-24T15:00:02.124Z,-USD,00007.0617,00007.8799,00006.2061,12071148.55,00007.1963,253488843.81
2021-09-24T16:00:01.961Z,-USD,00006.9179,00007.8799,00006.2061,13200007.09,000007.361,255050600.17
2021-09-24T17:00:02.316Z,-USD,00007.1253,00000008.0,00006.2061,14304146.83,00007.9175,256516374.72
2021-09-24T18:00:02.431Z,-USD,00007.4146,00008.2696,00006.2061,15354551.08,00007.7946,258120545.28
2021-09-24T19:00:02.41Z,-USD,000007.593,00008.2696,00006.2061,15168452.6,00007.6064,258889729.53
2021-09-24T20:00:01.732Z,-USD,00007.3943,00008.2696,00006.2061,15726024.81,00007.5326,259755431.36
2021-09-24T21:00:02.101Z,-USD,000007.564,00008.2696,00006.2061,15910331.57,00007.3693,260419053.72
2021-09-24T22:00:02.204Z,-USD,00007.3625,00008.2696,00006.2061,15890742.41,00007.3838,260685869.29
2021-09-24T23:00:01.997Z,-USD,0000007.29,00008.2696,00006.2061,16266322.79,00007.6841,261373370.15
2021-09-25T00:00:02.169Z,-USD,000007.132,00008.2696,00006.2061,16536011.51,00007.6296,261940437.44
2021-09-25T01:00:02.578Z,-USD,00007.1508,00008.2696,00006.2061,16709255.26,00007.5978,256766188.75
2021-09-25T02:00:01.928Z,-USD,000007.201,00008.2696,00006.2061,16678266.58,00007.2984,257249585.79
2021-09-25T03:00:01.987Z,-USD,00007.0553,00008.2696,00006.2061,16519250.6,0000007.13,257509396.23
2021-09-25T04:00:02.605Z,-USD,00006.8178,00008.2696,00006.2061,16356207.3,00007.1697,257854179.78
2021-09-25T05:00:02.68Z,-USD,000006.795,00008.2696,00006.2061,16238883.24,00007.1036,258124779.6
2021-09-25T06:00:02.668Z,-USD,00007.0003,00008.2696,00006.2061,16017367.84,000006.982,258431538.29
2021-09-25T07:00:01.846Z,-USD,00007.3722,00008.2696,00006.2061,15645173.32,00007.0926,258697848.02
2021-09-25T08:00:01.884Z,-USD,000007.382,00008.2696,00006.2061,15471039.3,00006.9893,259045047.38
2021-09-25T09:00:02.034Z,-USD,00007.1998,00008.2696,00006.2061,15407563.34,00007.0844,259490928.84
2021-09-25T10:00:01.83Z,-USD,00006.4578,00008.2696,00006.2061,15089368.46,00007.0421,260041045.61
2021-09-25T11:00:02.586Z,-USD,00006.5616,00008.2696,00006.2061,14767080.54,00007.0706,260294169.64
2021-09-25T12:00:02.497Z,-USD,00006.7927,00008.2696,00006.4598,14115639.61,00006.9033,260467167.97
2021-09-25T13:00:02.182Z,-USD,00006.5781,00008.2696,00006.4598,14047301.98,00006.9887,260747709.28
2021-09-25T14:00:02.678Z,-USD,00006.8983,00008.2696,0000006.75,13982096.74,00006.9093,261188012.06
2021-09-25T15:00:02.678Z,-USD,00007.2112,00008.2696,0000006.75,13744948.05,00006.8319,261517198.37
2021-09-25T16:00:01.769Z,-USD,00007.3481,00008.2696,0000006.75,12413390.42,00006.8783,261751310.86
2021-09-25T17:00:02.512Z,-USD,00007.9136,00008.2696,0000006.75,11152002.47,00006.8125,261960760.25
2021-09-25T18:00:01.743Z,-USD,00007.7829,00007.9085,0000006.75,09719783.3,00006.8516,262126745.01
2021-09-25T19:00:01.831Z,-USD,000007.589,00007.9085,0000006.75,9078917.44,00006.8614,262252861.56
2021-09-25T20:00:02.078Z,-USD,00007.4974,00007.9085,0000006.75,08712325.5,00006.9435,262755106.12
2021-09-25T21:00:02.047Z,-USD,00007.3744,00007.9085,0000006.75,8209631.11,00006.9481,262910890.67
2021-09-25T22:00:01.967Z,-USD,00007.3749,00007.9085,0000006.75,8033716.77,00006.8854,263001502.36
2021-09-25T23:00:02.555Z,-USD,00007.6528,00007.9085,0000006.75,7465028.46,00006.8265,263122854.6
2021-09-26T00:00:01.749Z,-USD,00007.6091,00007.7935,0000006.75,6986381.53,000006.829,263209353.18
2021-09-26T01:00:01.825Z,-USD,00007.5753,00007.6381,00006.5274,6801938.94,00006.6161,255097849.7
2021-09-26T02:00:02.1Z,-USD,00007.2956,00007.3466,00006.4282,6686087.59,00006.4708,255465367.54
2021-09-26T03:00:01.99Z,-USD,0000007.13,00007.3199,000006.315,6932170.29,00006.4166,255973289.95
2021-09-26T04:00:02.515Z,-USD,00007.1906,00007.2797,000006.315,6871981.69,00006.4196,256254881.84
2021-09-26T05:00:01.75Z,-USD,00007.0917,00007.2533,000006.312,06958957.3,00006.5767,256612828.69
2021-09-26T06:00:02.535Z,-USD,00006.9771,00007.2533,000006.312,6900034.75,00006.4347,256861855.67
2021-09-26T07:00:02.664Z,-USD,00007.0893,00007.2533,000006.312,6811220.76,000006.372,257038431.9
2021-09-26T08:00:02.631Z,-USD,00007.0102,00007.2533,0000005.75,7389530.06,00005.9805,257963910.8
2021-09-26T09:00:02.674Z,-USD,00007.0515,00007.2533,0000005.75,7499993.34,00005.8003,258526429.13
2021-09-26T10:00:01.845Z,-USD,00007.0298,00007.2424,0000005.75,8019686.66,00006.2622,259590083.75
2021-09-26T11:00:01.798Z,-USD,00007.0615,00000007.2,0000005.75,8013378.36,00006.3414,259836738.76
2021-09-26T12:00:02.079Z,-USD,00006.8906,00000007.2,0000005.75,8002067.19,000006.324,259998158.8
2021-09-26T13:00:02.198Z,-USD,00007.0017,00000007.2,0000005.75,07892054.7,00006.3652,260169572.32
2021-09-26T14:00:02.218Z,-USD,00006.8969,000007.145,0000005.75,7719264.93,00006.1814,260437051.71
2021-09-26T15:00:02.375Z,-USD,00006.8166,000007.145,0000005.75,7653824.78,00006.3353,260700165.71
2021-09-26T16:00:02.518Z,-USD,000006.871,000007.145,0000005.75,7594531.86,00006.2972,260874940.3
2021-09-26T17:00:02.496Z,-USD,00006.8145,000007.145,0000005.75,7646444.29,00006.2126,261136530.35
2021-09-26T18:00:01.767Z,-USD,00006.8347,000007.145,0000005.75,7793574.69,00006.3903,261449533.8
2021-09-26T19:00:01.978Z,-USD,00006.8675,000007.145,0000005.75,7930248.07,00006.4033,261711787.55
2021-09-26T20:00:02.12Z,-USD,00006.9471,00007.0237,0000005.75,07552927.0,00006.5318,261840276.02
2021-09-26T21:00:02.114Z,-USD,00006.9525,000006.958,0000005.75,07496116.1,00006.4347,261935679.72
2021-09-26T22:00:02.208Z,-USD,00006.8885,00006.9094,0000005.75,7472029.25,00006.3524,262002248.41
2021-09-26T23:00:02.421Z,-USD,00006.8368,00006.8674,0000005.75,7440291.11,00006.2729,262092178.22
2021-09-27T00:00:02.585Z,-USD,00006.8293,00006.8342,0000005.75,07624172.4,00006.2736,262362209.6
2021-09-27T01:00:01.792Z,-USD,00006.6255,00006.6496,0000005.75,7392787.85,00006.4324,253873445.25
2021-09-27T02:00:01.815Z,-USD,00006.4669,00000007.0,0000005.75,07431163.1,00006.9895,254279218.3
2021-09-27T03:00:01.926Z,-USD,00006.4357,00000007.0,0000005.75,07248547.6,00006.7079,254607278.98
2021-09-27T04:00:02.541Z,-USD,00006.4233,00000007.0,0000005.75,7179348.71,00006.6895,254817320.52
2021-09-27T05:00:02.144Z,-USD,00006.5792,00000007.0,0000005.75,6974497.48,00006.6086,254969888.12
2021-09-27T06:00:02.117Z,-USD,00006.4415,00000007.0,0000005.75,6927175.41,00006.6888,255171483.22
2021-09-27T07:00:02.227Z,-USD,00006.3729,00000007.0,0000005.75,6896148.85,00006.5307,255317839.09
2021-09-27T08:00:02.214Z,-USD,00005.9577,00000007.0,00005.7681,06172708.4,00006.5491,255522772.56
2021-09-27T09:00:02.262Z,-USD,000005.814,00000007.0,00005.8122,5736441.65,00006.4142,255646021.58
2021-09-27T10:00:02.303Z,-USD,00006.2421,00000007.0,00006.1017,4911762.27,00006.3538,255887221.94
2021-09-27T11:00:01.866Z,-USD,00006.3348,00000007.0,00006.1017,4786392.42,000006.306,256007385.98
2021-09-27T12:00:01.882Z,-USD,00006.3446,00000007.0,00006.1017,4719964.58,00006.3443,256100782.59
2021-09-27T13:00:02.11Z,-USD,00006.3599,00000007.0,00006.1017,4650326.65,000006.361,256202716.98
2021-09-27T14:00:02.199Z,-USD,00006.1972,00000007.0,00006.1017,4722375.62,00006.4171,256542078.38
2021-09-27T15:00:02.738Z,-USD,00006.3348,00000007.0,00006.1017,4682656.12,00006.2903,256770144.11
2021-09-27T16:00:02.049Z,-USD,00006.2977,00000007.0,00006.1017,4624919.17,00006.3751,256884742.25
2021-09-27T17:00:02.063Z,-USD,00006.1976,00000007.0,00006.1122,4532988.86,000006.327,257052660.86
2021-09-27T18:00:02.964Z,-USD,00006.3855,00000007.0,00006.1122,4358780.17,000006.373,257191025.06
2021-09-27T19:00:02.296Z,-USD,00006.4013,00000007.0,00006.1122,4212653.03,0000006.29,257307011.59
2021-09-27T20:00:02.256Z,-USD,00006.5459,00000007.0,00006.1122,4191974.37,000006.238,257414758.14
2021-09-27T21:00:02.424Z,-USD,00006.4497,00000007.0,00006.1006,4275304.45,00006.1087,257593979.66
2021-09-27T22:00:02.669Z,-USD,00006.3526,00000007.0,00000006.1,04314445.2,00006.2758,257699343.32
2021-09-27T23:00:01.766Z,-USD,00006.2319,00000007.0,00000006.1,4295161.13,00006.2125,257771586.12
2021-09-28T00:00:02.209Z,-USD,000006.256,00000007.0,00000006.1,4137834.95,00006.1353,257883497.15
2021-09-28T01:00:02.458Z,-USD,00006.4261,00000007.0,00000006.1,4134607.57,00006.1689,255578185.22
2021-09-28T02:00:01.85Z,-USD,00006.9364,00006.9556,00005.9615,3990329.02,00006.1485,255849082.93
2021-09-28T03:00:01.975Z,-USD,00006.7178,00006.8152,00005.9615,3804690.04,00006.1582,255981639.28
2021-09-28T04:00:02.216Z,-USD,00006.6876,00006.8152,00005.9615,3679313.54,00006.1824,256066219.52
2021-09-28T05:00:01.939Z,-USD,00006.6151,00006.8152,00005.9615,03642896.6,00006.2031,256182309.98
2021-09-28T06:00:02.042Z,-USD,00006.7036,00006.7712,00005.9615,03536046.9,000006.132,256277319.05
2021-09-28T07:00:02.341Z,-USD,00006.5249,00006.6244,00005.9615,3530287.44,000006.013,256418692.67
2021-09-28T08:00:02.528Z,-USD,00006.5325,00006.6208,00005.8842,3653807.32,00005.8901,256747200.64
2021-09-28T09:00:02.378Z,-USD,00006.4165,00006.6208,00005.8822,3759010.59,00006.0668,256975001.03
2021-09-28T10:00:02.386Z,-USD,00006.3733,00006.6208,00005.8822,03759282.7,00006.0445,257216323.21
2021-09-28T11:00:02.074Z,-USD,00006.3118,00006.6208,00005.8822,3790040.41,00005.9816,257367687.88
2021-09-28T12:00:02.338Z,-USD,00006.3415,00006.6208,00005.8822,3809293.15,00006.0399,257479458.56
2021-09-28T13:00:02.449Z,-USD,00006.3589,00006.6208,00005.8822,3825513.14,00005.9336,257597948.24
2021-09-28T14:00:02.665Z,-USD,00006.4139,00006.4591,00005.8822,3698214.93,00005.9903,257810264.49
2021-09-28T15:00:01.936Z,-USD,00006.2903,00006.4556,00005.8311,3710411.23,00005.8677,258050625.81
2021-09-28T16:00:02.569Z,-USD,00006.3727,00006.4556,00005.8002,3760123.09,00005.8306,258214288.06
2021-09-28T17:00:02.866Z,-USD,00006.3264,00006.4556,00005.8002,3735569.47,00005.8245,258358339.53
2021-09-28T18:00:02.31Z,-USD,00006.3669,00006.3983,00005.8002,3741150.11,00005.8611,258501596.55
2021-09-28T19:00:02.452Z,-USD,00006.2864,00006.3413,00005.8002,3769472.16,00005.8186,258645865.61
2021-09-28T20:00:02.524Z,-USD,00006.2384,00006.2979,00005.8002,03741400.8,00005.8485,258726307.25
2021-09-28T21:00:02.277Z,-USD,00006.1143,00006.2979,00005.8002,3654934.82,00005.8914,258818307.47
2021-09-28T22:00:01.703Z,-USD,00006.2778,00006.2979,00005.8002,3585291.81,00005.9015,258854016.1
2021-09-28T23:00:02.446Z,-USD,00006.1955,00006.2686,00005.8002,3597966.97,00005.8496,258939085.31
2021-09-29T00:00:02.799Z,-USD,00006.1288,00006.2686,00005.8002,3584979.66,000005.819,259037875.17
2021-09-29T01:00:02.151Z,-USD,00006.1718,00006.2686,00005.7402,3669484.61,00005.8171,238625768.25
2021-09-29T02:00:01.875Z,-USD,00006.1472,00006.2686,00005.7402,3510333.36,00005.8283,238737424.84
2021-09-29T03:00:02.624Z,-USD,00006.1608,00006.2686,00005.7402,3500411.16,00005.9512,238860239.62
2021-09-29T04:00:02.225Z,-USD,00006.1939,00006.2686,00005.7402,3577275.56,00006.0386,239022592.75
2021-09-29T05:00:01.856Z,-USD,00006.1847,00006.2205,00005.7402,3602775.83,00005.9867,239165911.82
2021-09-29T06:00:02.48Z,-USD,00006.1261,00006.1666,00005.7402,3635283.49,0000005.93,239291297.76
2021-09-29T07:00:02.046Z,-USD,0000006.02,00006.1095,00005.7402,3561763.25,00005.9639,239358823.62
2021-09-29T08:00:02.639Z,-USD,00005.8905,00006.1095,00005.7402,3324777.98,00005.9741,239450343.49
2021-09-29T09:00:02.32Z,-USD,00006.0657,00006.1095,00005.7402,3164050.84,0000005.96,239517213.89
2021-09-29T10:00:02.706Z,-USD,0000006.04,00006.0751,00005.7402,3024752.95,00005.8929,239619288.89
2021-09-29T11:00:03.436Z,-USD,00005.9843,00006.0751,00005.7402,2981813.42,00005.9585,239727551.6
2021-09-29T12:00:02.427Z,-USD,00006.0366,00006.1704,00005.7402,3021691.57,00006.0065,239879769.95
2021-09-29T13:00:02.041Z,-USD,00005.9347,00006.1704,00005.7402,3096113.38,00005.8442,240076181.83
2021-09-29T14:00:02.192Z,-USD,000005.982,00006.1704,00005.7402,3072135.75,000005.832,240261185.22
2021-09-29T15:00:02.089Z,-USD,00005.8675,00006.1704,00005.7402,2943002.29,00005.8265,240371610.97
2021-09-29T16:00:01.756Z,-USD,00005.8287,00006.1704,00005.6596,2974619.45,000005.665,240567172.09
2021-09-29T17:00:02.569Z,-USD,00005.8284,00006.1704,00005.6048,3026446.05,00005.6916,240763734.18
2021-09-29T18:00:02.127Z,-USD,000005.863,00006.1704,00005.5704,3020385.41,000005.598,240899961.62
2021-09-29T19:00:01.734Z,-USD,00005.8243,00006.1704,00005.5408,3097176.74,00005.6177,241121149.34
2021-09-29T20:00:02.534Z,-USD,00005.8577,00006.1704,00005.5367,3136701.43,000005.554,241245239.66
2021-09-29T21:00:02.245Z,-USD,0000005.89,00006.1704,00005.5051,3199042.36,00005.6099,241395411.9
2021-09-29T22:00:02.118Z,-USD,00005.9093,00006.1704,00005.5051,3241753.99,00005.6233,241473771.29
2021-09-29T23:00:02.473Z,-USD,00005.8464,00006.1704,00005.5051,3295095.44,000005.631,241612610.54
2021-09-30T20:00:24.953Z,-USD,00005.5452,00005.8773,00005.5051,02973596.4,0000005.66,226554619.04
2021-09-30T21:00:01.877Z,-USD,00005.6052,00005.8773,00005.5472,2936485.98,00005.6216,226660601.53
2021-09-30T22:00:01.971Z,-USD,00005.6224,00005.8773,00005.5472,2900467.34,0000005.63,226702748.3
2021-09-30T23:00:01.898Z,-USD,00005.6297,00005.8773,00005.5736,2827099.38,00005.6091,226768600.94
2021-10-01T00:00:02.236Z,-USD,00005.6879,00005.8773,00005.5736,2775965.76,00005.6354,226846895.63
2021-10-01T01:00:02.43Z,-USD,00005.7739,00005.8773,00005.5736,2866964.97,00005.7589,214844607.86
2021-10-01T02:00:01.807Z,-USD,00005.7937,00005.8773,00005.5736,2820401.72,00005.7011,214941918.36
2021-10-01T03:00:02.143Z,-USD,000005.792,00005.8773,00005.5736,2787003.66,00005.6363,215021478.83
2021-10-01T04:00:01.981Z,-USD,00005.8013,00005.8773,00005.5736,2777402.86,00005.6665,215104691.99
2021-10-01T05:00:01.806Z,-USD,00005.7635,00005.8773,00005.5736,2710571.75,00005.6452,215180382.77
2021-10-01T06:00:01.719Z,-USD,00005.7549,00005.8773,00005.5736,2660139.22,00005.7122,215246595.6
2021-10-01T07:00:02.628Z,-USD,00005.7924,00005.8608,00005.5736,2667676.97,00005.7644,215371116.9
2021-10-01T08:00:02.645Z,-USD,00005.7354,00005.9169,00005.5736,2707027.57,00005.9121,215537998.84
2021-10-01T09:00:02.609Z,-USD,00005.6294,00006.0636,0000005.59,2762654.42,0000005.99,215757879.55
2021-10-01T10:00:02.404Z,-USD,00005.6669,00006.0636,0000005.59,2820165.69,00005.9389,215890606.98
2021-10-01T11:00:02.164Z,-USD,00005.6304,000006.177,0000005.59,02981307.5,00006.0875,216152566.53
2021-10-01T12:00:02.314Z,-USD,000005.751,00006.2343,0000005.59,3080392.34,0000006.12,216345375.17
2021-10-01T13:00:02.328Z,-USD,00005.7666,00006.2343,0000005.59,3119892.95,00006.0746,216476793.38
2021-10-01T14:00:02.419Z,-USD,00005.7861,00006.2343,0000005.59,3143162.52,00006.0318,216645488.57
2021-10-01T15:00:02.422Z,-USD,00005.7314,00006.2343,0000005.59,3202675.23,00006.0805,216808295.11
2021-10-01T16:00:02.633Z,-USD,00005.7041,00006.2343,0000005.59,03282453.4,000006.119,216984535.47
2021-10-01T17:00:01.817Z,-USD,00005.6795,00006.2343,0000005.59,3304514.15,00006.1797,217126348.65
2021-10-01T18:00:02.137Z,-USD,00005.6779,00006.2343,0000005.59,3269062.89,00006.1798,217278607.68
2021-10-01T19:00:02.528Z,-USD,00005.7433,00006.3204,0000005.59,3288596.15,00006.2664,217486778.32
2021-10-01T20:00:02.642Z,-USD,000005.654,00006.3204,0000005.59,03232412.3,00006.2807,217560881.48
2021-10-01T21:00:01.797Z,-USD,00005.6163,00006.3204,00005.5903,03289425.7,000006.242,217722602.99
2021-10-01T22:00:01.864Z,-USD,00005.6303,00006.3204,00005.5903,3326777.13,0000006.23,217802633.85
2021-10-01T23:00:01.744Z,-USD,00005.6099,00006.3204,00005.5903,03345186.0,00006.1601,217886370.5
2021-10-02T00:00:02.671Z,-USD,00005.6468,00006.3204,00005.6059,3366268.85,00006.1563,217986274.02
2021-10-02T01:00:02.583Z,-USD,00005.7437,00006.3204,00005.6059,3251426.77,00006.0977,213249905.55
2021-10-02T02:00:01.75Z,-USD,00005.7079,00006.3204,00005.6059,3240892.04,00006.1141,213335092.08
2021-10-02T03:00:01.917Z,-USD,00005.6321,00006.3204,00005.6138,3230738.23,00006.0682,213404225.91
2021-10-02T04:00:02.267Z,-USD,00005.6615,00006.3204,00005.6274,3233196.49,00006.0767,213489910.92
2021-10-02T05:00:01.935Z,-USD,00005.6468,00006.3204,00005.6344,03243109.2,00006.0509,213576409.32
2021-10-02T06:00:02.018Z,-USD,000005.708,00006.3204,00005.6885,3228166.18,00006.1009,213627280.13
2021-10-02T07:00:02.099Z,-USD,0000005.76,00006.3204,000005.734,3252199.76,00006.1998,213775468.51
2021-10-02T08:00:01.754Z,-USD,00005.9236,00006.3204,00005.8444,03180128.9,00006.2581,213871637.54
2021-10-02T09:00:02.683Z,-USD,00006.0044,000006.377,00005.9009,3135228.14,00006.2715,214045704.65
2021-10-02T10:00:02.272Z,-USD,00005.9415,000006.377,00005.9009,03068536.0,00006.3399,214111382.79
2021-10-02T11:00:02.409Z,-USD,00006.0741,000006.377,00006.0196,2845631.41,00006.3668,214150705.78
2021-10-02T12:00:02.429Z,-USD,00006.1217,00006.6281,00006.0196,2898734.27,000006.551,214396958.55
2021-10-02T13:00:02.295Z,-USD,00006.0889,00006.6281,00006.0196,3011186.03,00006.5195,214641269.63
2021-10-02T14:00:02.394Z,-USD,00006.0215,00006.6281,00006.0196,3042691.16,00006.3895,214845151.62
2021-10-02T15:00:02.37Z,-USD,00006.0728,00006.6281,00006.0207,3038367.09,00006.4431,215000250.1
2021-10-02T16:00:02.284Z,-USD,00006.1386,00006.6281,00006.0207,02990405.7,00006.5273,215132584.76
2021-10-02T17:00:01.853Z,-USD,00006.1683,00006.6281,00006.0207,3044149.34,00006.4303,215323953.23
2021-10-02T18:00:01.996Z,-USD,00006.1764,00006.6281,00006.0207,3014372.62,000006.433,215446107.95
2021-10-02T19:00:03.21Z,-USD,00006.2647,00006.6281,00006.0207,2911231.11,00006.4154,215550606.22
2021-10-02T20:00:02.449Z,-USD,0000006.29,00006.6281,00006.0207,2904299.85,00006.4537,215617469.88
2021-10-02T21:00:02.484Z,-USD,00006.2575,00006.6281,00006.0207,02879102.5,0000006.37,215765598.09
2021-10-02T22:00:02.619Z,-USD,0000006.24,00006.6281,00006.0207,02866047.6,00006.3874,215820767.46
2021-10-02T23:00:02.232Z,-USD,0000006.17,00006.6281,00006.0207,2851934.15,00006.4629,215894123.31
2021-10-03T00:00:02.159Z,-USD,00006.1553,00006.6281,00006.0207,2979403.39,0000006.31,216119915.55
2021-10-03T01:00:02.643Z,-USD,00006.1036,00006.6281,00006.0207,3058323.08,00006.1813,212694902.79
2021-10-03T02:00:02.455Z,-USD,0000006.11,00006.6281,00006.0207,3129177.62,00006.2211,212850962.57
2021-10-03T03:00:02.212Z,-USD,00006.0673,00006.6281,00006.0207,3136639.98,00006.3361,212927415.75
2021-10-03T04:00:02.056Z,-USD,000006.072,00006.6438,00006.0207,3467131.79,00006.5116,213344753.6
2021-10-03T05:00:02.271Z,-USD,00006.0515,00006.6438,00006.0485,3651009.78,0000006.54,213613592.08
2021-10-03T06:00:01.704Z,-USD,00000006.1,00006.6438,00006.0546,3757919.58,00006.4748,213771053.9
2021-10-03T07:00:02.137Z,-USD,00006.1994,00006.6438,00006.0819,3656692.42,000006.457,213821328.96
2021-10-03T08:00:01.747Z,-USD,00006.2446,00006.6438,00006.0819,3684793.45,00006.3831,213944503.89
2021-10-03T09:00:02.23Z,-USD,00006.2712,00006.6438,00006.0819,3580457.86,00006.3613,214012248.86
2021-10-03T10:00:01.83Z,-USD,00006.3479,00006.6438,00006.0819,3652710.16,00006.3094,214150060.11
2021-10-03T11:00:02.311Z,-USD,00006.3663,00006.6438,00006.0819,3702854.46,0000006.31,214239684.99
2021-10-03T12:00:02.605Z,-USD,00006.5556,00006.6438,00006.0819,3586399.67,00006.3138,214370586.63
2021-10-03T13:00:02.294Z,-USD,00006.5309,00006.6438,00006.0819,3422782.28,00006.3662,214450148.37
2021-10-03T14:00:02.107Z,-USD,00006.4101,00006.6438,00006.0819,3328853.74,00006.3231,214567887.86
2021-10-03T15:00:01.771Z,-USD,00006.4471,00006.6438,00006.0819,3252094.97,00006.2908,214638561.9
2021-10-03T16:00:02.635Z,-USD,00006.5291,00006.6438,00006.0819,3209876.64,00006.2387,214730391.16
2021-10-03T17:00:02.595Z,-USD,00006.4389,00006.6438,00006.0819,3065918.63,000006.269,214776659.62
2021-10-03T18:00:02.164Z,-USD,00006.4425,00006.6438,00006.0819,3047277.32,00006.3135,214887199.17
2021-10-03T19:00:02.339Z,-USD,0000006.42,00006.6438,00006.0819,3143751.68,000006.383,215080552.82
2021-10-03T20:00:02.394Z,-USD,00006.4534,00006.6438,00006.0819,03159582.5,0000006.32,215162933.06
2021-10-03T21:00:02.153Z,-USD,00006.3716,00006.6438,00006.0819,3206757.29,00006.2615,215365120.75
2021-10-03T22:00:02.068Z,-USD,00006.3852,00006.6438,00006.0819,3241690.05,00006.2003,215448725.1
2021-10-03T23:00:01.757Z,-USD,00006.4693,00006.6438,00006.0819,03282186.1,00006.2491,215563659.47
2021-10-04T00:00:01.766Z,-USD,000006.291,00006.6438,00006.0819,3138683.85,00006.3091,215645958.43
2021-10-04T01:00:01.911Z,-USD,00006.1849,00006.6438,00006.1028,3046856.06,00006.1923,212886966.11
2021-10-04T02:00:02.161Z,-USD,00006.2274,00006.6438,00006.1376,3029670.23,00006.1605,213023034.21
2021-10-04T03:00:02.437Z,-USD,00006.3264,00006.6438,000006.065,3081791.79,00006.0784,213152265.53
2021-10-04T04:00:02.577Z,-USD,0000006.52,0000006.64,00005.9417,02880576.9,00006.1032,213368721.39
2021-10-04T05:00:02.206Z,-USD,00006.5254,00006.6178,00005.9417,2720499.03,000006.155,213478063.94
2021-10-04T06:00:02.478Z,-USD,00006.4761,00006.5197,00005.9417,2620743.53,00006.1731,213534992.36
2021-10-04T07:00:02.295Z,-USD,00006.4542,00006.4766,00005.9417,2686697.68,000006.106,213649700.39
2021-10-04T08:00:02.455Z,-USD,00006.3996,00006.4485,00005.9417,2658828.97,00006.0904,213745239.37
2021-10-04T09:00:02.365Z,-USD,0000006.36,00006.4485,00005.9417,2683734.66,0000006.07,213837715.08
2021-10-04T10:00:02.176Z,-USD,000006.314,00006.4485,00005.9417,2593685.41,00006.0818,213885563.09
2021-10-04T11:00:02.405Z,-USD,000006.305,00006.4485,00005.9417,2584426.32,00006.0408,213966224.86
2021-10-04T12:00:02.181Z,-USD,0000006.32,00006.4485,00005.9417,2560407.25,00006.0071,214076038.95
2021-10-04T13:00:03.229Z,-USD,0000006.36,00006.4485,00005.9417,2552582.84,00006.0567,214144805.58
2021-10-04T14:00:02.249Z,-USD,00006.3053,00006.4485,00005.9417,2611534.88,00006.2931,214325920.76
2021-10-04T15:00:02.514Z,-USD,00006.2909,00006.4485,00005.9417,2829077.55,00006.0671,214609227.7
2021-10-04T16:00:01.811Z,-USD,00006.2436,00006.4485,00005.9417,2943219.48,00006.0058,214816894.51
2021-10-04T17:00:01.975Z,-USD,00006.2637,00006.4485,00005.9417,03106879.1,00006.1118,215025260.64
2021-10-04T18:00:02.628Z,-USD,00006.3016,00006.4485,00005.9417,3135558.41,0000006.14,215166714.14
2021-10-04T19:00:02.19Z,-USD,0000006.37,00006.3873,00005.9417,3048493.17,00006.1331,215270887.12
2021-10-04T20:00:02.612Z,-USD,0000006.32,00006.3424,00005.9417,3059954.35,00006.0928,215365417.12
2021-10-04T21:00:02.314Z,-USD,00006.2529,00006.3424,00005.9417,3039734.25,0000005.99,215548404.28
2021-10-04T22:00:02.616Z,-USD,00006.1931,00006.3424,00005.9417,03092093.1,000005.968,215697376.68
2021-10-04T23:00:01.945Z,-USD,0000006.25,00006.3424,0000005.94,3069049.62,00005.9662,215774607.19
2021-10-05T00:00:01.829Z,-USD,000006.312,00006.3424,0000005.94,3052278.89,00006.0005,215840367.96
2021-10-05T01:00:01.97Z,-USD,00006.1913,00006.3424,0000005.94,3122817.13,00006.0181,206389977.45
2021-10-05T02:00:02.235Z,-USD,00006.1605,00006.3424,0000005.94,3068693.04,00006.0441,206472616.37
2021-10-05T03:00:02.364Z,-USD,00006.0908,00006.3424,0000005.94,2988531.54,00006.0128,206521253.32
2021-10-05T04:00:02.384Z,-USD,00006.0806,00006.3424,0000005.94,2887561.29,00006.0132,206637154.62
2021-10-05T05:00:01.837Z,-USD,00006.1488,00006.3424,0000005.94,2840477.91,00000006.0,206699875.15
2021-10-05T06:00:01.692Z,-USD,000006.176,00006.3424,0000005.94,02854072.6,00006.0224,206770181.05
2021-10-05T07:00:02.624Z,-USD,00006.1058,00006.3424,0000005.94,2818084.62,00006.0045,206848180.63
2021-10-05T08:00:02.359Z,-USD,00006.1079,00006.3424,0000005.94,2767953.92,00006.0034,206895712.58
2021-10-05T09:00:02.454Z,-USD,00006.0635,00006.3424,0000005.94,2723383.63,00006.0162,206941583.16
2021-10-05T10:00:02.347Z,-USD,00006.0971,00006.3424,0000005.94,2749509.71,00006.0567,207019014.45
2021-10-05T11:00:02.138Z,-USD,00006.0461,00006.3424,0000005.94,2873851.62,00006.0756,207220572.68
2021-10-05T12:00:02.334Z,-USD,00005.9827,00006.3424,0000005.94,2832589.08,00006.0579,207289788.17
2021-10-05T13:00:02.277Z,-USD,00006.0497,00006.3424,0000005.94,2821017.22,00006.0331,207349121.91
2021-10-05T14:00:02.345Z,-USD,00006.3111,00006.3424,0000005.94,2705366.24,00006.0429,207417408.87
2021-10-05T15:00:02.507Z,-USD,00006.0598,000006.184,00005.8089,2720122.52,00005.9126,207720489.59
2021-10-05T16:00:02.682Z,-USD,00006.0353,000006.184,00005.8056,2789037.81,00005.8125,207994895.02
2021-10-05T17:00:02.625Z,-USD,00006.1068,000006.184,0000005.71,3053370.14,00005.8867,208461142.59
2021-10-05T18:00:02.044Z,-USD,00006.1382,000006.184,0000005.71,3025054.93,00005.9319,208572409.67
2021-10-05T19:00:02.356Z,-USD,00006.1425,000006.184,0000005.71,3024119.42,00005.8865,208676286.88
2021-10-05T20:00:02.651Z,-USD,000006.101,000006.184,0000005.71,3030274.44,00005.9308,208776928.74
2021-10-05T21:00:01.92Z,-USD,00005.9916,000006.184,0000005.71,2974359.61,00005.9018,208903360.07
2021-10-05T22:00:02.228Z,-USD,00005.9638,000006.184,0000005.71,2888966.97,00005.9287,208966883.83
2021-10-05T23:00:02.554Z,-USD,00005.9771,000006.184,0000005.71,2871921.52,00005.9228,209027286.17
2021-10-06T00:00:02.48Z,-USD,00006.0083,000006.184,0000005.71,2849246.82,00005.9169,209075984.28
2021-10-06T01:00:03.848Z,-USD,00006.0245,000006.184,0000005.71,2809013.32,00005.9383,202388668.82
2021-10-06T02:00:02.558Z,-USD,000006.026,000006.184,0000005.71,2812296.58,00005.9106,202474653.12
2021-10-06T03:00:02.558Z,-USD,0000006.02,000006.184,0000005.71,2801669.82,00005.9164,202512704.78
2021-10-06T04:00:02.525Z,-USD,00006.0087,000006.184,0000005.71,2735585.65,00005.8634,202561760.73
2021-10-06T05:00:02.242Z,-USD,00005.9924,000006.184,0000005.71,2763594.95,00005.7952,202652929.12
2021-10-06T06:00:02.1Z,-USD,0000006.02,000006.184,0000005.71,2796407.84,00005.8131,202758761.78
2021-10-06T07:00:01.857Z,-USD,00005.9985,000006.184,0000005.71,2785930.05,00005.8201,202824342.76
2021-10-06T08:00:01.881Z,-USD,00006.0037,000006.184,00005.6984,2927684.95,00005.7421,203012542.7
2021-10-06T09:00:01.785Z,-USD,00006.0151,000006.184,00005.5121,3108307.61,00005.6076,203239340.11
2021-10-06T10:00:01.918Z,-USD,00006.0418,000006.184,00005.5121,3187827.23,0000005.64,203399507.84
2021-10-06T11:00:02.583Z,-USD,00006.0751,00006.1565,00005.5121,3119561.37,000005.652,203530166.68
2021-10-06T12:00:02.527Z,-USD,00006.0596,000006.066,00005.5121,3199973.05,00005.7128,203678875.44
2021-10-06T13:00:02.795Z,-USD,00006.0232,000006.065,00005.5121,3300203.84,00005.7803,203841170.83
2021-10-06T14:00:02.037Z,-USD,00006.0421,00006.0462,00005.5121,03432639.8,000005.868,204039352.33
2021-10-06T15:00:01.789Z,-USD,00005.9136,00005.9955,00005.5121,3220568.52,000005.867,204131875.24
2021-10-06T16:00:02.198Z,-USD,00005.8147,00005.9955,00005.5121,3058795.49,00005.8987,204244055.11
2021-10-06T17:00:02.432Z,-USD,00005.8793,00005.9955,00005.5121,2687570.16,0000005.95,204341054.21
2021-10-06T18:00:02.61Z,-USD,00005.9226,00005.9955,00005.5121,02641428.8,00005.8692,204403268.68
2021-10-06T19:00:02.044Z,-USD,00005.8886,00005.9955,00005.5121,2592261.01,00005.8655,204467457.81
2021-10-06T20:00:02.302Z,-USD,00005.9241,00005.9955,00005.5121,2579119.71,00005.8842,204546010.11
2021-10-06T21:00:02.267Z,-USD,00005.9016,00005.9955,00005.5121,02599306.6,000005.774,204694074.85
2021-10-06T22:00:02.387Z,-USD,00005.9255,00005.9955,00005.5121,2689881.94,00005.7035,204845734.7
2021-10-06T23:00:02.252Z,-USD,00005.9188,00005.9955,00005.5121,2738498.64,00005.7446,204956001.67
2021-10-07T00:00:02.344Z,-USD,00005.9262,00005.9955,00005.5121,2809744.01,00005.7393,205075224.13
2021-10-07T01:00:02.619Z,-USD,00005.9375,000005.974,00005.5121,2811945.48,000005.669,195017179.46
2021-10-07T02:00:01.765Z,-USD,00005.9169,000005.974,00005.5121,2901800.67,00005.7031,195193393.02
2021-10-07T03:00:01.924Z,-USD,00005.9156,000005.974,00005.5121,3046563.04,00005.7524,195375749.66
2021-10-07T04:00:01.977Z,-USD,00005.8587,000005.974,00005.5121,3057920.46,00005.6961,195436407.14
2021-10-07T05:00:01.982Z,-USD,000005.798,000005.974,00005.5121,3031394.67,000005.752,195500881.7
2021-10-07T06:00:02.06Z,-USD,00005.8133,000005.974,00005.5121,3013643.71,00005.7808,195589544.78
2021-10-07T07:00:02.06Z,-USD,000005.807,000005.974,00005.5121,3100854.47,00005.8383,195748035.34
2021-10-07T08:00:01.954Z,-USD,00005.7332,0000005.99,00005.5121,3003597.15,0000005.99,195835222.64
2021-10-07T09:00:02.462Z,-USD,00000005.6,00006.0373,00005.5754,2908140.81,00005.9467,195965473.87
2021-10-07T10:00:01.882Z,-USD,00005.6461,00006.0373,00005.5875,2938196.89,00005.9264,196155931.71
2021-10-07T11:00:02.552Z,-USD,00005.6465,00006.0373,00005.6031,02911322.1,00005.8084,196258697.73
2021-10-07T12:00:02.381Z,-USD,00005.7101,00006.0373,00005.6031,2845197.54,00005.9139,196341875.95
2021-10-07T13:00:02.003Z,-USD,000005.788,00006.0373,00005.6031,2764875.58,00005.8186,196425392.09
2021-10-07T14:00:02.354Z,-USD,00005.8646,00006.0373,00005.6031,2634700.94,00005.8912,196490796.93
2021-10-07T15:00:02.174Z,-USD,00005.8699,00006.0373,00005.6031,2658354.33,00005.7598,196607921.15
2021-10-07T16:00:02.337Z,-USD,00005.8875,00006.0373,00005.6031,2620540.93,00005.7923,196682302.27
2021-10-07T17:00:02.827Z,-USD,00005.9482,00006.0373,00005.6031,2630903.21,00005.7901,196788676.95
2021-10-07T18:00:02.286Z,-USD,00005.8668,00006.0373,00005.6031,2623641.94,00005.7742,196843414.92
2021-10-07T19:00:02.466Z,-USD,00005.8562,00006.0373,00005.6031,2604253.25,00005.8051,196889327.85
2021-10-07T20:00:02.612Z,-USD,00005.8808,00006.0373,00005.6031,2570197.38,00005.7959,196933090.18
2021-10-07T21:00:02.671Z,-USD,00005.7755,00006.0373,00005.6031,2484347.81,00005.8458,196998110.17
2021-10-07T22:00:02.414Z,-USD,000005.704,00006.0373,00005.6031,2370751.43,00005.8499,197036254.06
2021-10-07T23:00:01.81Z,-USD,00005.7394,00006.0373,00005.6031,2318551.65,00005.8795,197092932.54
2021-10-08T00:00:02.056Z,-USD,00005.7373,00006.0373,00005.6031,2281756.61,00005.9022,197173882.31
2021-10-08T01:00:02.337Z,-USD,00005.6653,00006.0373,00005.6031,2231779.87,00005.9692,188494745.26
2021-10-08T02:00:02.461Z,-USD,00005.6935,00006.0704,00005.6709,2209058.83,00006.0449,188647099.14
2021-10-08T03:00:02.42Z,-USD,000005.732,00006.0704,00005.6869,2176115.59,00005.8647,188796422.02
2021-10-08T04:00:02.64Z,-USD,00005.6904,00006.0704,00005.6869,2178783.85,00005.8979,188858906.87
2021-10-08T05:00:02.097Z,-USD,00005.7503,00006.0704,00005.6869,2162932.73,00005.8452,188907826.5
2021-10-08T06:00:02.779Z,-USD,00005.8012,00006.0704,00005.7224,2122643.43,00005.9332,188956827.86
2021-10-08T07:00:01.68Z,-USD,00005.8127,00006.0704,00005.7224,1998303.89,000005.915,188993774.53
2021-10-08T08:00:02.649Z,-USD,00005.9963,00006.0704,00005.7224,1963991.36,00005.8989,189044917.64
2021-10-08T09:00:01.806Z,-USD,00005.9541,00006.0704,00005.7224,1949976.21,00005.9313,189160224.9
2021-10-08T10:00:02.664Z,-USD,00005.9146,00006.0704,00005.7224,1805294.57,000005.897,189215297.78
2021-10-08T11:00:02.738Z,-USD,00005.8041,00006.0704,00005.7224,1750477.46,00005.9272,189253491.16
2021-10-08T12:00:01.729Z,-USD,000005.907,00006.0704,00005.7224,1760531.38,00005.8762,189350347.48
2021-10-08T13:00:01.748Z,-USD,00005.8243,00006.0704,00005.7224,1761201.99,00005.8198,189446499.53
2021-10-08T14:00:01.788Z,-USD,00005.8876,00006.0704,00005.7224,1813771.15,00005.8176,189548254.91
2021-10-08T15:00:01.932Z,-USD,0000005.75,00006.0704,00005.7224,01779619.3,00005.9078,189631920.65
2021-10-08T16:00:01.733Z,-USD,00005.7927,00006.0704,00005.7224,1774736.83,00005.8892,189701158.12
2021-10-08T17:00:02.074Z,-USD,00005.8035,00006.0704,00005.7514,1872196.36,00005.9464,189905139.06
2021-10-08T18:00:02.349Z,-USD,00005.7763,00006.0704,00005.7514,1886497.47,00005.9135,189974149.67
2021-10-08T19:00:02.991Z,-USD,00005.7952,00006.0704,00005.7775,01865183.1,00005.9172,189998527.13
2021-10-08T20:00:02.668Z,-USD,000005.817,00006.0704,0000005.78,1869581.59,00005.8776,190047089.62
2021-10-08T21:00:01.935Z,-USD,000005.847,00006.0704,0000005.78,1899324.08,000005.805,190141952.97
2021-10-08T22:00:02.123Z,-USD,00005.8487,00006.0704,0000005.78,1884261.73,00005.8247,190178826.26
2021-10-08T23:00:02.58Z,-USD,00005.8787,00006.0704,0000005.78,1873114.15,00005.8593,190209766.89
2021-10-09T00:00:01.744Z,-USD,00005.9034,00006.0704,0000005.78,1906188.21,00005.8767,190324743.28
2021-10-09T01:00:01.779Z,-USD,000005.963,00006.0704,0000005.78,01931387.5,0000005.84,178252383.25
2021-10-09T02:00:01.757Z,-USD,00006.0398,00006.0398,0000005.78,1840566.24,00005.8387,178316131.44
2021-10-09T03:00:01.973Z,-USD,00005.8668,00005.9685,0000005.78,1740533.42,00005.8503,178363812.9
2021-10-09T04:00:02.461Z,-USD,00005.8992,00006.0373,0000005.78,1789743.87,00005.9738,178475104.5
2021-10-09T05:00:02.076Z,-USD,000005.853,00006.2131,0000005.78,2168415.24,00006.1752,178903418.15
2021-10-09T06:00:02.058Z,-USD,00005.9408,00006.3288,0000005.78,2485079.66,00006.1918,179268357.03
2021-10-09T07:00:01.978Z,-USD,00005.9187,00006.3288,0000005.78,02648730.1,00006.1301,179468806.67
2021-10-09T08:00:01.965Z,-USD,00005.9009,00006.3288,0000005.78,2736755.94,00006.1609,179608419.08
2021-10-09T09:00:01.831Z,-USD,00005.9347,00006.3288,0000005.78,2739096.79,00006.0806,179726190.12
2021-10-09T10:00:01.974Z,-USD,00005.8932,00006.3288,0000005.78,2863835.95,00006.0365,179905379.76
2021-10-09T11:00:02.63Z,-USD,00005.9264,00006.3288,0000005.78,02862995.3,000006.008,179943801.74
2021-10-09T12:00:02.557Z,-USD,00005.8752,00006.3288,0000005.78,2826241.62,00005.9525,180002887.97
2021-10-09T13:00:02.488Z,-USD,00005.8159,00006.3288,00005.7906,2756228.44,00006.0293,180029395.12
2021-10-09T14:00:02.565Z,-USD,00005.8133,00006.3288,00000005.8,2724473.02,00006.0745,180099735.65
2021-10-09T15:00:02.382Z,-USD,00005.8973,00006.3288,00000005.8,2694764.54,00006.0449,180155053.76
2021-10-09T16:00:01.741Z,-USD,00005.8998,00006.3288,00000005.8,2660338.46,00006.0658,180188943.43
2021-10-09T17:00:02.433Z,-USD,00005.9483,00006.3288,00000005.8,2594462.51,00005.9007,180329838.03
2021-10-09T18:00:01.824Z,-USD,00005.8917,00006.3288,00000005.8,2567464.64,000005.936,180367967.09
2021-10-09T19:00:02.075Z,-USD,00005.9195,00006.3288,00000005.8,2582163.36,00005.9123,180407851.84
2021-10-09T20:00:01.879Z,-USD,00005.8912,00006.3288,00000005.8,2554155.37,00005.8855,180437749.55
2021-10-09T21:00:02.673Z,-USD,00005.8075,00006.3288,00000005.8,2537067.66,00005.8592,180506010.69
2021-10-09T22:00:02.583Z,-USD,00005.8146,00006.3288,00005.8062,2526636.59,00005.9241,180532897.31
2021-10-09T23:00:02.295Z,-USD,00005.8547,00006.3288,00005.8062,02520070.7,00005.9612,180557956.89
2021-10-10T00:00:02.547Z,-USD,00005.8813,00006.3288,00005.8062,2416821.71,00005.9312,180573134.59
2021-10-10T01:00:02.553Z,-USD,00005.8696,00006.3288,00005.8062,2397194.26,00005.8687,169535386.57
2021-10-10T02:00:02.552Z,-USD,00005.8457,00006.3288,00005.8108,02393969.7,00005.8271,169596213.87
2021-10-10T03:00:01.861Z,-USD,00005.8508,00006.3288,00005.8108,2377683.13,00005.9017,169627026.24
2021-10-10T04:00:01.882Z,-USD,00006.0093,00006.3288,00005.8108,2290263.86,00005.9059,169652011.91
2021-10-10T05:00:02.18Z,-USD,00006.1539,00006.3288,00005.8108,1883852.09,00005.9593,169685777.94
2021-10-10T06:00:02.301Z,-USD,00006.1723,00006.2899,00005.8108,1580198.57,00005.9388,169735739.54
2021-10-10T07:00:02.218Z,-USD,00006.1397,00006.2582,00005.8108,1404156.79,00005.9127,169759513.26
2021-10-10T08:00:02.251Z,-USD,000006.151,00006.1692,00005.8108,1276594.21,00005.9167,169772317.61
2021-10-10T09:00:02.179Z,-USD,00006.0735,000006.148,00005.8108,1179677.08,00005.9173,169792074.34
2021-10-10T10:00:02.269Z,-USD,00006.0382,000006.148,00005.8108,1045149.85,00005.8476,169835974.26
2021-10-10T11:00:02.648Z,-USD,00006.0162,000006.148,00005.8108,1027042.39,00005.8655,169856917.01
2021-10-10T12:00:07.664Z,-USD,00005.9522,000006.148,00005.8108,0992899.98,00005.8629,169881196.01
2021-10-10T13:00:02.71Z,-USD,00006.0263,000006.148,00005.8108,00999764.0,00005.8572,169914603.2
2021-10-10T14:00:01.793Z,-USD,00006.0808,00006.0914,00005.8108,0981401.86,00005.8507,169966568.24
2021-10-10T15:00:02.025Z,-USD,00006.0501,00006.0914,00005.8108,0956149.63,00005.8608,169996703.7
2021-10-10T16:00:02.139Z,-USD,00006.0861,00006.0914,00005.8108,0975046.41,00005.9138,170051338.25
2021-10-10T17:00:02.385Z,-USD,00005.8972,00005.9813,00005.8108,0856532.17,00005.8952,170073773.66
2021-10-10T18:00:02.252Z,-USD,00005.9395,00005.9813,000005.764,0936676.42,00005.8221,170190062.23
2021-10-10T19:00:02.349Z,-USD,00005.9136,00005.9813,000005.764,0908541.42,00005.8443,170203425.85
2021-10-10T20:00:02.364Z,-USD,00005.8925,00005.9813,000005.764,0901705.38,00005.8452,170226086.97
2021-10-10T21:00:02.48Z,-USD,00005.8673,00005.9813,000005.764,00954080.1,000005.786,170346404.97
2021-10-10T22:00:02.666Z,-USD,00005.9242,00005.9813,00005.6582,1045345.99,00005.7446,170463925.98
2021-10-10T23:00:02.191Z,-USD,00005.9504,00005.9813,00005.6582,1063427.84,00005.7356,170507683.09
2021-10-11T00:00:02.154Z,-USD,00005.9437,00005.9813,0000005.63,01114123.7,00005.6746,170572667.24
2021-10-11T01:00:02.527Z,-USD,000005.855,00005.9813,000005.619,1098037.74,00005.7313,164843915.6
2021-10-11T02:00:02.635Z,-USD,00005.8359,00005.9813,000005.619,1112413.82,00005.7662,164919295.21
2021-10-11T03:00:02.558Z,-USD,00005.8915,00005.9813,000005.619,1169979.82,00005.8229,165007922.49
2021-10-11T04:00:01.875Z,-USD,00005.9092,00005.9813,000005.619,1195524.78,00005.8289,165058016.56
2021-10-11T05:00:02.204Z,-USD,00005.9586,00005.9723,000005.619,1220693.51,00005.7721,165117615.81
2021-10-11T06:00:02.139Z,-USD,00005.9431,00005.9452,000005.619,1238160.74,00005.7725,165186055.81
2021-10-11T07:00:02.069Z,-USD,00005.9193,00005.9451,000005.619,1262931.71,00005.7482,165233083.82
2021-10-11T08:00:02.235Z,-USD,00005.9223,00005.9451,000005.619,1313071.03,00005.7913,165295858.76
2021-10-11T09:00:02.208Z,-USD,00005.9294,00005.9451,000005.619,01346223.9,00005.7995,165349055.19
2021-10-11T10:00:02.067Z,-USD,00005.8424,00005.9451,000005.619,01341309.9,00005.7557,165388098.15
2021-10-11T11:00:02.16Z,-USD,00005.8582,00005.9451,000005.619,1368571.35,00005.7071,165436440.04
2021-10-11T12:00:02.145Z,-USD,00005.8686,00005.9451,000005.619,1395546.71,000005.689,165487470.3
2021-10-11T13:00:02.285Z,-USD,00005.8571,00005.9451,000005.619,1442569.51,00005.6676,165567814.31
2021-10-11T14:00:02.568Z,-USD,000005.855,00005.9451,000005.619,01453964.1,00005.7061,165631214.8
2021-10-11T15:00:01.913Z,-USD,00005.8602,00005.9451,000005.619,1480565.77,00005.6808,165687730.85
2021-10-11T16:00:02.399Z,-USD,000005.911,00005.9297,000005.619,01455923.5,00005.6722,165717824.64
2021-10-11T17:00:02.792Z,-USD,00005.8943,00005.8943,000005.619,1471604.89,00005.6612,165755817.9
2021-10-11T18:00:02.105Z,-USD,00005.8207,00005.8823,000005.619,1408378.52,0000005.63,165809099.45
2021-10-11T19:00:02.186Z,-USD,00005.8189,00005.8823,00005.5808,01466101.6,00005.6039,165881008.88
2021-10-11T20:00:02.657Z,-USD,00005.8244,00005.8823,000005.482,1614265.91,00005.4957,166051210.49
2021-10-11T21:00:01.781Z,-USD,00005.7843,00005.8545,00005.4328,1786464.17,000005.481,166343344.8
2021-10-11T22:00:02.029Z,-USD,0000005.74,00005.8545,00005.4116,1750264.39,00005.5175,166424672.79
2021-10-11T23:00:02.517Z,-USD,00005.7365,00005.8545,00005.4116,1736378.14,00005.5483,166454514.52
2021-10-12T00:00:01.841Z,-USD,00005.6537,00005.8545,00005.4116,1695401.13,00005.5831,166481436.2
2021-10-12T01:00:02.656Z,-USD,00005.7223,00005.8545,00005.3552,1763797.73,000005.369,164131874.39
2021-10-12T02:00:02.318Z,-USD,00005.7584,00005.8545,00005.3373,1769213.17,00005.3948,164212552.48
2021-10-12T03:00:01.942Z,-USD,00005.8177,00005.8545,00005.3065,1764749.01,00005.3134,164296646.32
2021-10-12T04:00:02.146Z,-USD,000005.822,00005.8545,000005.211,1834861.72,00005.2837,164417947.13
2021-10-12T05:00:02.04Z,-USD,00005.7724,00005.8247,000005.211,1849655.13,00005.3444,164492589.97
2021-10-12T06:00:02.041Z,-USD,00005.7839,00005.8247,000005.211,01853905.3,00005.3155,164563877.27
2021-10-12T07:00:02.005Z,-USD,00005.7547,00005.8247,000005.211,1832960.82,00005.2751,164590116.01
2021-10-12T08:00:02.023Z,-USD,000005.781,00005.8247,000005.211,1797614.22,00005.2666,164621182.21
2021-10-12T09:00:01.857Z,-USD,0000005.81,00005.8247,000005.211,1770479.92,00005.2943,164643445.38
2021-10-12T10:00:02.173Z,-USD,00005.7535,00005.7641,00005.1181,1812568.99,00005.1271,164724792.93
2021-10-12T11:00:02.102Z,-USD,00005.6984,00005.7441,00005.1049,1835035.47,00005.1838,164797817.32
2021-10-12T12:00:04.158Z,-USD,00005.6816,00005.7441,00005.1049,1843058.11,00005.3321,164855904.76
2021-10-12T13:00:02.162Z,-USD,00005.6784,00005.7441,00005.1049,01875141.3,00005.1771,164967527.45
2021-10-12T14:00:02.326Z,-USD,00005.7015,00005.7441,00005.1049,1915847.96,00005.3923,165071424.86
2021-10-12T15:00:02.526Z,-USD,00005.6803,00005.7441,00005.1049,2007168.09,00005.3305,165218812.69
2021-10-12T16:00:02.687Z,-USD,00005.6814,00005.7441,00005.1049,2047183.45,00005.3845,165289074.41
2021-10-12T17:00:02.293Z,-USD,00005.6447,00005.6965,00005.1049,2109543.33,000005.486,165395852.28
2021-10-12T18:00:02.619Z,-USD,00005.6354,000005.646,00005.1049,2119562.63,000005.422,165452621.19
2021-10-12T19:00:01.827Z,-USD,00005.6001,00005.6208,00005.1049,2080931.94,00005.5114,165485929.03
2021-10-12T20:00:02.18Z,-USD,00005.5131,000005.686,00005.1049,2052594.83,000005.469,165633867.02
2021-10-12T21:00:02.512Z,-USD,000005.483,000005.686,00005.1049,1849711.51,00005.5806,165717207.73
2021-10-12T22:00:02.088Z,-USD,00005.5125,000005.686,00005.1049,1840071.23,00005.6374,165789989.41
2021-10-12T23:00:02.493Z,-USD,00005.5435,000005.686,00005.1049,1869082.55,00005.6336,165847526.68
2021-10-13T00:00:01.744Z,-USD,00005.5789,000005.686,00005.1049,01883759.9,00005.5608,165889472.46
2021-10-13T01:00:02.208Z,-USD,00005.3709,00005.6974,00005.1049,1828792.02,00005.6691,158554473.3
2021-10-13T02:00:02.689Z,-USD,00005.3974,00005.8446,00005.1049,1912740.94,00005.8027,158717888.82
2021-10-13T03:00:01.885Z,-USD,00005.3065,00005.8446,00005.1049,1896917.26,00005.7847,158786680.36
2021-10-13T04:00:01.985Z,-USD,00005.2838,00005.8446,00005.1049,1829345.95,00005.6999,158840082.18
2021-10-13T05:00:02.285Z,-USD,000005.347,00005.8446,00005.1049,1791764.42,00005.6403,158877101.3
2021-10-13T06:00:02.133Z,-USD,00005.3141,00005.8446,00005.1049,1889469.93,000005.382,159046483.81
2021-10-13T07:00:02.124Z,-USD,00005.2676,00005.8446,00005.1049,1963439.26,00005.3856,159146241.89
2021-10-13T08:00:02.214Z,-USD,00005.2671,00005.8446,00005.1049,2197394.36,00000005.5,159411688.34
2021-10-13T09:00:02.105Z,-USD,000005.297,00005.8446,00005.1049,2460049.05,000005.566,159696610.06
2021-10-13T10:00:02.579Z,-USD,000005.132,00005.8446,00005.1049,2475473.53,00005.5555,159793108.36
2021-10-13T11:00:02.093Z,-USD,00005.1812,00005.8446,00005.1524,2448987.64,00005.5514,159839964.46
2021-10-13T12:00:02.298Z,-USD,00005.3125,00005.8446,00005.1524,2424777.86,00005.5835,159875601.74
2021-10-13T13:00:01.833Z,-USD,00005.1837,00005.8446,00005.1836,2352190.57,00005.5801,159912553.06
2021-10-13T14:00:01.99Z,-USD,000005.398,00005.8446,00000005.3,2409167.07,00005.5909,160074271.14
2021-10-13T15:00:02.007Z,-USD,00005.3492,00005.8446,00000005.3,2370877.95,00005.6458,160183107.42
2021-10-13T16:00:02.355Z,-USD,000005.387,00005.8446,00000005.3,2351265.74,00005.6025,160232902.13
2021-10-13T17:00:01.918Z,-USD,000005.496,00005.8446,00000005.3,2285778.48,00005.5873,160274177.72
2021-10-13T18:00:02.304Z,-USD,00005.4235,00005.8446,00000005.3,2303082.52,00005.5662,160348330.95
2021-10-13T19:00:02.617Z,-USD,00005.5058,00005.8446,00000005.3,2367235.06,00005.6115,160446451.71
2021-10-13T20:00:02.707Z,-USD,00005.4727,00005.8446,00000005.3,2298873.18,00005.6564,160525316.77
2021-10-13T21:00:02.185Z,-USD,000005.579,00005.8446,00000005.3,2274592.15,000005.666,160584618.27
2021-10-13T22:00:02.473Z,-USD,00005.6349,00005.8446,00000005.3,2232940.84,00005.6246,160615451.47
2021-10-13T23:00:01.978Z,-USD,00005.6328,00005.8446,00000005.3,2196533.13,00005.6655,160636700.59
2021-10-14T00:00:02.046Z,-USD,00005.5681,00005.8446,00000005.3,2203802.53,00005.6772,160686180.73
2021-10-14T01:00:05.243Z,-USD,00005.6804,00005.8446,00000005.3,2181010.82,00005.6423,155231162.97
2021-10-14T02:00:03.006Z,-USD,000005.793,00005.8409,00000005.3,2090730.56,00005.7368,155305634.87
2021-10-14T03:00:02.7Z,-USD,00005.7791,00005.7878,00000005.3,2060350.98,00005.6805,155342688.99
2021-10-14T04:00:02.047Z,-USD,00005.7153,00005.7928,00000005.3,2060165.48,00005.7859,155396156.83
2021-10-14T05:00:02.507Z,-USD,00005.6489,00005.9879,00000005.3,2235417.42,00005.9799,155608792.74
2021-10-14T06:00:02.568Z,-USD,000005.355,00006.1535,00000005.3,2393919.08,000006.049,155947792.57
2021-10-14T07:00:02.595Z,-USD,00005.3928,00006.1535,00005.3876,2426438.83,00005.9937,156068417.99
2021-10-14T08:00:02.577Z,-USD,00005.5013,00006.1535,00005.4961,2246261.01,00005.9437,156156509.58
2021-10-14T09:00:02.551Z,-USD,000005.587,00006.1535,00005.5275,2053233.24,00006.0353,156245983.73
2021-10-14T10:00:01.905Z,-USD,00005.5643,00006.1535,00005.5275,1995188.12,00006.0783,156284187.92
2021-10-14T11:00:02.068Z,-USD,00005.5506,00006.1535,00005.5275,1997649.61,00006.0916,156333443.02
2021-10-14T12:00:02.265Z,-USD,00005.5837,00006.1611,00005.5275,2038338.76,00006.0833,156409898.69
2021-10-14T13:00:02.14Z,-USD,00005.5711,00006.2383,00005.5386,2115034.58,00006.1061,156523467.15
2021-10-14T14:00:02.068Z,-USD,00005.6051,00006.2383,000005.548,2006531.47,00006.0477,156580594.44
2021-10-14T15:00:02.441Z,-USD,00005.6481,00006.2383,00005.5613,1986869.38,00006.0147,156665648.58
2021-10-14T16:00:04.16Z,-USD,00005.6007,00006.2383,00005.5613,2210544.27,00005.8809,156939094.94
2021-10-14T17:00:02.106Z,-USD,00005.5885,00006.2383,00005.5643,02280515.8,00005.8385,157051931.92
2021-10-14T18:00:02.311Z,-USD,00005.5708,00006.2383,00005.5677,2243379.11,00005.8372,157087670.23
2021-10-14T19:00:02.462Z,-USD,00005.6074,00006.2383,00005.5903,2192032.86,00005.8673,157134915.5
2021-10-14T20:00:07.559Z,-USD,00005.6567,00006.2383,00005.6138,2150612.71,00005.8201,157171941.93
2021-10-14T21:00:10.523Z,-USD,00005.6673,00006.2383,00005.6138,2127568.03,00005.8025,157207993.04
2021-10-14T22:00:14.151Z,-USD,00005.6227,00006.2383,00005.6196,2122263.45,00005.8367,157233369.16
2021-10-14T23:00:12.339Z,-USD,00005.6686,00006.2383,000005.621,2117721.71,00005.8393,157250923.65
2021-10-15T00:00:17.239Z,-USD,00005.6763,00006.2383,000005.621,2131113.59,00005.9201,157312898.32
2021-10-15T01:00:12.464Z,-USD,00005.6525,00006.2383,00005.6485,2165861.68,00005.8101,154442381.17
2021-10-15T02:00:12.334Z,-USD,00005.7367,00006.2383,000005.666,2177040.96,00005.8402,154529090.13
2021-10-15T03:00:11.185Z,-USD,00005.6807,00006.2383,00005.6807,2213370.42,00005.8671,154601660.96
2021-10-15T04:00:22.641Z,-USD,00005.7943,00006.2383,00005.7092,2212597.69,000005.848,154655864.02
2021-10-15T05:00:10.149Z,-USD,00005.9687,00006.2383,00005.7403,2061168.56,00005.8262,154721242.18
2021-10-15T06:00:07.409Z,-USD,00006.0502,00006.2383,00005.7403,1800682.75,00005.8598,154794588.02
2021-10-15T07:00:03.474Z,-USD,00005.9954,00006.2383,00005.7403,1727634.82,00005.8195,154841672.75
2021-10-15T08:00:03.829Z,-USD,00005.9378,00006.2383,00005.7403,1663871.46,00005.8616,154866859.33
2021-10-15T09:00:02.657Z,-USD,00006.0401,00006.2383,0000005.69,1685039.69,00005.7245,154976602.61
2021-10-15T10:00:02.516Z,-USD,00006.0777,00006.2383,00005.6044,1747093.28,00005.6927,155077183.42
2021-10-15T11:00:04.493Z,-USD,00006.0917,00006.2383,00005.6044,01786107.1,00005.7353,155165120.92
2021-10-15T12:00:04.313Z,-USD,00006.0708,00006.2383,00005.6044,1811798.75,00005.7652,155267128.5
2021-10-15T13:00:03.096Z,-USD,00006.1087,00006.1307,00005.6044,1786389.88,00005.8362,155355224.51
2021-10-15T14:00:08.91Z,-USD,00006.0529,00006.0887,00005.6044,1805847.18,00005.7916,155433444.1
2021-10-15T15:00:10.762Z,-USD,00005.9978,00006.0019,00005.6044,1775653.98,00005.7896,155490001.69
2021-10-15T16:00:10.703Z,-USD,00005.8758,00005.9339,00005.6044,1569366.65,00005.8102,155554433.35
2021-10-15T17:00:09.903Z,-USD,00005.8396,00005.9339,00005.6044,1512245.45,00005.8366,155609525.6
2021-10-15T18:00:08.961Z,-USD,00005.8363,00005.9411,00005.6044,01626845.6,00005.9411,155759967.98
2021-10-15T19:00:02.023Z,-USD,00005.8681,00005.9708,00005.6044,1651613.66,00005.9211,155831870.07
2021-10-15T20:00:02.445Z,-USD,00005.8201,00005.9708,00005.6044,1725361.21,00005.8637,155942742.02
2021-10-15T21:00:02.621Z,-USD,00005.8043,00005.9708,00005.6044,1746912.13,00005.8999,156000243.52
2021-10-15T22:00:01.816Z,-USD,00005.8349,00005.9708,00005.6044,1783662.14,00005.8084,156062367.28
2021-10-15T23:00:02.561Z,-USD,00005.8295,00005.9708,00005.6044,1783818.93,00005.8576,156080620.84
2021-10-16T00:00:01.776Z,-USD,00005.9155,00005.9708,00005.6044,1771166.72,00005.8645,156130576.62
2021-10-16T01:00:10.841Z,-USD,00005.8122,00005.9708,00005.6044,1717253.68,000005.822,150213307.55
2021-10-16T02:00:11.121Z,-USD,00005.8333,00005.9708,00005.6044,1708681.25,00005.8459,150291888.46
2021-10-16T03:00:11.374Z,-USD,00005.8701,00005.9708,00005.6044,1695027.04,00005.9561,150350472.09
2021-10-16T04:00:23.43Z,-USD,00005.8478,00005.9708,00005.6044,1675385.25,00005.9087,150384826.38
2021-10-16T05:00:09.936Z,-USD,00005.8415,00005.9708,00005.6044,1649140.97,00005.8853,150425521.95
2021-10-16T06:00:10.923Z,-USD,00005.8738,00005.9708,00005.6044,1594719.14,000005.906,150442949.12
2021-10-16T07:00:08.629Z,-USD,00005.8168,00005.9708,00005.6044,1577722.95,00005.9049,150473470.25
2021-10-16T08:00:02.213Z,-USD,00005.8653,00006.1113,00005.6044,1660551.73,00006.0315,150583306.24
2021-10-16T09:00:02.128Z,-USD,00005.7227,00006.1113,00005.6044,1612994.33,00005.9763,150643435.9
2021-10-16T10:00:02.706Z,-USD,00005.6995,00006.1113,00005.6647,1554310.15,00005.9293,150685180.54
2021-10-16T11:00:03.731Z,-USD,00005.7353,00006.1113,00005.7118,1479869.08,00005.9296,150698678.16
2021-10-16T12:00:02.202Z,-USD,00005.7737,00006.1113,000005.751,1391671.28,000005.982,150712433.2
2021-10-16T13:00:11.501Z,-USD,00005.8498,00006.1113,00005.7606,1332241.14,00005.8222,150765635.09
2021-10-16T14:00:11.199Z,-USD,00005.7862,00006.1113,00005.7606,1314401.37,00005.8587,150803075.65
2021-10-16T15:00:17.788Z,-USD,000005.794,00006.1113,00005.7842,1298752.08,00005.8598,150844900.21
2021-10-16T16:00:11.248Z,-USD,00005.8145,00006.1113,00005.7945,1267288.11,00005.8521,150875408.27
2021-10-16T17:00:10.684Z,-USD,00005.8369,00006.1113,00005.8063,1243476.92,00005.8374,150907078.91
2021-10-16T18:00:10.018Z,-USD,00005.9503,00006.1113,000005.808,1111532.19,00005.8539,150931302.33
2021-10-16T19:00:11.792Z,-USD,00005.9154,00006.1113,000005.808,1081768.85,00005.8294,150968084.35
2021-10-16T20:00:10.055Z,-USD,00005.8671,00006.1113,000005.808,0992452.08,00005.8176,150988999.66
2021-10-16T21:00:02.455Z,-USD,00005.9058,00006.1113,00005.7837,1003212.71,000005.846,151057444.29
2021-10-16T22:00:02.416Z,-USD,00005.8154,00006.1113,00005.7837,0980113.87,00005.8385,151096264.37
2021-10-16T23:00:02.255Z,-USD,00005.8593,00006.1113,00005.7837,0993632.07,00005.8612,151127835.02
2021-10-17T00:00:01.695Z,-USD,00005.8733,00006.1113,00005.7837,1002970.56,00005.8803,151187711.52
2021-10-17T01:00:11.042Z,-USD,00005.8211,00006.1113,00005.7837,1002101.66,00005.8835,148172059.19
2021-10-17T02:00:11.159Z,-USD,00005.8485,00006.1113,00005.7837,0961138.57,00005.9272,148208924.72
2021-10-17T03:00:11.036Z,-USD,00005.9566,00006.1113,00005.7837,0923851.79,00005.8997,148229910.71
2021-10-17T04:00:42.256Z,-USD,00005.8841,00006.1113,00005.7837,0870081.62,00005.9167,148251229.14
2021-10-17T05:00:08.356Z,-USD,00005.8841,00006.1113,00005.7837,00899494.5,00005.9183,148280642.02
2021-10-17T06:00:09.229Z,-USD,000005.902,00006.1113,00005.7837,0892202.02,00005.8925,148290749.77
2021-10-17T07:00:09.424Z,-USD,00005.9036,00006.1113,00005.7837,00870655.8,00005.8975,148299678.07
2021-10-17T08:00:08.545Z,-USD,00006.0516,00006.0909,00005.7837,0774824.32,00005.8823,148313985.08
2021-10-17T09:00:09.307Z,-USD,00005.9828,00006.0464,00005.7837,0779148.72,0000006.04,148378244.98
2021-10-17T10:00:09.766Z,-USD,00005.9324,0000006.22,00005.7837,0959798.03,000006.189,148600543.33
2021-10-17T11:00:10.085Z,-USD,00005.9297,0000006.22,00005.7837,1047872.06,00006.1213,148702120.48
2021-10-17T12:00:08.446Z,-USD,00005.9736,0000006.22,00005.7837,1064514.51,00006.1119,148733337.9
2021-10-17T13:00:11.507Z,-USD,000005.817,0000006.22,00005.7837,1056547.51,00006.0485,148777846.96
2021-10-17T14:00:09.855Z,-USD,00005.8598,0000006.22,00005.7837,1057195.81,00006.0701,148815926.59
2021-10-17T15:00:09.417Z,-USD,00005.8585,0000006.22,00005.7837,1161317.27,00006.1445,148962223.69
2021-10-17T16:00:08.9Z,-USD,00005.8533,00006.4752,00005.7837,1640531.61,00006.4274,149471596.9
2021-10-17T17:00:02.403Z,-USD,00005.8356,00006.6058,00005.7837,2295299.83,00006.5697,150157933.0
2021-10-17T18:00:03.747Z,-USD,00005.8521,00006.6058,00005.7837,02762504.9,000006.311,150649553.08
2021-10-17T19:00:01.935Z,-USD,000005.834,00006.6058,00005.7837,2869659.15,00006.3679,150793429.24
2021-10-17T20:00:02.498Z,-USD,00005.8195,00006.6058,00005.7837,2943876.28,00006.2783,150888632.56
2021-10-17T21:00:02.149Z,-USD,00005.8446,00006.6058,00005.8177,3167758.35,000006.112,151181009.53
2021-10-17T22:00:02.532Z,-USD,00005.8347,00006.6058,00005.8177,03232553.8,00006.1178,151284375.27
2021-10-17T23:00:01.82Z,-USD,000005.861,00006.6058,00005.8188,3296689.78,00006.1414,151380257.76
2021-10-18T00:00:08.546Z,-USD,00005.8804,00006.6058,00005.8188,3269293.23,00006.1449,151412568.45
2021-10-18T01:00:02.724Z,-USD,00005.8856,00006.6058,00005.8681,3401347.85,00006.3915,148447185.89
2021-10-18T02:00:01.902Z,-USD,00005.9274,00006.6058,00005.8782,03514820.1,00006.3529,148596678.28
2021-10-18T03:00:01.983Z,-USD,00005.9026,00006.6058,00005.8782,3594979.67,000006.201,148698002.84
2021-10-18T04:00:02.164Z,-USD,00005.9169,00006.6058,00005.8782,03646688.1,00006.1832,148770747.51
2021-10-18T05:00:01.742Z,-USD,00005.9184,00006.6058,00005.8782,3753846.88,00006.1517,148907322.63
2021-10-18T06:00:01.777Z,-USD,00005.8949,00006.6058,00005.8782,03793779.1,00006.2297,148957362.25
2021-10-18T07:00:01.706Z,-USD,00005.9005,00006.6058,00005.8782,3869975.35,00006.3235,149042484.03
2021-10-18T08:00:02.552Z,-USD,00005.8911,00006.6058,00005.8864,3909770.63,00006.1933,149096679.09
2021-10-18T09:00:02.451Z,-USD,00006.0428,00006.6058,00000006.0,3906427.34,00006.1831,149158055.8
2021-10-18T10:00:02.248Z,-USD,00006.1955,00006.6058,00000006.0,3759333.34,00006.0622,149233409.34
2021-10-18T11:00:02.559Z,-USD,00006.1079,00006.6058,00005.9743,3700207.45,00006.0599,149275192.47
2021-10-18T12:00:02.461Z,-USD,00006.1069,00006.6058,00005.9743,3729976.42,00006.0002,149336313.67
2021-10-18T13:00:02.581Z,-USD,00006.0512,00006.6058,00005.9511,3748759.07,00005.9626,149399555.98
2021-10-18T14:00:01.943Z,-USD,00006.0731,00006.6058,00005.9114,3756032.78,00006.0756,149445294.02
2021-10-18T15:00:02.116Z,-USD,0000006.15,00006.6058,00005.9114,3678337.43,00006.1333,149513541.92
2021-10-18T16:00:02.353Z,-USD,00006.4299,00006.6058,00005.9114,3224282.55,00006.1056,149583072.74
2021-10-18T17:00:01.827Z,-USD,00006.5353,000006.578,00005.9114,2589866.18,00006.0495,149629034.37
2021-10-18T18:00:02.355Z,-USD,00006.3129,00006.4868,00005.9114,2155472.52,00006.1002,149678252.9
2021-10-18T19:00:02.229Z,-USD,00006.3611,00006.4868,00005.9114,02046296.6,00006.0937,149712618.06
2021-10-18T20:00:02.515Z,-USD,00006.2863,00006.4868,00005.9114,1986092.71,00006.1188,149748835.27
2021-10-18T21:00:01.852Z,-USD,00006.1243,00006.4868,00005.9114,1758140.61,00006.1015,149812911.07
2021-10-18T22:00:02.585Z,-USD,00006.1161,00006.4868,00005.9114,1673083.03,00006.1039,149832723.88
2021-10-18T23:00:01.997Z,-USD,00006.1401,00006.4868,00005.9114,1588461.15,00006.1098,149842181.19
2021-10-19T00:00:02.07Z,-USD,000006.142,00006.4868,00005.9114,1578114.05,00006.1437,149863565.14
2021-10-19T01:00:02.499Z,-USD,00006.3972,00006.4868,00005.9114,1487736.99,00006.1686,139986817.9
2021-10-19T02:00:01.899Z,-USD,00006.3287,00006.3924,00005.9114,1476538.28,00006.2177,140133954.12
2021-10-19T03:00:02.276Z,-USD,00006.1954,00006.3702,00005.9114,1471240.24,00006.1995,140221082.61
2021-10-19T04:00:02.483Z,-USD,00006.2024,00006.3702,00005.9114,01433313.8,00006.1495,140281080.26
2021-10-19T05:00:01.823Z,-USD,00006.1648,00006.3702,00005.9114,1341644.91,00006.1626,140300630.44
2021-10-19T06:00:02.691Z,-USD,00006.2089,00006.3702,00005.9114,01321945.8,00006.1248,140330372.64
2021-10-19T07:00:01.891Z,-USD,00006.3276,00006.3702,00005.9114,1284683.28,00006.0776,140378292.38
2021-10-19T08:00:01.966Z,-USD,00000006.2,00006.2657,00005.9114,1251365.91,00006.1045,140399513.34
2021-10-19T09:00:02.439Z,-USD,00006.1751,00006.2602,00005.9114,1206667.01,00006.0853,140416428.69
2021-10-19T10:00:02.336Z,-USD,00006.0477,00006.2602,00005.9114,1144307.54,00006.0643,140428773.21
2021-10-19T11:00:02.348Z,-USD,00006.0569,00006.2602,00005.9114,1128386.31,00006.1226,140454664.92
2021-10-19T12:00:02.418Z,-USD,00006.0068,00006.2602,00005.9114,01089661.1,00006.1367,140477075.41
2021-10-19T13:00:02.461Z,-USD,00005.9684,00006.2602,00005.9114,1059020.24,00006.1262,140510054.3
2021-10-19T14:00:02.569Z,-USD,00006.0862,00006.2602,00006.0185,01045478.5,00006.1115,140541852.38
2021-10-19T15:00:01.94Z,-USD,00006.1337,00006.2602,00006.0185,1036031.48,00006.0842,140600622.88
2021-10-19T16:00:02.246Z,-USD,000006.098,00006.2602,00006.0185,0992292.47,00006.0826,140626747.92
2021-10-19T17:00:02.619Z,-USD,00006.0533,00006.2602,00006.0404,0981320.41,00006.1129,140661419.36
2021-10-19T18:00:02.691Z,-USD,00006.0895,00006.2602,00006.0311,0968249.41,00006.0486,140697684.94
2021-10-19T19:00:02.283Z,-USD,00006.0874,00006.2602,00006.0311,0951371.84,00006.0535,140715048.7
2021-10-19T20:00:02.68Z,-USD,00006.1163,00006.2602,00006.0311,0978903.48,00006.0453,140778798.24
2021-10-19T21:00:02.531Z,-USD,00006.1038,00006.2602,00006.0123,0956970.89,00006.0418,140822173.97
2021-10-19T22:00:02.312Z,-USD,00006.1065,00006.2602,00006.0123,0994303.07,00006.0552,140878078.78
2021-10-19T23:00:02.548Z,-USD,00006.1108,00006.2602,00006.0123,0995165.78,00006.1066,140888395.82
2021-10-20T00:00:02.423Z,-USD,000006.141,00006.2602,00006.0123,0990586.65,00006.0844,140905345.82
2021-10-20T01:00:02.584Z,-USD,00006.1788,00006.2602,00006.0123,0935209.83,00006.0488,123396285.84
2021-10-20T02:00:02.668Z,-USD,00006.2133,00006.2602,00006.0123,0803449.71,00006.0638,123411353.85
2021-10-20T03:00:02.542Z,-USD,00006.1979,00006.2219,00006.0123,0744597.27,00006.0463,123440325.64
2021-10-20T04:00:02.569Z,-USD,000006.157,00006.2045,00006.0123,0705590.19,00006.0588,123459859.96
2021-10-20T05:00:01.718Z,-USD,00006.1563,00006.1777,00006.0123,0711942.01,00006.1008,123485928.61
2021-10-20T06:00:02.82Z,-USD,00006.1212,00006.1777,00006.0123,0693046.27,00006.0893,123496577.84
2021-10-20T07:00:02.601Z,-USD,00006.0801,00006.1799,00006.0123,0687637.93,000006.168,123539115.09
2021-10-20T08:00:02.315Z,-USD,00006.0948,00006.2169,00006.0123,0706451.94,00006.2125,123579125.78
2021-10-20T09:00:02.178Z,-USD,00006.0908,00006.3129,00006.0123,0787517.25,00006.2434,123677526.98
2021-10-20T10:00:02.107Z,-USD,00006.0646,00006.3129,00006.0123,00799979.9,00006.1656,123702005.73
2021-10-20T11:00:04.304Z,-USD,00006.1189,00006.3129,00006.0123,0784432.62,00006.1729,123712345.43
2021-10-20T12:00:01.956Z,-USD,000006.142,00006.3129,00006.0123,0790547.63,00006.1859,123740797.73
2021-10-20T13:00:01.795Z,-USD,00006.1251,00006.3129,00006.0123,0865658.39,00006.1987,123849067.09
2021-10-20T14:00:02.204Z,-USD,000006.122,00006.3129,00006.0123,00954402.8,00006.1833,123970426.45
2021-10-20T15:00:02.133Z,-USD,00006.0784,00006.3129,00006.0123,00965595.5,00006.2573,124039390.45
2021-10-20T16:00:02.191Z,-USD,00006.0777,00006.3129,00006.0123,0995508.52,00006.2271,124096795.05
2021-10-20T17:00:01.752Z,-USD,00006.1157,00006.4917,00006.0123,1103746.61,00006.4573,124238472.16
2021-10-20T18:00:02.711Z,-USD,00006.0539,000006.659,00006.0123,1291065.31,000006.654,124464309.58
2021-10-20T19:00:02.04Z,-USD,00006.0515,00006.8427,00006.0123,1557276.23,00006.6523,124745572.28
2021-10-20T20:00:01.881Z,-USD,00006.0386,00006.8427,00006.0123,1646101.76,000006.597,124898067.99
2021-10-20T21:00:02.216Z,-USD,000006.038,00006.8427,00006.0261,1680512.15,00006.5704,124975849.34
2021-10-20T22:00:02.297Z,-USD,000006.054,00006.8427,00006.0264,1677860.25,00006.5788,125029266.22
2021-10-20T23:00:01.822Z,-USD,00006.1078,00006.8427,00006.0264,1711460.39,00006.5373,125073015.29
2021-10-21T00:00:02.66Z,-USD,000006.086,00006.8427,00006.0264,1745964.74,00006.5375,125124501.33
2021-10-21T01:00:02.187Z,-USD,00006.0623,00006.8427,00006.0264,1900409.51,00006.5982,108398374.06
2021-10-21T02:00:02.795Z,-USD,00006.0613,00006.8427,00006.0264,1978262.21,00006.6082,108491331.37
2021-10-21T03:00:02.201Z,-USD,00006.0443,00006.8427,00006.0373,2089546.98,00006.5329,108631538.97
2021-10-21T04:00:02.146Z,-USD,00006.0541,00006.8427,00006.0409,2121631.77,00006.5714,108683987.28
2021-10-21T05:00:02.629Z,-USD,00006.0992,00006.8427,000006.076,2128866.92,00006.5585,108716911.83
2021-10-21T06:00:02.524Z,-USD,00006.0898,00006.8427,00006.0896,2159401.39,00006.5485,108757654.28
2021-10-21T07:00:02.385Z,-USD,00006.1692,00006.8427,00006.1434,2131983.75,00006.5395,108772905.26
2021-10-21T08:00:02.232Z,-USD,00006.2107,00006.8427,00006.1434,2146640.49,00006.6207,108827432.26
2021-10-21T09:00:02.008Z,-USD,00006.2529,00006.8427,00006.1434,2076322.42,00006.6786,108855664.72
2021-10-21T10:00:01.763Z,-USD,00006.1685,00006.8427,00006.1434,2064962.94,00006.6539,108869686.26
2021-10-21T11:00:02.084Z,-USD,00006.1677,00006.8427,00006.1434,2098892.16,00006.6835,108912910.13
2021-10-21T12:00:01.931Z,-USD,00006.1895,00006.8427,00006.1434,2161599.57,00006.5054,109004144.89
2021-10-21T13:00:01.776Z,-USD,00006.1996,00006.8427,00006.1454,2094942.54,00006.5835,109051675.15
2021-10-21T14:00:02.654Z,-USD,00006.1868,000006.999,00006.1525,2390326.56,00006.8582,109464259.34
2021-10-21T15:00:01.791Z,-USD,00006.2611,000006.999,00006.2146,2534697.02,00006.7336,109676413.27
2021-10-21T16:00:02.014Z,-USD,00006.2305,000006.999,00006.2155,2614216.53,00006.6192,109812984.35
2021-10-21T17:00:02.369Z,-USD,00006.4643,000006.999,000006.397,2643291.45,00006.6643,109984127.46
2021-10-21T18:00:02.593Z,-USD,00006.6634,000006.999,0000006.45,2464439.09,00006.5825,110032686.93
2021-10-21T19:00:02.51Z,-USD,00006.6658,000006.999,0000006.45,2282443.86,00006.7185,110130182.46
2021-10-21T20:00:02.655Z,-USD,00006.5952,000006.999,0000006.45,2173028.11,00006.7654,110173362.54
2021-10-21T21:00:01.929Z,-USD,00006.5652,000006.999,0000006.45,02181563.8,00006.8309,110259407.15
2021-10-21T22:00:02.08Z,-USD,00006.5683,000006.999,0000006.45,2178358.14,000006.797,110309384.2
2021-10-21T23:00:02.468Z,-USD,00006.5363,000006.999,0000006.45,2181841.66,00006.8544,110356546.79
2021-10-22T00:00:02.626Z,-USD,0000006.55,00007.0529,0000006.45,2313748.73,00006.9632,110543508.34
2021-10-22T01:00:09.309Z,-USD,00006.6078,00007.0529,0000006.45,2310490.63,00006.8575,101381707.06
2021-10-22T02:00:07.275Z,-USD,00006.6071,00007.0529,0000006.45,2313653.28,00006.8181,101478324.2
2021-10-22T03:00:02.234Z,-USD,00006.5308,00007.0529,00006.4701,2220259.43,00006.7792,101524594.38
2021-10-22T04:00:01.852Z,-USD,00006.5728,00007.0529,00006.4701,2192217.46,00006.7942,101549018.5
2021-10-22T05:00:02.652Z,-USD,000006.558,00007.0529,00006.4701,2188248.04,00006.7645,101578441.52
2021-10-22T06:00:02.402Z,-USD,00006.5454,00007.0529,00006.4701,2169391.55,00006.7723,101600066.55
2021-10-22T07:00:02.05Z,-USD,00006.5361,00007.0529,00006.4701,2191644.21,00006.6733,101637353.52
2021-10-22T08:00:01.781Z,-USD,000006.598,00007.0529,00006.4701,2160348.85,00006.7555,101661602.44
2021-10-22T09:00:02.57Z,-USD,00006.6805,00007.0529,00006.4701,2153740.31,00006.7468,101682193.4
2021-10-22T10:00:02.161Z,-USD,00006.6493,00007.0529,00006.4701,2162884.09,00006.7634,101705377.94
2021-10-22T11:00:02.351Z,-USD,00006.6747,00007.0529,00006.4701,2133860.37,00006.7188,101719723.0
2021-10-22T12:00:01.743Z,-USD,00006.5239,00007.0529,00006.4701,2113222.47,00006.6181,101791269.33
2021-10-22T13:00:02.639Z,-USD,00006.5943,00007.0529,00006.4701,2095715.74,00006.6934,101820603.26
2021-10-22T14:00:02.466Z,-USD,00006.8664,00007.0529,00006.4701,1702822.05,00006.5819,101845465.13
2021-10-22T15:00:01.819Z,-USD,000006.726,00007.0529,00006.4553,01599347.4,00006.5263,101950053.38
2021-10-22T16:00:01.939Z,-USD,00006.6114,00007.0529,00006.4553,1514312.99,00006.5077,102000960.88
2021-10-22T17:00:02.393Z,-USD,00006.6711,00007.0529,00006.4065,1390889.86,00006.5376,102047965.1
2021-10-22T18:00:02.025Z,-USD,00006.5843,00007.0529,00006.4065,1371574.79,00006.5327,102077122.18
2021-10-22T19:00:02.161Z,-USD,00006.7164,00007.0529,00006.4065,1298941.38,00006.5826,102102137.61
2021-10-22T20:00:02.173Z,-USD,00006.7827,00007.0529,00006.4065,1271178.47,00006.6077,102117856.49
2021-10-22T21:00:02.418Z,-USD,00006.8243,00007.0529,00006.4065,1201917.85,00006.5385,102134600.68
2021-10-22T22:00:02.198Z,-USD,00006.8179,00007.0529,00006.4065,1166661.98,00006.5381,102148926.31
2021-10-22T23:00:02.568Z,-USD,00006.8564,00007.0529,00006.4065,1128522.19,00006.5918,102157856.02
2021-10-23T00:00:02.446Z,-USD,00006.9809,00006.9916,00006.4065,00960158.4,00006.6434,102177060.21
2021-10-23T01:00:02.283Z,-USD,00006.8439,00006.9022,00006.4065,0816505.69,00006.6384,92486561.93
2021-10-23T02:00:02.096Z,-USD,00006.8188,00006.8498,00006.4065,0744704.72,00006.6069,92509158.26
2021-10-23T03:00:02.102Z,-USD,00006.7845,00006.8272,00006.4065,00724394.1,00006.6421,92535046.71
2021-10-23T04:00:02.17Z,-USD,00006.8084,00006.8272,00006.4065,0728332.77,00006.7126,92563344.73
2021-10-23T05:00:02.322Z,-USD,00006.7623,00006.8194,00006.4065,0716207.85,00006.7054,92580834.56
2021-10-23T06:00:02.227Z,-USD,00006.7719,00006.7917,00006.4065,0710285.42,00006.6216,92596398.21
2021-10-23T07:00:02.1Z,-USD,00006.6793,00006.7917,00006.4065,0683418.85,00006.5735,92606760.5
2021-10-23T08:00:01.833Z,-USD,00006.7592,00006.7917,00006.4065,0679346.48,00006.5422,92626936.33
2021-10-23T09:00:01.76Z,-USD,00006.7423,00006.7917,00006.4065,0662989.18,00006.5638,92631270.39
2021-10-23T10:00:02.585Z,-USD,00006.7631,00006.7663,00006.4065,0694535.81,00006.4856,92686203.59
2021-10-23T11:00:01.767Z,-USD,00006.7165,00006.7474,00006.4065,0706200.27,00006.4216,92711940.6
2021-10-23T12:00:02.463Z,-USD,00006.6457,00006.7474,00006.3961,0673712.92,00006.5296,92750997.41
2021-10-23T13:00:02.387Z,-USD,00006.6933,00006.7474,00006.3961,0654174.86,00006.5324,92761077.35
2021-10-23T14:00:02.271Z,-USD,00006.5811,00006.7474,00006.3961,0640043.05,000006.531,92771659.86
2021-10-31T18:00:08.706Z,-USD,00006.2664,00006.4107,00006.0269,1270916.23,00006.1595,59515625.6
2021-10-31T19:00:01.791Z,-USD,00006.3438,00006.4107,00006.0269,1239411.74,00006.1267,59558194.36
2021-10-31T20:00:01.778Z,-USD,00006.3697,00006.4063,00006.0269,1242301.97,00006.1157,59591831.89
2021-10-31T21:00:02.684Z,-USD,00006.3298,00006.4063,00006.0269,1250444.42,00006.1949,59629648.73
2021-10-31T22:00:01.709Z,-USD,00006.2881,00006.4063,00006.0269,1239413.69,00006.2265,59661568.5
2021-10-31T23:00:03.094Z,-USD,00006.2616,00006.4063,00006.0269,1245720.11,00006.3072,59716734.33
2021-11-01T00:00:04.868Z,-USD,00006.2862,00006.4063,00006.0269,1232276.39,00006.2369,59764555.08
2021-11-01T01:00:04.338Z,-USD,000006.367,00006.3825,00006.0269,1195325.25,00006.2439,56826496.08
2021-11-01T02:00:03.854Z,-USD,00006.2488,00006.3775,00006.0269,1187988.85,00006.3728,56892316.07
2021-11-01T03:00:03.703Z,-USD,00006.2574,00006.4291,00006.0269,1230790.68,00006.3387,56990345.78
2021-11-01T04:00:13.388Z,-USD,00006.2633,00006.4356,00006.0269,1284327.06,000006.254,57092878.92
2021-11-01T05:00:07.284Z,-USD,00006.2984,00006.4356,00006.0269,1312680.44,00006.3249,57143103.38
2021-11-01T06:00:06.049Z,-USD,0000006.34,00006.4356,00006.0269,1339595.41,00006.3773,57199443.57
2021-11-01T07:00:06.388Z,-USD,00006.2614,00006.4662,00006.0269,1394814.73,00006.4429,57284776.38
2021-11-01T08:00:02.266Z,-USD,00006.2707,00006.4939,00006.0269,1423821.01,000006.393,57344902.6
2021-11-01T09:00:01.782Z,-USD,00006.2318,00006.5387,00006.0269,1440922.74,000006.465,57390728.04
2021-11-01T10:00:02.202Z,-USD,00006.2567,00006.5387,00006.0269,1436327.44,00006.4374,57408111.98
2021-11-01T11:00:03.213Z,-USD,00006.2021,00006.5387,00006.0269,01368792.2,00006.4523,57433015.92
2021-11-01T12:00:02.513Z,-USD,00006.1365,00006.5387,00006.0269,1381568.44,00006.3305,57481622.23
2021-11-01T13:00:02.256Z,-USD,00006.1245,00006.5387,00006.0269,1367522.76,00006.2839,57518615.87
2021-11-01T14:00:02.194Z,-USD,00006.0981,00006.5387,000006.059,1284630.33,00006.3541,57544478.9
2021-11-01T15:00:02.248Z,-USD,00006.1612,00006.5387,00006.0779,1209985.68,00006.3131,57564487.25
2021-11-01T16:00:01.801Z,-USD,00006.1423,00006.5387,00006.0779,1153526.46,00006.3191,57586174.77
2021-11-01T17:00:03.98Z,-USD,00006.1765,00006.5387,00006.0779,1209569.35,00006.2634,57707549.26
2021-11-01T18:00:02.944Z,-USD,00006.1608,00006.5387,00006.0779,1257681.49,00006.2262,57792433.76
2021-11-01T19:00:02.167Z,-USD,00006.1215,00006.5387,00006.0927,1263868.65,00006.2194,57841494.96
2021-11-01T20:00:02.283Z,-USD,00006.1206,00006.5387,00006.1037,1266567.14,00006.2586,57878659.4
2021-11-01T21:00:02.427Z,-USD,000006.194,00006.5387,00006.1822,1265186.78,00006.2545,57914310.14
2021-11-01T22:00:02.478Z,-USD,0000006.23,00006.5387,00006.1822,1266164.43,00006.2822,57947065.07
2021-11-01T23:00:03.419Z,-USD,00006.2887,00006.5387,00006.1822,1241600.09,00006.2645,57978493.52
2021-11-02T00:00:01.929Z,-USD,00006.2388,00006.5387,00006.1822,1220111.42,00006.2854,58014573.78
2021-11-02T01:00:01.873Z,-USD,00006.2741,00006.5387,00006.1822,1244392.18,000006.257,54936848.37
2021-11-02T02:00:01.986Z,-USD,000006.377,00006.5387,00006.1822,1207003.92,00006.2701,54960497.5
2021-11-02T03:00:01.903Z,-USD,00006.3267,00006.5387,00006.1875,1169616.92,00006.2145,55021741.2
2021-11-02T04:00:02.082Z,-USD,00006.2339,00006.5387,00006.1875,1095381.22,00006.2754,55050548.51
2021-11-02T05:01:03.096Z,-USD,00006.3806,00006.5387,00006.1875,1004014.02,00006.2696,55064537.53
2021-11-02T06:00:02.166Z,-USD,00006.3806,00006.5387,00006.1875,1030637.37,00006.2888,55091160.88
2021-11-02T07:00:01.91Z,-USD,00006.4497,00006.5387,00006.1875,0965350.32,00006.2995,55111071.56
2021-11-02T08:00:01.852Z,-USD,00006.4067,00006.5387,00006.1875,0912808.87,00006.2771,55118446.15
2021-11-02T09:00:01.775Z,-USD,00006.4622,00006.5076,00006.1875,0877317.32,00006.2822,55129400.48
2021-11-02T10:00:01.714Z,-USD,00006.4433,00006.4898,00006.1875,0897473.23,00006.3627,55167129.8
2021-11-02T11:00:04.183Z,-USD,00006.4573,00006.4898,00006.1875,0918750.84,00006.3598,55212526.6
2021-11-02T12:00:01.711Z,-USD,00006.3465,00006.4382,00006.1875,0908087.24,00006.3563,55250944.43
2021-11-02T13:00:02.582Z,-USD,00006.2873,00006.4382,00006.1875,00913136.8,00006.3184,55292573.88
2021-11-02T14:00:02.686Z,-USD,00006.3581,00006.4382,00006.1875,0957256.32,00006.4193,55362474.39
2021-11-02T15:00:02.009Z,-USD,00006.3119,00006.4449,00006.1875,0999944.16,00006.3678,55425194.22
2021-11-02T16:00:02.22Z,-USD,00006.3306,0000006.45,00006.1875,1034617.49,00006.4258,55482140.68
2021-11-02T17:00:03.37Z,-USD,00006.2604,0000006.45,00006.1875,0952351.54,00006.3947,55522621.36
2021-11-02T18:00:02.126Z,-USD,00006.2395,0000006.45,00006.1875,0919653.13,00006.3511,55577104.7
2021-11-02T19:00:02.42Z,-USD,00006.2199,0000006.45,00006.2003,0899460.62,00006.3513,55601850.53
2021-11-02T20:00:01.771Z,-USD,00006.2547,0000006.45,000006.201,0898612.02,00006.3351,55638145.74
2021-11-02T21:00:01.886Z,-USD,00006.2611,0000006.45,000006.201,0895847.63,00006.2813,55671515.91
2021-11-02T22:00:02.016Z,-USD,0000006.28,0000006.45,000006.201,0916731.04,00006.2765,55726705.02
2021-11-02T23:00:02.751Z,-USD,00006.2697,0000006.45,000006.201,0937156.66,00006.2594,55776427.66
2021-11-03T00:00:02.489Z,-USD,00006.2854,0000006.45,000006.201,0935427.36,00006.2779,55810890.95
2021-11-03T01:00:02.616Z,-USD,00006.2703,0000006.45,000006.201,0922168.78,00006.2965,52800605.27
2021-11-03T02:00:02.352Z,-USD,00006.2646,0000006.45,000006.201,0965211.43,00006.3429,52868089.27
2021-11-03T03:00:02.521Z,-USD,00006.2212,0000006.45,00006.2021,0956516.18,00006.3372,52919881.64
2021-11-03T04:00:02.703Z,-USD,00006.2817,0000006.45,00006.2267,0998677.77,00006.3843,52990710.55
2021-11-03T05:00:03.72Z,-USD,00006.2693,0000006.45,00006.2267,1045808.56,00006.2967,53051828.17
2021-11-03T06:00:02.825Z,-USD,00006.2829,0000006.45,00006.2267,1067861.94,00006.3487,53100509.85
2021-11-03T07:00:01.666Z,-USD,00006.2971,00006.5272,00006.2267,1166211.67,00006.4874,53218799.47
2021-11-03T08:00:02.667Z,-USD,000006.275,00006.6248,00006.2267,1240388.75,00006.5878,53300955.53
2021-11-03T09:00:02.682Z,-USD,00006.2798,00006.6248,00006.2267,1254237.47,00006.5093,53325189.39
2021-11-03T10:00:02.489Z,-USD,00006.3616,00006.6248,00006.2267,1256910.02,000006.519,53365547.53
2021-11-03T11:00:04.508Z,-USD,00006.3849,00006.6248,00006.2267,1249028.96,00006.5501,53403182.34
2021-11-03T12:00:01.942Z,-USD,00006.3524,00006.6248,00006.2267,1261184.44,00006.5436,53453619.95
2021-11-03T13:00:01.863Z,-USD,00006.3335,00006.6248,00006.2267,1291999.03,00006.3413,53527119.49
2021-11-03T14:00:01.998Z,-USD,000006.418,00006.6248,00006.2267,1329370.58,00006.3032,53633404.01
2021-11-03T15:00:02.207Z,-USD,00006.3763,00006.6248,00006.2267,1348639.79,00006.3837,53715362.64
2021-11-03T16:00:01.68Z,-USD,00006.4167,00006.6248,00006.2267,01347721.0,000006.351,53771657.78
2021-11-03T17:00:03.277Z,-USD,00006.4032,00006.6248,00006.2267,1425396.78,0000006.44,53890041.13
2021-11-03T18:00:01.882Z,-USD,00006.3486,00006.6248,00006.2267,01417926.9,00000006.5,53936600.03
2021-11-03T19:00:02.278Z,-USD,00006.3442,00006.6248,00006.2267,1463098.16,00006.5494,54006718.14
2021-11-03T20:00:02.568Z,-USD,00006.3349,00006.6248,00006.2267,1460869.63,00006.4912,54040585.12
2021-11-03T21:00:01.933Z,-USD,00006.2772,00006.6248,00006.2267,1471542.74,00006.4644,54084926.71
