Coin on file:	CHZ
Created by:	chris
Created on:	09/18/2021T03:00:1631948402Z

Recorded,Currency,Open,High,Low,Volume,Last,Volume30day
2021-09-18T03:00:02.659Z,-USD,00000.3403,00000.3453,00000.3217,12515515.2,00000.3269,477172012.1
2021-09-18T04:00:01.983Z,-USD,00000.3437,00000.3447,00000.3217,12065482.6,00000.3293,477406645.6
2021-09-18T05:00:02.052Z,-USD,00000.3425,00000.3441,00000.3217,12070030.3,00000.3317,477908413.0
2021-09-18T06:00:02.083Z,-USD,00000.3426,000000.344,00000.3217,11965290.9,00000.3335,478242204.0
2021-09-18T07:00:02.385Z,-USD,00000.3407,000000.342,00000.3217,12017632.5,00000.3328,478637944.7
2021-09-18T08:00:02.626Z,-USD,00000.3368,000000.342,00000.3217,11026406.4,00000.3319,478932869.7
2021-09-18T09:00:01.852Z,-USD,00000.3404,00000.3416,00000.3217,10845845.1,00000.3316,479089223.5
2021-09-18T10:00:01.968Z,-USD,00000.3356,00000.3369,00000.3217,10625916.0,00000.3309,479295751.9
2021-09-18T11:00:02.344Z,-USD,00000.3285,00000.3339,00000.3217,09892020.4,00000.3334,479502568.2
2021-09-18T12:00:02.46Z,-USD,00000.3273,00000.3344,00000.3217,09675676.1,00000.3295,479865843.9
2021-09-18T13:00:02.675Z,-USD,00000.3285,00000.3344,00000.3217,09124359.6,00000.3293,480111198.1
2021-09-18T14:00:01.88Z,-USD,00000.3261,00000.3344,00000.3217,09012406.5,00000.3296,480395962.5
2021-09-18T14:27:57.952Z,-USD,00000.3303,00000.3344,00000.3217,09052861.0,00000.3299,480850558.0
2021-09-18T14:28:37.246Z,-USD,00000.3303,00000.3344,00000.3217,09054968.4,00000.3299,480852665.4
2021-09-18T14:31:17.504Z,-USD,00000.3303,00000.3344,00000.3217,09078661.5,0000000.33,480876358.5
2021-09-18T15:00:02.118Z,-USD,00000.3303,00000.3344,00000.3217,09232095.4,00000.3294,481029792.4
2021-09-18T16:00:02.322Z,-USD,00000.3301,00000.3344,00000.3217,09264565.2,00000.3295,481558954.2
2021-09-18T17:00:02.107Z,-USD,00000.3306,00000.3344,00000.3217,09097438.8,00000.3275,481827430.6
2021-09-18T18:00:07.221Z,-USD,00000.3262,00000.3344,00000.3217,08799560.6,00000.3291,482052534.8
2021-09-18T19:00:01.787Z,-USD,00000.3265,00000.3344,00000.3217,08450778.7,00000.3284,482341935.9
2021-09-18T20:00:02.515Z,-USD,00000.3275,00000.3344,00000.3217,08463918.9,000000.329,482788190.1
2021-09-18T21:00:02.121Z,-USD,00000.3231,00000.3344,00000.3217,08371384.5,00000.3253,483079133.5
2021-09-18T22:00:02.335Z,-USD,00000.3249,00000.3344,00000.3223,08071233.5,00000.3255,483313308.8
2021-09-18T23:00:01.768Z,-USD,00000.3227,00000.3344,00000.3223,08147090.8,00000.3268,483812584.3
2021-09-19T00:00:02.394Z,-USD,00000.3256,00000.3344,00000.3223,07940962.1,00000.3287,484084928.0
2021-09-19T01:00:02.002Z,-USD,00000.3274,00000.3344,00000.3232,07641496.5,00000.3247,477105554.3
2021-09-19T02:00:02.019Z,-USD,00000.3281,00000.3344,00000.3232,07580252.4,00000.3265,477297477.9
2021-09-19T03:00:02.664Z,-USD,00000.3271,00000.3344,00000.3232,07695549.4,00000.3262,477625449.4
2021-09-19T04:00:02.654Z,-USD,00000.3293,00000.3344,00000.3232,07578366.0,000000.324,477753450.5
2021-09-19T05:00:02.407Z,-USD,00000.3312,00000.3344,000000.323,07265360.6,00000.3245,477933346.6
2021-09-19T06:00:02.187Z,-USD,00000.3334,00000.3344,000000.323,07064693.5,00000.3267,478065408.1
2021-09-19T07:00:02.005Z,-USD,00000.3328,00000.3344,000000.323,06775446.7,00000.3259,478171339.9
2021-09-19T08:00:02.143Z,-USD,00000.3316,00000.3344,000000.323,06594558.0,00000.3266,478285389.6
2021-09-19T09:00:01.925Z,-USD,00000.3316,00000.3344,000000.323,06687146.6,000000.328,478536995.5
2021-09-19T10:00:01.868Z,-USD,00000.3311,00000.3344,000000.323,06565266.9,000000.327,478619447.1
2021-09-19T11:00:02.48Z,-USD,00000.3332,00000.3344,000000.323,06593033.4,00000.3253,478854715.6
2021-09-19T12:00:02.523Z,-USD,00000.3299,00000.3318,00000.3161,06887183.1,00000.3181,479511868.1
2021-09-19T13:00:02.684Z,-USD,00000.3293,00000.3318,00000.3161,07206255.2,00000.3191,480075819.3
2021-09-19T14:00:02.607Z,-USD,00000.3302,00000.3308,00000.3161,06919721.3,00000.3218,480363563.5
2021-09-19T15:00:02.684Z,-USD,00000.3293,00000.3308,00000.3161,06774103.7,00000.3226,480563913.1
2021-09-19T16:00:02.634Z,-USD,00000.3298,00000.3308,00000.3161,06524762.2,00000.3232,480841803.9
2021-09-19T17:00:02.62Z,-USD,00000.3277,00000.3296,00000.3161,06601766.7,00000.3214,481188978.3
2021-09-19T18:00:01.7Z,-USD,00000.3288,00000.3296,00000.3161,06614908.7,00000.3196,481425604.4
2021-09-19T19:00:01.839Z,-USD,00000.3284,00000.3296,00000.3161,06533096.6,00000.3219,481632961.5
2021-09-19T20:00:01.841Z,-USD,00000.3293,00000.3295,00000.3161,06417187.7,000000.318,481964158.7
2021-09-19T21:00:02.299Z,-USD,00000.3254,00000.3294,00000.3161,06372447.0,000000.321,482210361.9
2021-09-19T22:00:02.24Z,-USD,00000.3254,00000.3294,00000.3161,06298348.2,00000.3191,482379794.5
2021-09-19T23:00:02.396Z,-USD,000000.327,00000.3294,00000.3111,06361687.8,00000.3128,482932554.4
2021-09-20T00:00:01.696Z,-USD,00000.3288,00000.3294,00000.3111,06288120.3,00000.3164,483135940.2
2021-09-20T01:00:01.876Z,-USD,00000.3248,00000.3282,000000.307,06763131.3,000000.309,452567963.9
2021-09-20T02:00:02.151Z,-USD,00000.3266,00000.3282,000000.307,06884243.4,00000.3122,452880950.0
2021-09-20T03:00:02.274Z,-USD,00000.3263,00000.3282,00000.2989,07488077.1,00000.2992,453812795.0
2021-09-20T04:00:02.153Z,-USD,00000.3241,00000.3282,00000.2915,08397480.3,00000.2976,454851990.6
2021-09-20T05:00:01.965Z,-USD,00000.3247,00000.3282,00000.2915,08731603.4,00000.3009,455364074.4
2021-09-20T06:00:01.919Z,-USD,00000.3266,00000.3282,00000.2915,08970830.3,00000.3026,455747760.5
2021-09-20T07:00:02.042Z,-USD,00000.3261,00000.3282,00000.2915,09221514.8,00000.2987,456092087.5
2021-09-20T08:00:02.121Z,-USD,00000.3265,00000.3282,00000.2853,10154535.4,00000.2886,457139535.4
2021-09-20T09:00:01.892Z,-USD,00000.3276,00000.3281,00000.2853,10512118.8,00000.2947,457750687.4
2021-09-20T10:00:01.701Z,-USD,00000.3269,00000.3273,00000.2853,10689535.1,00000.2914,458008132.6
2021-09-20T11:00:02.361Z,-USD,00000.3255,00000.3257,00000.2853,10992246.2,00000.2886,458546103.1
2021-09-20T12:00:02.361Z,-USD,00000.3179,00000.3243,000000.273,11652717.7,00000.2778,459870773.7
2021-09-20T13:00:02.403Z,-USD,00000.3194,00000.3243,000000.267,12693989.4,00000.2795,461469463.9
2021-09-20T14:00:02.73Z,-USD,00000.3218,00000.3243,000000.267,13407638.4,00000.2872,462472851.0
2021-09-20T15:00:01.832Z,-USD,00000.3225,00000.3243,000000.267,13743294.5,000000.284,463006674.6
2021-09-20T16:00:02.357Z,-USD,00000.3228,00000.3243,000000.267,14081780.1,00000.2872,463625477.6
2021-09-20T17:00:02.536Z,-USD,00000.3211,00000.3234,000000.267,14355835.0,00000.2838,464252068.2
2021-09-20T18:00:02.544Z,-USD,00000.3194,00000.3234,000000.267,14525681.0,00000.2845,464652259.7
2021-09-20T19:00:02.469Z,-USD,00000.3219,00000.3224,000000.267,15063332.3,00000.2758,465396805.4
2021-09-20T20:00:02.434Z,-USD,000000.318,00000.3217,000000.267,15497496.2,00000.2759,466165123.5
2021-09-20T21:00:02.46Z,-USD,000000.321,00000.3215,000000.267,15650025.9,00000.2725,466559873.8
2021-09-20T22:00:02.44Z,-USD,00000.3192,00000.3206,000000.267,15832597.9,00000.2739,466911861.4
2021-09-20T23:00:02.52Z,-USD,00000.3126,00000.3169,000000.267,15640397.9,00000.2726,467278717.8
2021-09-21T00:00:02.956Z,-USD,00000.3163,00000.3169,00000.2664,16545432.2,00000.2708,468380538.0
2021-09-21T01:00:02.191Z,-USD,00000.3089,00000.3127,0000000.25,17406151.6,00000.2566,450708867.5
2021-09-21T02:00:01.777Z,-USD,000000.312,00000.3122,0000000.25,17959537.0,00000.2678,451568858.5
2021-09-21T03:00:02.103Z,-USD,00000.2984,00000.3037,0000000.25,17809122.8,00000.2705,452362556.0
2021-09-21T04:00:02.34Z,-USD,00000.2969,00000.3037,0000000.25,17059540.2,000000.268,452639651.3
2021-09-21T05:00:02.612Z,-USD,00000.3008,00000.3037,0000000.25,16961389.5,00000.2642,453053861.1
2021-09-21T06:00:02.518Z,-USD,00000.3021,00000.3037,0000000.25,16829760.0,00000.2658,453306829.4
2021-09-21T07:00:02.272Z,-USD,00000.2985,00000.3003,0000000.25,16669268.7,00000.2702,453492584.2
2021-09-21T08:00:02.419Z,-USD,00000.2892,00000.2959,0000000.25,15881291.7,00000.2748,453770409.2
2021-09-21T09:00:02.545Z,-USD,00000.2944,00000.2959,0000000.25,15654845.4,00000.2797,454132684.3
2021-09-21T10:00:02.395Z,-USD,00000.2915,00000.2945,0000000.25,16126362.9,00000.2763,454865020.8
2021-09-21T11:00:02.6Z,-USD,00000.2884,00000.2893,0000000.25,16476907.8,00000.2779,455752437.5
2021-09-21T12:00:02.507Z,-USD,00000.2777,00000.2885,0000000.25,15647895.3,00000.2785,456249618.7
2021-09-21T13:00:02.679Z,-USD,00000.2797,00000.2885,0000000.25,14804756.9,00000.2796,457008674.7
2021-09-21T14:00:01.857Z,-USD,00000.2874,00000.2885,0000000.25,14267195.5,00000.2774,457467955.1
2021-09-21T15:00:02.144Z,-USD,00000.2834,00000.2885,0000000.25,14498224.9,00000.2692,458240520.1
2021-09-21T16:00:02.617Z,-USD,00000.2869,00000.2885,0000000.25,14428741.1,00000.2744,458785762.9
2021-09-21T17:00:03.462Z,-USD,000000.284,00000.2854,0000000.25,14517501.7,00000.2675,459497503.3
2021-09-21T18:00:01.824Z,-USD,00000.2845,00000.2852,0000000.25,14939755.6,00000.2608,460321828.8
2021-09-21T19:00:02.438Z,-USD,00000.2762,000000.282,0000000.25,14722185.4,00000.2629,460851886.0
2021-09-21T20:00:02.298Z,-USD,00000.2759,000000.282,0000000.25,14850424.4,000000.261,461746337.3
2021-09-21T21:00:01.766Z,-USD,00000.2724,000000.282,00000.2495,15710439.0,00000.2512,462997830.6
2021-09-21T22:00:02.225Z,-USD,00000.2739,000000.282,00000.2414,17254191.2,00000.2566,464897027.9
2021-09-21T23:00:02.124Z,-USD,00000.2727,000000.282,00000.2414,17501176.5,00000.2484,465507264.2
2021-09-22T00:00:02.323Z,-USD,00000.2711,000000.282,00000.2414,17338164.5,00000.2529,466447797.6
2021-09-22T01:00:02.686Z,-USD,00000.2569,000000.282,00000.2414,16948287.5,00000.2514,447483092.5
2021-09-22T02:00:01.838Z,-USD,00000.2676,000000.282,00000.2414,16709618.6,00000.2605,448071066.2
2021-09-22T03:00:02.496Z,-USD,00000.2705,000000.282,00000.2414,16195416.8,00000.2598,448348868.8
2021-09-22T04:00:01.855Z,-USD,000000.268,000000.282,00000.2414,16263674.6,00000.2581,448694062.2
2021-09-22T05:00:01.961Z,-USD,00000.2639,000000.282,00000.2414,16194734.1,00000.2574,449039505.8
2021-09-22T06:00:02.356Z,-USD,00000.2655,000000.282,00000.2414,16343448.8,00000.2626,449440917.3
2021-09-22T07:00:02.359Z,-USD,00000.2707,000000.282,00000.2414,17191280.8,00000.2794,450474494.1
2021-09-22T08:00:02.458Z,-USD,00000.2754,00000.2864,00000.2414,20268771.7,00000.2812,453834999.2
2021-09-22T09:00:03.657Z,-USD,00000.2799,00000.2864,00000.2414,20756794.4,00000.2752,454683631.8
2021-09-22T10:00:01.805Z,-USD,00000.2768,00000.2864,00000.2414,20239283.7,000000.278,454909197.3
2021-09-22T11:00:02.368Z,-USD,00000.2781,00000.2864,00000.2414,19708997.2,00000.2765,455252054.7
2021-09-22T12:00:02.378Z,-USD,00000.2789,00000.2864,00000.2414,20313133.9,000000.271,456360119.4
2021-09-22T13:00:02.638Z,-USD,00000.2791,00000.2864,00000.2414,19946538.0,00000.2738,456745978.2
2021-09-22T14:00:01.835Z,-USD,00000.2776,00000.2864,00000.2414,19854611.4,00000.2775,457113280.7
2021-09-22T15:00:01.945Z,-USD,00000.2691,00000.2864,00000.2414,19984683.9,00000.2784,458017369.5
2021-09-22T16:00:02.268Z,-USD,00000.2748,00000.2864,00000.2414,20081426.6,00000.2823,458658240.2
2021-09-22T17:00:02.156Z,-USD,00000.2671,00000.2864,00000.2414,19921282.3,00000.2847,459212558.1
2021-09-22T18:00:02.557Z,-USD,000000.261,00000.2864,00000.2414,21102841.9,00000.2806,461217041.3
2021-09-22T19:00:02.158Z,-USD,00000.2625,00000.2907,00000.2414,21415426.5,00000.2842,462058157.3
2021-09-22T20:00:02.676Z,-USD,00000.2607,00000.2907,00000.2414,20904265.6,00000.2868,462441825.0
2021-09-22T21:00:01.933Z,-USD,00000.2512,00000.2907,00000.2414,20342894.3,00000.2896,463141215.8
2021-09-22T22:00:02.514Z,-USD,00000.2562,00000.2907,00000.2477,18993299.7,00000.2865,463686313.4
2021-09-22T23:00:02.005Z,-USD,00000.2486,00000.2911,00000.2477,18985755.6,00000.2908,464286192.5
2021-09-23T00:00:03.545Z,-USD,00000.2535,00000.2923,00000.2489,18552272.2,00000.2908,464801197.5
2021-09-23T01:00:02.49Z,-USD,000000.252,00000.2928,00000.2504,18125565.6,00000.2881,447808032.3
2021-09-23T02:00:02.357Z,-USD,000000.261,00000.2928,00000.2565,17804821.4,00000.2907,448072232.4
2021-09-23T03:00:02.712Z,-USD,00000.2597,00000.2942,00000.2565,18124032.3,00000.2916,448667954.4
2021-09-23T04:00:01.926Z,-USD,00000.2588,00000.2945,00000.2565,18101704.9,000000.294,448995670.1
2021-09-23T05:00:02.221Z,-USD,00000.2576,00000.2971,00000.2576,18027199.3,00000.2938,449261141.2
2021-09-23T06:00:02.32Z,-USD,00000.2632,00000.2971,00000.2595,17815949.8,00000.2914,449453423.6
2021-09-23T07:00:03.134Z,-USD,00000.2809,00000.2977,0000000.27,17344012.6,000000.296,450100486.7
2021-09-23T08:00:02.122Z,-USD,000000.281,00000000.3,0000000.27,14750914.8,00000.2982,450782541.8
2021-09-23T09:00:02.3Z,-USD,00000.2757,00000000.3,0000000.27,14243438.7,00000.2932,451122389.1
2021-09-23T10:00:02.464Z,-USD,00000.2788,00000000.3,0000000.27,14447765.8,00000.2954,451551446.3
2021-09-23T11:00:05.825Z,-USD,00000.2767,00000000.3,0000000.27,14735351.5,00000.2905,452181927.0
2021-09-23T12:00:02.063Z,-USD,00000.2707,00000000.3,00000.2704,14076167.2,00000.2855,452630724.4
2021-09-23T13:00:02.551Z,-USD,00000.2745,00000000.3,00000.2734,14646285.4,000000.286,453586771.9
2021-09-23T14:00:01.849Z,-USD,00000.2774,00000000.3,00000.2753,14909446.2,00000.2914,454217150.1
2021-09-23T15:00:02.469Z,-USD,00000.2787,00000000.3,00000.2784,14481530.9,00000.2953,454693771.7
2021-09-23T16:00:01.835Z,-USD,00000.2822,00000000.3,00000.2784,14285601.1,000000.289,455140610.7
2021-09-23T17:00:02.388Z,-USD,00000.2848,00000000.3,00000.2784,13932323.0,00000.2901,455347541.6
2021-09-23T18:00:01.982Z,-USD,00000.2806,00000000.3,00000.2792,13910903.0,00000.2966,457327127.6
2021-09-23T19:00:01.805Z,-USD,000000.284,00000000.3,00000.2825,13701390.8,00000.2964,457954660.2
2021-09-23T20:00:02.516Z,-USD,00000.2869,00000000.3,00000.2835,13629462.5,00000.2951,458267132.7
2021-09-23T21:00:02.25Z,-USD,00000.2891,00000000.3,00000.2835,13373502.9,00000.2929,458711422.8
2021-09-23T22:00:02.175Z,-USD,00000.2862,00000000.3,00000.2836,13579054.5,000000.292,459459858.4
2021-09-23T23:00:01.951Z,-USD,00000.2912,00000000.3,00000.2836,13237452.6,00000.2943,459724588.1
2021-09-24T00:00:02.48Z,-USD,00000.2912,00000000.3,00000.2836,12975306.0,00000.2956,459972729.4
2021-09-24T01:00:02.228Z,-USD,00000.2878,00000000.3,00000.2836,12360750.2,00000.2935,445412160.6
2021-09-24T02:00:02.084Z,-USD,000000.291,00000000.3,00000.2836,12545546.4,0000000.29,445861950.7
2021-09-24T03:00:01.973Z,-USD,00000.2919,00000000.3,00000.2836,12112618.0,00000.2904,446024154.7
2021-09-24T04:00:02.45Z,-USD,00000.2945,00000000.3,00000.2836,11949360.8,00000.2883,446189641.3
2021-09-24T05:00:02.206Z,-USD,00000.2939,00000000.3,00000.2836,11848808.1,000000.289,446353340.8
2021-09-24T06:00:02.643Z,-USD,00000.2913,00000000.3,00000.2836,11921951.6,00000.2863,446618775.0
2021-09-24T07:00:02.623Z,-USD,00000.2962,00000000.3,00000.2836,11445216.7,00000.2851,446794541.5
2021-09-24T08:00:01.884Z,-USD,00000.2982,00000.2995,00000.2836,11076738.8,00000.2889,447105241.0
2021-09-24T09:00:02.126Z,-USD,00000.2931,00000.2993,00000.2836,10942251.7,00000.2853,447308029.5
2021-09-24T10:00:02.248Z,-USD,000000.295,00000.2993,00000.2649,11943005.7,000000.265,448737816.2
2021-09-24T11:00:02.663Z,-USD,00000.2902,00000.2993,00000.2624,12362492.2,00000.2634,449793750.2
2021-09-24T12:00:02.133Z,-USD,00000.2857,00000.2993,000000.254,13341785.9,00000.2663,451221509.6
2021-09-24T13:00:02.817Z,-USD,00000.2862,00000.2993,000000.254,12847065.8,00000.2623,451678958.1
2021-09-24T14:00:02.591Z,-USD,00000.2917,00000.2993,000000.254,13251049.6,00000.2679,452711583.6
2021-09-24T15:00:02.124Z,-USD,00000.2953,00000.2993,000000.254,13431451.9,00000.2724,453370331.6
2021-09-24T16:00:01.961Z,-USD,00000.2886,00000.2993,000000.254,13514699.5,00000.2681,453898684.0
2021-09-24T17:00:02.316Z,-USD,00000.2904,00000.2993,000000.254,13664644.5,00000.2697,454255649.4
2021-09-24T18:00:02.431Z,-USD,00000.2964,00000.2993,000000.254,12119675.2,00000.2662,454704885.9
2021-09-24T19:00:02.41Z,-USD,00000.2972,00000.2982,000000.254,11688380.5,00000.2686,454887270.5
2021-09-24T20:00:01.732Z,-USD,00000.2951,00000.2982,000000.254,11579068.0,000000.269,455092678.7
2021-09-24T21:00:02.101Z,-USD,00000.2928,00000.2982,000000.254,11463316.9,00000.2733,455418139.4
2021-09-24T22:00:02.204Z,-USD,00000.2922,00000.2982,000000.254,10980591.5,00000.2736,455683837.0
2021-09-24T23:00:01.997Z,-USD,00000.2937,00000.2982,000000.254,10897291.9,00000.2737,455882906.5
2021-09-25T00:00:02.169Z,-USD,00000.2959,00000.2982,000000.254,10863257.3,000000.272,456079379.0
2021-09-25T01:00:02.578Z,-USD,00000.2936,00000.2967,000000.254,12372087.3,00000.2747,438961370.4
2021-09-25T02:00:01.928Z,-USD,00000.2911,000000.292,000000.254,12248962.6,000000.272,439287703.3
2021-09-25T03:00:01.987Z,-USD,00000.2906,000000.292,000000.254,12301925.5,00000.2703,439502890.6
2021-09-25T04:00:02.605Z,-USD,00000.2883,00000.2911,000000.254,12255870.1,00000.2721,439623007.3
2021-09-25T05:00:02.68Z,-USD,00000.2886,00000.2911,000000.254,12555330.4,00000.2727,440085547.6
2021-09-25T06:00:02.668Z,-USD,00000.2869,00000.2911,000000.254,12403703.9,00000.2698,440200297.9
2021-09-25T07:00:01.846Z,-USD,00000.2848,00000.2911,000000.254,12440371.0,00000.2719,440411831.0
2021-09-25T08:00:01.884Z,-USD,00000.2883,00000.2911,000000.254,12269810.6,00000.2673,440560525.0
2021-09-25T09:00:02.034Z,-USD,00000.2861,00000.2861,000000.254,12910411.2,00000.2661,441398186.2
2021-09-25T10:00:01.83Z,-USD,000000.265,00000.2769,000000.254,11560632.5,00000.2684,441523682.7
2021-09-25T11:00:02.586Z,-USD,00000.2631,00000.2769,000000.254,10789575.0,00000.2689,441762534.7
2021-09-25T12:00:02.497Z,-USD,00000.2658,00000.2769,00000.2585,09526719.2,00000.2668,441925612.2
2021-09-25T13:00:02.182Z,-USD,00000.2631,00000.2769,00000.2585,09278336.8,00000.2667,442136243.3
2021-09-25T14:00:02.678Z,-USD,00000.2679,00000.2769,00000.2585,08558366.4,00000.2685,442455554.0
2021-09-25T15:00:02.678Z,-USD,00000.2726,00000.2769,00000.2585,08212646.9,000000.265,442764352.8
2021-09-25T16:00:01.769Z,-USD,00000.2677,00000.2769,00000.2585,07953716.7,00000.2676,443066238.7
2021-09-25T17:00:02.512Z,-USD,00000.2698,00000.2769,00000.2585,07871045.4,00000.2661,443317435.5
2021-09-25T18:00:01.743Z,-USD,00000.2668,00000.2769,00000.2585,07806922.9,00000.2659,443689517.9
2021-09-25T19:00:01.831Z,-USD,00000.2681,00000.2769,00000.2585,07947837.3,00000.2644,444011902.1
2021-09-25T20:00:02.078Z,-USD,00000.2694,00000.2769,00000.2585,07940746.2,00000.2649,444212474.3
2021-09-25T21:00:02.047Z,-USD,00000.2733,00000.2769,00000.2585,08014550.1,00000.2638,444609720.4
2021-09-25T22:00:01.967Z,-USD,00000.2741,00000.2769,00000.2585,07989798.8,00000.2637,444851180.6
2021-09-25T23:00:02.555Z,-USD,00000.2734,00000.2769,00000.2585,08018102.5,00000.2647,445077801.1
2021-09-26T00:00:01.749Z,-USD,00000.2719,00000.2769,00000.2585,08504862.6,000000.267,445761100.0
2021-09-26T01:00:01.825Z,-USD,000000.275,00000.2752,00000.2585,07067903.6,00000.2617,434024229.6
2021-09-26T02:00:02.1Z,-USD,000000.272,00000.2752,00000.2583,06927418.4,00000.2596,434208446.8
2021-09-26T03:00:01.99Z,-USD,00000.2701,00000.2752,00000.2568,06938718.7,00000.2579,434432516.0
2021-09-26T04:00:02.515Z,-USD,00000.2718,00000.2752,00000.2568,06939237.0,00000.2597,434553187.0
2021-09-26T05:00:01.75Z,-USD,00000.2726,00000.2743,00000.2568,06635115.2,00000.2607,434711839.3
2021-09-26T06:00:02.535Z,-USD,00000.2706,00000.2727,00000.2568,06834819.7,00000.2621,435026545.8
2021-09-26T07:00:02.664Z,-USD,00000.2719,00000.2727,00000.2568,06789149.3,00000.2583,435192027.5
2021-09-26T08:00:02.631Z,-USD,00000.2676,000000.271,00000.2477,07403000.4,00000.2506,435956011.5
2021-09-26T09:00:02.674Z,-USD,00000.2659,000000.271,00000.2477,07069149.5,00000.2518,436459832.7
2021-09-26T10:00:01.845Z,-USD,00000.2683,000000.271,00000.2477,07512299.2,00000.2622,437026904.0
2021-09-26T11:00:01.798Z,-USD,00000.2687,00000.2705,00000.2477,07435770.4,00000.2611,437189193.3
2021-09-26T12:00:02.079Z,-USD,00000.2667,00000.2705,00000.2477,07383064.0,00000.2618,437299575.9
2021-09-26T13:00:02.198Z,-USD,00000.2666,00000.2705,00000.2477,07315650.3,00000.2631,437459986.7
2021-09-26T14:00:02.218Z,-USD,00000.2681,00000.2702,00000.2477,07108072.1,00000.2622,437554690.2
2021-09-26T15:00:02.375Z,-USD,00000.2649,00000.2702,00000.2477,06960317.9,00000.2638,437717791.2
2021-09-26T16:00:02.518Z,-USD,00000.2676,00000.2702,00000.2477,06791995.2,00000.2644,437849181.4
2021-09-26T17:00:02.496Z,-USD,00000.2663,00000.2702,00000.2477,06633626.3,00000.2627,437941940.5
2021-09-26T18:00:01.767Z,-USD,00000.2652,00000.2702,00000.2477,06359379.8,00000.2633,438039785.4
2021-09-26T19:00:01.978Z,-USD,00000.2643,00000.2702,00000.2477,06146737.6,00000.2623,438149606.9
2021-09-26T20:00:02.12Z,-USD,00000.2655,00000.2702,00000.2477,06075576.6,00000.2633,438279142.5
2021-09-26T21:00:02.114Z,-USD,00000.2637,00000.2702,00000.2477,06093393.2,00000.2669,438694076.0
2021-09-26T22:00:02.208Z,-USD,00000.2637,00000.2702,00000.2477,05982050.3,00000.2652,438824110.0
2021-09-26T23:00:02.421Z,-USD,00000.2652,00000.2702,00000.2477,06065364.7,00000.2618,439138880.5
2021-09-27T00:00:02.585Z,-USD,00000.2664,00000.2684,00000.2477,05785862.0,00000.2634,439539986.3
2021-09-27T01:00:01.792Z,-USD,00000.2626,00000.2684,00000.2477,05730829.8,00000.2676,433573247.0
2021-09-27T02:00:01.815Z,-USD,00000.2592,00000.2718,00000.2477,05852087.2,00000.2713,433876938.6
2021-09-27T03:00:01.926Z,-USD,00000.2579,00000.2718,00000.2477,06012065.1,00000.2689,434260153.4
2021-09-27T04:00:02.541Z,-USD,00000.2599,00000.2718,00000.2477,06073163.9,00000.2673,434441356.4
2021-09-27T05:00:02.144Z,-USD,000000.261,00000.2718,00000.2477,05980323.2,00000.2665,434507525.9
2021-09-27T06:00:02.117Z,-USD,00000.2616,00000.2718,00000.2477,05777163.8,00000.2685,434618706.3
2021-09-27T07:00:02.227Z,-USD,00000.2582,00000.2718,00000.2477,05744177.7,00000.2666,434752385.9
2021-09-27T08:00:02.214Z,-USD,00000.2507,00000.2718,00000.2482,05062277.5,00000.2664,434862355.9
2021-09-27T09:00:02.262Z,-USD,00000.2517,00000.2718,00000.2513,04751960.7,00000.2671,435027200.9
2021-09-27T10:00:02.303Z,-USD,00000.2627,00000.2718,00000.2588,04389593.5,00000.2652,435237169.2
2021-09-27T11:00:01.866Z,-USD,00000.2607,00000.2718,00000.2589,04331914.0,00000.2668,435336325.8
2021-09-27T12:00:01.882Z,-USD,00000.2621,00000.2718,00000.2589,04390407.2,00000.2681,435505088.6
2021-09-27T13:00:02.11Z,-USD,00000.2631,00000.2718,00000.2589,04451588.3,00000.2656,435726847.6
2021-09-27T14:00:02.199Z,-USD,00000.2625,00000.2718,00000.2589,04647102.9,00000.2651,436017903.7
2021-09-27T15:00:02.738Z,-USD,00000.2638,00000.2718,00000.2589,04739732.3,00000.2624,436272526.1
2021-09-27T16:00:02.049Z,-USD,00000.2646,00000.2718,00000.2589,05182368.8,00000.2631,436847036.9
2021-09-27T17:00:02.063Z,-USD,000000.263,00000.2718,00000.2584,05336523.8,00000.2601,437093558.5
2021-09-27T18:00:02.964Z,-USD,00000.2628,00000.2718,00000.2584,05391210.5,00000.2598,437246010.2
2021-09-27T19:00:02.296Z,-USD,00000.2624,00000.2718,00000.2568,05469070.6,00000.2579,437434625.6
2021-09-27T20:00:02.256Z,-USD,00000.2636,00000.2718,00000.2567,05547447.3,000000.258,437641615.0
2021-09-27T21:00:02.424Z,-USD,00000.2671,00000.2718,00000.2544,05432895.1,00000.2548,437945362.4
2021-09-27T22:00:02.669Z,-USD,00000.2657,00000.2718,00000.2544,05487969.8,00000.2603,438128616.1
2021-09-27T23:00:01.766Z,-USD,00000.2612,00000.2718,00000.2544,05455390.9,00000.2602,438418179.1
2021-09-28T00:00:02.209Z,-USD,00000.2632,00000.2718,000000.254,05241127.2,00000.2544,438597810.5
2021-09-28T01:00:02.458Z,-USD,00000.2676,00000.2718,00000.2525,05343590.9,00000.2554,430614249.5
2021-09-28T02:00:01.85Z,-USD,00000.2713,00000.2716,00000.2525,05227432.0,00000.2574,430800511.3
2021-09-28T03:00:01.975Z,-USD,00000.2689,00000.2713,00000.2525,05093741.8,00000.2565,431048060.0
2021-09-28T04:00:02.216Z,-USD,00000.2675,00000.2713,00000.2525,05082838.8,000000.257,431218407.0
2021-09-28T05:00:01.939Z,-USD,000000.267,00000.2713,00000.2525,05132692.7,00000.2583,431334142.1
2021-09-28T06:00:02.042Z,-USD,00000.2688,00000.2713,00000.2525,05301418.8,000000.257,431614422.3
2021-09-28T07:00:02.341Z,-USD,00000.2662,00000.2696,00000.2525,05281394.9,00000.2562,431727715.8
2021-09-28T08:00:02.528Z,-USD,00000.2659,00000.2696,00000.2513,05384164.4,00000.2522,431942088.8
2021-09-28T09:00:02.378Z,-USD,00000.2672,00000.2696,000000.251,05320542.9,00000.2529,432041718.8
2021-09-28T10:00:02.386Z,-USD,00000.2655,00000.2689,000000.251,05295673.8,00000.2523,432228793.0
2021-09-28T11:00:02.074Z,-USD,00000.2669,00000.2689,00000.2504,05290317.6,00000.2517,432326901.7
2021-09-28T12:00:02.338Z,-USD,00000.2678,00000.2689,00000.2504,05212059.9,00000.2537,432411202.0
2021-09-28T13:00:02.449Z,-USD,00000.2651,00000.2689,00000.2504,05292653.8,00000.2516,432713414.9
2021-09-28T14:00:02.665Z,-USD,00000.2649,00000.2689,00000.2504,05366334.9,00000.2532,433078157.4
2021-09-28T15:00:01.936Z,-USD,00000.2628,00000.2638,00000.2485,05560760.7,0000000.25,433527210.4
2021-09-28T16:00:02.569Z,-USD,000000.263,00000.2637,00000.2473,05390128.5,00000.2476,433931098.1
2021-09-28T17:00:02.866Z,-USD,00000.2601,00000.2616,00000.2455,05492522.8,00000.2455,434281245.8
2021-09-28T18:00:02.31Z,-USD,00000.2602,00000.2615,00000.2434,06361990.9,00000.2451,435302540.0
2021-09-28T19:00:02.452Z,-USD,00000.2584,00000.2615,00000.2434,07325335.1,00000.2468,436461478.7
2021-09-28T20:00:02.524Z,-USD,00000.2577,00000.2615,00000.2434,07700441.8,00000.2458,437036372.5
2021-09-28T21:00:02.277Z,-USD,00000.2548,00000.2615,00000.2434,07799413.5,00000.2481,437440308.8
2021-09-28T22:00:01.703Z,-USD,00000.2601,00000.2615,00000.2434,07789551.9,00000.2488,437612409.7
2021-09-28T23:00:02.446Z,-USD,00000.2601,00000.2608,00000.2434,07662208.0,00000.2467,437774310.8
2021-09-29T00:00:02.799Z,-USD,00000.2542,00000.2592,00000.2434,08155878.5,00000.2442,438447612.6
2021-09-29T01:00:02.151Z,-USD,00000.2554,00000.2592,00000.2434,08335691.7,00000.2475,415124842.1
2021-09-29T02:00:01.875Z,-USD,00000.2573,00000.2592,00000.2434,08274724.1,00000.2474,415250298.7
2021-09-29T03:00:02.624Z,-USD,00000.2566,00000.2592,00000.2434,08217900.6,00000.2503,415440744.6
2021-09-29T04:00:02.225Z,-USD,00000.2567,00000.2592,00000.2434,08263025.5,00000.2526,415657061.8
2021-09-29T05:00:01.856Z,-USD,00000.2581,00000.2589,00000.2434,08330269.7,00000.2531,415839141.2
2021-09-29T06:00:02.48Z,-USD,00000.2568,00000.2576,00000.2434,08131219.3,00000.2533,415920329.5
2021-09-29T07:00:02.046Z,-USD,00000.2563,00000.2563,00000.2434,08059895.1,00000.2546,415962317.5
2021-09-29T08:00:02.639Z,-USD,00000.2523,00000.2554,00000.2434,07915832.0,00000.2547,416032613.2
2021-09-29T09:00:02.32Z,-USD,00000.2533,00000.2554,00000.2434,07950572.2,00000.2535,416168942.5
2021-09-29T10:00:02.706Z,-USD,000000.252,00000.2554,00000.2434,07966664.1,00000.2534,416370144.9
2021-09-29T11:00:03.436Z,-USD,00000.2519,00000.2576,00000.2434,08140068.0,00000.2571,416644335.6
2021-09-29T12:00:02.427Z,-USD,00000.2536,00000.2576,00000.2434,08132895.9,00000.2557,416726843.1
2021-09-29T13:00:02.041Z,-USD,00000.2517,00000.2576,00000.2434,08211256.7,00000.2534,417099443.5
2021-09-29T14:00:02.192Z,-USD,00000.2527,00000.2576,00000.2434,08001063.1,00000.2543,417253908.8
2021-09-29T15:00:02.089Z,-USD,00000.2502,00000.2627,00000.2434,08600226.9,00000.2567,418302531.0
2021-09-29T16:00:01.756Z,-USD,00000.2471,00000.2627,00000.2434,08387960.6,00000.2516,418494150.2
2021-09-29T17:00:02.569Z,-USD,00000.2453,00000.2627,00000.2434,08310682.5,00000.2508,418766625.5
2021-09-29T18:00:02.127Z,-USD,00000.2448,00000.2627,00000.2434,07434422.8,00000.2476,418911648.5
2021-09-29T19:00:01.734Z,-USD,00000.2467,00000.2627,00000.2434,06498249.0,00000.2465,419134804.4
2021-09-29T20:00:02.534Z,-USD,00000.2461,00000.2627,00000.2434,06459931.2,00000.2469,419676155.8
2021-09-29T21:00:02.245Z,-USD,000000.248,00000.2627,00000.2434,06384573.6,000000.246,419999570.5
2021-09-29T22:00:02.118Z,-USD,00000.2489,00000.2627,00000.2434,06528690.2,00000.2468,420315917.2
2021-09-29T23:00:02.473Z,-USD,00000.2463,00000.2627,00000.2434,06558504.6,00000.2478,420514916.4
2021-09-30T20:00:24.953Z,-USD,00000.2469,00000.2638,000000.244,04718070.0,00000.2582,411610244.6
2021-09-30T21:00:01.877Z,-USD,00000.2457,00000.2638,00000.2446,04643860.0,000000.258,411857815.9
2021-09-30T22:00:01.971Z,-USD,00000.2468,00000.2638,00000.2454,04388537.0,00000.2608,411921424.2
2021-09-30T23:00:01.898Z,-USD,00000.2473,00000.2638,00000.2468,04510861.8,00000.2611,412240325.1
2021-10-01T00:00:02.236Z,-USD,000000.249,00000.2638,00000.2483,04448136.5,00000.2618,412371150.4
2021-10-01T01:00:02.43Z,-USD,00000.2541,00000.2647,00000.2515,04695136.7,00000.2618,400263033.6
2021-10-01T02:00:01.807Z,-USD,00000.2568,00000.2647,00000.2515,04677915.0,00000.2615,400431386.4
2021-10-01T03:00:02.143Z,-USD,000000.258,00000.2647,00000.2515,04747442.4,00000.2585,400607511.2
2021-10-01T04:00:01.981Z,-USD,00000.2595,00000.2647,00000.2515,04784392.3,00000.2603,400728207.9
2021-10-01T05:00:01.806Z,-USD,00000.2576,00000.2647,00000.2515,04838555.9,00000.2608,400867576.3
2021-10-01T06:00:01.719Z,-USD,00000.2578,00000.2647,00000.2515,04798440.7,00000.2615,400935919.4
2021-10-01T07:00:02.628Z,-USD,00000.2577,00000.2647,00000.2515,04702630.0,00000.2618,401022475.1
2021-10-01T08:00:02.645Z,-USD,00000.2551,00000.2662,00000.2515,04577118.5,000000.266,401189788.0
2021-10-01T09:00:02.609Z,-USD,00000.2531,00000.2693,00000.2518,04674784.1,00000.2685,401391254.3
2021-10-01T10:00:02.404Z,-USD,00000.2541,00000.2698,00000.2518,04777571.5,00000.2687,401552905.5
2021-10-01T11:00:02.164Z,-USD,00000.2522,000000.277,00000.2521,05758102.4,00000.2745,402615041.1
2021-10-01T12:00:02.314Z,-USD,00000.2539,00000.2802,00000.2539,06307621.1,00000.2787,403249497.4
2021-10-01T13:00:02.328Z,-USD,00000.2574,00000.2802,00000.2553,06913882.6,00000.2735,404087649.4
2021-10-01T14:00:02.419Z,-USD,00000.2566,00000.2802,00000.2557,07018958.6,00000.2735,404263905.5
2021-10-01T15:00:02.422Z,-USD,00000.2576,00000.2802,00000.2561,07042987.3,00000.2743,404530673.1
2021-10-01T16:00:02.633Z,-USD,00000.2583,00000.2802,00000.2561,06937091.2,00000.2779,404877127.6
2021-10-01T17:00:01.817Z,-USD,00000.2574,00000.2829,00000.2567,07298095.5,00000.2814,405340346.9
2021-10-01T18:00:02.137Z,-USD,00000.2587,00000.2829,00000.2567,07532063.3,00000.2814,405787553.0
2021-10-01T19:00:02.528Z,-USD,00000.2628,00000.2829,00000.2567,07342963.7,00000.2807,406060181.2
2021-10-01T20:00:02.642Z,-USD,00000.2583,00000.2831,00000.2567,07240828.0,00000.2826,406390355.1
2021-10-01T21:00:01.797Z,-USD,000000.258,00000.2831,00000.2578,07300059.8,000000.282,406650297.5
2021-10-01T22:00:01.864Z,-USD,00000.2611,00000.2852,00000.2578,07537406.3,00000.2834,406949295.3
2021-10-01T23:00:01.744Z,-USD,00000.2612,00000.2862,00000.2578,07704348.3,00000.2811,407435041.6
2021-10-02T00:00:02.671Z,-USD,00000.2621,00000.2884,00000.2578,07825013.0,00000.2882,407686349.1
2021-10-02T01:00:02.583Z,-USD,00000.2616,00000.2884,00000.2578,07773915.5,00000.2835,395356395.4
2021-10-02T02:00:01.75Z,-USD,00000.2619,00000.2884,00000.2578,07816093.0,00000.2859,395567913.2
2021-10-02T03:00:01.917Z,-USD,00000.2587,00000.2884,00000.2587,07977642.2,00000.2851,395904267.3
2021-10-02T04:00:02.267Z,-USD,00000.2606,00000.2884,00000.2591,08143962.6,00000.2816,396191800.7
2021-10-02T05:00:01.935Z,-USD,00000.2604,00000.2884,00000.2591,08193803.2,00000.2824,396380867.4
2021-10-02T06:00:02.018Z,-USD,00000.2617,00000.2884,00000.2599,08290376.8,00000.2832,396545623.8
2021-10-02T07:00:02.099Z,-USD,000000.262,00000.2884,00000.2614,08280572.6,00000.2833,396625444.3
2021-10-02T08:00:01.754Z,-USD,00000.2664,00000.2884,00000.2659,08194733.0,00000.2836,396713479.0
2021-10-02T09:00:02.683Z,-USD,00000.2688,00000.2884,00000.2675,08201107.8,00000.2814,396917511.6
2021-10-02T10:00:02.272Z,-USD,00000.2687,00000.2884,00000.2675,08143318.8,00000.2833,397015373.7
2021-10-02T11:00:02.409Z,-USD,00000.2747,00000.2884,00000.2718,07146451.1,00000.2823,397082266.0
2021-10-02T12:00:02.429Z,-USD,00000.2791,00000.2884,00000.2718,06686356.0,00000.2831,397257091.5
2021-10-02T13:00:02.295Z,-USD,00000.2733,00000.2884,00000.2718,06083256.1,00000.2848,397490259.2
2021-10-02T14:00:02.394Z,-USD,00000.2729,00000.2892,00000.2718,06379760.1,00000.2856,397964957.5
2021-10-02T15:00:02.37Z,-USD,00000.2747,00000.2909,00000.2743,06932105.3,00000.2904,398783277.4
2021-10-02T16:00:02.284Z,-USD,00000.2778,000000.293,00000.2774,06957601.5,00000.2917,399170491.2
2021-10-02T17:00:01.853Z,-USD,00000.2821,00000.2955,00000.2784,09094044.5,00000.2941,401769005.5
2021-10-02T18:00:01.996Z,-USD,00000.2813,00000.2955,00000.2784,09043278.5,00000.2932,402151128.4
2021-10-02T19:00:03.21Z,-USD,00000.2806,00000.2955,00000.2784,09595736.9,00000.2919,402985177.8
2021-10-02T20:00:02.449Z,-USD,00000.2828,00000.2955,00000.2784,11858221.5,00000.2924,405569896.2
2021-10-02T21:00:02.484Z,-USD,00000.2818,00000.2955,00000.2796,12093618.9,00000.2888,406063097.2
2021-10-02T22:00:02.619Z,-USD,000000.284,00000.2955,00000.2796,12099326.9,0000000.29,406374166.1
2021-10-02T23:00:02.232Z,-USD,00000.2813,00000.2955,00000.2799,12363313.4,00000.2889,407117677.1
2021-10-03T00:00:02.159Z,-USD,00000.2869,00000.2955,00000.2799,12834784.4,00000.2837,407841210.5
2021-10-03T01:00:02.643Z,-USD,00000.2843,00000.2955,00000.2774,13635330.0,00000.2799,394781468.0
2021-10-03T02:00:02.455Z,-USD,00000.2854,00000.2955,00000.2774,13782013.5,00000.2824,395135288.9
2021-10-03T03:00:02.212Z,-USD,00000.2844,00000.2955,00000.2774,13658436.6,00000.2834,395341990.7
2021-10-03T04:00:02.056Z,-USD,00000.2813,00000.2955,00000.2774,13532174.6,00000.2864,395504856.1
2021-10-03T05:00:02.271Z,-USD,00000.2819,00000.2955,00000.2774,13957627.8,00000.2874,396117317.6
2021-10-03T06:00:01.704Z,-USD,00000.2826,00000.2955,00000.2774,13972279.1,0000000.29,396297217.2
2021-10-03T07:00:02.137Z,-USD,00000.2831,00000.2955,00000.2774,14017058.3,00000.2904,396421707.6
2021-10-03T08:00:01.747Z,-USD,00000.2832,00000.2955,00000.2774,14037931.4,00000.2885,396530120.4
2021-10-03T09:00:02.23Z,-USD,00000.2818,00000.2955,00000.2774,13940604.8,00000.2878,396641819.7
2021-10-03T10:00:01.83Z,-USD,00000.2834,00000.2955,00000.2774,14071843.4,00000.2859,396865917.3
2021-10-03T11:00:02.311Z,-USD,00000.2821,00000.2955,00000.2774,14168754.0,00000.2862,397030971.4
2021-10-03T12:00:02.605Z,-USD,00000.2837,00000.2955,00000.2774,14094223.8,00000.2902,397172868.5
2021-10-03T13:00:02.294Z,-USD,00000.2849,00000.2955,00000.2774,14077468.2,00000.2903,397352730.8
2021-10-03T14:00:02.107Z,-USD,000000.286,00000.2955,00000.2774,13761869.3,00000.2915,397536161.3
2021-10-03T15:00:01.771Z,-USD,00000.2903,00000.2955,00000.2774,13293818.0,00000.2905,397859730.2
2021-10-03T16:00:02.635Z,-USD,00000.2914,00000.2955,00000.2774,13033037.4,000000.288,397982265.1
2021-10-03T17:00:02.595Z,-USD,00000.2945,000000.295,00000.2774,10624496.8,00000.2899,398189787.1
2021-10-03T18:00:02.164Z,-USD,00000.2937,00000.2949,00000.2774,10682750.9,000000.292,398612641.6
2021-10-03T19:00:02.339Z,-USD,00000.2921,00000.2979,00000.2774,10433529.0,00000.2942,399215537.4
2021-10-03T20:00:02.394Z,-USD,00000.2923,00000.2979,00000.2774,08003469.4,00000.2932,399378867.7
2021-10-03T21:00:02.153Z,-USD,00000.2893,00000.2979,00000.2774,08126586.8,00000.2889,399968381.8
2021-10-03T22:00:02.068Z,-USD,00000.2903,00000.2979,00000.2774,08534321.7,00000.2837,400691864.0
2021-10-03T23:00:01.757Z,-USD,00000.2888,00000.2979,00000.2774,08279209.0,00000.2859,401177226.4
2021-10-04T00:00:01.766Z,-USD,00000.2838,00000.2979,00000.2774,07670955.6,00000.2871,401291054.8
2021-10-04T01:00:01.911Z,-USD,000000.279,00000.2979,00000.2785,06654666.2,00000.2835,378612617.8
2021-10-04T02:00:02.161Z,-USD,000000.282,00000.2979,00000.2805,06927291.5,00000.2834,379238442.3
2021-10-04T03:00:02.437Z,-USD,00000.2835,00000.2979,00000.2798,06982350.9,00000.2802,379507844.3
2021-10-04T04:00:02.577Z,-USD,00000.2864,00000.2979,00000.2766,06942923.8,00000.2776,379719461.0
2021-10-04T05:00:02.206Z,-USD,000000.288,00000.2979,00000.2737,06726988.0,00000.2791,380021609.5
2021-10-04T06:00:02.478Z,-USD,00000.2905,00000.2979,00000.2737,06626805.6,00000.2792,380110181.0
2021-10-04T07:00:02.295Z,-USD,00000.2906,00000.2979,00000.2737,06625048.0,00000.2786,380233221.2
2021-10-04T08:00:02.455Z,-USD,00000.2882,00000.2979,00000.2737,06998844.8,00000.2832,380700582.1
2021-10-04T09:00:02.365Z,-USD,00000.2874,00000.2979,00000.2737,07090461.4,00000.2794,380903873.3
2021-10-04T10:00:02.176Z,-USD,00000.2868,00000.2979,00000.2737,07062074.2,00000.2807,381108697.3
2021-10-04T11:00:02.405Z,-USD,00000.2861,00000.2979,00000.2737,07158686.5,00000.2798,381375703.1
2021-10-04T12:00:02.181Z,-USD,00000.2893,00000.2979,00000.2737,07218599.9,00000.2783,381563702.8
2021-10-04T13:00:03.229Z,-USD,00000.2902,00000.2979,00000.2737,07611449.1,00000.2848,382136806.6
2021-10-04T14:00:02.249Z,-USD,00000.2918,00000.2979,00000.2737,07811446.5,00000.2849,382519435.5
2021-10-04T15:00:02.514Z,-USD,00000.2903,00000.2979,00000.2737,08464650.2,00000.2773,383496336.8
2021-10-04T16:00:01.811Z,-USD,00000.2879,00000.2979,00000.2723,09184083.1,00000.2785,384337995.1
2021-10-04T17:00:01.975Z,-USD,00000.2894,00000.2979,00000.2723,09619165.3,00000.2815,384982731.9
2021-10-04T18:00:02.628Z,-USD,00000.2929,00000.2979,00000.2723,09481260.0,00000.2829,385269609.9
2021-10-04T19:00:02.19Z,-USD,000000.294,00000.2951,00000.2723,09187996.6,000000.284,385576188.2
2021-10-04T20:00:02.612Z,-USD,00000.2932,00000.2941,00000.2723,09650595.3,00000.2831,386227822.4
2021-10-04T21:00:02.314Z,-USD,00000.2864,00000.2883,00000.2723,09645703.1,00000.2818,386846194.6
2021-10-04T22:00:02.616Z,-USD,00000.2834,00000.2883,00000.2723,09513100.2,00000.2808,387379190.6
2021-10-04T23:00:01.945Z,-USD,00000.2857,00000.2883,00000.2723,09299220.2,00000.2811,387648425.7
2021-10-05T00:00:01.829Z,-USD,00000.2871,00000.2883,00000.2723,09508043.1,00000.2832,387971272.3
2021-10-05T01:00:01.97Z,-USD,00000.2825,00000.2883,00000.2723,09806620.6,00000.2872,373618709.1
2021-10-05T02:00:02.235Z,-USD,000000.283,00000.2883,00000.2723,09557615.3,00000.2841,374002780.1
2021-10-05T03:00:02.364Z,-USD,00000.2805,00000.2883,00000.2723,09490294.3,00000.2845,374197744.1
2021-10-05T04:00:02.384Z,-USD,00000.2774,00000.2883,00000.2723,09490087.3,00000.2841,374412285.2
2021-10-05T05:00:01.837Z,-USD,000000.279,00000.2883,00000.2723,09412572.2,00000.2819,374633566.3
2021-10-05T06:00:01.692Z,-USD,00000.2786,00000.2883,00000.2723,09581891.2,00000.2858,374891083.7
2021-10-05T07:00:02.624Z,-USD,00000.2779,00000.2912,00000.2723,09951972.8,00000.2898,375387345.2
2021-10-05T08:00:02.359Z,-USD,00000.2835,00000.2912,00000.2723,09720885.2,00000.2884,375626084.6
2021-10-05T09:00:02.454Z,-USD,00000.2804,00000.2912,00000.2723,09613894.5,00000.2893,375717316.9
2021-10-05T10:00:02.347Z,-USD,00000.2811,00000.2912,00000.2723,09567402.1,00000.2891,375877078.1
2021-10-05T11:00:02.138Z,-USD,00000.2797,00000.2965,00000.2723,09869252.4,000000.292,376445212.3
2021-10-05T12:00:02.334Z,-USD,00000.2775,00000.3015,00000.2723,11694295.8,00000.2955,378460072.6
2021-10-05T13:00:02.277Z,-USD,00000.2852,00000.3015,00000.2723,11622513.9,00000.2951,379048026.3
2021-10-05T14:00:02.345Z,-USD,00000.2864,00000.3015,00000.2723,11883765.3,00000.2958,379608030.7
2021-10-05T15:00:02.507Z,-USD,00000.2776,00000.3015,00000.2723,12851764.9,00000.2883,381547967.1
2021-10-05T16:00:02.682Z,-USD,0000000.28,00000.3015,000000.279,12935605.4,00000.2909,382484634.4
2021-10-05T17:00:02.625Z,-USD,00000.2814,00000.3015,000000.279,12893941.8,00000.2921,383075986.6
2021-10-05T18:00:02.044Z,-USD,00000.2834,00000.3015,000000.279,13122443.9,00000.2918,383591166.7
2021-10-05T19:00:02.356Z,-USD,00000.2843,00000.3015,000000.279,13272666.2,00000.2948,384090586.5
2021-10-05T20:00:02.651Z,-USD,00000.2838,00000.3015,000000.279,13232366.8,00000.2969,384667690.2
2021-10-05T21:00:01.92Z,-USD,00000.2811,0000000.32,00000.2795,18902412.4,00000.3117,390959907.7
2021-10-05T22:00:02.228Z,-USD,00000.2811,0000000.32,00000.2795,19741471.5,00000.3083,392319906.9
2021-10-05T23:00:02.554Z,-USD,00000.2808,0000000.32,00000.2805,20177366.4,00000.3067,393025328.9
2021-10-06T00:00:02.48Z,-USD,00000.2835,0000000.32,000000.281,20463724.5,000000.306,393640595.7
2021-10-06T01:00:03.848Z,-USD,00000.2866,0000000.32,00000.2815,20351805.3,00000.3055,365438609.4
2021-10-06T02:00:02.558Z,-USD,00000.2839,0000000.32,00000.2815,20463195.7,00000.3084,365915877.7
2021-10-06T03:00:02.558Z,-USD,00000.2845,0000000.32,00000.2815,20667822.7,00000.3077,366321005.9
2021-10-06T04:00:02.525Z,-USD,00000.2848,0000000.32,00000.2815,20831142.2,00000.3063,366693484.5
2021-10-06T05:00:02.242Z,-USD,00000.2822,0000000.32,00000.2818,21938352.2,00000.3028,368020351.9
2021-10-06T06:00:02.1Z,-USD,00000.2857,0000000.32,000000.285,22229257.2,00000.3034,368571426.6
2021-10-06T07:00:01.857Z,-USD,00000.2898,0000000.32,000000.285,22637448.0,00000.3017,369473607.9
2021-10-06T08:00:01.881Z,-USD,00000.2879,0000000.32,000000.285,22935503.6,00000.2962,370010033.0
2021-10-06T09:00:01.785Z,-USD,00000.2893,0000000.32,00000.2814,23697637.4,00000.2848,370863499.1
2021-10-06T10:00:01.918Z,-USD,00000.2894,0000000.32,00000.2814,24037692.8,00000.2856,371366141.6
2021-10-06T11:00:02.583Z,-USD,00000.2927,0000000.32,00000.2814,23846309.9,00000.2878,371739966.4
2021-10-06T12:00:02.527Z,-USD,00000.2954,0000000.32,00000.2814,22005595.8,000000.289,371920967.6
2021-10-06T13:00:02.795Z,-USD,00000.2953,0000000.32,00000.2814,21681563.6,00000.2941,372181977.0
2021-10-06T14:00:02.037Z,-USD,00000.2955,0000000.32,00000.2814,22627900.5,00000.3014,373685522.6
2021-10-06T15:00:01.789Z,-USD,00000.2881,0000000.32,00000.2814,21364762.6,00000.3043,374523681.1
2021-10-06T16:00:02.198Z,-USD,00000.2923,0000000.32,00000.2814,21224971.1,00000.3055,375186168.8
2021-10-06T17:00:02.432Z,-USD,00000.2921,0000000.32,00000.2814,21279257.4,00000.3079,375808425.4
2021-10-06T18:00:02.61Z,-USD,00000.2916,0000000.32,00000.2814,21296737.5,00000.3082,376336728.1
2021-10-06T19:00:02.044Z,-USD,00000.2946,0000000.32,00000.2814,21933459.5,00000.3044,377474527.9
2021-10-06T20:00:02.302Z,-USD,00000.2965,0000000.32,00000.2814,21680057.0,00000.3061,377803284.0
2021-10-06T21:00:02.267Z,-USD,00000.3121,00000.3131,00000.2814,16083183.8,00000.2977,378574177.5
2021-10-06T22:00:02.387Z,-USD,00000.3086,000000.312,00000.2814,15548690.3,00000.3003,379321967.1
2021-10-06T23:00:02.252Z,-USD,00000.3069,000000.312,00000.2814,15695065.2,00000.3009,380169127.7
2021-10-07T00:00:02.344Z,-USD,00000.3067,000000.312,00000.2814,15504576.5,00000.3028,380600496.5
2021-10-07T01:00:02.619Z,-USD,00000.3055,000000.312,00000.2814,15851022.7,00000.2977,338424704.9
2021-10-07T02:00:01.765Z,-USD,00000.3081,000000.312,00000.2814,15905222.2,00000.2955,338979683.5
2021-10-07T03:00:01.924Z,-USD,00000.3068,000000.312,00000.2814,16303008.7,00000.2963,339762857.2
2021-10-07T04:00:01.977Z,-USD,000000.306,000000.312,00000.2814,16256078.0,00000.2949,340134165.8
2021-10-07T05:00:01.982Z,-USD,00000.3023,000000.312,00000.2814,15498426.8,000000.301,340671035.0
2021-10-07T06:00:02.06Z,-USD,00000.3033,000000.312,00000.2814,15188319.7,00000.3004,341119524.2
2021-10-07T07:00:02.06Z,-USD,00000.3012,000000.312,00000.2814,14825233.5,00000.2984,341433776.6
2021-10-07T08:00:01.954Z,-USD,00000.2964,000000.312,00000.2814,15605088.9,00000.3085,342752646.6
2021-10-07T09:00:02.462Z,-USD,00000.2849,000000.312,00000.2819,15298189.7,00000.3076,343306338.9
2021-10-07T10:00:01.882Z,-USD,00000.2851,000000.312,000000.284,15105111.4,00000.3059,343620689.6
2021-10-07T11:00:02.552Z,-USD,00000.2877,000000.312,00000.2874,15009504.2,00000.3031,343883877.1
2021-10-07T12:00:02.381Z,-USD,00000.2883,000000.312,00000.2878,15199555.9,00000.3057,344254713.8
2021-10-07T13:00:02.003Z,-USD,00000.2943,000000.312,00000.2912,15605712.8,00000.3026,344923453.8
2021-10-07T14:00:02.354Z,-USD,00000.3013,000000.312,00000.2912,14384891.1,00000.3054,345210213.5
2021-10-07T15:00:02.174Z,-USD,00000.3045,000000.312,00000.2912,14134479.4,000000.298,345797417.6
2021-10-07T16:00:02.337Z,-USD,00000.3051,000000.312,00000.2912,13852590.1,00000.2992,346179305.0
2021-10-07T17:00:02.827Z,-USD,00000.3076,000000.312,00000.2912,13602658.7,000000.301,346551654.7
2021-10-07T18:00:02.286Z,-USD,000000.309,00000.3113,00000.2912,13500270.5,00000.2993,346977906.5
2021-10-07T19:00:02.466Z,-USD,00000.3042,00000.3242,00000.2912,15010975.2,00000.3205,349643798.6
2021-10-07T20:00:02.612Z,-USD,00000.3059,00000.3799,00000.2912,39183956.2,00000.3504,374126728.2
2021-10-07T21:00:02.671Z,-USD,00000.2984,00000.3799,00000.2912,45592757.9,00000.3442,381335171.5
2021-10-07T22:00:02.414Z,-USD,00000000.3,00000.3799,00000.2912,48212126.2,00000.3418,384669608.4
2021-10-07T23:00:01.81Z,-USD,00000.3011,00000.3799,00000.2912,52143249.7,000000.351,389450219.1
2021-10-08T00:00:02.056Z,-USD,00000.3026,00000.3799,00000.2912,61168744.5,00000.3556,398930877.0
2021-10-08T01:00:02.337Z,-USD,00000.2972,00000.3799,00000.2912,66720983.2,00000.3439,370575799.5
2021-10-08T02:00:02.461Z,-USD,00000.2952,00000.3799,00000.2931,68405434.5,00000.3474,372808170.6
2021-10-08T03:00:02.42Z,-USD,000000.296,00000.3799,00000.2931,70032775.5,00000.3438,375215259.8
2021-10-08T04:00:02.64Z,-USD,00000.2943,00000.3799,00000.2939,70921891.7,00000.3492,376480259.2
2021-10-08T05:00:02.097Z,-USD,00000.3006,00000.3799,00000.2959,71639238.2,00000.3401,377739080.6
2021-10-08T06:00:02.779Z,-USD,000000.301,00000.3799,000000.296,73139600.3,00000.3424,379682265.0
2021-10-08T07:00:01.68Z,-USD,00000.2977,00000.3799,000000.296,74495521.6,00000.3458,381350426.8
2021-10-08T08:00:02.649Z,-USD,00000.3082,00000.3799,000000.296,74746899.9,00000.3427,382931876.7
2021-10-08T09:00:01.806Z,-USD,00000.3077,00000.3799,000000.296,75657333.0,00000.3404,384384788.2
2021-10-08T10:00:02.664Z,-USD,00000.3072,00000.3799,000000.296,76161867.9,00000.3397,385214697.2
2021-10-08T11:00:02.738Z,-USD,00000.3024,00000.3799,000000.296,76916738.4,00000.3412,386231237.7
2021-10-08T12:00:01.729Z,-USD,00000.3061,00000.3799,000000.296,77555509.0,00000.3367,387235352.6
2021-10-08T13:00:01.748Z,-USD,00000.3032,00000.3799,000000.296,78898971.4,00000.3298,389242717.1
2021-10-08T14:00:01.788Z,-USD,00000.3054,00000.3799,000000.296,80345572.7,00000.3308,390978530.0
2021-10-08T15:00:01.932Z,-USD,00000.2977,00000.3799,00000.2965,81608108.0,00000.3465,392831952.4
2021-10-08T16:00:01.733Z,-USD,00000.3003,00000.3799,00000.2967,84357946.5,0000000.34,396015715.7
2021-10-08T17:00:02.074Z,-USD,00000.3007,00000.3799,00000.2985,85393998.9,00000.3349,397367298.9
2021-10-08T18:00:02.349Z,-USD,00000.2992,00000.3799,00000.2985,86259262.3,00000.3339,398656581.6
2021-10-08T19:00:02.991Z,-USD,00000.3232,00000.3799,000000.323,84371397.3,00000.3366,399657565.9
2021-10-08T20:00:02.668Z,-USD,00000.3534,00000.3658,00000.3262,61210531.9,00000.3343,400869432.6
2021-10-08T21:00:01.935Z,-USD,000000.345,00000.3658,00000.3262,54890452.2,00000.3279,401694378.6
2021-10-08T22:00:02.123Z,-USD,00000.3418,00000.3658,00000.3262,51814364.5,00000.3306,401950402.8
2021-10-08T23:00:02.58Z,-USD,00000.3488,00000.3658,00000.3262,47394921.2,00000.3323,402305356.8
2021-10-09T00:00:01.744Z,-USD,00000.3562,00000.3565,00000.3262,38390119.4,00000.3339,402815781.7
2021-10-09T01:00:01.779Z,-USD,00000.3454,00000.3525,00000.3262,32710476.6,00000.3308,388031385.7
2021-10-09T02:00:01.757Z,-USD,00000.3489,00000.3525,00000.3262,30620383.5,00000.3276,388256314.2
2021-10-09T03:00:01.973Z,-USD,00000.3447,00000.3525,00000.3262,28880726.7,00000.3326,388821306.5
2021-10-09T04:00:02.461Z,-USD,00000.3487,00000.3508,00000.3262,28115325.3,00000.3349,389319487.8
2021-10-09T05:00:02.076Z,-USD,00000.3398,00000.3508,00000.3262,27147710.8,00000.3354,389634940.2
2021-10-09T06:00:02.058Z,-USD,00000.3427,00000.3508,00000.3262,25480980.7,00000.3329,389889543.3
2021-10-09T07:00:01.978Z,-USD,00000.3456,00000.3497,00000.3262,24053844.4,00000.3343,390224602.1
2021-10-09T08:00:01.965Z,-USD,00000.3429,00000.3497,00000.3262,22815032.2,00000.3329,390494267.5
2021-10-09T09:00:01.831Z,-USD,00000.3397,00000.3497,00000.3262,21723406.2,00000.3291,390819402.2
2021-10-09T10:00:01.974Z,-USD,00000.3394,00000.3497,00000.3262,21176663.2,00000.3324,391116444.8
2021-10-09T11:00:02.63Z,-USD,00000.3409,00000.3497,00000.3262,20336171.2,00000.3314,391304592.7
2021-10-09T12:00:02.557Z,-USD,00000.3361,00000.3497,00000.3262,19576272.6,0000000.33,391521638.2
2021-10-09T13:00:02.488Z,-USD,00000.3311,00000.3497,00000.3264,17804310.1,00000.3336,391769514.5
2021-10-09T14:00:02.565Z,-USD,00000.3304,00000.3497,00000.3264,16389088.5,00000.3344,392089357.9
2021-10-09T15:00:02.382Z,-USD,00000.3474,00000.3497,00000.3264,14640712.6,00000.3333,392362601.7
2021-10-09T16:00:01.741Z,-USD,00000.3395,00000.3408,00000.3264,11885933.5,00000.3329,392632400.8
2021-10-09T17:00:02.433Z,-USD,00000.3354,00000.3408,00000.3264,11695340.1,00000.3302,393777650.3
2021-10-09T18:00:01.824Z,-USD,00000.3345,00000.3408,00000.3264,11019069.6,00000.3309,394394940.6
2021-10-09T19:00:02.075Z,-USD,00000.3361,00000.3369,00000.3264,10582791.8,00000.3322,394951012.1
2021-10-09T20:00:01.879Z,-USD,00000.3347,00000.3369,00000.3264,09871864.5,00000.3286,395455217.5
2021-10-09T21:00:02.673Z,-USD,000000.328,00000.3369,00000.3267,09332602.9,00000.3299,395741035.0
2021-10-09T22:00:02.583Z,-USD,00000.3299,00000.3369,00000.3267,09372094.8,00000.3295,396035467.2
2021-10-09T23:00:02.295Z,-USD,00000.3321,00000.3369,00000.3267,09196612.8,00000.3303,396210694.9
2021-10-10T00:00:02.547Z,-USD,000000.333,00000.3369,00000.3267,09611842.8,000000.331,397142397.7
2021-10-10T01:00:02.553Z,-USD,000000.332,00000.3369,00000.3225,10361360.0,000000.324,382805883.5
2021-10-10T02:00:02.552Z,-USD,00000.3283,00000.3369,00000.3201,10747937.9,00000.3218,383408818.1
2021-10-10T03:00:01.861Z,-USD,00000.3328,00000.3369,00000.3172,10569947.9,00000.3218,383794084.1
2021-10-10T04:00:01.882Z,-USD,00000.3355,00000.3369,00000.3172,10337674.1,00000.3248,384069001.2
2021-10-10T05:00:02.18Z,-USD,000000.335,00000.3369,00000.3172,10309819.8,00000.3266,384349803.3
2021-10-10T06:00:02.301Z,-USD,00000.3323,00000.3369,00000.3172,10400097.4,00000.3278,384693943.7
2021-10-10T07:00:02.218Z,-USD,000000.334,00000.3361,00000.3172,10215874.2,00000.3273,384843544.7
2021-10-10T08:00:02.251Z,-USD,00000.3335,00000.3361,00000.3172,10018842.7,00000.3258,384919846.1
2021-10-10T09:00:02.179Z,-USD,00000.3293,00000.3361,00000.3172,09887545.1,00000.3305,385108296.5
2021-10-10T10:00:02.269Z,-USD,00000.3325,00000.3361,00000.3172,09898369.3,00000.3273,385420105.1
2021-10-10T11:00:02.648Z,-USD,00000.3315,00000.3361,00000.3172,09882845.3,00000.3264,385589198.5
2021-10-10T12:00:07.664Z,-USD,00000.3302,00000.3356,00000.3172,09806609.1,00000.3261,385753596.8
2021-10-10T13:00:02.71Z,-USD,00000.3335,00000.3356,00000.3172,09820017.7,00000.3235,385992601.5
2021-10-10T14:00:01.793Z,-USD,00000.3344,00000.3349,00000.3172,09625100.1,00000.3241,386130436.6
2021-10-10T15:00:02.025Z,-USD,00000.3334,00000.3342,00000.3172,09462794.1,00000.3254,386234858.6
2021-10-10T16:00:02.139Z,-USD,00000.3328,00000.3342,00000.3172,09526109.0,00000.3259,386562353.7
2021-10-10T17:00:02.385Z,-USD,00000.3298,00000.3327,00000.3172,08593671.6,00000.3233,386773990.1
2021-10-10T18:00:02.252Z,-USD,00000.3309,00000.3327,00000.3172,08145388.6,00000.3219,386943279.9
2021-10-10T19:00:02.349Z,-USD,00000.3315,00000.3322,00000.3172,07697967.9,00000.3217,387085784.3
2021-10-10T20:00:02.364Z,-USD,00000.3283,00000.3322,00000.3172,07353838.4,00000.3206,387211903.0
2021-10-10T21:00:02.48Z,-USD,00000.3301,00000.3322,00000.3172,07305904.5,00000.3194,387450962.8
2021-10-10T22:00:02.666Z,-USD,00000.3295,00000.3322,00000.3085,07672707.6,000000.312,388110570.6
2021-10-10T23:00:02.191Z,-USD,00000.3306,00000.3322,00000.3085,07829298.2,00000.3134,388444013.5
2021-10-11T00:00:02.154Z,-USD,00000.3319,000000.332,00000.3067,07261529.9,000000.309,388858521.2
2021-10-11T01:00:02.527Z,-USD,00000.3238,000000.332,00000.3038,06622198.2,00000.3115,382955142.2
2021-10-11T02:00:02.635Z,-USD,00000.3217,000000.332,00000.3038,06389406.5,00000.3122,383304652.5
2021-10-11T03:00:02.558Z,-USD,00000.3218,000000.332,00000.3038,06294698.1,00000.3149,383591642.6
2021-10-11T04:00:01.875Z,-USD,00000.3246,000000.332,00000.3038,06586487.1,000000.325,384168352.7
2021-10-11T05:00:02.204Z,-USD,00000.3263,000000.332,00000.3038,06700734.8,000000.322,384563826.6
2021-10-11T06:00:02.139Z,-USD,00000.3277,000000.332,00000.3038,06669854.9,00000.3188,384870290.4
2021-10-11T07:00:02.069Z,-USD,00000.3275,000000.332,00000.3038,06716148.1,00000.3197,385064194.2
2021-10-11T08:00:02.235Z,-USD,00000.3266,000000.332,00000.3038,07055604.3,00000.3242,385519342.1
2021-10-11T09:00:02.208Z,-USD,00000.3308,00000.3308,00000.3038,07151170.3,00000.3236,385808426.4
2021-10-11T10:00:02.067Z,-USD,00000.3274,00000.3287,00000.3038,07020430.0,00000.3198,385946313.8
2021-10-11T11:00:02.16Z,-USD,00000.3265,00000.3275,00000.3038,07007270.8,00000.3186,386103208.7
2021-10-11T12:00:02.145Z,-USD,00000.3266,00000.3275,00000.3038,07063070.9,00000.3152,386321025.1
2021-10-11T13:00:02.285Z,-USD,00000.3246,00000.3275,00000.3038,07004853.9,00000.3172,386502007.6
2021-10-11T14:00:02.568Z,-USD,00000.3243,00000.3275,00000.3038,07101665.8,000000.317,386736292.6
2021-10-11T15:00:01.913Z,-USD,00000.3253,00000.3273,00000.3038,07522637.2,00000.3159,387264103.5
2021-10-11T16:00:02.399Z,-USD,00000.3256,00000.3264,00000.3038,07508625.5,00000.3142,387576069.2
2021-10-11T17:00:02.792Z,-USD,00000.3232,00000.3264,00000.3038,07738968.9,000000.315,388017109.3
2021-10-11T18:00:02.105Z,-USD,00000.3213,00000.3264,00000.3038,07903642.8,00000.3116,388351586.0
2021-10-11T19:00:02.186Z,-USD,00000.3216,00000.3264,00000.3038,08041785.2,00000.3108,388631866.9
2021-10-11T20:00:02.657Z,-USD,0000000.32,00000.3264,00000.3038,08200142.7,00000.3068,388918235.2
2021-10-11T21:00:01.781Z,-USD,00000.3194,00000.3264,00000.3004,08687810.9,00000.3028,389645185.9
2021-10-11T22:00:02.029Z,-USD,00000.3114,00000.3264,00000.3003,08431586.5,00000.3042,390050059.6
2021-10-11T23:00:02.517Z,-USD,00000.3134,00000.3264,00000.3003,08310391.8,00000.3066,390286978.8
2021-10-12T00:00:01.841Z,-USD,00000.3081,00000.3264,00000.3003,08052158.7,00000.3085,390418661.2
2021-10-12T01:00:02.656Z,-USD,00000.3108,00000.3264,00000.2987,07880962.6,00000.3016,384646728.9
2021-10-12T02:00:02.318Z,-USD,00000.3118,00000.3264,00000.2987,07770218.8,00000.3033,384886323.2
2021-10-12T03:00:01.942Z,-USD,00000.3173,00000.3264,00000.2966,07658497.9,00000.2978,385074556.0
2021-10-12T04:00:02.146Z,-USD,00000.3247,00000.3264,00000.2937,07750576.4,00000.2972,385731875.1
2021-10-12T05:00:02.04Z,-USD,00000.3214,00000.3253,00000.2937,07574378.5,00000.3004,385948685.1
2021-10-12T06:00:02.041Z,-USD,00000.3193,00000.3253,00000.2937,07586946.4,00000.3001,386274310.0
2021-10-12T07:00:02.005Z,-USD,00000.3202,00000.3253,00000.2937,07647346.0,00000.2969,386521895.4
2021-10-12T08:00:02.023Z,-USD,00000.3243,00000.3249,00000.2937,07620321.2,000000.298,386963518.9
2021-10-12T09:00:01.857Z,-USD,00000.3244,00000.3244,00000.2937,07636799.3,00000.2976,387258626.5
2021-10-12T10:00:02.173Z,-USD,00000.3199,00000.3208,00000.2888,08385845.8,00000.2902,388142638.8
2021-10-12T11:00:02.102Z,-USD,00000.3174,00000.3201,00000.2882,08810602.4,00000.2937,388731840.6
2021-10-12T12:00:04.158Z,-USD,00000.3156,00000.3201,00000.2882,08876607.8,00000.2949,389008006.4
2021-10-12T13:00:02.162Z,-USD,00000.3175,00000.3201,00000.2865,09221944.3,00000.2885,389537373.4
2021-10-12T14:00:02.326Z,-USD,00000.3171,00000.3201,00000.2865,09225107.9,000000.299,389778667.8
2021-10-12T15:00:02.526Z,-USD,00000.3162,00000.3201,00000.2865,09080832.9,00000.2964,390166104.5
2021-10-12T16:00:02.687Z,-USD,00000.3138,00000.3201,00000.2865,09486107.9,00000.3016,390876184.6
2021-10-12T17:00:02.293Z,-USD,00000.3145,00000.3145,00000.2865,09409360.0,00000.3043,391237207.3
2021-10-12T18:00:02.619Z,-USD,00000.3117,00000.3123,00000.2865,09731613.1,00000.2991,391894106.8
2021-10-12T19:00:01.827Z,-USD,00000.3104,00000.3118,00000.2865,10238236.0,00000.3028,392681429.0
2021-10-12T20:00:02.18Z,-USD,00000.3054,00000.3085,00000.2865,10467677.2,00000000.3,393228427.3
2021-10-12T21:00:02.512Z,-USD,000000.302,00000.3259,00000.2865,17229335.1,00000.3175,400685387.5
2021-10-12T22:00:02.088Z,-USD,00000.3043,00000.3259,00000.2865,17987931.4,00000.3146,401848346.4
2021-10-12T23:00:02.493Z,-USD,00000.3057,00000.3259,00000.2865,18371723.1,00000.3151,402469255.8
2021-10-13T00:00:01.744Z,-USD,00000.3077,00000.3259,00000.2865,18548716.5,000000.315,402814004.7
2021-10-13T01:00:02.208Z,-USD,00000.3014,00000.3259,00000.2865,18561583.9,00000.3164,393879213.9
2021-10-13T02:00:02.689Z,-USD,00000.3033,00000.3259,00000.2865,18459554.3,00000.3149,394018965.8
2021-10-13T03:00:01.885Z,-USD,00000.2977,00000.3259,00000.2865,19469930.0,00000.3164,395217592.2
2021-10-13T04:00:01.985Z,-USD,00000.2979,00000.3259,00000.2865,18937059.5,00000.3162,395339463.8
2021-10-13T05:00:02.285Z,-USD,00000.3005,00000.3259,00000.2865,19393052.0,00000.3192,396012662.4
2021-10-13T06:00:02.133Z,-USD,00000.2999,00000.3259,00000.2865,20128853.3,00000.3043,397079049.0
2021-10-13T07:00:02.124Z,-USD,00000.2962,00000.3259,00000.2865,20509215.6,00000.3101,397703006.9
2021-10-13T08:00:02.214Z,-USD,00000.2983,00000.3259,00000.2865,20318523.7,00000.3055,397957822.6
2021-10-13T09:00:02.105Z,-USD,00000.2981,00000.3282,00000.2865,22269747.5,00000.3132,400205136.3
2021-10-13T10:00:02.579Z,-USD,00000.2904,00000.3282,00000.2865,22062010.9,00000.3191,400907870.7
2021-10-13T11:00:02.093Z,-USD,00000.2934,00000.3282,00000.2865,22470143.6,00000.3209,401872504.7
2021-10-13T12:00:02.298Z,-USD,00000.2953,00000.3289,00000.2865,24261968.8,00000.3215,403983379.7
2021-10-13T13:00:01.833Z,-USD,00000.2882,00000.3289,00000.2882,24207212.9,00000.3203,404417528.7
2021-10-13T14:00:01.99Z,-USD,00000.2985,00000.3289,00000.2938,25116220.6,00000.3188,405565987.2
2021-10-13T15:00:02.007Z,-USD,00000.2973,00000.3289,00000.2938,25062421.9,00000.3189,405923388.4
2021-10-13T16:00:02.355Z,-USD,000000.301,00000.3289,00000.2969,24665291.3,00000.3196,406251231.0
2021-10-13T17:00:01.918Z,-USD,000000.305,00000.3289,00000.2969,24698862.1,0000000.32,406608450.9
2021-10-13T18:00:02.304Z,-USD,00000.2995,00000.3289,00000.2969,24497599.6,00000.3229,407062567.8
2021-10-13T19:00:02.617Z,-USD,00000.3022,00000.3312,00000.2969,25976653.4,00000.3244,409330702.0
2021-10-13T20:00:02.707Z,-USD,00000.3001,00000.3312,00000.2969,26084760.8,00000.3219,410000387.8
2021-10-13T21:00:02.185Z,-USD,00000.3178,00000.3312,00000.3014,19683182.2,00000.3237,411047387.2
2021-10-13T22:00:02.473Z,-USD,00000.3147,00000.3312,00000.3014,18868865.8,00000.3227,411398365.7
2021-10-13T23:00:01.978Z,-USD,00000.3142,00000.3312,00000.3014,19056433.5,00000.3266,412213406.9
2021-10-14T00:00:02.046Z,-USD,00000.3151,00000.3312,00000.3014,19107957.0,00000.3269,412595215.4
2021-10-14T01:00:05.243Z,-USD,000000.317,00000.3312,00000.3014,19164520.6,00000.3242,404014940.0
2021-10-14T02:00:03.006Z,-USD,00000.3149,00000.3312,00000.3014,19221118.8,00000.3272,404213119.3
2021-10-14T03:00:02.7Z,-USD,00000.3164,00000.3312,00000.3014,18218659.2,00000.3268,404407941.1
2021-10-14T04:00:02.047Z,-USD,00000.3167,00000.3312,00000.3014,18334574.7,00000.3248,404645285.4
2021-10-14T05:00:02.507Z,-USD,00000.3192,00000.3312,00000.3014,18029294.2,00000.3251,405013685.7
2021-10-14T06:00:02.568Z,-USD,00000.3016,00000.3312,00000.3014,17030321.7,00000.3252,405141935.9
2021-10-14T07:00:02.595Z,-USD,00000.3098,00000.3312,00000.3041,16918619.7,00000.3259,405596036.4
2021-10-14T08:00:02.577Z,-USD,00000.3047,00000.3312,00000.3046,16889594.6,00000.3253,405822146.9
2021-10-14T09:00:02.551Z,-USD,00000.3129,00000.3312,00000.3127,15181761.5,00000.3283,406370107.9
2021-10-14T10:00:01.905Z,-USD,00000.3188,00000.3312,00000.3155,14844892.1,00000.3264,406729827.9
2021-10-14T11:00:02.068Z,-USD,00000.3212,00000.3312,00000.3155,14005943.7,00000.3272,406852543.1
2021-10-14T12:00:02.265Z,-USD,00000.3203,00000.3362,00000.3155,12606958.4,00000.3331,407572127.7
2021-10-14T13:00:02.14Z,-USD,00000.3195,00000.3362,00000.3163,12458111.0,000000.331,407848172.6
2021-10-14T14:00:02.068Z,-USD,00000.3194,00000.3362,00000.3163,12006996.9,00000.3297,408557440.6
2021-10-14T15:00:02.441Z,-USD,00000.3188,00000.3362,00000.3175,12421246.0,00000.3303,409325773.4
2021-10-14T16:00:04.16Z,-USD,00000.3201,00000.3362,00000.3175,12617994.2,00000.3283,409851414.7
2021-10-14T17:00:02.106Z,-USD,00000.3201,00000.3362,000000.319,12738194.1,00000.3288,410317997.3
2021-10-14T18:00:02.311Z,-USD,000000.323,00000.3362,00000.3197,12865273.2,00000.3307,410910384.6
2021-10-14T19:00:02.462Z,-USD,00000.3236,00000.3362,00000.3197,10892405.4,00000.3307,411245408.6
2021-10-14T20:00:07.559Z,-USD,00000.3219,00000.3362,00000.3197,10642081.6,00000.3291,411613932.7
2021-10-14T21:00:10.523Z,-USD,00000.3238,00000.3362,00000.3224,09912928.9,00000.3278,411931757.4
2021-10-14T22:00:14.151Z,-USD,000000.323,00000.3362,00000.3225,10142935.1,00000.3312,412518888.2
2021-10-14T23:00:12.339Z,-USD,00000.3263,00000.3362,00000.3225,09528922.0,000000.331,412713537.1
2021-10-15T00:00:17.239Z,-USD,00000.3275,00000.3362,00000.3225,09347019.1,00000.3306,412917514.5
2021-10-15T01:00:12.464Z,-USD,00000.3242,00000.3362,00000.3213,09702254.1,00000.3225,406229447.3
2021-10-15T02:00:12.334Z,-USD,00000.3268,00000.3362,00000.3183,09996209.5,00000.3213,406722804.5
2021-10-15T03:00:11.185Z,-USD,000000.327,00000.3362,00000.3183,10144985.1,00000.3262,407065061.3
2021-10-15T04:00:22.641Z,-USD,00000.3256,00000.3362,00000.3183,10144048.3,00000.3259,407303191.2
2021-10-15T05:00:10.149Z,-USD,00000.3241,00000.3362,00000.3183,09987842.0,00000.3262,407513939.6
2021-10-15T06:00:07.409Z,-USD,00000.3248,00000.3362,00000.3183,10263842.6,00000.3289,407928552.0
2021-10-15T07:00:03.474Z,-USD,00000.3261,00000.3362,00000.3183,11032139.2,00000.3267,409140291.7
2021-10-15T08:00:03.829Z,-USD,00000.3254,00000.3362,00000.3183,11042825.1,000000.324,409377084.5
2021-10-15T09:00:02.657Z,-USD,00000.3285,00000.3362,00000.3121,11937224.9,00000.3149,410819790.8
2021-10-15T10:00:02.516Z,-USD,00000.3265,00000.3362,00000.3099,12145570.0,00000.3158,411387619.6
2021-10-15T11:00:04.493Z,-USD,00000.3277,00000.3362,00000.3099,12293563.7,00000.3149,411658201.6
2021-10-15T12:00:04.313Z,-USD,00000.3331,00000.3356,00000.3099,12059587.1,00000.3184,412146955.7
2021-10-15T13:00:03.096Z,-USD,00000.3314,00000.3356,00000.3099,12830281.9,00000.3197,413190681.2
2021-10-15T14:00:08.91Z,-USD,00000.3296,00000.3356,00000.3099,12494714.1,00000.3197,413577227.0
2021-10-15T15:00:10.762Z,-USD,00000.3304,00000.3356,00000.3099,12029105.4,00000.3194,413876124.3
2021-10-15T16:00:10.703Z,-USD,00000.3289,00000.3356,00000.3099,11896365.0,00000.3197,414260608.8
2021-10-15T17:00:09.903Z,-USD,000000.329,00000.3356,00000.3099,12228440.0,00000.3255,415066292.0
2021-10-15T18:00:08.961Z,-USD,00000.3309,00000.3356,00000.3099,14414070.7,00000.3238,417844588.9
2021-10-15T19:00:02.023Z,-USD,00000.3309,00000.3356,00000.3099,14579616.4,00000.3252,418340351.9
2021-10-15T20:00:02.445Z,-USD,00000.3296,00000.3356,00000.3099,15564397.4,00000.3254,419697148.2
2021-10-15T21:00:02.621Z,-USD,00000.3278,00000.3356,00000.3099,16472692.2,00000.3254,420923519.7
2021-10-15T22:00:01.816Z,-USD,00000.3314,00000.3356,00000.3099,16345463.4,00000.3215,421377985.2
2021-10-15T23:00:02.561Z,-USD,00000.3306,00000.3356,00000.3099,16760814.6,000000.321,421993010.3
2021-10-16T00:00:01.776Z,-USD,00000.3311,00000.3356,00000.3099,16884978.5,00000.3201,422325858.8
2021-10-16T01:00:10.841Z,-USD,00000.3232,00000.3356,00000.3099,16640802.5,00000.3218,404925115.1
2021-10-16T02:00:11.121Z,-USD,00000.3212,00000.3356,00000.3099,16567512.4,00000.3216,405346092.5
2021-10-16T03:00:11.374Z,-USD,000000.326,00000.3356,00000.3099,17750588.2,00000.3268,406876798.9
2021-10-16T04:00:23.43Z,-USD,00000.3268,00000.3356,00000.3099,17973261.7,00000.3237,407337884.3
2021-10-16T05:00:09.936Z,-USD,00000.3261,00000.3356,00000.3099,18219563.5,00000.3227,407788770.8
2021-10-16T06:00:10.923Z,-USD,00000.3288,00000.3356,00000.3099,18039046.8,00000.3246,408023670.4
2021-10-16T07:00:08.629Z,-USD,00000.3259,00000.3342,00000.3099,17247547.7,00000.3251,408444226.1
2021-10-16T08:00:02.213Z,-USD,00000.3238,00000.3342,00000.3099,17273110.2,00000.3261,408708328.9
2021-10-16T09:00:02.128Z,-USD,00000.3147,00000.3342,00000.3099,16639142.9,00000.3284,409514055.1
2021-10-16T10:00:02.706Z,-USD,00000.3158,00000.3342,00000.3117,16560202.2,00000.3297,410002697.1
2021-10-16T11:00:03.731Z,-USD,00000.3147,00000.3342,00000.3142,16573163.0,00000.3284,410288359.8
2021-10-16T12:00:02.202Z,-USD,00000.3184,00000.3342,00000.3169,16362606.2,00000.3308,410567589.9
2021-10-16T13:00:11.501Z,-USD,00000.3194,00000.3342,00000.3179,15943843.8,00000.3215,411189425.0
2021-10-16T14:00:11.199Z,-USD,00000.3194,00000.3342,00000.3179,16195895.4,00000.3257,411838777.0
2021-10-16T15:00:17.788Z,-USD,0000000.32,00000.3342,00000.3188,16441050.1,000000.325,412375400.8
2021-10-16T16:00:11.248Z,-USD,00000.3196,00000.3342,00000.3195,16333093.0,00000.3234,412648904.8
2021-10-16T17:00:10.684Z,-USD,00000.3254,00000.3342,00000.3195,15923794.4,00000.3246,413047204.1
2021-10-16T18:00:10.018Z,-USD,00000.3241,00000.3327,00000.3195,13592843.4,00000.3244,413496449.8
2021-10-16T19:00:11.792Z,-USD,000000.325,00000.3327,00000.3195,13256077.4,00000.3242,413653576.4
2021-10-16T20:00:10.055Z,-USD,00000.3257,00000.3327,00000.3195,12315271.3,00000.3223,414067561.3
2021-10-16T21:00:02.455Z,-USD,00000.3257,00000.3327,00000.3195,11529693.7,00000.3238,414510638.2
2021-10-16T22:00:02.416Z,-USD,00000.3215,00000.3327,00000.3195,11764191.9,00000.3266,415198971.1
2021-10-16T23:00:02.255Z,-USD,00000.3211,00000.3327,00000.3195,11602973.8,00000.3259,415656429.7
2021-10-17T00:00:01.695Z,-USD,00000.3204,00000.3327,00000.3201,12761390.7,000000.328,417143582.2
2021-10-17T01:00:11.042Z,-USD,00000.3218,00000.3327,00000.3204,13396849.6,00000.3301,405109885.2
2021-10-17T02:00:11.159Z,-USD,00000.3219,00000.3327,00000.3206,13412696.8,00000.3284,405546032.7
2021-10-17T03:00:11.036Z,-USD,000000.327,00000.3327,00000.3206,12118508.2,00000.3252,405781401.9
2021-10-17T04:00:42.256Z,-USD,00000.3227,00000.3327,00000.3206,11588885.5,00000.3266,406164729.9
2021-10-17T05:00:08.356Z,-USD,00000.3227,00000.3327,00000.3206,11887434.0,00000.3269,406463278.4
2021-10-17T06:00:09.229Z,-USD,00000.3248,00000.3327,00000.3206,12093311.7,00000.3245,406903609.9
2021-10-17T07:00:09.424Z,-USD,00000.3251,00000.3327,00000.3206,12399094.4,00000.3243,407631869.4
2021-10-17T08:00:08.545Z,-USD,00000.3262,00000.3327,00000.3206,12483783.2,00000.3232,407981281.0
2021-10-17T09:00:09.307Z,-USD,00000.3284,00000.3324,00000.3206,11894127.1,00000.3245,408198779.3
2021-10-17T10:00:09.766Z,-USD,00000.3297,00000.3324,00000.3206,11513597.7,00000.3238,408304976.4
2021-10-17T11:00:10.085Z,-USD,00000.3283,00000.3324,00000.3206,11456268.8,00000.3242,408534074.3
2021-10-17T12:00:08.446Z,-USD,00000.3304,00000.3324,00000.3206,11809364.9,00000.3253,409166513.1
2021-10-17T13:00:11.507Z,-USD,00000.3214,00000.3324,00000.3207,11499371.5,00000.3235,409483219.7
2021-10-17T14:00:09.855Z,-USD,00000.3259,00000.3324,00000.3207,11073488.3,00000.3243,409698427.4
2021-10-17T15:00:09.417Z,-USD,00000.3247,00000.3324,00000.3207,10858653.2,00000.3228,410020060.1
2021-10-17T16:00:08.9Z,-USD,00000.3238,00000.3324,00000.3165,11227028.0,00000.3189,410665047.0
2021-10-17T17:00:02.403Z,-USD,00000.3252,00000.3324,00000.3165,11106261.3,00000.3195,410942887.0
2021-10-17T18:00:03.747Z,-USD,00000.3245,00000.3324,00000.3165,10998139.1,00000.3184,411282359.7
2021-10-17T19:00:01.935Z,-USD,00000.3245,00000.3324,00000.3165,11435608.7,00000.3193,411875191.1
2021-10-17T20:00:02.498Z,-USD,00000.3223,00000.3324,00000.3133,11393518.9,00000.3138,412247468.7
2021-10-17T21:00:02.149Z,-USD,00000.3236,00000.3324,00000.3012,13412902.3,00000.3071,414709566.6
2021-10-17T22:00:02.532Z,-USD,00000.3262,00000.3324,00000.3012,13170002.3,000000.312,415159575.9
2021-10-17T23:00:01.82Z,-USD,00000.3258,00000.3324,00000.3012,13189575.0,00000.3127,415712004.6
2021-10-18T00:00:08.546Z,-USD,00000.3284,00000.3324,00000.3012,12201935.0,00000.3116,416139205.2
2021-10-18T01:00:02.724Z,-USD,00000.3294,000000.331,00000.3012,11849732.7,000000.316,409016929.7
2021-10-18T02:00:01.902Z,-USD,00000.3283,000000.329,00000.3012,11910520.8,00000.3181,409511447.0
2021-10-18T03:00:01.983Z,-USD,00000.3248,000000.329,00000.3012,11939083.3,00000.3177,409817405.1
2021-10-18T04:00:02.164Z,-USD,00000.3266,000000.329,00000.3012,12214307.8,00000.3166,410432919.1
2021-10-18T05:00:01.742Z,-USD,00000.3268,000000.329,00000.3012,12064105.4,00000.3169,410582383.8
2021-10-18T06:00:01.777Z,-USD,00000.3243,000000.329,00000.3012,11754445.7,00000.3167,410715289.4
2021-10-18T07:00:01.706Z,-USD,00000.3243,000000.329,00000.3012,11257277.8,00000.3168,410943077.2
2021-10-18T08:00:02.552Z,-USD,000000.323,000000.329,00000.3012,11314652.4,00000.3148,411353057.4
2021-10-18T09:00:02.451Z,-USD,00000.3246,000000.329,00000.3012,11427969.2,00000.3157,411680748.0
2021-10-18T10:00:02.248Z,-USD,000000.324,000000.329,00000.3012,11602437.3,000000.314,411963341.6
2021-10-18T11:00:02.559Z,-USD,00000.3252,000000.329,00000.3012,11588677.3,00000.3166,412213926.7
2021-10-18T12:00:02.461Z,-USD,00000.3251,00000.3254,00000.3012,11257543.2,00000.3132,412480916.9
2021-10-18T13:00:02.581Z,-USD,00000.3236,00000.3252,00000.3012,11062026.5,00000.3124,412599145.2
2021-10-18T14:00:01.943Z,-USD,00000.3247,00000.3247,00000.3012,11566768.6,00000.3148,413319275.8
2021-10-18T15:00:02.116Z,-USD,000000.323,00000.3235,00000.3012,11805478.6,000000.314,413880141.6
2021-10-18T16:00:02.353Z,-USD,00000.3187,00000.3216,00000.3012,11456000.4,00000.3158,414179204.3
2021-10-18T17:00:01.827Z,-USD,00000.3197,00000.3216,00000.3012,11469828.2,00000.3138,414466673.1
2021-10-18T18:00:02.355Z,-USD,00000.3184,00000.3216,00000.3012,11251329.5,00000.3144,414587604.0
2021-10-18T19:00:02.229Z,-USD,00000.3195,000000.321,00000.3012,10847729.5,00000.3127,414776838.6
2021-10-18T20:00:02.515Z,-USD,00000.3136,000000.321,00000.3012,10743867.8,00000.3156,415045758.7
2021-10-18T21:00:01.852Z,-USD,00000.3069,00000.3256,00000.3056,10950548.5,00000.3236,417714148.8
2021-10-18T22:00:02.585Z,-USD,00000.3121,00000.3256,0000000.31,11310769.9,00000.3188,418529520.3
2021-10-18T23:00:01.997Z,-USD,00000.3126,00000.3256,0000000.31,11307092.6,00000.3206,419073061.0
2021-10-19T00:00:02.07Z,-USD,00000.3119,00000.3256,0000000.31,11404860.4,00000.3205,419598044.3
2021-10-19T01:00:02.499Z,-USD,00000.3163,00000.3256,0000000.31,11067795.4,00000.3172,413798020.8
2021-10-19T02:00:01.899Z,-USD,00000.3181,00000.3256,0000000.31,10774352.4,00000.3183,414004645.8
2021-10-19T03:00:02.276Z,-USD,000000.318,00000.3256,0000000.31,10589446.9,00000.3191,414141932.6
2021-10-19T04:00:02.483Z,-USD,00000.3173,00000.3256,0000000.31,10660418.3,00000.3211,414809246.4
2021-10-19T05:00:01.823Z,-USD,00000.3175,00000.3256,0000000.31,10902514.1,00000.3212,415197034.7
2021-10-19T06:00:02.691Z,-USD,00000.3166,00000.3256,0000000.31,11166874.1,00000.3199,415594807.5
2021-10-19T07:00:01.891Z,-USD,00000.3169,00000.3256,0000000.31,11208741.4,00000.3174,415863577.2
2021-10-19T08:00:01.966Z,-USD,00000.3148,00000.3256,0000000.31,11424695.1,00000.3176,416491242.5
2021-10-19T09:00:02.439Z,-USD,00000.3152,00000.3256,0000000.31,11441619.5,00000.3208,416834484.6
2021-10-19T10:00:02.336Z,-USD,00000.3135,00000.3256,0000000.31,11383529.9,00000.3181,417058741.8
2021-10-19T11:00:02.348Z,-USD,00000.3163,00000.3256,0000000.31,11317942.2,00000.3184,417243612.1
2021-10-19T12:00:02.418Z,-USD,00000.3132,00000.3256,0000000.31,11173802.8,00000.3183,417374333.9
2021-10-19T13:00:02.461Z,-USD,00000.3125,00000.3256,0000000.31,11547705.0,00000.3187,417858818.0
2021-10-19T14:00:02.569Z,-USD,00000.3153,00000.3256,00000.3104,11112521.4,00000.3177,418144113.2
2021-10-19T15:00:01.94Z,-USD,00000.3134,00000.3256,00000.3104,11220454.9,00000.3167,418829772.3
2021-10-19T16:00:02.246Z,-USD,00000.3156,00000.3256,00000.3104,11070156.8,00000.3146,418961116.2
2021-10-19T17:00:02.619Z,-USD,00000.3137,00000.3256,00000.3104,11083939.9,00000.3168,419262441.9
2021-10-19T18:00:02.691Z,-USD,00000.3137,00000.3256,00000.3104,11288007.0,00000.3168,419587512.4
2021-10-19T19:00:02.283Z,-USD,00000.3123,00000.3256,00000.3104,11340428.6,00000.3141,419829151.4
2021-10-19T20:00:02.68Z,-USD,000000.318,00000.3256,00000.3126,11247442.2,00000.3134,420056367.5
2021-10-19T21:00:02.531Z,-USD,000000.323,00000.3251,00000.3122,08852521.8,00000.3125,420313451.9
2021-10-19T22:00:02.312Z,-USD,00000.3189,00000.3251,00000.3122,08344245.8,00000.3135,420585522.7
2021-10-19T23:00:02.548Z,-USD,00000.3203,00000.3251,00000.3122,08115967.4,00000.3168,420928388.7
2021-10-20T00:00:02.423Z,-USD,000000.321,00000.3251,00000.3122,07774891.2,00000.3162,421088075.5
2021-10-20T01:00:02.584Z,-USD,00000.3175,00000.3251,00000.3122,07479432.1,000000.315,404729984.6
2021-10-20T02:00:02.668Z,-USD,000000.319,00000.3251,00000.3122,07376929.2,00000.3144,404835334.8
2021-10-20T03:00:02.542Z,-USD,00000.3191,00000.3251,00000.3122,07392950.7,00000.3127,404989633.7
2021-10-20T04:00:02.569Z,-USD,00000.3207,00000.3228,00000.3094,07572971.3,00000.3099,405838845.3
2021-10-20T05:00:01.718Z,-USD,00000.3207,00000.3212,00000.3094,07341358.7,00000.3121,405993137.2
2021-10-20T06:00:02.82Z,-USD,00000.3196,00000.3212,00000.3094,07166493.7,00000.3126,406216019.3
2021-10-20T07:00:02.601Z,-USD,00000.3176,00000.3212,00000.3094,07028725.3,00000.3125,406344888.8
2021-10-20T08:00:02.315Z,-USD,00000.3173,00000.3212,00000.3094,06542344.4,00000.3131,406486300.1
2021-10-20T09:00:02.178Z,-USD,00000.3202,00000.3212,00000.3094,06340551.8,00000.3132,406629673.1
2021-10-20T10:00:02.107Z,-USD,00000.3181,00000.3212,00000.3094,06239826.6,00000.3146,406751205.8
2021-10-20T11:00:04.304Z,-USD,00000.3183,00000.3212,00000.3094,06222441.6,00000.3142,406918658.5
2021-10-20T12:00:01.956Z,-USD,00000.3181,00000.3212,00000.3094,06219748.6,00000.3148,407054313.4
2021-10-20T13:00:01.795Z,-USD,00000.3187,00000.3212,00000.3094,05851051.2,00000.3164,407167741.5
2021-10-20T14:00:02.204Z,-USD,00000.3174,00000.3201,00000.3094,05890919.6,00000.3194,407505393.1
2021-10-20T15:00:02.133Z,-USD,000000.316,000000.323,00000.3094,05958374.7,00000.3207,408244050.4
2021-10-20T16:00:02.191Z,-USD,000000.315,00000.3232,00000.3094,06355342.6,00000.3228,408769352.5
2021-10-20T17:00:01.752Z,-USD,00000.3166,00000.3268,00000.3094,06655176.3,00000.3268,409373152.0
2021-10-20T18:00:02.711Z,-USD,00000.3168,00000.3272,00000.3094,06739395.7,000000.325,409780379.5
2021-10-20T19:00:02.04Z,-USD,00000.3145,000000.332,00000.3094,07661563.2,00000.3285,410943513.5
2021-10-20T20:00:01.881Z,-USD,00000.3132,000000.332,00000.3094,08136197.2,00000.3291,411645115.2
2021-10-20T21:00:02.216Z,-USD,00000.3125,000000.332,00000.3094,09079758.5,00000.3288,412845907.3
2021-10-20T22:00:02.297Z,-USD,00000.3142,000000.332,00000.3094,09498083.4,00000.3283,413562887.2
2021-10-20T23:00:01.822Z,-USD,00000.3166,000000.332,00000.3094,09454556.5,00000.3265,413835995.7
2021-10-21T00:00:02.66Z,-USD,00000.3161,000000.332,00000.3094,09487518.0,00000.3284,414028159.9
2021-10-21T01:00:02.187Z,-USD,00000.3148,000000.332,00000.3094,09645241.1,00000.3306,397026535.6
2021-10-21T02:00:02.795Z,-USD,00000.3145,00000.3344,00000.3094,10518865.2,00000.3296,398005527.6
2021-10-21T03:00:02.201Z,-USD,000000.313,00000.3344,00000.3094,10899163.9,00000.3272,398540765.1
2021-10-21T04:00:02.146Z,-USD,00000.3099,00000.3344,00000.3099,10345807.7,00000.3276,398835994.4
2021-10-21T05:00:02.629Z,-USD,00000.3124,00000.3344,00000.3116,10374094.7,00000.3273,399018720.1
2021-10-21T06:00:02.524Z,-USD,00000.3127,00000.3344,00000.3116,10377253.4,000000.329,399244581.8
2021-10-21T07:00:02.385Z,-USD,00000.3127,00000.3353,00000.3121,11284858.3,00000.3284,400281047.4
2021-10-21T08:00:02.232Z,-USD,00000.3134,00000.3353,00000.3126,11325724.1,00000.3288,400463424.6
2021-10-21T09:00:02.008Z,-USD,00000.3133,00000.3353,00000.3126,11324296.3,00000.3299,400605299.9
2021-10-21T10:00:01.763Z,-USD,00000.3147,00000.3353,00000.3138,11540099.5,00000.3313,400944132.5
2021-10-21T11:00:02.084Z,-USD,00000.3142,00000.3353,00000.3138,11652380.1,00000.3332,401222892.2
2021-10-21T12:00:01.931Z,-USD,00000.3148,00000.3353,00000.3147,13784265.9,00000.3259,403489911.5
2021-10-21T13:00:01.776Z,-USD,00000.3163,00000.3353,00000.3161,14180477.5,00000.3261,404017456.7
2021-10-21T14:00:02.654Z,-USD,00000.3204,00000.3353,00000.3187,14211364.8,00000.3248,404381685.6
2021-10-21T15:00:01.791Z,-USD,00000.3208,00000.3353,00000.3165,14387084.4,00000.3186,405285034.7
2021-10-21T16:00:02.014Z,-USD,000000.323,00000.3353,000000.312,15696686.8,00000.3175,407117516.2
2021-10-21T17:00:02.369Z,-USD,00000.3266,00000.3353,000000.312,15613255.0,00000.3152,407643326.6
2021-10-21T18:00:02.593Z,-USD,00000.3249,00000.3353,000000.312,15565343.5,00000.3142,408004416.8
2021-10-21T19:00:02.51Z,-USD,00000.3284,00000.3353,000000.312,14686007.4,00000.3155,408281023.2
2021-10-21T20:00:02.655Z,-USD,00000.3292,00000.3353,000000.312,14173798.9,00000.3157,408472283.6
2021-10-21T21:00:01.929Z,-USD,000000.329,00000.3353,000000.312,15114155.0,00000.3165,410611714.9
2021-10-21T22:00:02.08Z,-USD,00000.3283,00000.3353,000000.312,14743870.2,00000.3161,410959285.5
2021-10-21T23:00:02.468Z,-USD,00000.3261,00000.3353,000000.312,14738951.2,000000.315,411226395.9
2021-10-22T00:00:02.626Z,-USD,00000.3288,00000.3353,000000.312,14736729.8,00000.3143,411417161.0
2021-10-22T01:00:09.309Z,-USD,00000.3305,00000.3353,000000.312,14702286.7,00000.3176,393176518.5
2021-10-22T02:00:07.275Z,-USD,00000.3296,00000.3353,000000.312,14482069.2,00000.3181,393935506.3
2021-10-22T03:00:02.234Z,-USD,00000.3271,00000.3353,000000.312,14135772.6,00000.3184,394122507.9
2021-10-22T04:00:01.852Z,-USD,00000.3277,00000.3353,000000.312,14089475.6,00000.3208,394371433.0
2021-10-22T05:00:02.652Z,-USD,00000.3274,00000.3353,000000.312,14027236.3,00000.3203,394494267.6
2021-10-22T06:00:02.402Z,-USD,00000.3293,00000.3353,000000.312,14089599.1,00000.3207,394780116.0
2021-10-22T07:00:02.05Z,-USD,00000.3282,00000.3346,000000.312,13191953.5,00000.3215,394928017.5
2021-10-22T08:00:01.781Z,-USD,00000.3282,00000.3346,000000.312,14024301.6,00000.3257,395934957.3
2021-10-22T09:00:02.57Z,-USD,00000.3298,00000.3346,000000.312,14538178.7,00000.3254,396589552.0
2021-10-22T10:00:02.161Z,-USD,00000.3314,00000.3346,000000.312,14776462.6,00000.3268,397167723.3
2021-10-22T11:00:02.351Z,-USD,000000.333,00000.3343,000000.312,14795851.7,00000.3278,397464743.4
2021-10-22T12:00:01.743Z,-USD,00000.3262,00000.3327,000000.312,13171842.7,00000.3314,398111021.2
2021-10-22T13:00:02.639Z,-USD,00000.3265,00000.3348,000000.312,13450780.6,00000.3332,398914981.4
2021-10-22T14:00:02.466Z,-USD,00000.3248,00000.3348,000000.312,14132268.5,00000.3241,399983420.2
2021-10-22T15:00:01.819Z,-USD,00000.3177,00000.3348,000000.312,14081611.9,00000.3228,400815945.0
2021-10-22T16:00:01.939Z,-USD,00000.3168,00000.3348,00000.3134,12699202.9,00000.3215,401274074.1
2021-10-22T17:00:02.393Z,-USD,00000.3157,00000.3348,00000.3134,13192677.7,00000.3214,402291214.5
2021-10-22T18:00:02.025Z,-USD,00000.3149,00000.3348,00000.3134,13207106.9,00000.3192,402657465.0
2021-10-22T19:00:02.161Z,-USD,00000.3161,00000.3348,00000.3134,13336286.8,00000.3199,403063379.5
2021-10-22T20:00:02.173Z,-USD,00000.3162,00000.3348,00000.3134,13662597.2,00000.3207,403588759.3
2021-10-22T21:00:02.418Z,-USD,00000.3163,00000.3348,00000.3134,12097888.1,00000.3223,404156304.9
2021-10-22T22:00:02.198Z,-USD,00000.3167,00000.3348,00000.3134,12067566.4,00000.3208,404472927.8
2021-10-22T23:00:02.568Z,-USD,00000.3152,00000.3348,00000.3134,12107228.9,00000.3238,404779884.7
2021-10-23T00:00:02.446Z,-USD,00000.3146,00000.3348,000000.314,12127600.8,00000.3239,405001301.6
2021-10-23T01:00:02.283Z,-USD,00000.3175,00000.3348,00000.3156,12120916.4,00000.3251,392322101.2
2021-10-23T02:00:02.096Z,-USD,00000.3184,00000.3348,00000.3156,11557172.8,00000.3246,392520535.9
2021-10-23T03:00:02.102Z,-USD,00000.3184,00000.3348,00000.3156,11708925.0,00000.3254,392856105.2
2021-10-23T04:00:02.17Z,-USD,00000.3208,00000.3348,00000.3156,11532883.8,00000.3262,392933293.6
2021-10-23T05:00:02.322Z,-USD,00000.3203,00000.3348,00000.3156,11682749.4,00000.3269,393211232.0
2021-10-23T06:00:02.227Z,-USD,00000.3207,00000.3348,00000.3156,12072642.3,00000.3257,393877980.3
2021-10-23T07:00:02.1Z,-USD,00000.3216,00000.3348,00000.3156,12056471.5,00000.3265,394010701.0
2021-10-23T08:00:01.833Z,-USD,00000.3262,00000.3348,00000.3156,11220425.5,00000.3245,394182308.5
2021-10-23T09:00:01.76Z,-USD,00000.3257,00000.3348,00000.3156,10666144.2,00000.3244,394287247.5
2021-10-23T10:00:02.585Z,-USD,000000.327,00000.3348,00000.3156,10345224.7,000000.322,394537785.4
2021-10-23T11:00:01.767Z,-USD,00000.3278,00000.3348,00000.3156,10269506.5,00000.3195,394760837.0
2021-10-23T12:00:02.463Z,-USD,00000.3317,00000.3348,00000.3156,09912431.4,00000.3232,395048352.6
2021-10-23T13:00:02.387Z,-USD,00000.3334,00000.3343,00000.3156,09263938.5,00000.3237,395207376.1
2021-10-23T14:00:02.271Z,-USD,00000.3246,00000.3301,00000.3156,08387506.1,00000.3239,395404289.6
2021-10-31T18:00:08.706Z,-USD,000000.405,0000000.84,00000.3932,452882225.6,00000.4003,1065569636.7
2021-10-31T19:00:01.791Z,-USD,00000.4024,0000000.84,00000.3911,454599650.7,00000.4116,1075204952.0
2021-10-31T20:00:01.778Z,-USD,00000.4005,0000000.84,00000.3911,460036804.9,00000.4176,1083723403.9
2021-10-31T21:00:02.684Z,-USD,00000.4044,0000000.84,00000.3911,463442436.2,00000.4133,1090434028.2
2021-10-31T22:00:01.709Z,-USD,00000.4304,0000000.84,00000.3911,455360788.6,000000.413,1097304755.0
2021-10-31T23:00:03.094Z,-USD,00000.5198,0000000.84,00000.3911,437696536.0,00000.4086,1103846356.7
2021-11-01T00:00:04.868Z,-USD,00000.5256,00000.5974,00000.3911,345589551.3,00000.4174,1110780262.4
2021-11-01T01:00:04.338Z,-USD,00000.5415,00000.5974,00000.3911,319429866.8,00000.4268,1110336169.0
2021-11-01T02:00:03.854Z,-USD,00000.5521,00000.5536,00000.3911,288851947.4,00000.4557,1124965692.7
2021-11-01T03:00:03.703Z,-USD,00000.5072,000000.546,00000.3911,273851496.7,00000.4246,1135809254.9
2021-11-01T04:00:13.388Z,-USD,00000.4962,000000.546,00000.3911,266005800.6,00000.4132,1140693876.5
2021-11-01T05:00:07.284Z,-USD,000000.463,000000.546,00000.3911,256960413.6,00000.4244,1146461437.0
2021-11-01T06:00:06.049Z,-USD,00000.4876,000000.546,00000.3911,250510302.4,00000.4198,1150411026.1
2021-11-01T07:00:06.388Z,-USD,00000.5081,000000.546,00000.3911,240610509.4,00000.4202,1152623185.8
2021-11-01T08:00:02.266Z,-USD,00000.4992,00000.5021,00000.3911,221741490.4,00000.4345,1155555290.7
2021-11-01T09:00:01.782Z,-USD,00000.4821,00000.4906,00000.3911,211927717.3,000000.423,1158569558.1
2021-11-01T10:00:02.202Z,-USD,00000.4664,0000000.49,00000.3911,202368198.7,00000.4288,1160743364.2
2021-11-01T11:00:03.213Z,-USD,00000.4821,0000000.49,00000.3911,196053300.6,00000.4455,1166142915.4
2021-11-01T12:00:02.513Z,-USD,00000.4617,00000.4632,00000.3911,191618943.3,00000.4395,1171517674.1
2021-11-01T13:00:02.256Z,-USD,00000.4373,00000.4652,00000.3911,188993076.5,00000.4556,1179211572.5
2021-11-01T14:00:02.194Z,-USD,00000.4265,00000.4983,00000.3911,198538332.3,00000.4609,1204192104.9
2021-11-01T15:00:02.248Z,-USD,00000.4212,00000.4983,00000.3911,191554277.7,00000.4739,1211857802.7
2021-11-01T16:00:01.801Z,-USD,00000.4109,00000.4983,00000.3911,188249635.6,00000.4663,1219898329.7
2021-11-01T17:00:03.98Z,-USD,00000.4147,00000.4983,00000.3911,185401153.3,000000.448,1226430486.4
2021-11-01T18:00:02.944Z,-USD,00000.4005,00000.4983,00000.3911,179710252.7,00000.4426,1232631313.0
2021-11-01T19:00:02.167Z,-USD,00000.4093,00000.4983,00000.4041,173695874.9,00000.4425,1236190349.9
2021-11-01T20:00:02.283Z,-USD,00000.4176,00000.4983,00000.4041,168499145.3,00000.4509,1239564391.8
2021-11-01T21:00:02.427Z,-USD,00000.4129,00000.4983,00000.4041,164697543.9,00000.4358,1242399955.0
2021-11-01T22:00:02.478Z,-USD,00000.4128,00000.4983,00000.4041,160474911.8,00000.4456,1245245387.8
2021-11-01T23:00:03.419Z,-USD,00000.4088,00000.4983,00000.4041,159587417.5,00000.4554,1250700213.8
2021-11-02T00:00:01.929Z,-USD,00000.4172,00000.4983,00000.4074,158220601.8,000000.451,1256194551.6
2021-11-02T01:00:01.873Z,-USD,00000.4256,00000.4983,00000.4074,158888249.8,00000.4878,1261673762.7
2021-11-02T02:00:01.986Z,-USD,00000.4517,00000.4994,00000.4074,156579520.0,00000.4969,1273985631.1
2021-11-02T03:00:01.903Z,-USD,00000.4259,00000.4994,00000.4074,154873707.0,00000.4738,1283068658.5
2021-11-02T04:00:02.082Z,-USD,00000.4135,00000.4994,00000.4074,155947152.4,00000.4902,1289062808.2
2021-11-02T05:01:03.096Z,-USD,00000.4201,00000.5148,00000.4146,155809994.7,00000.4818,1298662587.7
2021-11-02T06:00:02.166Z,-USD,00000.4201,00000.5148,00000.4146,159345242.4,00000.4907,1302197835.4
2021-11-02T07:00:01.91Z,-USD,00000.4218,00000.5148,00000.4198,163445291.6,00000.5023,1308437883.2
2021-11-02T08:00:01.852Z,-USD,00000.4335,00000.5228,00000.4198,169992610.2,000000.509,1317990464.6
2021-11-02T09:00:01.775Z,-USD,00000.4235,000000.524,00000.4198,175748441.6,00000.5081,1326764558.1
2021-11-02T10:00:01.714Z,-USD,00000.4288,000000.524,00000.4266,178576126.9,00000.5052,1331697931.7
2021-11-02T11:00:04.183Z,-USD,000000.444,000000.524,00000.4293,177975013.0,00000.4864,1336618893.9
2021-11-02T12:00:01.711Z,-USD,00000.4424,000000.524,00000.4323,178348921.0,00000.4898,1342213107.1
2021-11-02T13:00:02.582Z,-USD,00000.4541,000000.524,00000.4323,178038791.3,000000.479,1349601903.1
2021-11-02T14:00:02.686Z,-USD,00000.4598,000000.524,00000.4323,158564947.6,00000.4835,1355281541.0
2021-11-02T15:00:02.009Z,-USD,000000.471,000000.524,00000.4323,154442592.3,00000.4846,1358809124.6
2021-11-02T16:00:02.22Z,-USD,00000.4692,000000.524,00000.4323,150001578.4,00000.4765,1362374269.3
2021-11-02T17:00:03.37Z,-USD,00000.4464,000000.524,00000.4323,148173250.0,00000.4793,1368564916.5
2021-11-02T18:00:02.126Z,-USD,00000.4433,000000.524,00000.4323,147514755.5,00000.4753,1372479240.0
2021-11-02T19:00:02.42Z,-USD,00000.4434,000000.524,00000.4323,146713749.7,00000.4812,1375264964.4
2021-11-02T20:00:01.771Z,-USD,00000.4508,000000.524,00000.4323,145712344.9,00000.4748,1377646566.6
2021-11-02T21:00:01.886Z,-USD,00000.4374,000000.524,00000.4323,145649265.8,00000.4727,1380577579.6
2021-11-02T22:00:02.016Z,-USD,000000.445,000000.524,00000.4439,147342794.8,00000.4716,1384972293.3
2021-11-02T23:00:02.751Z,-USD,00000.4546,000000.524,00000.4451,146863936.7,00000.4818,1390120512.0
2021-11-03T00:00:02.489Z,-USD,00000.4518,000000.524,00000.4451,146944301.1,00000.4977,1395532580.5
2021-11-03T01:00:02.616Z,-USD,00000.4873,000000.524,00000.4623,147446545.5,00000.4867,1399691113.7
2021-11-03T02:00:02.352Z,-USD,00000.4949,000000.524,00000.4623,144399546.5,00000.4916,1408941210.5
2021-11-03T03:00:02.521Z,-USD,00000.4726,000000.524,00000.4623,139516665.3,00000.4867,1413207645.2
2021-11-03T04:00:02.703Z,-USD,00000.4925,000000.524,00000.4623,136916075.2,00000.4756,1416508166.7
2021-11-03T05:00:03.72Z,-USD,00000.4811,000000.524,00000.4516,135252166.6,000000.453,1424400095.5
2021-11-03T06:00:02.825Z,-USD,00000.4913,000000.524,00000.4516,134766997.5,00000.4616,1427500015.6
2021-11-03T07:00:01.666Z,-USD,000000.503,000000.524,00000.4516,129880836.9,00000.4599,1429043308.5
2021-11-03T08:00:02.667Z,-USD,00000.5082,000000.524,00000.4516,121468555.5,00000.4655,1429983704.5
2021-11-03T09:00:02.682Z,-USD,00000.5081,00000.5124,00000.4516,113980329.0,00000.4586,1431398612.3
2021-11-03T10:00:02.489Z,-USD,00000.5037,00000.5103,00000.4516,111051230.4,00000.4628,1433253672.0
2021-11-03T11:00:04.508Z,-USD,00000.4871,00000.5098,00000.4516,108305502.1,00000.4599,1435428986.7
2021-11-03T12:00:01.942Z,-USD,00000.4899,00000.5098,00000.4516,104240203.5,00000.4633,1437007251.4
2021-11-03T13:00:01.863Z,-USD,00000.4795,00000.5098,00000.4359,105945576.7,00000.4431,1446070004.0
2021-11-03T14:00:01.998Z,-USD,00000.4834,00000.5098,00000.4358,104629018.6,00000.4424,1450494476.0
2021-11-03T15:00:02.207Z,-USD,000000.485,00000.5098,00000.4358,104068461.0,00000.4491,1453371321.8
2021-11-03T16:00:01.68Z,-USD,00000.4761,00000.5098,00000.4358,102088021.6,000000.451,1454980958.3
2021-11-03T17:00:03.277Z,-USD,0000000.48,00000.5098,00000.4358,98811262.2,00000.4484,1457871420.4
2021-11-03T18:00:01.882Z,-USD,00000.4777,00000.5098,00000.4358,96514731.7,00000.4494,1459540504.6
2021-11-03T19:00:02.278Z,-USD,00000.4815,00000.5098,00000.4358,96210271.1,00000.4602,1462021437.2
2021-11-03T20:00:02.568Z,-USD,00000.4752,00000.5098,00000.4358,96320671.2,00000.4511,1464506902.0
2021-11-03T21:00:01.933Z,-USD,00000.4729,00000.5098,00000.4358,96000513.6,00000.4529,1467149404.6
