Coin on file:	DAI
Created by:	chris
Created on:	09/18/2021T03:00:1631948402Z

Recorded,Currency,Open,High,Low,Volume,Last,Volume30day
2021-09-18T03:00:02.659Z,-USD,001.000147,000001.001,00000001.0,9988046.80859,001.000399,333043372.42809
2021-09-18T04:00:01.983Z,-USD,001.000318,000001.001,00000001.0,9890943.48588,001.000526,333148063.20857
2021-09-18T05:00:02.052Z,-USD,001.000234,000001.001,00000001.0,9916098.42145,0001.00035,333309115.91017
2021-09-18T06:00:02.083Z,-USD,001.000258,000001.001,00000001.0,10115476.37969,001.000317,333612675.21136
2021-09-18T07:00:02.385Z,-USD,0001.00028,000001.001,00000001.0,10187159.71552,001.000314,333803479.62322
2021-09-18T08:00:02.626Z,-USD,001.000293,000001.001,00000001.0,10189679.75026,001.000295,334033050.44499
2021-09-18T09:00:01.852Z,-USD,001.000265,000001.001,00000001.0,10176122.34,001.000348,334195828.9004
2021-09-18T10:00:01.968Z,-USD,001.000187,000001.001,00000001.0,10093090.13078,001.000357,334301628.96969
2021-09-18T11:00:02.344Z,-USD,001.000314,000001.001,00000001.0,9878955.12055,001.000383,334483608.40147
2021-09-18T12:00:02.46Z,-USD,0001.00023,000001.001,00000001.0,9737132.46153,001.000353,334642121.47953
2021-09-18T13:00:02.675Z,-USD,001.000168,000001.001,00000001.0,9474428.11824,001.000328,334775804.89045
2021-09-18T14:00:01.88Z,-USD,001.000082,000001.001,00000001.0,9245658.86661,001.000353,334947802.34198
2021-09-18T14:27:57.952Z,-USD,0001.00014,000001.001,00000001.0,8163538.35385,00001.0003,335061773.38153
2021-09-18T14:28:37.246Z,-USD,0001.00014,000001.001,00000001.0,8174975.12,001.000329,335073210.14768
2021-09-18T14:31:17.504Z,-USD,0001.00014,000001.001,00000001.0,8178457.17741,001.000329,335076692.20509
2021-09-18T15:00:02.118Z,-USD,0001.00014,000001.001,00000001.0,8297275.41484,001.000312,335195510.44252
2021-09-18T16:00:02.322Z,-USD,001.000212,000001.001,00000001.0,8142234.21272,001.000324,335430612.8433
2021-09-18T17:00:02.107Z,-USD,001.000593,000001.001,00000001.0,6684771.82016,001.000352,335696404.18197
2021-09-18T18:00:07.221Z,-USD,001.000458,000001.001,00000001.0,7019733.80412,001.000014,336264869.079
2021-09-18T19:00:01.787Z,-USD,001.000317,000001.001,00000001.0,6684195.20654,001.000184,336426693.95561
2021-09-18T20:00:02.515Z,-USD,0001.00043,000001.001,00000001.0,6686119.40226,001.000041,336670670.2045
2021-09-18T21:00:02.121Z,-USD,001.000327,000001.001,00000001.0,6539736.6605,001.000056,337107375.12054
2021-09-18T22:00:02.335Z,-USD,001.000237,000001.001,00000001.0,6212747.58737,001.000053,337324852.3827
2021-09-18T23:00:01.768Z,-USD,001.000287,000001.001,00000001.0,6038926.75065,001.000071,337440873.9931
2021-09-19T00:00:02.394Z,-USD,001.000271,000001.001,00000001.0,6089757.10299,001.000038,337626710.07646
2021-09-19T01:00:02.002Z,-USD,001.000621,001.000621,00000001.0,5238328.54253,001.000046,329175507.62472
2021-09-19T02:00:02.019Z,-USD,001.000312,0001.00053,00000001.0,5165826.18188,001.000011,329355365.28179
2021-09-19T03:00:02.664Z,-USD,001.000398,0001.00053,00000001.0,5204409.85766,001.000036,329490525.6479
2021-09-19T04:00:02.654Z,-USD,001.000506,001.000525,00000001.0,5217014.00064,001.000006,329607556.47139
2021-09-19T05:00:02.407Z,-USD,001.000336,0001.00041,00000001.0,5172536.82886,001.000044,329726033.5339
2021-09-19T06:00:02.187Z,-USD,001.000317,0001.00041,00000001.0,5184486.51648,001.000014,330039648.49611
2021-09-19T07:00:02.005Z,-USD,001.000314,0001.00041,00000001.0,5098329.88682,001.000066,330144470.65402
2021-09-19T08:00:02.143Z,-USD,001.000297,0001.00041,00000001.0,4929528.03845,001.000142,330205066.51806
2021-09-19T09:00:01.925Z,-USD,001.000351,001.000407,00000001.0,4832929.13271,001.000125,330274060.62165
2021-09-19T10:00:01.868Z,-USD,001.000357,001.000407,00000001.0,4826246.9479,001.000235,330370501.38983
2021-09-19T11:00:02.48Z,-USD,001.000374,001.000407,00000001.0,4765021.62143,001.000237,330492977.93534
2021-09-19T12:00:02.523Z,-USD,001.000352,0001.00057,00000001.0,5141526.77958,0001.00017,331026141.12185
2021-09-19T13:00:02.684Z,-USD,001.000328,0001.00057,00000001.0,5299651.79068,001.000211,331317957.11428
2021-09-19T14:00:02.607Z,-USD,001.000352,0001.00068,00000001.0,5992700.48253,001.000213,332183005.65491
2021-09-19T15:00:02.684Z,-USD,001.000324,0001.00068,00000001.0,5925860.78386,001.000279,332364664.19343
2021-09-19T16:00:02.634Z,-USD,001.000319,0001.00068,00000001.0,5875130.76551,001.000281,332548775.68778
2021-09-19T17:00:02.62Z,-USD,001.000361,0001.00068,00000001.0,5805511.19169,001.000341,332744644.2339
2021-09-19T18:00:01.7Z,-USD,001.000041,0001.00068,00000001.0,5402877.21227,001.000311,332911397.10303
2021-09-19T19:00:01.839Z,-USD,001.000184,0001.00068,00000001.0,5492133.01501,001.000473,333161414.38101
2021-09-19T20:00:01.841Z,-USD,001.000041,0001.00068,00000001.0,5374508.35973,001.000474,333288148.7089
2021-09-19T21:00:02.299Z,-USD,0001.00004,0001.00068,00000001.0,5082822.17089,001.000444,333433037.80963
2021-09-19T22:00:02.24Z,-USD,001.000062,0001.00068,00000001.0,5188461.09272,001.000303,333755827.17061
2021-09-19T23:00:02.396Z,-USD,0001.00006,0001.00068,00000001.0,5387274.99353,001.000242,334070777.21448
2021-09-20T00:00:01.696Z,-USD,001.000038,0001.00068,00000001.0,5403440.46375,001.000232,334276138.70248
2021-09-20T01:00:01.876Z,-USD,001.000049,0001.00068,00000001.0,5507963.5036,001.000261,325218725.86356
2021-09-20T02:00:02.151Z,-USD,001.000032,0001.00068,00000001.0,5583709.26713,001.000215,325466130.24002
2021-09-20T03:00:02.274Z,-USD,001.000035,0001.00068,00000001.0,6447207.89029,001.000279,326464406.42983
2021-09-20T04:00:02.153Z,-USD,001.000005,001.000884,00000001.0,7368588.94218,001.000252,327503219.23966
2021-09-20T05:00:01.965Z,-USD,001.000042,001.000884,00000001.0,8001561.7275,001.000281,328253983.06188
2021-09-20T06:00:01.919Z,-USD,001.000018,001.000884,00000001.0,8307011.64627,001.000328,328873062.46137
2021-09-20T07:00:02.042Z,-USD,001.000036,001.000884,00000001.0,8651480.75351,001.000364,329322332.03144
2021-09-20T08:00:02.121Z,-USD,001.000143,001.000969,00000001.0,9575733.59828,001.000677,330307582.43549
2021-09-20T09:00:01.892Z,-USD,001.000124,000001.001,00000001.0,10945928.76502,001.000249,331746374.2679
2021-09-20T10:00:01.701Z,-USD,001.000227,000001.001,00000001.0,12089744.89555,0001.00039,332986626.97063
2021-09-20T11:00:02.361Z,-USD,001.000204,000001.001,00000001.0,12666201.92525,001.000307,333685562.54807
2021-09-20T12:00:02.361Z,-USD,001.000187,000001.001,00000001.0,14337334.01581,001.000254,335890428.56481
2021-09-20T13:00:02.403Z,-USD,001.000211,000001.001,001.000001,16817374.61924,0001.00012,338661778.78296
2021-09-20T14:00:02.73Z,-USD,001.000238,000001.001,0000.99999,17718454.25528,001.000056,340427830.90643
2021-09-20T15:00:01.832Z,-USD,0001.00027,000001.001,0000.99999,18804879.62547,001.000104,341697315.93336
2021-09-20T16:00:02.357Z,-USD,0001.00028,000001.001,0000.99999,19362457.76362,001.000071,342437609.83401
2021-09-20T17:00:02.536Z,-USD,001.000341,000001.001,0000.99999,19640229.40452,001.000051,342911801.42282
2021-09-20T18:00:02.544Z,-USD,001.000327,000001.001,0000.99999,20134844.11516,0001.00005,343573556.83555
2021-09-20T19:00:02.469Z,-USD,001.000471,000001.001,0000.99999,20716310.51508,0001.00009,344406025.60121
2021-09-20T20:00:02.434Z,-USD,001.000475,000001.001,0000.99999,21687274.78519,000.999996,345501966.22146
2021-09-20T21:00:02.46Z,-USD,001.000447,000001.001,0000.99998,22712188.93935,001.000163,346674564.35357
2021-09-20T22:00:02.44Z,-USD,001.000285,000001.001,0000.99998,22842450.63295,001.000221,347124654.7585
2021-09-20T23:00:02.52Z,-USD,001.000257,000001.001,0000.99998,23150890.11489,001.000128,347748655.18011
2021-09-21T00:00:02.956Z,-USD,001.000232,000001.001,0000.99998,23859816.67488,001.000225,348662944.7661
2021-09-21T01:00:02.191Z,-USD,001.000259,000001.001,000.999919,25670019.98058,000.999922,343286492.56642
2021-09-21T02:00:01.777Z,-USD,001.000214,000001.001,000.999841,26312754.25403,001.000067,344175148.88609
2021-09-21T03:00:02.103Z,-USD,001.000279,000001.001,000.999841,26287297.1691,0001.00027,345149428.24516
2021-09-21T04:00:02.34Z,-USD,0001.00024,000001.001,000.999841,25452359.99981,001.000224,345365414.5997
2021-09-21T05:00:02.612Z,-USD,001.000321,000001.001,000.999841,25046175.52655,0001.00014,345697279.53591
2021-09-21T06:00:02.518Z,-USD,001.000331,000001.001,000.999841,24746625.09363,001.000139,346017079.90705
2021-09-21T07:00:02.272Z,-USD,001.000333,000001.001,000.999841,24661970.4866,001.000036,346381925.96136
2021-09-21T08:00:02.419Z,-USD,001.000612,000001.001,000.999841,24015516.62718,000.999958,346746782.61653
2021-09-21T09:00:02.545Z,-USD,001.000249,000001.001,000.999841,22912726.75745,000.999847,347055483.92581
2021-09-21T10:00:02.395Z,-USD,001.000384,001.000807,000.999545,21930643.4621,000.999716,347323456.15723
2021-09-21T11:00:02.6Z,-USD,001.000307,001.000807,000.999545,21454668.19735,00000.9999,347541543.40238
2021-09-21T12:00:02.507Z,-USD,001.000254,001.000646,000.999545,20598146.32309,001.000171,348895134.07566
2021-09-21T13:00:02.679Z,-USD,0001.00012,001.000646,000.999545,18164060.58489,000.999949,349228174.62351
2021-09-21T14:00:01.857Z,-USD,001.000083,001.000646,000.999245,17084215.94365,000.999787,349910665.17528
2021-09-21T15:00:02.144Z,-USD,001.000133,001.000646,000.999245,16157959.18308,001.000082,350252650.75015
2021-09-21T16:00:02.617Z,-USD,001.000071,00001.0007,000.999245,16289212.32746,001.000426,351126365.24575
2021-09-21T17:00:03.462Z,-USD,001.000072,00001.0007,000.999245,16507636.06897,001.000322,351816680.41922
2021-09-21T18:00:01.824Z,-USD,001.000051,00001.0007,000.999245,17441377.97052,001.000431,353413371.52024
2021-09-21T19:00:02.438Z,-USD,0001.00009,00001.0007,000.999245,18460977.31326,001.000477,355266930.90816
2021-09-21T20:00:02.298Z,-USD,000.999996,00001.0007,000.999245,18195097.03288,001.000441,356093415.15937
2021-09-21T21:00:01.766Z,-USD,001.000095,00001.0007,000.999245,17973812.52721,0001.00026,357046811.34335
2021-09-21T22:00:02.225Z,-USD,001.000234,00001.0007,000.999245,19986474.58711,0001.00061,359507575.78683
2021-09-21T23:00:02.124Z,-USD,001.000086,00001.0007,000.999245,20738876.68747,001.000382,360883944.00001
2021-09-22T00:00:02.323Z,-USD,0001.00019,00001.0007,000.999245,21392052.50294,001.000175,362451675.17946
2021-09-22T01:00:02.686Z,-USD,000.999923,00001.0007,000.999245,20055688.7653,001.000424,352333873.19084
2021-09-22T02:00:01.838Z,-USD,001.000215,00001.0007,000.999245,20170976.31425,001.000349,353441971.32945
2021-09-22T03:00:02.496Z,-USD,001.000269,00001.0007,000.999245,20159226.86788,001.000612,354299938.08174
2021-09-22T04:00:01.855Z,-USD,001.000186,00001.0007,000.999245,20937483.91652,001.000191,355293003.07974
2021-09-22T05:00:01.961Z,-USD,001.000121,00001.0007,000.999245,21074755.60539,001.000186,355762836.98838
2021-09-22T06:00:02.356Z,-USD,001.000107,00001.0007,000.999245,20948174.60967,001.000183,355964185.38635
2021-09-22T07:00:02.359Z,-USD,001.000027,00001.0007,000.999245,20846706.22543,001.000129,356218876.5209
2021-09-22T08:00:02.458Z,-USD,000.999984,00001.0007,000.999245,20662507.07788,001.000124,356399439.01745
2021-09-22T09:00:03.657Z,-USD,000.999843,00001.0007,000.999245,20527602.57405,001.000108,356577088.29255
2021-09-22T10:00:01.805Z,-USD,000.999717,00001.0007,000.999245,20828436.56923,001.000134,357142136.12476
2021-09-22T11:00:02.368Z,-USD,00000.9999,00001.0007,000.999245,20825742.39199,00001.0001,357357603.20029
2021-09-22T12:00:02.378Z,-USD,001.000188,00001.0007,000.999245,19691012.69429,001.000359,357577766.45764
2021-09-22T13:00:02.638Z,-USD,000.999949,00001.0007,000.999245,19671033.85893,001.000295,357889515.49956
2021-09-22T14:00:01.835Z,-USD,000.999784,00001.0007,000.999269,19305745.4637,001.000301,358206717.08372
2021-09-22T15:00:01.945Z,-USD,001.000097,00001.0007,0000.99995,19387193.36514,001.000015,358667688.51007
2021-09-22T16:00:02.268Z,-USD,001.000422,00001.0007,000000.999,19465953.48561,000.999615,359587464.82246
2021-09-22T17:00:02.156Z,-USD,0001.00037,00001.0007,000000.999,20084515.56232,000.999851,360892656.23388
2021-09-22T18:00:02.557Z,-USD,001.000464,00001.0007,000000.999,19878533.25911,000.999906,362287056.99491
2021-09-22T19:00:02.158Z,-USD,001.000447,00001.0007,000000.999,19342306.06572,001.000038,363599608.42467
2021-09-22T20:00:02.676Z,-USD,001.000406,00001.0007,000000.999,18956704.71814,001.000015,364045160.04591
2021-09-22T21:00:01.933Z,-USD,001.000273,00001.0007,000000.999,18996896.18237,0001.00029,365034370.81037
2021-09-22T22:00:02.514Z,-USD,001.000549,00001.0007,000000.999,16919824.96573,001.000323,365418029.67344
2021-09-22T23:00:02.005Z,-USD,001.000405,00001.0007,000000.999,15690298.72815,001.000305,365569642.36367
2021-09-23T00:00:03.545Z,-USD,001.000172,0001.00068,000000.999,14495540.80183,001.000311,365938556.90301
2021-09-23T01:00:02.49Z,-USD,001.000439,001.000652,000000.999,14479319.61918,001.000288,353002347.67916
2021-09-23T02:00:02.357Z,-USD,001.000349,001.000623,000000.999,13546919.95666,001.000278,353177448.44166
2021-09-23T03:00:02.712Z,-USD,001.000602,001.000612,000000.999,12879289.07685,001.000247,353367303.82402
2021-09-23T04:00:01.926Z,-USD,001.000048,0001.00056,000000.999,12158450.98995,001.000358,353639523.74938
2021-09-23T05:00:02.221Z,-USD,0001.00015,0001.00056,000000.999,12342534.27184,001.000359,354293824.59468
2021-09-23T06:00:02.32Z,-USD,001.000202,0001.00056,000000.999,12716448.75559,0001.00034,354868582.60565
2021-09-23T07:00:03.134Z,-USD,001.000129,0001.00056,000000.999,13371894.64838,001.000247,355778727.60823
2021-09-23T08:00:02.122Z,-USD,001.000124,0001.00056,000000.999,14437813.45368,001.000246,357025654.17398
2021-09-23T09:00:02.3Z,-USD,001.000177,0001.00056,000000.999,14775902.91441,001.000269,357540946.67481
2021-09-23T10:00:02.464Z,-USD,001.000134,0001.00056,000000.999,14374065.02743,001.000238,357704249.67527
2021-09-23T11:00:05.825Z,-USD,001.000202,0001.00056,000000.999,14436030.31352,0001.00025,357981595.99396
2021-09-23T12:00:02.063Z,-USD,001.000332,001.000601,000000.999,14833366.54917,001.000601,358605060.05958
2021-09-23T13:00:02.551Z,-USD,0001.00024,001.000986,000000.999,15203438.12745,001.000398,359281550.52564
2021-09-23T14:00:01.849Z,-USD,001.000333,001.000986,000000.999,16044006.09513,001.000318,360438776.77461
2021-09-23T15:00:02.469Z,-USD,001.000015,001.000986,000000.999,16022527.49228,001.000426,360880821.64139
2021-09-23T16:00:01.835Z,-USD,000.999615,001.000986,000.999174,15461323.4749,001.000378,361237991.05934
2021-09-23T17:00:02.388Z,-USD,000.999854,001.000986,000.999174,14627849.11909,001.000422,361710241.63091
2021-09-23T18:00:01.982Z,-USD,000.999979,001.000986,000.999174,14231850.18297,001.000229,362707479.10854
2021-09-23T19:00:01.805Z,-USD,001.000036,001.000986,000.999174,13718279.43973,001.000245,363506749.28057
2021-09-23T20:00:02.516Z,-USD,0001.00003,001.000986,000.999174,14014119.60568,001.000079,364247454.25291
2021-09-23T21:00:02.25Z,-USD,0001.00029,001.000986,000.999174,13286405.15368,001.000079,364508904.95207
2021-09-23T22:00:02.175Z,-USD,001.000291,001.000986,000.999174,13406837.80922,001.000108,365012886.76067
2021-09-23T23:00:01.951Z,-USD,001.000298,001.000986,000.999174,14115906.78646,00001.0002,365873671.83323
2021-09-24T00:00:02.48Z,-USD,001.000315,001.000986,000.999174,14127932.79236,001.000175,366254614.43488
2021-09-24T01:00:02.228Z,-USD,001.000283,001.000986,000.999174,13442442.81476,001.000193,357676542.22622
2021-09-24T02:00:02.084Z,-USD,001.000281,001.000986,000.999174,13385025.72511,001.000208,357795481.22984
2021-09-24T03:00:01.973Z,-USD,001.000277,001.000986,000.999174,13404007.2946,001.000163,358002866.61337
2021-09-24T04:00:02.45Z,-USD,001.000364,001.000986,000.999174,13354896.84018,001.000243,358226476.05905
2021-09-24T05:00:02.206Z,-USD,001.000359,001.000986,000.999174,12909406.06193,001.000269,358434838.85872
2021-09-24T06:00:02.643Z,-USD,001.000339,001.000986,000.999174,12907150.82349,001.000397,359007578.78506
2021-09-24T07:00:02.623Z,-USD,001.000248,001.000986,000.999174,12118444.71623,001.000392,359129910.98987
2021-09-24T08:00:01.884Z,-USD,001.000246,001.000986,000.999964,10997187.64047,0001.00042,359254472.19803
2021-09-24T09:00:02.126Z,-USD,0001.00027,001.000986,00000001.0,10591314.73095,0001.00042,359363852.96891
2021-09-24T10:00:02.248Z,-USD,001.000238,001.000986,00000001.0,13555225.12127,001.000472,362491035.14609
2021-09-24T11:00:02.663Z,-USD,001.000277,001.001795,00000001.0,14431206.1664,001.000896,363644488.40681
2021-09-24T12:00:02.133Z,-USD,00001.0006,001.002794,00000001.0,15720538.70958,001.000694,365557216.16446
2021-09-24T13:00:02.817Z,-USD,001.000397,001.002794,00000001.0,18474035.69313,001.000226,369057823.91138
2021-09-24T14:00:02.591Z,-USD,001.000317,001.002794,00000001.0,18479933.09713,001.000009,370150422.00151
2021-09-24T15:00:02.124Z,-USD,001.000423,001.002794,000.999935,18956497.43874,00001.0002,371070750.67741
2021-09-24T16:00:01.961Z,-USD,001.000426,001.002794,000.999935,19122001.69028,001.000139,371594273.5574
2021-09-24T17:00:02.316Z,-USD,001.000413,001.002794,000.999924,19205713.22641,001.000115,372147601.4719
2021-09-24T18:00:02.431Z,-USD,001.000229,001.002794,000.999924,18785134.19082,001.000313,372725178.13998
2021-09-24T19:00:02.41Z,-USD,001.000244,001.002794,000.999924,18381266.35735,001.000293,373119909.15647
2021-09-24T20:00:01.732Z,-USD,001.000078,001.002794,000.999924,17867334.01867,001.000318,373346357.57959
2021-09-24T21:00:02.101Z,-USD,001.000078,001.002794,000.999924,18045149.4984,0001.00037,373785808.8502
2021-09-24T22:00:02.204Z,-USD,001.000109,001.002794,000.999924,17949619.77259,001.000389,374194192.0937
2021-09-24T23:00:01.997Z,-USD,001.000195,001.002794,000.999924,17594575.86611,001.000453,374704551.63131
2021-09-25T00:00:02.169Z,-USD,001.000174,001.002794,000.999924,17482260.97642,001.000452,374968477.5576
2021-09-25T01:00:02.578Z,-USD,001.000192,001.002794,000.999924,17605161.83234,001.000616,365906465.79672
2021-09-25T02:00:01.928Z,-USD,001.000246,001.002794,000.999924,17745661.20068,001.000506,366165624.83253
2021-09-25T03:00:01.987Z,-USD,001.000221,001.002794,000.999924,17679538.15765,001.000549,366307407.23107
2021-09-25T04:00:02.605Z,-USD,001.000233,001.002794,000.999924,17622984.9167,001.000491,366473578.91408
2021-09-25T05:00:02.68Z,-USD,001.000269,001.002794,000.999924,17553779.05258,001.000423,366613456.87417
2021-09-25T06:00:02.668Z,-USD,00001.0004,001.002794,000.999924,17243027.36874,001.000352,366874815.20694
2021-09-25T07:00:01.846Z,-USD,001.000348,001.002794,000.999924,17390510.96159,001.000383,367146738.78376
2021-09-25T08:00:01.884Z,-USD,0001.00042,001.002794,000.999924,17411851.48075,001.000326,367290442.92797
2021-09-25T09:00:02.034Z,-USD,0001.00042,001.002794,000.999924,17491275.44957,001.000382,367495106.64177
2021-09-25T10:00:01.83Z,-USD,001.000472,001.002794,000.999924,14522341.33181,0001.00042,367639224.33461
2021-09-25T11:00:02.586Z,-USD,001.000869,001.002794,000.999924,13473679.34881,001.000426,367744231.26933
2021-09-25T12:00:02.497Z,-USD,001.000709,001.002694,000.999924,11745447.14665,001.000383,367927125.40383
2021-09-25T13:00:02.182Z,-USD,0001.00011,001.000698,000.999924,8364991.10659,001.000401,368053335.11765
2021-09-25T14:00:02.678Z,-USD,001.000037,001.000698,000.999924,7419399.0087,001.000383,368200222.21311
2021-09-25T15:00:02.678Z,-USD,001.000164,001.000698,000.999924,6649549.56378,001.000328,368345651.30019
2021-09-25T16:00:01.769Z,-USD,001.000194,001.000698,000.999924,6618270.08621,001.000378,368839250.32054
2021-09-25T17:00:02.512Z,-USD,001.000127,001.000698,001.000001,6604254.14426,001.000424,369376030.06988
2021-09-25T18:00:01.743Z,-USD,001.000315,001.000698,0001.00014,6222828.60216,001.000451,369573072.10951
2021-09-25T19:00:01.831Z,-USD,001.000294,001.000698,0001.00018,6009138.11898,00001.0004,369753316.21141
2021-09-25T20:00:02.078Z,-USD,001.000329,001.000698,00001.0002,5965881.36348,001.000428,369939493.37874
2021-09-25T21:00:02.047Z,-USD,001.000365,001.000698,00001.0002,5629084.04777,001.000451,370042651.70376
2021-09-25T22:00:01.967Z,-USD,001.000389,001.000698,00001.0002,5423008.99586,001.000479,370242205.41025
2021-09-25T23:00:02.555Z,-USD,001.000454,001.000698,00001.0002,5031782.23213,001.000517,370361680.21159
2021-09-26T00:00:01.749Z,-USD,001.000451,001.000698,0001.00001,5208524.88714,001.000414,370805191.05901
2021-09-26T01:00:01.825Z,-USD,001.000618,001.000698,0001.00001,5024222.34947,001.000368,362260284.28068
2021-09-26T02:00:02.1Z,-USD,001.000507,001.000579,0001.00001,4964338.89876,001.000493,362459518.44634
2021-09-26T03:00:01.99Z,-USD,0001.00047,00001.0008,0001.00001,5319959.5271,0001.00048,362956976.77012
2021-09-26T04:00:02.515Z,-USD,001.000501,00001.0008,0001.00001,5293149.58645,001.000469,363097629.2851
2021-09-26T05:00:01.75Z,-USD,001.000476,00001.0008,0001.00001,5244465.46651,001.000443,363187487.35576
2021-09-26T06:00:02.535Z,-USD,001.000342,00001.0008,0001.00001,5408597.14536,001.000392,363613094.55469
2021-09-26T07:00:02.664Z,-USD,001.000354,00001.0008,0001.00001,5273154.95852,001.000492,363750825.1027
2021-09-26T08:00:02.631Z,-USD,001.000353,00001.0008,0001.00001,5508464.24523,001.000447,364128652.85307
2021-09-26T09:00:02.674Z,-USD,001.000378,00001.0008,0001.00001,5658322.39419,0001.00045,364483157.80313
2021-09-26T10:00:01.845Z,-USD,001.000425,000001.001,0001.00001,6237022.21712,001.000793,365205874.76943
2021-09-26T11:00:01.798Z,-USD,001.000427,000001.001,0001.00001,6268226.60936,001.000703,365342038.24012
2021-09-26T12:00:02.079Z,-USD,001.000386,000001.001,0001.00001,6382730.87412,001.000544,365639602.57408
2021-09-26T13:00:02.198Z,-USD,001.000397,000001.001,0001.00001,6405661.21765,0001.00067,365789083.38637
2021-09-26T14:00:02.218Z,-USD,001.000396,000001.001,0001.00001,6533209.7897,001.000395,366063117.7843
2021-09-26T15:00:02.375Z,-USD,001.000327,000001.001,0001.00001,6562971.72487,001.000338,366260338.18751
2021-09-26T16:00:02.518Z,-USD,001.000421,000001.001,00000001.0,6372610.8411,001.000294,366746638.81881
2021-09-26T17:00:02.496Z,-USD,001.000422,000001.001,00000001.0,6194273.32471,001.000334,366901725.79515
2021-09-26T18:00:01.767Z,-USD,001.000452,000001.001,00000001.0,6152136.74589,0001.00033,367055004.71514
2021-09-26T19:00:01.978Z,-USD,001.000399,000001.001,00000001.0,6151922.20368,001.000256,367235138.74787
2021-09-26T20:00:02.12Z,-USD,001.000428,000001.001,00000001.0,6155365.69038,001.000251,367424448.84437
2021-09-26T21:00:02.114Z,-USD,001.000458,000001.001,00000001.0,6195614.26595,001.000302,367568015.26717
2021-09-26T22:00:02.208Z,-USD,001.000479,000001.001,00000001.0,6128912.58454,001.000293,367701112.67501
2021-09-26T23:00:02.421Z,-USD,001.000494,000001.001,00000001.0,6166438.28484,001.000337,367857687.62735
2021-09-27T00:00:02.585Z,-USD,001.000342,000001.001,00000001.0,5920251.60434,001.000343,368055239.49485
2021-09-27T01:00:01.792Z,-USD,001.000369,000001.001,00000001.0,6030854.57751,001.000405,361766542.08974
2021-09-27T02:00:01.815Z,-USD,001.000484,000001.001,00000001.0,6138724.85333,001.000358,362073617.137
2021-09-27T03:00:01.926Z,-USD,0001.00048,000001.001,00000001.0,5970255.7685,001.000373,362402822.65352
2021-09-27T04:00:02.541Z,-USD,001.000469,000001.001,00000001.0,5980590.56914,00001.0003,362554193.38853
2021-09-27T05:00:02.144Z,-USD,001.000468,000001.001,00000001.0,5763408.87181,001.000348,362622832.76211
2021-09-27T06:00:02.117Z,-USD,001.000385,000001.001,00000001.0,5629765.46833,001.000367,362717962.71785
2021-09-27T07:00:02.227Z,-USD,0001.00046,000001.001,00000001.0,5557762.86516,001.000385,362783701.77066
2021-09-27T08:00:02.214Z,-USD,0001.00044,000001.001,00000001.0,5411724.37177,001.000329,363021826.31117
2021-09-27T09:00:02.262Z,-USD,001.000431,000001.001,00000001.0,5245177.51412,001.000383,363204729.68041
2021-09-27T10:00:02.303Z,-USD,001.000802,000001.001,00000001.0,4670269.52382,001.000384,363351663.08826
2021-09-27T11:00:01.866Z,-USD,001.000702,001.000735,00000001.0,4658255.36792,001.000398,363476272.79766
2021-09-27T12:00:01.882Z,-USD,001.000519,001.000728,00000001.0,4645767.68506,001.000399,363760564.10922
2021-09-27T13:00:02.11Z,-USD,001.000646,0001.00069,00000001.0,4692626.8272,0001.00037,363957348.09521
2021-09-27T14:00:02.199Z,-USD,001.000369,0001.00065,00000001.0,5057878.63156,00001.0006,364596327.43
2021-09-27T15:00:02.738Z,-USD,001.000311,0001.00068,00000001.0,5213693.40878,001.000672,364959381.12542
2021-09-27T16:00:02.049Z,-USD,001.000321,001.000758,0001.00012,5189395.53007,001.000656,365411318.59304
2021-09-27T17:00:02.063Z,-USD,001.000322,0001.00076,0001.00012,5253618.54259,0001.00047,365631171.85088
2021-09-27T18:00:02.964Z,-USD,001.000327,0001.00076,0001.00012,5327837.47018,001.000375,365858783.04769
2021-09-27T19:00:02.296Z,-USD,0001.00026,0001.00076,0001.00012,5381850.90701,001.000385,366093757.22919
2021-09-27T20:00:02.256Z,-USD,001.000252,0001.00076,0001.00012,5427099.11085,001.000355,366326746.97202
2021-09-27T21:00:02.424Z,-USD,001.000287,0001.00076,0001.00012,5530011.18722,001.000299,366573222.23672
2021-09-27T22:00:02.669Z,-USD,001.000327,0001.00076,0001.00012,5596016.12132,001.000266,366772228.58058
2021-09-27T23:00:01.766Z,-USD,001.000338,0001.00076,0001.00012,5575420.08403,001.000194,366909450.25156
2021-09-28T00:00:02.209Z,-USD,001.000372,0001.00076,0001.00012,5506472.26889,001.000209,367037232.05634
2021-09-28T01:00:02.458Z,-USD,0001.00042,0001.00076,0001.00011,5444142.92466,001.000123,362281322.10581
2021-09-28T02:00:01.85Z,-USD,001.000381,0001.00076,001.000107,5399356.3148,001.000114,362533806.65471
2021-09-28T03:00:01.975Z,-USD,001.000372,0001.00076,001.000107,5224576.06862,001.000115,362689728.23288
2021-09-28T04:00:02.216Z,-USD,001.000325,0001.00076,001.000107,5179869.0481,001.000135,362795050.49327
2021-09-28T05:00:01.939Z,-USD,001.000376,0001.00076,001.000107,5342118.57119,001.000207,363026559.13376
2021-09-28T06:00:02.042Z,-USD,001.000366,0001.00076,0001.00006,5502088.62805,001.000061,363280881.54586
2021-09-28T07:00:02.341Z,-USD,001.000382,0001.00076,0001.00006,5550490.68483,001.000096,363396581.37353
2021-09-28T08:00:02.528Z,-USD,001.000329,0001.00076,0001.00005,5469747.43041,001.000068,363552367.7506
2021-09-28T09:00:02.378Z,-USD,001.000384,0001.00076,001.000005,5435881.88513,001.000064,363701697.02071
2021-09-28T10:00:02.386Z,-USD,001.000384,0001.00076,001.000005,5386282.61746,001.000075,363798914.30942
2021-09-28T11:00:02.074Z,-USD,001.000391,0001.00076,00000001.0,5403417.98397,001.000006,363940525.70747
2021-09-28T12:00:02.338Z,-USD,001.000384,0001.00076,00000001.0,5911069.79951,001.000029,364734320.08879
2021-09-28T13:00:02.449Z,-USD,001.000371,0001.00076,00000.9999,5866553.76396,00000.9999,364885013.27474
2021-09-28T14:00:02.665Z,-USD,001.000601,0001.00076,00000.9998,5510022.89657,0000.99996,365167491.45015
2021-09-28T15:00:01.936Z,-USD,001.000668,0001.00076,00000.9998,5562016.54535,001.000084,365582481.20418
2021-09-28T16:00:02.569Z,-USD,001.000696,0001.00076,00000.9998,5827195.42907,001.000106,366299852.10592
2021-09-28T17:00:02.866Z,-USD,001.000479,0001.00059,00000.9998,6037053.721,001.000212,366729172.70361
2021-09-28T18:00:02.31Z,-USD,001.000443,0001.00059,00000.9998,6474368.93342,001.000175,367397561.12898
2021-09-28T19:00:02.452Z,-USD,001.000383,0001.00047,00000.9998,6596048.2333,001.000085,367752055.55445
2021-09-28T20:00:02.524Z,-USD,001.000388,0001.00047,00000.9998,6572670.10901,001.000218,367960248.89508
2021-09-28T21:00:02.277Z,-USD,001.000309,0001.00032,00000.9998,6685407.45122,0001.00023,368319750.6453
2021-09-28T22:00:01.703Z,-USD,001.000268,001.000308,00000.9998,6687177.48303,001.000212,368520249.46585
2021-09-28T23:00:02.446Z,-USD,001.000194,001.000308,00000.9998,6639545.14001,001.000199,368610610.55928
2021-09-29T00:00:02.799Z,-USD,001.000209,001.000337,00000.9998,6960040.53076,001.000298,369058119.58015
2021-09-29T01:00:02.151Z,-USD,001.000111,001.000337,00000.9998,6957856.71416,001.000205,356075926.31552
2021-09-29T02:00:01.875Z,-USD,001.000114,001.000337,00000.9998,6896923.60688,001.000141,356265270.30568
2021-09-29T03:00:02.624Z,-USD,001.000113,001.000337,00000.9998,6823770.36442,001.000129,356347826.14581
2021-09-29T04:00:02.225Z,-USD,001.000133,001.000337,00000.9998,6871164.61678,0001.00012,356502369.47741
2021-09-29T05:00:01.856Z,-USD,001.000208,001.000337,00000.9998,6728322.5575,001.000131,356590264.00148
2021-09-29T06:00:02.48Z,-USD,001.000099,001.000337,00000.9998,6651105.92304,001.000195,356766490.99329
2021-09-29T07:00:02.046Z,-USD,001.000072,001.000337,00000.9998,6695622.9201,0001.00021,356927177.91701
2021-09-29T08:00:02.639Z,-USD,001.000062,001.000337,00000.9998,6644697.16103,00001.0002,357035649.89844
2021-09-29T09:00:02.32Z,-USD,001.000032,001.000337,00000.9998,6597654.18722,001.000153,357133672.87688
2021-09-29T10:00:02.706Z,-USD,001.000074,001.000337,00000.9998,6556212.96713,001.000199,357189432.04236
2021-09-29T11:00:03.436Z,-USD,001.000011,001.000398,00000.9998,7064392.39409,001.000288,357839676.37521
2021-09-29T12:00:02.427Z,-USD,001.000029,001.000415,00000.9998,6390521.98964,001.000199,357959153.01066
2021-09-29T13:00:02.041Z,-USD,000.999876,001.000415,00000.9998,6360787.54172,001.000347,358084004.06573
2021-09-29T14:00:02.192Z,-USD,0000.99997,0001.00047,000.999864,6602241.019,001.000355,358604756.4871
2021-09-29T15:00:02.089Z,-USD,001.000082,0001.00047,0001.00004,6397591.25856,001.000293,358815699.31129
2021-09-29T16:00:01.756Z,-USD,001.000106,0001.00047,000.999627,6327616.20892,001.000058,359462858.30414
2021-09-29T17:00:02.569Z,-USD,001.000179,0001.00047,000.999625,6070011.90643,000.999858,359643225.98215
2021-09-29T18:00:02.127Z,-USD,001.000179,0001.00047,000.999625,5650826.2599,001.000002,359885845.67735
2021-09-29T19:00:01.734Z,-USD,001.000078,0001.00047,000.999625,5710872.04816,001.000007,360298949.08116
2021-09-29T20:00:02.534Z,-USD,001.000184,0001.00047,000.999625,5622977.67049,001.000016,360418586.63662
2021-09-29T21:00:02.245Z,-USD,001.000261,0001.00047,000.999625,6273537.08567,001.000022,361427698.60938
2021-09-29T22:00:02.118Z,-USD,001.000201,0001.00047,000.999625,6683709.95238,001.000231,362038358.25568
2021-09-29T23:00:02.473Z,-USD,001.000186,0001.00047,000.999625,6820050.23438,001.000213,362269410.79946
2021-09-30T20:00:24.953Z,-USD,001.000011,001.000548,000.999316,10022154.7836,001.000151,359325451.73326
2021-09-30T21:00:01.877Z,-USD,001.000029,001.000598,000.999316,10617100.44353,001.000103,360920853.51786
2021-09-30T22:00:01.971Z,-USD,0001.00023,001.000598,000.999316,10360780.0365,001.000037,361275159.22833
2021-09-30T23:00:01.898Z,-USD,001.000213,001.000598,000.999316,10285168.40646,001.000102,361430579.55885
2021-10-01T00:00:02.236Z,-USD,001.000308,001.000598,000.999316,11071999.58738,001.000401,362311478.69168
2021-10-01T01:00:02.43Z,-USD,001.000325,001.000598,000.999316,10903442.94602,001.000422,353895207.03659
2021-10-01T02:00:01.807Z,-USD,001.000387,001.000598,000.999316,10746845.75699,001.000495,354046887.47641
2021-10-01T03:00:02.143Z,-USD,001.000423,001.000598,000.999316,10526884.67343,001.000484,354178516.71844
2021-10-01T04:00:01.981Z,-USD,001.000449,001.000598,000.999316,10848025.06197,001.000411,354640618.5237
2021-10-01T05:00:01.806Z,-USD,001.000422,001.000598,000.999316,10853190.62362,001.000401,354736652.72945
2021-10-01T06:00:01.719Z,-USD,001.000444,001.000598,000.999316,11214800.96113,0001.00033,355233822.39407
2021-10-01T07:00:02.628Z,-USD,001.000473,001.000598,000.999316,10969076.22101,001.000314,355369136.81831
2021-10-01T08:00:02.645Z,-USD,001.000396,001.000598,000.999316,10975422.89529,001.000201,355499211.74367
2021-10-01T09:00:02.609Z,-USD,001.000284,001.000598,000.999316,11113478.70284,001.000171,355773475.82664
2021-10-01T10:00:02.404Z,-USD,0001.00005,001.000598,000.999316,9387832.1698,001.000244,356183107.16037
2021-10-01T11:00:02.164Z,-USD,000.999659,001.000598,000.999316,9425826.82861,001.000267,356681549.83456
2021-10-01T12:00:02.314Z,-USD,000.999872,001.000598,0000.99977,10634315.32688,001.000114,358124240.12382
2021-10-01T13:00:02.328Z,-USD,001.000016,001.000623,000.999734,12134591.84332,000.999937,360893419.48583
2021-10-01T14:00:02.419Z,-USD,001.000095,001.000623,00000.9997,12831281.49777,000.999974,361695712.82627
2021-10-01T15:00:02.422Z,-USD,001.000173,001.000623,00000.9995,13016784.20312,000.999912,362121285.34097
2021-10-01T16:00:02.633Z,-USD,001.000067,001.000623,00000.9995,13101709.12301,000.999988,362466838.35045
2021-10-01T17:00:01.817Z,-USD,001.000143,001.000623,000.999467,13097268.05115,000.999917,362993021.72347
2021-10-01T18:00:02.137Z,-USD,0001.00007,001.000623,000.999467,13176479.27327,001.000293,363312614.87234
2021-10-01T19:00:02.528Z,-USD,001.000092,001.000701,000.999467,14230634.17375,001.000383,364609151.60194
2021-10-01T20:00:02.642Z,-USD,001.000133,001.000701,000.999467,14348283.08002,001.000488,364992053.78573
2021-10-01T21:00:01.797Z,-USD,001.000103,001.000713,000.999467,13235820.28956,001.000593,365475034.58479
2021-10-01T22:00:01.864Z,-USD,001.000037,001.001415,000.999467,13762643.59146,001.000538,366357947.17582
2021-10-01T23:00:01.744Z,-USD,001.000105,001.001415,000.999467,13908152.00419,001.000617,366658570.36125
2021-10-02T00:00:02.671Z,-USD,001.000396,001.001415,000.999467,13223604.29221,001.000599,366856458.79255
2021-10-02T01:00:02.583Z,-USD,001.000422,001.001415,000.999467,13282467.14663,0001.00076,350476481.47885
2021-10-02T02:00:01.75Z,-USD,001.000476,001.001415,000.999467,13391954.79729,001.000766,350737953.72858
2021-10-02T03:00:01.917Z,-USD,001.000488,001.001415,000.999467,13469469.8727,001.000832,350953693.99893
2021-10-02T04:00:02.267Z,-USD,00001.0005,001.001415,000.999467,13173288.8538,001.000696,351132064.41506
2021-10-02T05:00:01.935Z,-USD,001.000401,001.001415,000.999467,13273785.27723,001.000696,351310028.93658
2021-10-02T06:00:02.018Z,-USD,001.000329,001.001415,000.999467,12923031.35414,001.000787,351458490.67287
2021-10-02T07:00:02.099Z,-USD,001.000266,001.001415,000.999467,12862326.80708,001.000822,351557431.08927
2021-10-02T08:00:01.754Z,-USD,001.000203,001.001415,000.999467,12873706.81631,001.000821,351671813.09048
2021-10-02T09:00:02.683Z,-USD,001.000171,001.001415,000.999467,12746200.45187,001.000874,351818400.98818
2021-10-02T10:00:02.272Z,-USD,001.000257,001.001415,000.999467,12462549.57378,001.000764,351945558.84731
2021-10-02T11:00:02.409Z,-USD,001.000281,001.001415,000.999467,12590374.40355,001.000723,352572380.8
2021-10-02T12:00:02.429Z,-USD,001.000042,001.001415,000.999467,11377838.67711,0001.00079,352806588.75319
2021-10-02T13:00:02.295Z,-USD,000.999961,001.001415,000.999467,9181594.62081,001.000694,353384005.05528
2021-10-02T14:00:02.394Z,-USD,000.999811,001.001415,000.999467,8755832.26987,001.000555,353791692.50967
2021-10-02T15:00:02.37Z,-USD,000.999912,001.001415,000.999467,8693409.76534,001.000741,354114214.97315
2021-10-02T16:00:02.284Z,-USD,000.999979,001.001415,000.999467,8932302.35387,001.000605,354707879.12512
2021-10-02T17:00:01.853Z,-USD,000.999899,001.001415,000.999898,9044460.93656,001.000594,355337702.8363
2021-10-02T18:00:01.996Z,-USD,001.000294,001.001415,001.000113,9125033.39967,001.000792,355768194.07952
2021-10-02T19:00:03.21Z,-USD,001.000358,001.001415,001.000113,8348459.73203,001.000607,356263386.68592
2021-10-02T20:00:02.449Z,-USD,001.000482,001.001415,001.000113,8228026.16665,001.000576,356521536.30865
2021-10-02T21:00:02.484Z,-USD,0001.00048,001.001415,001.000113,8111890.71758,001.000645,356900705.58324
2021-10-02T22:00:02.619Z,-USD,001.000543,001.001231,001.000113,7448916.4021,001.000576,357107643.96083
2021-10-02T23:00:02.232Z,-USD,001.000617,001.001231,001.000113,7495503.97165,001.000653,357455007.54055
2021-10-03T00:00:02.159Z,-USD,001.000599,001.001231,001.000113,7707813.72057,001.000612,357868623.22742
2021-10-03T01:00:02.643Z,-USD,001.000768,001.001231,001.000113,7761229.79402,001.000579,347742915.72357
2021-10-03T02:00:02.455Z,-USD,001.000749,001.001231,001.000113,7845019.38631,0001.00061,348095652.82298
2021-10-03T03:00:02.212Z,-USD,001.000831,001.001231,001.000113,7784234.78021,001.000577,348241938.37042
2021-10-03T04:00:02.056Z,-USD,001.000667,001.001231,001.000113,7785233.13119,001.000576,348423326.71444
2021-10-03T05:00:02.271Z,-USD,001.000667,001.001231,001.000113,7705477.84532,001.000493,348519708.75492
2021-10-03T06:00:01.704Z,-USD,001.000788,001.001231,001.000113,7695626.16609,001.000524,348658279.53785
2021-10-03T07:00:02.137Z,-USD,001.000818,001.001231,001.000113,7714920.52653,001.000487,348776424.78797
2021-10-03T08:00:01.747Z,-USD,001.000759,001.001231,001.000113,7784530.90394,001.000466,348960979.12983
2021-10-03T09:00:02.23Z,-USD,001.000874,001.001231,001.000113,7750029.64478,001.000452,349071934.48483
2021-10-03T10:00:01.83Z,-USD,001.000766,001.001231,001.000113,7992636.3317,001.000576,349441987.50866
2021-10-03T11:00:02.311Z,-USD,001.000775,001.001231,001.000113,7570003.39103,001.000483,349645945.67208
2021-10-03T12:00:02.605Z,-USD,001.000789,001.001231,001.000113,7627585.31403,00001.0005,349937713.14431
2021-10-03T13:00:02.294Z,-USD,001.000692,001.000891,001.000113,7235566.0802,001.000544,350125943.498
2021-10-03T14:00:02.107Z,-USD,001.000594,001.000891,001.000113,7026042.09064,001.000586,350338341.96307
2021-10-03T15:00:01.771Z,-USD,001.000693,001.000891,001.000113,6907085.77839,0001.00065,350543884.79628
2021-10-03T16:00:02.635Z,-USD,001.000688,001.000891,001.000113,6685892.66692,001.000538,350902134.76655
2021-10-03T17:00:02.595Z,-USD,001.000598,001.000891,001.000338,6387688.91379,001.000617,351233003.10223
2021-10-03T18:00:02.164Z,-USD,001.000798,001.000891,001.000338,6555714.25398,001.000551,351845916.76028
2021-10-03T19:00:02.339Z,-USD,001.000611,001.001724,001.000338,6828865.53412,0001.00069,352604769.0177
2021-10-03T20:00:02.394Z,-USD,001.000617,001.001724,001.000338,7183212.81127,001.000735,353218756.55315
2021-10-03T21:00:02.153Z,-USD,001.000592,001.001724,001.000338,7157439.93286,001.000785,353565562.18872
2021-10-03T22:00:02.068Z,-USD,001.000632,001.001724,001.000338,7546380.78679,001.000665,354158658.49745
2021-10-03T23:00:01.757Z,-USD,001.000652,001.001724,001.000338,7516072.5462,001.000687,354476189.26996
2021-10-04T00:00:01.766Z,-USD,001.000646,001.001724,001.000338,7464715.47255,001.000594,354845163.15872
2021-10-04T01:00:01.911Z,-USD,001.000601,001.001724,001.000338,7337673.04816,001.000595,345986333.20106
2021-10-04T02:00:02.161Z,-USD,001.000609,001.001724,001.000338,7497114.77569,001.000635,346487420.47191
2021-10-04T03:00:02.437Z,-USD,001.000573,001.001724,001.000338,7655334.90127,001.000698,346792597.44918
2021-10-04T04:00:02.577Z,-USD,001.000574,001.001724,001.000338,8073256.13247,0001.00084,347391318.98949
2021-10-04T05:00:02.206Z,-USD,001.000493,001.001724,001.000338,8296511.28971,001.000704,347712477.13204
2021-10-04T06:00:02.478Z,-USD,001.000524,001.001724,001.000338,8372562.82608,001.000706,347927323.38002
2021-10-04T07:00:02.295Z,-USD,001.000488,001.001724,001.000338,8435732.68394,001.000712,348109216.3841
2021-10-04T08:00:02.455Z,-USD,001.000469,001.001724,001.000338,8387671.12382,001.000642,348245510.13938
2021-10-04T09:00:02.365Z,-USD,001.000443,001.001724,001.000357,8523288.91688,001.000604,348492545.34886
2021-10-04T10:00:02.176Z,-USD,001.000499,001.001724,001.000363,8288812.22922,001.000571,348625674.12012
2021-10-04T11:00:02.405Z,-USD,001.000476,001.001724,001.000363,8279450.59384,001.000552,348821632.58268
2021-10-04T12:00:02.181Z,-USD,00001.0005,001.001724,001.000405,8263249.64631,001.000555,349095508.48436
2021-10-04T13:00:03.229Z,-USD,001.000552,001.001724,001.000404,8372566.03522,001.000613,349396381.64394
2021-10-04T14:00:02.249Z,-USD,001.000576,001.001724,001.000404,8661829.01448,001.000696,349894606.68234
2021-10-04T15:00:02.514Z,-USD,001.000686,001.001724,001.000404,8948838.60789,001.000708,350387718.0528
2021-10-04T16:00:01.811Z,-USD,001.000674,001.001724,001.000404,9021866.34366,001.000691,350822311.54558
2021-10-04T17:00:01.975Z,-USD,001.000595,001.001724,001.000404,9460710.46575,001.001004,351603526.46986
2021-10-04T18:00:02.628Z,-USD,001.000675,001.001724,001.000404,9582728.86146,001.000793,352324996.18252
2021-10-04T19:00:02.19Z,-USD,001.000689,001.001568,001.000404,9356190.02139,001.000933,352857700.28531
2021-10-04T20:00:02.612Z,-USD,001.000735,001.001568,001.000185,9488819.87161,001.000264,353615086.65609
2021-10-04T21:00:02.314Z,-USD,001.000786,001.001568,001.000004,10219761.68171,001.000146,354681340.52189
2021-10-04T22:00:02.616Z,-USD,001.000664,001.001568,001.000004,10080858.13499,001.000184,355134195.28042
2021-10-04T23:00:01.945Z,-USD,001.000683,001.001568,001.000004,10197276.30005,001.000331,355571645.11857
2021-10-05T00:00:01.829Z,-USD,001.000592,001.001568,001.000004,10364972.1149,001.000483,356105901.70273
2021-10-05T01:00:01.97Z,-USD,001.000538,001.001568,001.000004,10942252.34853,001.000413,349929414.67189
2021-10-05T02:00:02.235Z,-USD,001.000686,001.001568,001.000001,11065718.45315,001.000023,350560780.70727
2021-10-05T03:00:02.364Z,-USD,001.000689,001.001568,0000.99931,11340510.03494,000.999739,351131019.68307
2021-10-05T04:00:02.384Z,-USD,001.000839,001.001568,0000.99931,11024792.25528,000.999705,351418796.68437
2021-10-05T05:00:01.837Z,-USD,001.000748,001.001568,0000.99931,11009907.25043,000.999783,351724518.68148
2021-10-05T06:00:01.692Z,-USD,001.000706,001.001568,0000.99931,11037287.70715,000.999738,351962772.47958
2021-10-05T07:00:02.624Z,-USD,001.000712,001.001568,0000.99931,11246815.13031,000.999917,352353619.85505
2021-10-05T08:00:02.359Z,-USD,001.000681,001.001568,0000.99901,11487919.33742,001.000102,352744352.05042
2021-10-05T09:00:02.454Z,-USD,001.000639,001.001568,0000.99901,11562269.90282,001.000107,353054918.15145
2021-10-05T10:00:02.347Z,-USD,001.000575,001.001568,0000.99901,11883802.52467,000.999996,353509673.66711
2021-10-05T11:00:02.138Z,-USD,001.000553,001.001568,0000.99901,12009158.08996,001.000241,353829344.64961
2021-10-05T12:00:02.334Z,-USD,001.000543,001.001568,0000.99901,12109724.8975,001.000229,354210475.19116
2021-10-05T13:00:02.277Z,-USD,001.000574,001.001568,0000.99901,12694133.68888,001.000613,355090121.99354
2021-10-05T14:00:02.345Z,-USD,001.000691,001.001568,0000.99901,12834605.797,001.000205,355737628.0351
2021-10-05T15:00:02.507Z,-USD,001.000662,001.001568,0000.99901,14635614.7216,001.000631,358023798.54939
2021-10-05T16:00:02.682Z,-USD,001.000654,001.001568,0000.99901,14799942.13836,001.000404,358621690.78579
2021-10-05T17:00:02.625Z,-USD,001.001026,001.001568,0000.99901,14618251.31197,001.000342,359228749.35373
2021-10-05T18:00:02.044Z,-USD,0001.00088,001.001568,0000.99901,14332878.7548,001.000307,359693951.04893
2021-10-05T19:00:02.356Z,-USD,001.000884,001.001041,0000.99901,14223799.33875,001.000332,360080099.54912
2021-10-05T20:00:02.651Z,-USD,001.000252,001.000961,0000.99901,15343006.45406,001.000933,361959459.01463
2021-10-05T21:00:01.92Z,-USD,001.000122,000001.001,0000.99901,14860233.30907,001.000927,362551252.6909
2021-10-05T22:00:02.228Z,-USD,001.000154,000001.001,0000.99901,14884683.40377,001.000843,363022504.5352
2021-10-05T23:00:02.554Z,-USD,001.000338,000001.001,0000.99901,14959294.50805,0001.00084,363529822.8022
2021-10-06T00:00:02.48Z,-USD,001.000483,000001.001,0000.99901,14809470.34493,001.000742,363913278.61571
2021-10-06T01:00:03.848Z,-USD,001.000395,000001.001,0000.99901,14231349.75117,001.000625,354809849.71006
2021-10-06T02:00:02.558Z,-USD,001.000031,000001.001,0000.99901,14182085.32866,001.000226,355388534.9215
2021-10-06T03:00:02.558Z,-USD,000.999715,000001.001,0000.99901,14254392.20462,000.999921,356031173.76287
2021-10-06T04:00:02.525Z,-USD,000.999705,000001.001,0000.99901,14179325.76608,0001.00008,356244821.62154
2021-10-06T05:00:02.242Z,-USD,0000.99983,000001.001,0000.99901,14451333.38644,001.000304,356822801.87047
2021-10-06T06:00:02.1Z,-USD,000.999783,000001.001,0000.99901,14668012.60051,001.000235,357277038.27383
2021-10-06T07:00:01.857Z,-USD,000.999869,000001.001,0000.99901,14517624.01928,001.000104,357517566.16841
2021-10-06T08:00:01.881Z,-USD,001.000128,000001.001,000.999604,14649487.74974,000.999792,358041662.95963
2021-10-06T09:00:01.785Z,-USD,001.000137,000001.001,000.999604,14985630.11139,001.000006,358685957.83624
2021-10-06T10:00:01.918Z,-USD,000.999999,000001.001,000.999604,14918168.58058,001.000119,359079172.71706
2021-10-06T11:00:02.583Z,-USD,001.000271,000001.001,000.999604,14967190.59344,00001.0002,359452103.53637
2021-10-06T12:00:02.527Z,-USD,001.000084,000001.001,000.999604,14923624.32797,001.000226,359787632.84522
2021-10-06T13:00:02.795Z,-USD,001.000604,000001.001,000.999604,14445079.43083,0001.00035,360189119.26832
2021-10-06T14:00:02.037Z,-USD,001.000271,000001.001,000.999604,15052359.80231,001.000269,361466124.22409
2021-10-06T15:00:01.789Z,-USD,001.000602,000001.001,000.999604,13517622.10441,001.000251,362192618.2561
2021-10-06T16:00:02.198Z,-USD,001.000405,000001.001,000.999604,14035153.21373,001.000216,363312227.5436
2021-10-06T17:00:02.432Z,-USD,001.000306,000001.001,000.999604,14116762.46763,0001.00013,364005740.91016
2021-10-06T18:00:02.61Z,-USD,0001.00028,000001.001,000.999604,14419433.86913,001.000298,364763741.84167
2021-10-06T19:00:02.044Z,-USD,001.000332,000001.001,000.999604,14432224.94148,001.000378,365161782.29905
2021-10-06T20:00:02.302Z,-USD,001.000806,000001.001,000.999604,12962272.2711,001.000461,365576497.27178
2021-10-06T21:00:02.267Z,-USD,001.000979,000001.001,000.999604,13068965.26937,001.000437,366276265.6549
2021-10-06T22:00:02.387Z,-USD,001.000894,000001.001,000.999604,13219139.3958,00001.0004,366896183.14809
2021-10-06T23:00:02.252Z,-USD,001.000857,00001.0009,000.999604,13644054.55226,001.000305,367819856.17273
2021-10-07T00:00:02.344Z,-USD,001.000746,001.000821,000.999604,14051340.82203,001.000365,368610433.4716
2021-10-07T01:00:02.619Z,-USD,001.000679,001.000687,000.999604,14433188.12513,001.000248,327928548.09189
2021-10-07T02:00:01.765Z,-USD,001.000226,001.000627,000.999604,15186884.17769,001.000438,329260952.51358
2021-10-07T03:00:01.924Z,-USD,000.999929,001.000627,000.999604,15047697.13791,001.000599,329765880.09492
2021-10-07T04:00:01.977Z,-USD,001.000231,001.000627,000.999604,15457082.98131,0001.00059,330429446.55691
2021-10-07T05:00:01.982Z,-USD,001.000325,001.000698,000.999604,16079059.08605,001.000666,331588238.38323
2021-10-07T06:00:02.06Z,-USD,001.000194,00001.0007,000.999604,16459809.18603,001.000599,332423091.44617
2021-10-07T07:00:02.06Z,-USD,001.000139,00001.0007,000.999604,16811945.10609,001.000522,333055311.18573
2021-10-07T08:00:01.954Z,-USD,000.999965,00001.0007,000.999685,16767638.95166,001.000672,333514614.40469
2021-10-07T09:00:02.462Z,-USD,001.000043,001.000732,000.999801,16759484.6285,001.000296,334148515.39127
2021-10-07T10:00:01.882Z,-USD,001.000218,001.000732,000.999801,16911015.86753,001.000143,334687886.81264
2021-10-07T11:00:02.552Z,-USD,00001.0002,001.000732,000.999801,16943759.15772,001.000582,335092622.97629
2021-10-07T12:00:02.381Z,-USD,00001.0002,00001.0009,000.999801,17517819.87167,001.000799,335998395.17644
2021-10-07T13:00:02.003Z,-USD,001.000376,00001.0009,000.999801,17965111.19702,001.000676,336840914.62618
2021-10-07T14:00:02.354Z,-USD,0001.00025,0001.00094,000.999801,17423508.64145,001.000794,337582686.72576
2021-10-07T15:00:02.174Z,-USD,001.000251,0001.00095,000.999801,18172565.77423,001.000569,339055064.78648
2021-10-07T16:00:02.337Z,-USD,001.000273,0001.00095,000.999801,18387413.70194,001.000405,340395488.76886
2021-10-07T17:00:02.827Z,-USD,001.000147,0001.00095,000.999801,18740557.62808,001.000598,341492942.4085
2021-10-07T18:00:02.286Z,-USD,001.000308,0001.00095,001.000004,19107551.58239,001.000514,342558537.13577
2021-10-07T19:00:02.466Z,-USD,001.000382,0001.00095,001.000004,19760458.73768,001.000506,343627561.64967
2021-10-07T20:00:02.612Z,-USD,0001.00046,0001.00095,001.000004,20012673.75352,001.000204,344287439.56003
2021-10-07T21:00:02.671Z,-USD,001.000534,0001.00095,001.000004,19782893.37919,001.000577,344761014.32803
2021-10-07T22:00:02.414Z,-USD,001.000564,0001.00095,001.000004,19580574.00571,0001.00061,345200150.42379
2021-10-07T23:00:01.81Z,-USD,001.000295,0001.00095,001.000004,19474500.76098,001.000546,345989531.2719
2021-10-08T00:00:02.056Z,-USD,001.000367,0001.00095,001.000004,19265669.33743,001.000204,346564224.704
2021-10-08T01:00:02.337Z,-USD,001.000248,0001.00095,001.000004,19053357.19266,001.000044,329895644.50356
2021-10-08T02:00:02.461Z,-USD,001.000472,0001.00095,001.000004,17982404.02047,001.000241,330160759.14092
2021-10-08T03:00:02.42Z,-USD,001.000598,0001.00095,001.000004,17959557.54586,001.000195,330647533.34743
2021-10-08T04:00:02.64Z,-USD,001.000591,0001.00095,001.000004,17624290.61923,001.000213,330976216.37146
2021-10-08T05:00:02.097Z,-USD,001.000668,0001.00095,001.000004,16923379.71427,001.000325,331432832.3383
2021-10-08T06:00:02.779Z,-USD,001.000609,0001.00095,001.000004,16381638.07139,001.000325,331716117.97661
2021-10-08T07:00:01.68Z,-USD,001.000543,0001.00095,001.000004,16082220.89005,001.000204,332050146.12251
2021-10-08T08:00:02.649Z,-USD,001.000657,0001.00095,001.000004,15741039.99023,001.000377,332172324.25695
2021-10-08T09:00:01.806Z,-USD,001.000248,0001.00095,001.000004,15438023.49964,0001.00059,332499593.44927
2021-10-08T10:00:02.664Z,-USD,001.000112,0001.00095,000.999898,15790447.71626,0001.00051,333391130.35749
2021-10-08T11:00:02.738Z,-USD,001.000666,0001.00095,000000.999,17313822.08507,001.000303,335346596.03032
2021-10-08T12:00:01.729Z,-USD,001.000801,0001.00095,000000.999,17101058.7018,001.000282,336015174.51961
2021-10-08T13:00:01.748Z,-USD,001.000717,0001.00095,00000.9988,18004439.28436,001.000189,337764903.99629
2021-10-08T14:00:01.788Z,-USD,001.000794,0001.00095,00000.9988,18726666.13672,001.000256,339221162.22926
2021-10-08T15:00:01.932Z,-USD,001.000514,001.000781,00000.9988,17825211.82802,001.000127,339836225.77501
2021-10-08T16:00:01.733Z,-USD,001.000405,001.000781,00000.9988,17125071.66946,000.999949,340436707.29502
2021-10-08T17:00:02.074Z,-USD,001.000574,001.000781,000.998407,16798598.21958,000.999736,341207852.59881
2021-10-08T18:00:02.349Z,-USD,001.000534,001.000781,000.998407,16537367.82018,000.999963,342016832.654
2021-10-08T19:00:02.991Z,-USD,001.000473,001.000781,000.998407,16438170.14146,001.000058,342990736.51864
2021-10-08T20:00:02.668Z,-USD,001.000309,001.000781,000.998407,17071155.27198,001.000156,344272037.71202
2021-10-08T21:00:01.935Z,-USD,001.000527,001.000781,000.998407,17468984.64513,001.000088,345144844.80592
2021-10-08T22:00:02.123Z,-USD,001.000611,001.000781,000.998407,17318514.53398,0001.00033,345463166.59304
2021-10-08T23:00:02.58Z,-USD,001.000567,001.000612,000.998407,16776428.60588,0001.00026,345710920.42615
2021-10-09T00:00:01.744Z,-USD,001.000205,001.000612,000.998407,16577565.67729,001.000349,346057466.3682
2021-10-09T01:00:01.779Z,-USD,001.000063,001.000612,000.998407,16394243.9656,001.000389,332490567.57259
2021-10-09T02:00:01.757Z,-USD,001.000192,001.000612,000.998407,16407199.94215,001.000403,332771188.43627
2021-10-09T03:00:01.973Z,-USD,001.000201,001.000612,000.998407,16173748.71439,001.000254,333022896.99349
2021-10-09T04:00:02.461Z,-USD,001.000226,001.000612,000.998407,16120615.08004,001.000281,333300615.57537
2021-10-09T05:00:02.076Z,-USD,001.000284,001.000612,000.998407,15789985.37194,001.000215,333426358.01398
2021-10-09T06:00:02.058Z,-USD,001.000321,001.000612,000.998407,15734511.19249,001.000261,333650772.22142
2021-10-09T07:00:01.978Z,-USD,001.000345,001.000612,000.998407,15833996.62039,001.000312,334087577.76062
2021-10-09T08:00:01.965Z,-USD,001.000359,001.000612,000.998407,15890534.06229,001.000452,334264274.24892
2021-10-09T09:00:01.831Z,-USD,001.000584,001.000612,000.998407,15684143.9164,001.000432,334386899.42998
2021-10-09T10:00:01.974Z,-USD,001.000514,001.000596,000.998407,15000665.02492,001.000167,334592430.81054
2021-10-09T11:00:02.63Z,-USD,001.000251,001.000596,000.998407,13114036.00424,001.000399,334762255.47593
2021-10-09T12:00:02.557Z,-USD,001.000282,001.000596,000.998407,12976367.90266,001.000538,335197387.30496
2021-10-09T13:00:02.488Z,-USD,001.000175,001.000596,000.998407,11395093.33553,001.000427,335362288.78588
2021-10-09T14:00:02.565Z,-USD,001.000264,001.000596,000.998407,10229553.9162,001.000392,335651149.74379
2021-10-09T15:00:02.382Z,-USD,001.000124,001.000596,000.998407,9844732.49227,001.000405,335894246.14481
2021-10-09T16:00:01.741Z,-USD,000.999806,001.000596,000.998407,9499849.49877,001.000517,336149060.50042
2021-10-09T17:00:02.433Z,-USD,000.999759,001.000621,000.998706,9181789.27014,001.000374,336593407.39847
2021-10-09T18:00:01.824Z,-USD,000.999962,001.000621,000.999507,8829086.81084,001.000425,337048848.0846
2021-10-09T19:00:02.075Z,-USD,001.000034,001.000692,000.999507,8316893.42476,001.000686,337511479.52962
2021-10-09T20:00:01.879Z,-USD,001.000207,001.000751,000.999507,7246887.74439,0001.00064,337743105.91489
2021-10-09T21:00:02.673Z,-USD,001.000042,001.000751,000.999942,6643541.27561,0001.00044,337995769.12603
2021-10-09T22:00:02.583Z,-USD,001.000365,001.000751,00000001.0,6533890.57286,001.000491,338205600.07266
2021-10-09T23:00:02.295Z,-USD,001.000225,001.000751,00000001.0,6439870.77148,001.000409,338361856.77468
2021-10-10T00:00:02.547Z,-USD,001.000358,001.000751,00000001.0,6265395.16186,001.000516,338523090.22638
2021-10-10T01:00:02.553Z,-USD,001.000386,001.000751,00000001.0,6204420.93289,001.000654,323679173.44618
2021-10-10T02:00:02.552Z,-USD,001.000404,001.000751,00000001.0,6150896.87459,001.000414,323906200.70637
2021-10-10T03:00:01.861Z,-USD,001.000241,001.000751,00000001.0,6033844.81042,001.000368,324040257.98092
2021-10-10T04:00:01.882Z,-USD,001.000259,001.000751,00000001.0,5897800.23925,001.000356,324181152.74295
2021-10-10T05:00:02.18Z,-USD,001.000185,001.000751,00000001.0,5856817.96737,001.000428,324264375.05262
2021-10-10T06:00:02.301Z,-USD,001.000196,001.000751,00000001.0,5831507.1623,001.000584,324463455.72482
2021-10-10T07:00:02.218Z,-USD,001.000353,001.000751,000.999824,5749542.40931,001.000144,324852367.36129
2021-10-10T08:00:02.251Z,-USD,001.000452,001.000751,000.999824,5684793.63641,001.000004,324930420.66617
2021-10-10T09:00:02.179Z,-USD,001.000435,001.000751,000.999824,5839898.84818,00001.0004,325207994.19298
2021-10-10T10:00:02.269Z,-USD,001.000167,001.000751,000.999824,5902618.34043,001.000408,325476246.87763
2021-10-10T11:00:02.648Z,-USD,001.000394,001.000751,000.999824,5901968.89578,001.000202,325645707.46083
2021-10-10T12:00:07.664Z,-USD,001.000476,001.000751,000.999824,5563396.75155,001.000193,325742675.41676
2021-10-10T13:00:02.71Z,-USD,001.000416,001.000751,000.999824,5503102.22802,001.000317,325847917.88382
2021-10-10T14:00:01.793Z,-USD,001.000398,001.000751,000.999824,5316763.08696,0001.00029,325951189.07173
2021-10-10T15:00:02.025Z,-USD,001.000401,001.000751,000.999824,5264030.4838,001.000307,326142164.70129
2021-10-10T16:00:02.139Z,-USD,001.000515,001.000751,000.999824,5481725.85923,0001.00047,326612875.87015
2021-10-10T17:00:02.385Z,-USD,001.000327,001.000851,000.999824,5314712.01061,001.000631,326894040.37367
2021-10-10T18:00:02.252Z,-USD,001.000468,001.000851,000.999824,5042317.34294,001.000623,327078306.54004
2021-10-10T19:00:02.349Z,-USD,001.000685,001.000851,000.999824,4700627.22778,001.000676,327194616.08058
2021-10-10T20:00:02.364Z,-USD,0001.00064,001.000851,000.999824,04636246.1,001.000631,327365593.83119
2021-10-10T21:00:02.48Z,-USD,001.000535,001.000871,000.999824,4634092.08203,001.000719,327615671.15057
2021-10-10T22:00:02.666Z,-USD,001.000502,0001.00094,000.999824,4990778.20249,001.000576,328179671.81457
2021-10-10T23:00:02.191Z,-USD,001.000422,0001.00094,000.999824,5086296.68153,001.000689,328433422.46862
2021-10-11T00:00:02.154Z,-USD,001.000578,0001.00094,000.999824,5291361.36169,001.000647,328803617.61145
2021-10-11T01:00:02.527Z,-USD,001.000616,0001.00094,000.999824,5544747.29558,001.000619,321544335.75248
2021-10-11T02:00:02.635Z,-USD,001.000405,0001.00094,000.999824,5780484.92838,001.000431,322005300.05086
2021-10-11T03:00:02.558Z,-USD,001.000337,0001.00094,000.999824,5804048.48768,001.000355,322172322.19662
2021-10-11T04:00:01.875Z,-USD,001.000381,0001.00094,000.999824,5923022.67195,001.000699,322424361.14346
2021-10-11T05:00:02.204Z,-USD,001.000429,0001.00094,000.999824,6212461.67058,001.000689,322795079.26868
2021-10-11T06:00:02.139Z,-USD,001.000584,0001.00094,000.999824,6122852.64097,001.000595,322904638.61566
2021-10-11T07:00:02.069Z,-USD,001.000141,0001.00094,000.999989,5864253.74605,001.000716,323035414.53244
2021-10-11T08:00:02.235Z,-USD,001.000021,0001.00094,000.999989,5924514.01123,001.000769,323174229.23424
2021-10-11T09:00:02.208Z,-USD,00001.0004,0001.00094,001.000181,5901796.83847,001.000804,323428193.08364
2021-10-11T10:00:02.067Z,-USD,001.000411,001.000981,001.000181,6057520.15291,001.000844,323852141.13215
2021-10-11T11:00:02.16Z,-USD,001.000224,0001.00105,001.000181,6523679.57012,001.000825,324488001.22031
2021-10-11T12:00:02.145Z,-USD,001.000193,0001.00105,001.000181,10523986.95128,0001.00035,328584559.72182
2021-10-11T13:00:02.285Z,-USD,0001.00033,0001.00105,0001.00001,11927336.4353,00001.0001,330100518.53322
2021-10-11T14:00:02.568Z,-USD,001.000288,0001.00105,000.999857,13812496.40799,000.999973,332082590.29851
2021-10-11T15:00:01.913Z,-USD,001.000286,0001.00105,00000.9996,15061026.6599,001.000126,333522400.30121
2021-10-11T16:00:02.399Z,-USD,0001.00047,0001.00105,00000.9996,15537391.75614,001.000008,334469286.02311
2021-10-11T17:00:02.792Z,-USD,001.000631,0001.00105,00000.9996,16070127.2117,000.999857,335282518.0158
2021-10-11T18:00:02.105Z,-USD,001.000658,0001.00105,00000.9996,16281288.75036,00000001.0,335680722.89951
2021-10-11T19:00:02.186Z,-USD,0001.00067,0001.00105,00000.9996,17670034.06507,001.000105,337183685.44423
2021-10-11T20:00:02.657Z,-USD,001.000664,0001.00105,00000.9996,18045632.68198,001.000093,337732680.39886
2021-10-11T21:00:01.781Z,-USD,001.000717,0001.00105,00000.9996,19682270.59153,001.000129,339617081.40798
2021-10-11T22:00:02.029Z,-USD,001.000576,0001.00105,00000.9996,20127000.13507,00001.0001,340624921.99511
2021-10-11T23:00:02.517Z,-USD,001.000646,0001.00105,00000.9996,20833904.83582,00001.0001,341594441.30754
2021-10-12T00:00:01.841Z,-USD,001.000686,0001.00105,00000.9996,21636992.30185,001.000026,342762676.804
2021-10-12T01:00:02.656Z,-USD,001.000585,0001.00105,00000.9996,21549865.31298,001.000036,334723730.60342
2021-10-12T02:00:02.318Z,-USD,001.000447,0001.00105,00000.9996,21315422.79546,001.000007,334950186.32972
2021-10-12T03:00:01.942Z,-USD,001.000376,0001.00105,00000.9996,21576239.92745,001.000155,335377771.14872
2021-10-12T04:00:02.146Z,-USD,001.000604,0001.00105,00000.9996,21652769.30955,001.000237,335706631.5413
2021-10-12T05:00:02.04Z,-USD,001.000731,0001.00105,00000.9996,21711615.23069,001.000189,336136398.0928
2021-10-12T06:00:02.041Z,-USD,001.000585,0001.00105,00000.9996,21885244.42503,001.000225,336419752.6044
2021-10-12T07:00:02.005Z,-USD,0001.00068,0001.00105,00000.9996,21925367.89136,001.000202,336591261.9362
2021-10-12T08:00:02.023Z,-USD,0001.00079,0001.00105,00000.9996,21958299.88801,001.000167,336763478.38649
2021-10-12T09:00:01.857Z,-USD,001.000804,0001.00105,00000.9996,21852964.29886,001.000049,336910412.66382
2021-10-12T10:00:02.173Z,-USD,001.000794,0001.00105,00000.9996,21558327.63765,001.000001,337040214.50512
2021-10-12T11:00:02.102Z,-USD,001.000822,001.001033,00000.9996,21201271.12099,001.000017,337323202.25826
2021-10-12T12:00:04.158Z,-USD,001.000352,001.000711,00000.9996,17480598.49192,000.999711,337695612.0456
2021-10-12T13:00:02.162Z,-USD,001.000101,001.000711,00000.9996,16476408.58612,000.999908,338313527.22714
2021-10-12T14:00:02.326Z,-USD,000.999968,001.000711,00000.9996,14955172.63223,000.999997,338672423.89023
2021-10-12T15:00:02.526Z,-USD,001.000123,001.000711,00000.9996,14156220.86313,001.000142,339337276.88998
2021-10-12T16:00:02.687Z,-USD,000.999936,001.000711,00000.9996,13892592.0547,001.000162,339991802.57675
2021-10-12T17:00:02.293Z,-USD,000.999853,001.000711,00000.9996,13468832.75412,001.000131,340411736.07835
2021-10-12T18:00:02.619Z,-USD,000.999987,001.000711,00000.9996,13803254.71562,0001.00018,341128198.18969
2021-10-12T19:00:01.827Z,-USD,001.000094,001.000711,00000.9996,12694858.97529,0000.99993,341517602.18198
2021-10-12T20:00:02.18Z,-USD,001.000086,001.000711,000.999218,12708229.20867,000.999993,342072427.25259
2021-10-12T21:00:02.512Z,-USD,001.000141,001.000711,000.999218,11129301.87606,000.999967,342379813.45417
2021-10-12T22:00:02.088Z,-USD,001.000113,0001.00038,000.999218,10603476.63454,001.000024,342900792.69369
2021-10-12T23:00:02.493Z,-USD,001.000102,0001.00038,000.999218,9986620.77559,000.999999,343212604.34316
2021-10-13T00:00:01.744Z,-USD,000.999997,0001.00038,000.999218,9541467.34216,001.000089,343938897.48045
2021-10-13T01:00:02.208Z,-USD,001.000023,0001.00038,000.999218,9775076.6236,001.000015,332629759.772
2021-10-13T02:00:02.689Z,-USD,0001.00002,0001.00038,000.999218,10080597.5883,000.999964,333150868.73166
2021-10-13T03:00:01.885Z,-USD,0001.00016,0001.00038,000.999218,10221342.6566,001.000046,333719688.74411
2021-10-13T04:00:01.985Z,-USD,001.000206,0001.00038,000.999218,10438164.46199,001.000047,334265178.9638
2021-10-13T05:00:02.285Z,-USD,001.000188,0001.00038,000.999218,10591829.42736,001.000021,334847644.41597
2021-10-13T06:00:02.133Z,-USD,0001.00018,0001.00038,000.999218,10837035.7401,001.000032,335377159.20148
2021-10-13T07:00:02.124Z,-USD,001.000223,0001.00038,000.999218,11381119.72244,000.999915,336091426.52016
2021-10-13T08:00:02.214Z,-USD,001.000128,0001.00038,0000.99909,12363653.57359,000.999459,337246812.44778
2021-10-13T09:00:02.105Z,-USD,001.000016,0001.00038,0000.99859,13280155.31386,000.999702,338309898.18806
2021-10-13T10:00:02.579Z,-USD,00000001.0,0001.00038,0000.99859,13285472.1332,00000.9996,338445713.12901
2021-10-13T11:00:02.093Z,-USD,001.000013,001.000382,0000.99859,13529206.7612,000.999993,338971615.02466
2021-10-13T12:00:02.298Z,-USD,0000.99974,001.000382,0000.99859,13342955.17045,0000.99995,339159474.57433
2021-10-13T13:00:01.833Z,-USD,000.999918,001.000382,0000.99859,12944979.16646,000.999988,339382099.86893
2021-10-13T14:00:01.99Z,-USD,001.000006,001.000382,0000.99859,12767457.37613,000.999996,339560890.60285
2021-10-13T15:00:02.007Z,-USD,001.000158,001.000382,0000.99859,12383343.9558,001.000056,339865099.87004
2021-10-13T16:00:02.355Z,-USD,001.000163,0001.00039,0000.99859,12095288.02075,001.000317,340206366.60025
2021-10-13T17:00:01.918Z,-USD,001.000138,0001.00041,0000.99859,12130562.99248,00001.0002,340662536.27382
2021-10-13T18:00:02.304Z,-USD,001.000177,0001.00041,0000.99859,11644974.13638,001.000173,340893876.51009
2021-10-13T19:00:02.617Z,-USD,000.999932,001.000596,0000.99859,11901481.57328,001.000522,341540638.61892
2021-10-13T20:00:02.707Z,-USD,000.999993,001.000676,0000.99859,11719907.63024,001.000379,341912628.86264
2021-10-13T21:00:02.185Z,-USD,000.999961,001.000676,0000.99859,11891524.14845,001.000384,342390733.01383
2021-10-13T22:00:02.473Z,-USD,001.000015,001.000676,0000.99859,11614000.48057,001.000448,342644707.87554
2021-10-13T23:00:01.978Z,-USD,00001.0002,001.000676,0000.99859,11563263.11099,001.000519,343070071.79105
2021-10-14T00:00:02.046Z,-USD,001.000088,001.000791,0000.99859,11356353.64302,001.000585,343414304.0855
2021-10-14T01:00:05.243Z,-USD,001.000015,001.000791,0000.99859,11004761.41734,001.000592,334524804.03408
2021-10-14T02:00:03.006Z,-USD,000.999968,00001.0009,0000.99859,11098151.27798,001.000508,335139466.65863
2021-10-14T03:00:02.7Z,-USD,001.000047,00001.0009,0000.99859,11081695.57203,001.000554,335696409.43717
2021-10-14T04:00:02.047Z,-USD,001.000046,00001.0009,0000.99859,10913635.45785,001.000366,336068402.70036
2021-10-14T05:00:02.507Z,-USD,001.000022,00001.0009,0000.99859,10445658.95832,001.000286,336182539.79712
2021-10-14T06:00:02.568Z,-USD,001.000022,00001.0009,0000.99859,10010473.86097,001.000328,336291486.80286
2021-10-14T07:00:02.595Z,-USD,000.999901,00001.0009,0000.99859,9898448.78086,001.000471,336879405.44757
2021-10-14T08:00:02.577Z,-USD,000.999491,00001.0009,0000.99859,8868393.54706,001.000442,337004406.06128
2021-10-14T09:00:02.551Z,-USD,000.999727,00001.0009,00000.9996,7878784.63186,001.000411,337078293.14905
2021-10-14T10:00:01.905Z,-USD,000.999685,00001.0009,00000.9996,7829639.57229,001.000422,337166987.6118
2021-10-14T11:00:02.068Z,-USD,000.999993,00001.0009,00000.9996,7492950.69842,001.000544,337353963.58537
2021-10-14T12:00:02.265Z,-USD,000.999949,00001.0009,000.999649,7683591.0601,001.000378,337732882.59675
2021-10-14T13:00:02.14Z,-USD,0000.99999,00001.0009,000.999841,7626322.28144,001.000451,337897631.54454
2021-10-14T14:00:02.068Z,-USD,000.999996,001.001045,000.999995,8561834.04322,0001.00047,339012558.51378
2021-10-14T15:00:02.441Z,-USD,001.000105,001.001045,001.000085,8640600.82701,001.000673,339397102.21084
2021-10-14T16:00:04.16Z,-USD,001.000318,001.001045,001.000101,8704517.79323,001.000637,339800134.48792
2021-10-14T17:00:02.106Z,-USD,00001.0002,001.001363,001.000101,9219487.08689,001.000225,340771491.94542
2021-10-14T18:00:02.311Z,-USD,0001.00017,001.001363,000.999435,10080821.74131,000.999727,341866381.87655
2021-10-14T19:00:02.462Z,-USD,001.000573,001.001363,000.999435,9624289.90942,00000001.0,342094012.10064
2021-10-14T20:00:07.559Z,-USD,001.000423,001.001363,0000.99913,9799652.10758,000.999865,342602865.27983
2021-10-14T21:00:10.523Z,-USD,001.000385,001.001363,0000.99913,9720510.13773,001.000098,343000604.81744
2021-10-14T22:00:14.151Z,-USD,0001.00044,001.001363,0000.99913,9816994.81543,001.000199,343351205.18169
2021-10-14T23:00:12.339Z,-USD,001.000533,001.001363,0000.99913,9797818.95072,001.000397,343761362.92836
2021-10-15T00:00:17.239Z,-USD,001.000611,001.001363,0000.99913,9691873.83826,001.000372,343995408.29511
2021-10-15T01:00:12.464Z,-USD,0001.00059,001.001363,0000.99913,9968586.01414,0001.00053,337327781.25741
2021-10-15T02:00:12.334Z,-USD,001.000566,001.001363,0000.99913,9761525.81045,0001.00024,337922306.37932
2021-10-15T03:00:11.185Z,-USD,001.000578,001.001363,0000.99913,10180938.65455,001.000375,338712040.25496
2021-10-15T04:00:22.641Z,-USD,001.000366,001.001363,0000.99913,10624126.63902,001.000508,339521286.7374
2021-10-15T05:00:10.149Z,-USD,001.000286,001.001609,0000.99913,14062847.9232,001.000463,343075326.12562
2021-10-15T06:00:07.409Z,-USD,001.000346,001.001609,0000.99913,14908024.44218,001.000612,344028326.20705
2021-10-15T07:00:03.474Z,-USD,001.000471,001.001609,0000.99913,15403841.18753,001.000508,345112132.98523
2021-10-15T08:00:03.829Z,-USD,001.000444,001.001609,0000.99913,16213324.17265,001.000214,346047250.80244
2021-10-15T09:00:02.657Z,-USD,001.000411,001.001609,0000.99913,17541205.98824,001.000006,347448150.4748
2021-10-15T10:00:02.516Z,-USD,001.000418,001.001609,0000.99913,18148546.2789,00000001.0,348145329.76977
2021-10-15T11:00:04.493Z,-USD,001.000546,001.001609,0000.99913,20017617.623,001.000424,350200713.42625
2021-10-15T12:00:04.313Z,-USD,001.000372,001.001609,0000.99913,20131031.16897,001.000796,350693002.48739
2021-10-15T13:00:03.096Z,-USD,001.000436,001.001609,0000.99913,20701596.92286,0001.00023,351428069.64574
2021-10-15T14:00:08.91Z,-USD,001.000425,001.001609,0000.99913,21408095.7563,001.000152,353251172.72666
2021-10-15T15:00:10.762Z,-USD,001.000672,001.001609,0000.99913,22067527.98212,001.000456,354295989.41088
2021-10-15T16:00:10.703Z,-USD,001.000596,001.001609,0000.99913,22293343.30217,0001.00036,354937311.48655
2021-10-15T17:00:09.903Z,-USD,001.000206,001.001609,0000.99913,21928479.70289,001.000266,355531434.97497
2021-10-15T18:00:08.961Z,-USD,000.999788,001.001609,0000.99913,21600793.92416,001.000305,356298018.61173
2021-10-15T19:00:02.023Z,-USD,000.999999,001.001609,0000.99913,22368856.75627,001.000109,357291598.84174
2021-10-15T20:00:02.445Z,-USD,000.999895,001.001609,0000000.99,23437314.58091,000.999854,358875045.63682
2021-10-15T21:00:02.621Z,-USD,001.000111,001.001609,0000000.99,23443940.97978,001.000023,359277031.88729
2021-10-15T22:00:01.816Z,-USD,001.000195,001.001609,0000000.99,23514819.77953,001.000057,359696340.29569
2021-10-15T23:00:02.561Z,-USD,001.000403,001.001609,0000000.99,23982832.05819,000.999952,360572835.07266
2021-10-16T00:00:01.776Z,-USD,001.000374,001.001609,0000000.99,25717048.48922,001.000075,362542204.78943
2021-10-16T01:00:10.841Z,-USD,001.000536,001.001609,0000000.99,25641382.06763,001.000257,346679845.72813
2021-10-16T02:00:11.121Z,-USD,001.000272,001.001609,0000000.99,25324599.82566,001.000221,346959615.41805
2021-10-16T03:00:11.374Z,-USD,001.000364,001.001609,0000000.99,24925144.85254,001.000161,347375239.37745
2021-10-16T04:00:23.43Z,-USD,001.000504,001.001609,0000000.99,24453472.76403,001.000155,347685250.41504
2021-10-16T05:00:09.936Z,-USD,001.000461,001.001189,0000000.99,21569500.57369,001.000247,348366166.58455
2021-10-16T06:00:10.923Z,-USD,001.000639,0001.00099,0000000.99,20922659.11999,001.000184,348667478.81645
2021-10-16T07:00:08.629Z,-USD,001.000509,0001.00099,0000000.99,20074546.07754,001.000229,348896785.34646
2021-10-16T08:00:02.213Z,-USD,001.000198,0001.00099,0000000.99,19298026.66664,001.000272,349058604.7692
2021-10-16T09:00:02.128Z,-USD,001.000035,0001.00099,0000000.99,18239420.30175,001.000479,349399749.44231
2021-10-16T10:00:02.706Z,-USD,00000001.0,0001.00099,0000000.99,17681994.12168,001.000555,349539163.225
2021-10-16T11:00:03.731Z,-USD,001.000392,0001.00099,0000000.99,15829317.69484,001.000452,349763523.44745
2021-10-16T12:00:02.202Z,-USD,001.000855,0001.00099,0000000.99,15549851.33201,001.000382,349958832.70103
2021-10-16T13:00:11.501Z,-USD,0001.00023,001.000902,0000000.99,15274100.52791,001.000267,350414291.03356
2021-10-16T14:00:11.199Z,-USD,0001.00021,001.000902,0000000.99,13907870.29741,001.000085,350874494.25616
2021-10-16T15:00:17.788Z,-USD,001.000452,001.000902,0000000.99,13171057.60972,000.999924,351181759.18441
2021-10-16T16:00:11.248Z,-USD,001.000467,001.000596,0000000.99,12826776.77487,000.999615,351483569.15877
2021-10-16T17:00:10.684Z,-USD,001.000328,001.000596,0000000.99,12339324.9092,000.999857,351689588.95167
2021-10-16T18:00:10.018Z,-USD,001.000292,001.000596,0000000.99,12139791.66365,001.000003,352160682.74277
2021-10-16T19:00:11.792Z,-USD,001.000129,001.000596,0000000.99,11407008.39767,0000.99984,352408617.96502
2021-10-16T20:00:10.055Z,-USD,000.999854,001.000596,000.994767,10123397.99905,000.999789,352713887.9711
2021-10-16T21:00:02.455Z,-USD,000.999982,001.000596,000.994767,10235415.46396,000.999874,353223790.46245
2021-10-16T22:00:02.416Z,-USD,001.000026,001.000596,000.994767,10136786.76928,000.999727,353543980.77599
2021-10-16T23:00:02.255Z,-USD,000.999987,001.000596,000.994767,9521765.43513,000.999809,353804596.99623
2021-10-17T00:00:01.695Z,-USD,001.000074,001.000596,00000.9995,7756831.14527,000.999865,354011384.90499
2021-10-17T01:00:11.042Z,-USD,001.000245,001.000596,00000.9995,7536849.84316,000.999772,344992899.22632
2021-10-17T02:00:11.159Z,-USD,001.000224,001.000596,00000.9995,7395941.18574,000.999776,345117882.86347
2021-10-17T03:00:11.036Z,-USD,001.000161,001.000596,00000.9995,7087413.86099,000.999928,345224725.40358
2021-10-17T04:00:42.256Z,-USD,001.000243,001.000596,00000.9995,6267309.33088,000.999834,345397693.17948
2021-10-17T05:00:08.356Z,-USD,001.000243,001.000596,00000.9995,6369668.84728,000.999835,345500052.69588
2021-10-17T06:00:09.229Z,-USD,001.000158,001.000596,00000.9995,6127526.68202,000.999871,345559260.97461
2021-10-17T07:00:09.424Z,-USD,001.000211,001.000596,00000.9995,6030579.59897,000.999978,345690001.3624
2021-10-17T08:00:08.545Z,-USD,001.000264,001.000596,00000.9995,6016519.89173,001.000013,345838222.81192
2021-10-17T09:00:09.307Z,-USD,001.000526,001.000596,00000.9995,5901991.68357,001.000117,346063963.39415
2021-10-17T10:00:09.766Z,-USD,001.000553,0001.00057,00000.9995,5910858.57752,001.000024,346212190.00223
2021-10-17T11:00:10.085Z,-USD,001.000477,0001.00057,00000.9995,5778460.8596,001.000054,346304255.02571
2021-10-17T12:00:08.446Z,-USD,001.000421,001.000528,00000.9995,5608590.72115,001.000031,346391479.85978
2021-10-17T13:00:11.507Z,-USD,001.000267,001.000267,00000.9995,5447438.5793,000.999956,346624138.85578
2021-10-17T14:00:09.855Z,-USD,001.000079,0001.00021,000.999446,5276673.9761,000.999892,346914636.50798
2021-10-17T15:00:09.417Z,-USD,000.999905,0001.00021,000.999446,5149653.50768,001.000008,347097464.53191
2021-10-17T16:00:08.9Z,-USD,000.999632,0001.00021,000.999446,5115026.16304,0000.99979,347363924.92336
2021-10-17T17:00:02.403Z,-USD,000.999773,0001.00021,000.999446,5195509.56619,00000.9996,347647199.5853
2021-10-17T18:00:03.747Z,-USD,000.999993,0001.00021,000.999375,4969593.23014,000.999493,347893415.37986
2021-10-17T19:00:01.935Z,-USD,000.999841,0001.00021,000.999115,5010716.83207,000.999681,348184163.57954
2021-10-17T20:00:02.498Z,-USD,000.999795,0001.00021,000.999115,4955439.83035,000.999976,348432458.30437
2021-10-17T21:00:02.149Z,-USD,000.999874,001.000229,000.999115,5294545.6737,001.000007,349281738.49203
2021-10-17T22:00:02.532Z,-USD,000.999727,001.000229,000.998625,5706571.56017,000.999778,350012609.0162
2021-10-17T23:00:01.82Z,-USD,0000.99981,001.000229,000.998625,6129943.96428,001.000099,350697045.61987
2021-10-18T00:00:08.546Z,-USD,000.999863,001.000229,000.998625,6210882.62376,001.000179,350984439.17666
2021-10-18T01:00:02.724Z,-USD,000.999743,001.000249,000.998625,6207158.85037,001.000248,345107139.0029
2021-10-18T02:00:01.902Z,-USD,000.999776,0001.00033,000.998625,6382562.9614,001.000233,345407852.61931
2021-10-18T03:00:01.983Z,-USD,000.999876,0001.00033,000.998625,6470533.34506,0001.00018,345603243.90936
2021-10-18T04:00:02.164Z,-USD,000.999835,0001.00033,000.998625,6545973.08671,001.000079,345850372.43598
2021-10-18T05:00:01.742Z,-USD,000.999835,0001.00033,000.998625,6680433.60042,001.000042,346087435.07766
2021-10-18T06:00:01.777Z,-USD,000.999872,0001.00033,000.998625,6798711.05048,000.999902,346264778.71349
2021-10-18T07:00:01.706Z,-USD,000.999973,0001.00033,000.998625,6810387.50695,000.999819,346407361.24316
2021-10-18T08:00:02.552Z,-USD,001.000004,0001.00033,000.998625,6772020.01935,000.999837,346520695.48774
2021-10-18T09:00:02.451Z,-USD,001.000114,0001.00033,000.998625,6757105.9423,000.999781,346728559.9
2021-10-18T10:00:02.248Z,-USD,0001.00001,0001.00033,000.998625,6909368.42878,000.999894,347028329.45372
2021-10-18T11:00:02.559Z,-USD,001.000053,0001.00033,000.998625,7068689.34526,000.999796,347279879.72959
2021-10-18T12:00:02.461Z,-USD,0001.00005,0001.00033,000.998625,7131843.83671,000.999841,347430303.84563
2021-10-18T13:00:02.581Z,-USD,000.999949,0001.00033,000.998625,7108952.72791,000.999914,347639966.56256
2021-10-18T14:00:01.943Z,-USD,000.999879,001.001758,000.998625,8509834.4667,000.999789,349332235.24356
2021-10-18T15:00:02.116Z,-USD,0001.00001,001.001758,000.998625,9040470.16521,000.999672,350046356.5074
2021-10-18T16:00:02.353Z,-USD,000.999781,001.001758,000.998625,9124616.88587,000.999722,350397249.02542
2021-10-18T17:00:01.827Z,-USD,000.999601,001.001758,000.998625,9184775.1391,000.999735,350780618.92537
2021-10-18T18:00:02.355Z,-USD,000.999544,001.001758,000.998625,9596262.17131,000.999558,351398134.26895
2021-10-18T19:00:02.229Z,-USD,0000.99972,001.001758,000.998625,9822506.38008,000.999788,351921899.33093
2021-10-18T20:00:02.515Z,-USD,001.000006,001.001758,000.998625,9893891.95604,000.999509,352270966.501
2021-10-18T21:00:01.852Z,-USD,001.000036,001.001758,000.998625,9355567.87767,0000.99957,352544948.70255
2021-10-18T22:00:02.585Z,-USD,000.999801,001.001758,000.999009,8895499.46572,000.999709,352814950.61458
2021-10-18T23:00:01.997Z,-USD,001.000083,001.001758,000.999009,8722145.90412,000.999576,353328346.86616
2021-10-19T00:00:02.07Z,-USD,0001.00014,001.001758,000.999009,8664250.06968,000.999646,353561312.75473
2021-10-19T01:00:02.499Z,-USD,001.000201,001.001758,000.999009,8733374.94505,000.999758,348439451.56937
2021-10-19T02:00:01.899Z,-USD,001.000234,001.001758,000.999009,8580221.20345,000.999859,348585377.67821
2021-10-19T03:00:02.276Z,-USD,001.000179,001.001758,000.999009,8687261.56789,001.000067,348899939.38471
2021-10-19T04:00:02.483Z,-USD,001.000063,001.001758,000.999009,8770526.64464,000.999845,349226897.313
2021-10-19T05:00:01.823Z,-USD,001.000136,001.001758,000.999009,8947916.28157,000.999852,349636760.80814
2021-10-19T06:00:02.691Z,-USD,00000.9999,001.001758,000.999009,8910448.93055,000.999775,349771527.99655
2021-10-19T07:00:01.891Z,-USD,000.999814,001.001758,000.998837,8985607.88873,000.999604,349988910.80597
2021-10-19T08:00:01.966Z,-USD,000.999891,001.001758,000.998837,9064823.50625,000.999843,350183290.77059
2021-10-19T09:00:02.439Z,-USD,000.999786,001.001758,000.998837,8900422.61039,000.999705,350239992.06143
2021-10-19T10:00:02.336Z,-USD,000.999853,001.001758,000.998837,8769000.76963,000.999622,350393520.68528
2021-10-19T11:00:02.348Z,-USD,000.999797,001.001758,000.998837,8607186.18394,000.999668,350484069.11756
2021-10-19T12:00:02.418Z,-USD,0000.99984,001.001758,000.998837,8546519.06594,000.999626,350572891.77842
2021-10-19T13:00:02.461Z,-USD,000.999914,001.001758,000.998837,8532430.09643,000.999779,350768865.71936
2021-10-19T14:00:02.569Z,-USD,000.999628,00001.0002,000.998837,7011700.94821,000.999622,350988316.04294
2021-10-19T15:00:01.94Z,-USD,000.999676,00001.0002,000.998837,6803700.36678,000.999677,351450568.46301
2021-10-19T16:00:02.246Z,-USD,000.999692,0001.00033,000.998837,7072940.20676,000.999855,352066681.65623
2021-10-19T17:00:02.619Z,-USD,000.999735,0001.00033,000.998837,6965379.54145,000.999681,352344854.51511
2021-10-19T18:00:02.691Z,-USD,000.999646,0001.00033,000.998837,6560527.1667,000.999757,352557729.52625
2021-10-19T19:00:02.283Z,-USD,000.999785,0001.00033,000.998837,6295629.24249,000.999741,352813990.13544
2021-10-19T20:00:02.68Z,-USD,000.999512,0001.00033,000.998837,6635962.74863,000.999823,353505753.2915
2021-10-19T21:00:02.531Z,-USD,000.999544,0001.00033,000.998837,6877195.72878,000.999839,354018482.79251
2021-10-19T22:00:02.312Z,-USD,000.999683,0001.00033,000.998837,6977671.24561,000.999777,354390289.35094
2021-10-19T23:00:02.548Z,-USD,000.999534,0001.00033,000.998837,6847536.6719,000.999862,354772172.19938
2021-10-20T00:00:02.423Z,-USD,000.999633,0001.00033,000.998837,6867269.89711,000.999836,355025229.18023
2021-10-20T01:00:02.584Z,-USD,0000.99988,0001.00041,000.998837,7094410.12499,000.999985,331713376.63199
2021-10-20T02:00:02.668Z,-USD,000.999858,0001.00041,000.998837,7176181.94191,001.000015,331901711.70972
2021-10-20T03:00:02.542Z,-USD,001.000071,0001.00041,000.998837,7080593.49329,000.999869,332129819.65941
2021-10-20T04:00:02.569Z,-USD,000.999845,0001.00041,000.998837,6880212.24827,000.999996,332248065.83479
2021-10-20T05:00:01.718Z,-USD,000.999852,0001.00041,000.998837,6641872.82775,001.000119,332418519.37411
2021-10-20T06:00:02.82Z,-USD,000.999787,001.000796,000.998837,6872279.77911,001.000247,332783930.72363
2021-10-20T07:00:02.601Z,-USD,000.999605,001.000796,000.999077,6812156.77018,0001.00009,332943628.0831
2021-10-20T08:00:02.315Z,-USD,0000.99984,001.000796,000.999077,6772968.11162,001.000163,333096060.67524
2021-10-20T09:00:02.178Z,-USD,000.999711,001.000796,000.999077,6793344.18795,000.999965,333173154.07972
2021-10-20T10:00:02.107Z,-USD,000.999621,001.000796,000.999077,6723834.60811,000.999894,333258441.33606
2021-10-20T11:00:04.304Z,-USD,000.999674,001.000796,000.999077,6892435.95691,000.999973,333519866.63901
2021-10-20T12:00:01.956Z,-USD,000.999601,001.000796,000.999077,6968804.21859,000.999861,333692173.48948
2021-10-20T13:00:01.795Z,-USD,000.999635,001.000796,000.999077,7099816.22449,000.999786,334011712.57247
2021-10-20T14:00:02.204Z,-USD,0000.99961,001.000858,000.999077,7912085.53257,000.999934,335040210.35461
2021-10-20T15:00:02.133Z,-USD,000.999675,001.000858,000.999201,8721502.97741,000.999814,336322532.19795
2021-10-20T16:00:02.191Z,-USD,000.999855,001.000858,00000.9991,9249882.7134,001.000071,337457098.16604
2021-10-20T17:00:01.752Z,-USD,000.999659,001.000858,00000.9991,10268636.66813,001.000273,338756901.51978
2021-10-20T18:00:02.711Z,-USD,000.999797,001.000858,00000.9991,10820024.92471,000.999989,339523449.91672
2021-10-20T19:00:02.04Z,-USD,000.999742,001.000858,00000.9991,11004563.31063,000.999956,339958350.43768
2021-10-20T20:00:01.881Z,-USD,0000.99976,001.000858,00000.9991,10846902.61326,001.000111,340506790.86411
2021-10-20T21:00:02.216Z,-USD,000.999826,001.000858,00000.9991,11109435.25793,001.000174,341272494.77186
2021-10-20T22:00:02.297Z,-USD,000.999843,001.000858,00000.9991,11236459.56383,001.000026,341771032.73796
2021-10-20T23:00:01.822Z,-USD,000.999862,001.000858,00000.9991,11260348.18989,0001.00008,342172562.47668
2021-10-21T00:00:02.66Z,-USD,000.999882,001.000858,00000.9991,11283154.89686,001.000159,342453882.8348
2021-10-21T01:00:02.187Z,-USD,000.999953,001.000858,00000.9991,11288305.83685,0001.00039,321614441.14872
2021-10-21T02:00:02.795Z,-USD,000.999949,00001.0009,00000.9991,11822797.97077,001.000441,322332565.82175
2021-10-21T03:00:02.201Z,-USD,000.999913,000001.001,00000.9991,12842760.30153,0001.00035,323580580.4209
2021-10-21T04:00:02.146Z,-USD,000.999996,000001.001,00000.9991,13052635.9952,001.000486,323908163.60874
2021-10-21T05:00:02.629Z,-USD,001.000117,000001.001,00000.9991,13100982.5271,0001.00043,324126605.18091
2021-10-21T06:00:02.524Z,-USD,001.000246,000001.001,00000.9991,12920232.29189,001.000696,324310985.90662
2021-10-21T07:00:02.385Z,-USD,001.000089,000001.001,00000.9991,13150361.15827,001.000209,324701099.95494
2021-10-21T08:00:02.232Z,-USD,001.000059,000001.001,00000.9991,13228606.8464,001.000044,324931905.84822
2021-10-21T09:00:02.008Z,-USD,000.999965,000001.001,00000.9991,13341312.17505,000.999944,325114411.27196
2021-10-21T10:00:01.763Z,-USD,000.999874,000001.001,00000.9991,13729055.1197,001.000005,325594251.66605
2021-10-21T11:00:02.084Z,-USD,000.999974,000001.001,00000.9991,13793298.11445,000.999941,325920314.19716
2021-10-21T12:00:01.931Z,-USD,000.999861,000001.001,000000.991,17441372.49977,000.999774,329740638.67618
2021-10-21T13:00:01.776Z,-USD,000.999809,000001.001,000000.991,18098077.07239,000.999852,330719471.00986
2021-10-21T14:00:02.654Z,-USD,000.999889,000001.001,000000.991,17488187.4289,000.999939,331138170.27051
2021-10-21T15:00:01.791Z,-USD,000.999813,000001.001,000000.991,17185116.85865,000.999954,332125821.77879
2021-10-21T16:00:02.014Z,-USD,001.000086,000001.001,000000.991,17419522.47067,001.000006,333492237.20075
2021-10-21T17:00:02.369Z,-USD,001.000313,000001.001,000000.991,16764402.1079,000.999957,334129797.84205
2021-10-21T18:00:02.593Z,-USD,000.999962,000001.001,000000.991,16861818.21536,0000.99987,334994777.44495
2021-10-21T19:00:02.51Z,-USD,0001.00002,000001.001,000000.991,17203041.86629,001.000208,335780168.23277
2021-10-21T20:00:02.655Z,-USD,001.000014,000001.001,000000.991,17142240.22375,001.000038,336259441.86741
2021-10-21T21:00:01.929Z,-USD,001.000139,000001.001,000000.991,16697487.66246,001.000034,336576897.51164
2021-10-21T22:00:02.08Z,-USD,001.000056,000001.001,000000.991,16505033.24873,001.000055,336884274.39423
2021-10-21T23:00:02.468Z,-USD,001.000081,000001.001,000000.991,16640780.85949,001.000039,337421604.06189
2021-10-22T00:00:02.626Z,-USD,001.000111,000001.001,000000.991,16888430.39894,0000.99999,337949762.19371
2021-10-22T01:00:09.309Z,-USD,0001.00039,000001.001,000000.991,16988105.0795,000.999757,324110139.5643
2021-10-22T02:00:07.275Z,-USD,001.000496,000001.001,000000.991,16995997.52549,0000.99996,324833118.30156
2021-10-22T03:00:02.234Z,-USD,0001.00031,000001.001,000000.991,16061297.03133,000.999855,325146509.34174
2021-10-22T04:00:01.852Z,-USD,001.000482,000001.001,000000.991,16056045.02774,000.999935,325472774.13334
2021-10-22T05:00:02.652Z,-USD,001.000416,000001.001,000000.991,16072980.12993,000.999932,325706112.79624
2021-10-22T06:00:02.402Z,-USD,001.000684,000001.001,000000.991,16255736.05228,001.000181,326071209.76021
2021-10-22T07:00:02.05Z,-USD,001.000222,0001.00045,000000.991,16098499.93727,001.000278,326304119.99827
2021-10-22T08:00:01.781Z,-USD,001.000001,0001.00071,000000.991,16553520.14633,001.000706,326990293.94302
2021-10-22T09:00:02.57Z,-USD,000.999881,000001.001,000000.991,16859701.77762,001.000405,327489166.58606
2021-10-22T10:00:02.161Z,-USD,001.000031,000001.001,000000.991,16510026.46887,001.000207,327609378.55558
2021-10-22T11:00:02.351Z,-USD,000.999915,000001.001,000000.991,16739873.17455,001.000256,328166276.12219
2021-10-22T12:00:01.743Z,-USD,0000.99978,000001.001,000.998977,13073962.23913,001.000011,328321778.57126
2021-10-22T13:00:02.639Z,-USD,000.999895,000001.001,000.998977,12363768.51579,001.000005,328591339.43903
2021-10-22T14:00:02.466Z,-USD,000.999977,000001.001,000.998977,12389587.75504,001.000057,329033284.56624
2021-10-22T15:00:01.819Z,-USD,0000.99995,000001.001,000.998977,12174771.51378,000.999836,329814263.56582
2021-10-22T16:00:01.939Z,-USD,001.000035,000001.001,000.998977,11532640.52597,001.000033,330530201.93859
2021-10-22T17:00:02.393Z,-USD,000.999919,000001.001,000.998977,11884766.0149,000.999785,331529620.10487
2021-10-22T18:00:02.025Z,-USD,000.999967,000001.001,000.998977,11327367.98768,000.999853,331827282.98311
2021-10-22T19:00:02.161Z,-USD,001.000325,000001.001,000.998977,10877593.86038,001.000192,332162177.78805
2021-10-22T20:00:02.173Z,-USD,001.000076,000001.001,000.998977,10649728.36691,001.000201,332413790.86041
2021-10-22T21:00:02.418Z,-USD,001.000033,000001.001,000.998977,10529568.77308,001.000247,332632974.74183
2021-10-22T22:00:02.198Z,-USD,001.000022,000001.001,000.998977,11420118.93187,001.000373,333809861.43904
2021-10-22T23:00:02.568Z,-USD,000.999972,000001.001,000.998977,11163477.60316,0001.00009,334089944.7689
2021-10-23T00:00:02.446Z,-USD,00000001.0,000001.001,000.998977,10824972.54342,001.000226,334279023.85745
2021-10-23T01:00:02.283Z,-USD,000.999792,000001.001,000.999488,10350699.94951,001.000259,320343318.07549
2021-10-23T02:00:02.096Z,-USD,000.999878,000001.001,000.999719,9823843.35979,001.000259,320536705.35455
2021-10-23T03:00:02.102Z,-USD,000.999854,000001.001,000.999719,9753546.13552,001.000146,320777914.74002
2021-10-23T04:00:02.17Z,-USD,000.999963,000001.001,000.999719,9599908.93922,001.000261,320945421.8273
2021-10-23T05:00:02.322Z,-USD,000.999905,000001.001,000.999719,9533376.05684,001.000353,321112105.62117
2021-10-23T06:00:02.227Z,-USD,001.000225,000001.001,000.999719,9246321.11334,001.000464,321194623.22199
2021-10-23T07:00:02.1Z,-USD,001.000315,000001.001,000.999719,9088647.15857,001.000502,321287865.8213
2021-10-23T08:00:01.833Z,-USD,001.000666,000001.001,000.999719,8515459.21871,001.000485,321377944.52292
2021-10-23T09:00:01.76Z,-USD,001.000381,00001.0009,000.999719,8131660.73226,001.000461,321493352.75817
2021-10-23T10:00:02.585Z,-USD,001.000208,00001.0009,000.999719,8082883.50173,001.000473,321565521.61039
2021-10-23T11:00:01.767Z,-USD,001.000254,00001.0009,000.999719,7583301.82375,001.000456,321621661.09795
2021-10-23T12:00:02.463Z,-USD,001.000005,000001.001,000.999719,8242931.28986,001.000515,322437951.01273
2021-10-23T13:00:02.387Z,-USD,001.000008,000001.001,000.999719,8191554.20378,001.000453,322655469.71247
2021-10-23T14:00:02.271Z,-USD,001.000091,000001.001,000.999719,8021063.1857,001.000346,322926845.19479
2021-10-31T18:00:08.706Z,-USD,001.000399,001.012022,00000.9996,30348232.13648,000.999945,399583294.23039
2021-10-31T19:00:01.791Z,-USD,001.000596,001.012022,00000.9996,30549283.77478,000.999998,400230463.66677
2021-10-31T20:00:01.778Z,-USD,001.000781,001.012022,00000.9996,30767962.81175,000.999951,400860698.75927
2021-10-31T21:00:02.684Z,-USD,001.000695,001.012022,00000.9996,30118130.29116,000.999965,401278632.89971
2021-10-31T22:00:01.709Z,-USD,001.000827,001.012022,00000.9996,29312584.8831,000.999872,401864986.33093
2021-10-31T23:00:03.094Z,-USD,001.000748,001.012022,00000.9996,27847393.31053,000.999863,402345804.58931
2021-11-01T00:00:04.868Z,-USD,001.000194,001.012022,00000.9996,26475104.52141,001.000096,402717269.16262
2021-11-01T01:00:04.338Z,-USD,001.000414,001.012022,00000.9996,25604535.44174,001.000204,395394756.0451
2021-11-01T02:00:03.854Z,-USD,001.001209,001.012022,00000.9996,24262624.49567,001.000003,395952187.06438
2021-11-01T03:00:03.703Z,-USD,001.000282,001.012022,00000.9996,19273769.99752,001.000529,397008008.83526
2021-11-01T04:00:13.388Z,-USD,0001.00674,001.012022,00000.9996,16650614.17807,0001.00034,397241955.97954
2021-11-01T05:00:07.284Z,-USD,001.002123,001.002995,00000.9996,15240004.77778,001.000357,397604867.46498
2021-11-01T06:00:06.049Z,-USD,001.000089,001.000789,00000.9996,14739896.67597,001.000286,397821717.64407
2021-11-01T07:00:06.388Z,-USD,0001.00008,001.000789,00000.9996,14443114.31589,0001.00035,398008152.76862
2021-11-01T08:00:02.266Z,-USD,000.999949,001.000789,00000.9996,14442472.83041,001.000189,398403164.7048
2021-11-01T09:00:01.782Z,-USD,000.999879,001.000789,00000.9996,14271078.74451,001.000113,398637746.91404
2021-11-01T10:00:02.202Z,-USD,000.999811,001.000789,00000.9996,13967020.79898,001.000377,398893801.07463
2021-11-01T11:00:03.213Z,-USD,000.999884,001.000789,00000.9996,14109909.60907,0001.00034,399334459.77732
2021-11-01T12:00:02.513Z,-USD,000.999771,001.000789,00000.9996,14001591.12846,001.000319,399631033.49841
2021-11-01T13:00:02.256Z,-USD,000.999694,001.000789,00000.9996,13760672.29361,001.000343,400003233.86275
2021-11-01T14:00:02.194Z,-USD,000.999806,001.000789,00000.9996,12617365.61667,00001.0007,400475313.83621
2021-11-01T15:00:02.248Z,-USD,0000.99979,001.000789,00000.9996,11642341.99079,001.000547,401059225.37261
2021-11-01T16:00:01.801Z,-USD,001.000098,001.000789,00000.9996,11691867.21881,001.000734,402097521.83357
2021-11-01T17:00:03.98Z,-USD,000.999823,001.002784,00000.9996,11712082.55294,001.001343,403106653.13726
2021-11-01T18:00:02.944Z,-USD,000.999903,001.002784,00000.9996,12490532.08662,001.000381,404367796.8056
2021-11-01T19:00:02.167Z,-USD,000.999993,001.002784,00000.9996,12466994.80387,001.000415,404984214.32535
2021-11-01T20:00:02.283Z,-USD,000.999882,001.002784,00000.9996,12494228.34157,001.000561,405662696.7822
2021-11-01T21:00:02.427Z,-USD,0000.99993,001.002784,00000.9996,12608690.23698,001.000686,406172016.26726
2021-11-01T22:00:02.478Z,-USD,000.999913,001.002784,00000.9996,12653137.51028,001.000698,406804636.34755
2021-11-01T23:00:03.419Z,-USD,000.999944,001.002784,00000.9996,12541208.88946,001.000691,407171566.94984
2021-11-02T00:00:01.929Z,-USD,001.000098,001.002784,000.999895,12623535.75566,0001.00079,407636284.1962
2021-11-02T01:00:01.873Z,-USD,001.000399,001.002784,000.999895,13420135.68593,001.000464,401352116.00233
2021-11-02T02:00:01.986Z,-USD,0001.00003,001.002784,00000001.0,13491813.53725,001.000364,401988663.53156
2021-11-02T04:00:02.082Z,-USD,001.000341,001.002784,0001.00005,12801409.87385,001.000227,402580823.84762
2021-11-02T05:01:03.096Z,-USD,00001.0002,001.002784,001.000029,12510339.52321,001.000268,402866432.04198
2021-11-02T06:00:02.166Z,-USD,00001.0002,001.002784,001.000029,12670015.96693,001.000253,403026108.4857
2021-11-02T07:00:01.91Z,-USD,001.000299,001.002784,000.999704,12945206.18753,000.999963,403487564.49508
2021-11-02T08:00:01.852Z,-USD,001.000193,001.002784,000.999704,12757455.55467,000.999959,403694995.15722
2021-11-02T09:00:01.775Z,-USD,001.000117,001.002784,000.999704,12867207.47894,000.999929,404039354.94663
2021-11-02T10:00:01.714Z,-USD,001.000371,001.002784,000.999704,12952505.12455,001.000469,404381208.28676
2021-11-02T11:00:04.183Z,-USD,001.000349,001.002784,000.999704,13197872.89513,001.000365,405068314.05942
2021-11-02T12:00:01.711Z,-USD,001.000321,001.002784,000.999704,13660221.45647,001.000555,405825872.86378
2021-11-02T13:00:02.582Z,-USD,001.000215,001.002784,000.999704,14055533.71641,001.000473,406594882.31971
2021-11-02T14:00:02.686Z,-USD,001.000699,001.002784,00000.9995,15047336.37014,001.000552,408062794.17358
2021-11-02T15:00:02.009Z,-USD,001.000544,001.002784,00000.9995,15521054.10351,001.000412,409135642.93422
2021-11-02T16:00:02.22Z,-USD,0001.00074,001.002784,00000.9995,16137522.93299,001.000437,410836967.89956
2021-11-02T17:00:03.37Z,-USD,001.001052,001.001919,00000.9995,16333317.08491,001.000461,411975975.25611
2021-11-02T18:00:02.126Z,-USD,001.000399,001.001803,00000.9995,15673510.31805,001.000439,412579593.37345
2021-11-02T19:00:02.42Z,-USD,001.000423,001.001803,00000.9995,15753646.12654,001.000523,413279698.35576
2021-11-02T20:00:01.771Z,-USD,001.000608,001.001803,00000.9995,15718116.56006,001.000207,413916105.77404
2021-11-02T21:00:01.886Z,-USD,001.000676,001.001803,00000.9995,15872735.51517,0001.00027,414585936.35643
2021-11-02T22:00:02.016Z,-USD,001.000675,001.001803,00000.9995,15872083.12666,001.000368,415219047.92371
2021-11-02T23:00:02.751Z,-USD,001.000693,001.001803,00000.9995,16683009.66252,001.000631,416390243.40795
2021-11-03T00:00:02.489Z,-USD,001.000806,00001.0055,00000.9995,17510517.2954,001.000514,417683310.54688
2021-11-03T01:00:02.616Z,-USD,001.000461,00001.0055,00000.9995,16782623.01106,001.000456,407770528.08211
2021-11-03T02:00:02.352Z,-USD,001.000397,00001.0055,00000.9995,17387232.94238,0001.00026,409016610.92996
2021-11-03T03:00:02.521Z,-USD,0001.00033,001.007399,00000.9995,18787757.45625,001.001251,410760382.46921
2021-11-03T04:00:02.703Z,-USD,001.000205,001.007399,00000.9995,19337435.50786,001.001615,411555671.77147
2021-11-03T05:00:03.72Z,-USD,001.000268,001.007576,00000.9995,19733965.63324,0001.00244,412235020.49653
2021-11-03T06:00:02.825Z,-USD,001.000184,001.007576,00000.9995,21081383.15913,0001.00051,413744171.85509
2021-11-03T07:00:01.666Z,-USD,000.999962,001.007576,00000.9995,21179859.68444,001.000437,414302084.07128
2021-11-03T08:00:02.667Z,-USD,000.999966,001.007576,00000.9995,21359486.57633,001.000005,414689927.88063
2021-11-03T09:00:02.682Z,-USD,000.999973,001.007576,00000.9995,21232696.82599,0000.99999,414907437.76842
2021-11-03T10:00:02.489Z,-USD,001.000488,001.007576,00000.9995,21184420.64675,001.000089,415203498.90878
2021-11-03T11:00:04.508Z,-USD,001.000666,001.007576,00000.9995,20744643.51607,001.000095,415567418.71697
2021-11-03T12:00:01.942Z,-USD,001.000542,001.007576,00000.9995,20546340.83815,001.000008,416008693.97286
2021-11-03T13:00:01.863Z,-USD,001.000303,001.007576,00000.9995,21203770.53257,000.999943,417694761.64132
2021-11-03T14:00:01.998Z,-USD,0001.00056,001.007576,000.999604,20813075.37055,00000001.0,418522080.37987
2021-11-03T15:00:02.207Z,-USD,001.000404,001.007576,0000.99954,20993711.29708,000.999897,419766404.89714
2021-11-03T16:00:01.68Z,-USD,001.000464,001.007576,0000.99954,19964510.86033,001.000105,420441295.40495
2021-11-03T17:00:03.277Z,-USD,001.000489,001.007576,0000.99954,19455862.8071,001.000119,421089506.25242
2021-11-03T18:00:01.882Z,-USD,001.000317,001.007576,0000.99954,19592211.56436,001.000333,421817405.13664
2021-11-03T19:00:02.278Z,-USD,001.000521,001.007576,0000.99954,20316296.51068,001.000744,423233727.4766
2021-11-03T20:00:02.568Z,-USD,001.000151,001.007576,0000.99954,21318579.57825,001.000052,424880191.40465
2021-11-03T21:00:01.933Z,-USD,001.000296,001.007576,0000.99954,21574406.37319,001.000087,425799724.52884
