Coin on file:	DASH
Created by:	chris
Created on:	09/18/2021T03:00:1631948402Z

Recorded,Currency,Open,High,Low,Volume,Last,Volume30day
2021-09-18T03:00:02.659Z,-USD,000205.603,000208.157,000194.727,9918.47625948,000202.704,525072.55793239
2021-09-18T04:00:01.983Z,-USD,0000207.35,000208.157,000194.727,9755.75054525,000202.644,525195.0751925
2021-09-18T05:00:02.052Z,-USD,0000207.35,000208.157,000194.727,9544.24258057,00000203.7,525389.38152897
2021-09-18T06:00:02.083Z,-USD,000207.665,000208.157,000194.727,10049.72316787,000204.973,526008.88234535
2021-09-18T07:00:02.385Z,-USD,000207.213,0000208.09,000194.727,9973.07764969,000204.037,526192.63942095
2021-09-18T08:00:02.626Z,-USD,000203.575,000206.357,000194.727,10069.59864347,0000204.76,526434.51978942
2021-09-18T09:00:01.852Z,-USD,0000206.27,000206.284,000194.727,10732.13426214,000204.507,527304.05008864
2021-09-18T10:00:01.968Z,-USD,000202.666,000206.265,000194.727,10722.91819829,000203.976,527421.31208864
2021-09-18T11:00:02.344Z,-USD,000198.987,000206.265,000194.727,9412.89966584,000204.146,527508.50608841
2021-09-18T12:00:02.46Z,-USD,000198.105,000206.265,000194.727,9353.94981724,000201.982,527704.0597573
2021-09-18T13:00:02.675Z,-USD,000199.443,000206.265,000194.727,9408.82185038,000203.162,528214.88550198
2021-09-18T14:00:01.88Z,-USD,000199.538,000206.265,000194.727,9394.04387386,000203.912,528387.88552546
2021-09-18T14:27:57.952Z,-USD,000201.023,000206.265,000194.727,8847.21015506,000205.028,528427.20110517
2021-09-18T14:28:37.246Z,-USD,000201.023,000206.265,000194.727,8874.92706304,000205.345,528454.91801315
2021-09-18T14:31:17.504Z,-USD,000201.023,000206.265,000194.727,8878.81806304,000205.263,528458.80901315
2021-09-18T15:00:02.118Z,-USD,000201.023,000206.265,000194.727,8921.19258862,000204.444,528501.18353873
2021-09-18T16:00:02.322Z,-USD,000200.253,000206.265,000194.727,9532.66288614,000203.014,529389.21258454
2021-09-18T17:00:02.107Z,-USD,000201.192,000206.265,000194.727,9715.71465161,000201.252,529774.74316057
2021-09-18T18:00:07.221Z,-USD,000198.128,000206.265,000194.727,9553.08238457,000201.996,529937.70856709
2021-09-18T19:00:01.787Z,-USD,000197.958,000206.265,000195.255,9077.00996065,000200.206,530177.26408671
2021-09-18T20:00:02.515Z,-USD,000200.357,000206.265,000195.255,9036.44096225,000200.244,530399.25195005
2021-09-18T21:00:02.121Z,-USD,00000197.3,000206.265,000195.255,9345.11244952,000197.875,531128.6332924
2021-09-18T22:00:02.335Z,-USD,000198.773,000206.265,000195.255,8964.13124205,000198.405,531477.76313808
2021-09-18T23:00:01.768Z,-USD,000197.107,000206.265,000195.255,8854.7838739,000199.141,531729.05196515
2021-09-19T00:00:02.394Z,-USD,0000199.48,000206.265,000195.255,8971.57979471,000199.562,531947.58221196
2021-09-19T01:00:02.002Z,-USD,000199.581,000206.265,000196.951,8796.43462715,000197.186,513868.93415005
2021-09-19T02:00:02.019Z,-USD,000200.903,000206.265,000195.866,8254.40434895,000198.305,514153.32692626
2021-09-19T03:00:02.664Z,-USD,000202.881,000206.265,000195.866,7425.61650682,000198.111,514232.16985606
2021-09-19T04:00:02.654Z,-USD,000202.626,000206.265,000195.866,7876.99299994,000197.021,514805.21460929
2021-09-19T05:00:02.407Z,-USD,000203.717,000206.265,000195.866,7948.20169177,000197.282,515092.87163759
2021-09-19T06:00:02.187Z,-USD,000205.231,000206.265,000195.866,7651.92295582,0000199.32,515399.21871802
2021-09-19T07:00:02.005Z,-USD,000204.528,000206.265,000195.866,7553.95380792,000199.565,515479.84064572
2021-09-19T08:00:02.143Z,-USD,000204.871,000206.265,000195.866,7473.68898505,000200.354,515641.41619132
2021-09-19T09:00:01.925Z,-USD,000204.347,000205.733,000195.866,6659.97222077,0000200.89,515719.55172626
2021-09-19T10:00:01.868Z,-USD,000204.808,000205.733,000195.866,6876.76222077,000200.162,516031.15072626
2021-09-19T11:00:02.48Z,-USD,000204.243,000205.733,000195.866,6803.582221,000199.424,516046.19172626
2021-09-19T12:00:02.523Z,-USD,000202.234,000205.733,000193.414,6924.33305558,000193.749,516361.49622973
2021-09-19T13:00:02.684Z,-USD,000203.081,000205.733,000193.363,6561.33637216,000194.876,516509.30629099
2021-09-19T14:00:02.607Z,-USD,0000203.87,000205.733,000193.363,6548.89865384,000195.589,516670.01359615
2021-09-19T15:00:02.684Z,-USD,000204.528,000204.908,000193.363,6889.19885767,000196.557,517124.35417782
2021-09-19T16:00:02.634Z,-USD,000203.452,000203.689,000193.363,6106.74613738,000197.766,517239.06913877
2021-09-19T17:00:02.62Z,-USD,00000201.0,000201.997,000193.363,5981.24473446,0000197.81,517496.73178089
2021-09-19T18:00:01.7Z,-USD,000201.765,000201.765,000193.363,6179.01144201,000196.325,517855.77642595
2021-09-19T19:00:01.839Z,-USD,000200.125,000201.186,000193.363,6150.24774252,0000197.26,518061.57524608
2021-09-19T20:00:01.841Z,-USD,000199.974,000201.186,000193.363,6229.36935765,0000195.29,518361.92072455
2021-09-19T21:00:02.299Z,-USD,000197.736,000201.186,000193.363,5747.2021608,000197.053,518609.92287005
2021-09-19T22:00:02.24Z,-USD,0000198.33,000201.186,000193.363,5432.04130856,000195.598,518739.64769056
2021-09-19T23:00:02.396Z,-USD,000199.883,000201.186,00000190.6,5766.00915744,000191.249,519228.48253944
2021-09-20T00:00:01.696Z,-USD,000199.524,000201.186,00000190.6,6600.12028913,0000192.69,520286.81191794
2021-09-20T01:00:01.876Z,-USD,000196.852,000201.186,0000186.68,7121.24689948,000187.544,502319.31803994
2021-09-20T02:00:02.151Z,-USD,000198.107,000201.186,000186.202,7479.67545916,000189.028,502956.43337583
2021-09-20T03:00:02.274Z,-USD,000198.222,000201.186,000180.732,9740.28451752,000181.479,505290.82336399
2021-09-20T04:00:02.153Z,-USD,000196.953,000201.186,0000177.37,11110.81777396,000180.814,507235.39037366
2021-09-20T05:00:01.965Z,-USD,000197.823,000201.186,0000177.37,11418.84215421,000182.609,507832.55678221
2021-09-20T06:00:01.919Z,-USD,000199.471,000201.186,0000177.37,11265.24257204,000182.084,507983.41328047
2021-09-20T07:00:02.042Z,-USD,000200.085,000201.186,0000177.37,11559.99852549,000181.072,508367.04016162
2021-09-20T08:00:02.121Z,-USD,000200.252,000201.186,000175.248,12485.88516452,000176.285,509481.56534625
2021-09-20T09:00:01.892Z,-USD,0000200.79,000201.089,000175.248,12786.59139995,000179.892,509824.51211662
2021-09-20T10:00:01.701Z,-USD,000200.081,000200.207,000175.248,12832.80178685,000178.272,510182.32250352
2021-09-20T11:00:02.361Z,-USD,000199.292,000199.292,000175.248,13374.83625341,000177.998,510739.63097008
2021-09-20T12:00:02.361Z,-USD,000193.458,000199.076,000171.177,14412.50358545,000173.709,512093.65880559
2021-09-20T13:00:02.403Z,-USD,000194.493,000199.076,000170.268,16729.10236022,000178.426,514559.75454479
2021-09-20T14:00:02.73Z,-USD,000195.428,000199.076,000170.268,17486.88904885,000182.519,515476.64863541
2021-09-20T15:00:01.832Z,-USD,00000196.3,000199.076,000170.268,17512.24126373,000179.043,515955.31243196
2021-09-20T16:00:02.357Z,-USD,000198.065,000199.076,000170.268,17768.47563734,000179.185,516326.15376652
2021-09-20T17:00:02.536Z,-USD,000198.396,000199.076,000170.268,18108.10446478,000178.501,516924.05423608
2021-09-20T18:00:02.544Z,-USD,000195.874,000198.134,000170.268,18253.0557804,0000179.25,517429.61419676
2021-09-20T19:00:02.469Z,-USD,000197.779,000198.134,000170.268,21218.59217032,000173.074,520630.74940681
2021-09-20T20:00:02.434Z,-USD,00000194.9,000197.787,000170.268,22116.62263164,0000175.04,521816.9223466
2021-09-20T21:00:02.46Z,-USD,000197.585,000197.787,000170.268,22531.80815827,000170.997,522463.13515682
2021-09-20T22:00:02.44Z,-USD,00000196.2,000196.757,000170.268,22704.72719794,000173.027,522769.77787891
2021-09-20T23:00:02.52Z,-USD,000191.229,000193.295,000170.268,22656.69279912,000171.603,523203.58653074
2021-09-21T00:00:02.956Z,-USD,000192.962,000193.295,000167.481,22747.8733026,000169.915,524353.06021095
2021-09-21T01:00:02.191Z,-USD,000186.879,000189.578,000158.972,26396.92771491,000163.874,516143.8625301
2021-09-21T02:00:01.777Z,-USD,000189.198,000189.578,000158.972,28161.86990227,000170.515,518544.49905335
2021-09-21T03:00:02.103Z,-USD,00000181.0,000183.291,000158.972,26246.02367058,000172.161,518967.50304757
2021-09-21T04:00:02.34Z,-USD,00000180.6,000183.291,000158.972,24668.85665994,000170.337,519333.35080885
2021-09-21T05:00:02.612Z,-USD,0000182.64,000183.291,000158.972,24223.46098411,000168.063,519486.74554157
2021-09-21T06:00:02.518Z,-USD,000182.048,000183.226,000158.972,25286.99948995,000171.704,520691.62054567
2021-09-21T07:00:02.272Z,-USD,000181.145,000183.226,000158.972,25870.7716466,000171.521,521660.12858347
2021-09-21T08:00:02.419Z,-USD,000177.333,000182.859,000158.972,24965.50372281,0000174.04,521894.77337262
2021-09-21T09:00:02.545Z,-USD,000179.486,000182.859,000158.972,24945.79380341,000174.607,522191.58369528
2021-09-21T10:00:02.395Z,-USD,000178.356,000182.859,000158.972,24756.97041651,0000173.74,522360.53469528
2021-09-21T11:00:02.6Z,-USD,000177.998,000182.859,000158.972,24343.35998559,000175.893,522504.31373092
2021-09-21T12:00:02.507Z,-USD,000173.501,000182.859,000158.972,23295.17588128,000174.835,522812.48146212
2021-09-21T13:00:02.679Z,-USD,000178.153,000182.859,000158.972,21276.61096249,000173.302,523257.82428253
2021-09-21T14:00:01.857Z,-USD,000182.016,0000182.27,000158.972,20621.50438573,000172.978,523522.34479639
2021-09-21T15:00:02.144Z,-USD,000178.771,000181.559,000158.972,20433.06885829,000170.827,523814.50401501
2021-09-21T16:00:02.617Z,-USD,00000178.8,000181.514,000158.972,20396.90558475,000173.173,524146.84812652
2021-09-21T17:00:03.462Z,-USD,000179.131,000179.723,000158.972,20186.88699134,000169.205,524534.87900267
2021-09-21T18:00:01.824Z,-USD,000179.358,000179.358,000158.972,22912.48536209,000165.653,527763.3243341
2021-09-21T19:00:02.438Z,-USD,000173.862,000176.808,000158.972,23004.24090761,000165.778,531056.19508967
2021-09-21T20:00:02.298Z,-USD,00000175.0,000176.808,000158.972,22543.58068723,000164.794,531787.49780908
2021-09-21T21:00:01.766Z,-USD,000172.346,000176.808,000158.972,22775.73987532,000160.089,532661.36680739
2021-09-21T22:00:02.225Z,-USD,000172.961,000176.808,000155.095,24985.96458496,000162.822,535177.02623912
2021-09-21T23:00:02.124Z,-USD,000171.969,000176.808,000155.095,25106.33879671,000156.838,535733.9071027
2021-09-22T00:00:02.323Z,-USD,0000170.07,000176.808,000155.068,24740.15008313,0000157.01,536514.87406933
2021-09-22T01:00:02.686Z,-USD,000164.323,000176.808,000154.129,22337.95867412,000156.499,499148.9654459
2021-09-22T02:00:01.838Z,-USD,00000170.0,000176.808,000154.129,21368.07745472,000162.131,500579.82774975
2021-09-22T03:00:02.496Z,-USD,000172.069,000176.808,000154.129,21341.5951576,000162.607,500983.61144685
2021-09-22T04:00:01.855Z,-USD,0000170.41,000176.808,000154.129,21230.20386907,00000162.0,501231.4149196
2021-09-22T05:00:01.961Z,-USD,000168.326,000176.808,000154.129,21661.48689882,0000160.67,501815.21568207
2021-09-22T06:00:02.356Z,-USD,000171.693,000176.808,000154.129,20694.02206781,000162.514,502067.00285516
2021-09-22T07:00:02.359Z,-USD,0000172.59,000176.808,000154.129,20156.47280007,000164.432,502483.81362522
2021-09-22T08:00:02.458Z,-USD,000174.222,000176.808,000154.129,20269.95919507,000166.027,502831.48980937
2021-09-22T09:00:03.657Z,-USD,000175.012,000176.808,000154.129,21283.1956254,000164.704,504144.96456236
2021-09-22T10:00:01.805Z,-USD,000174.248,000176.808,000154.129,21352.10164841,000165.249,504379.33758537
2021-09-22T11:00:02.368Z,-USD,000175.626,000176.808,000154.129,21367.58061277,000164.846,504542.81858537
2021-09-22T12:00:02.378Z,-USD,000174.847,000176.808,000154.129,21298.81882886,000164.042,504785.29504838
2021-09-22T13:00:02.638Z,-USD,000173.287,000174.387,000154.129,20968.00754531,000166.553,504895.96606952
2021-09-22T14:00:01.835Z,-USD,000172.928,000174.168,000154.129,21137.1857024,000167.381,505326.22574047
2021-09-22T15:00:01.945Z,-USD,000170.593,000174.168,000154.129,21527.79398938,000167.907,506009.13124607
2021-09-22T16:00:02.268Z,-USD,000173.251,000174.168,000154.129,22081.31610423,000170.635,506895.80347243
2021-09-22T17:00:02.156Z,-USD,000169.426,000171.967,000154.129,22298.29315344,000171.601,507499.87939779
2021-09-22T18:00:02.557Z,-USD,000165.732,000172.067,000154.129,19615.94820912,000169.495,508060.7777849
2021-09-22T19:00:02.158Z,-USD,000165.598,000176.001,000154.129,17586.75541471,0000170.89,509311.64274606
2021-09-22T20:00:02.676Z,-USD,00000164.1,000176.001,000154.129,17125.08847552,000172.323,509579.97552628
2021-09-22T21:00:01.933Z,-USD,000160.007,000176.001,000154.129,16550.85836299,0000173.57,509880.84741206
2021-09-22T22:00:02.514Z,-USD,00000162.7,000176.001,000154.129,14982.80676972,000173.748,510826.52825052
2021-09-22T23:00:02.005Z,-USD,000157.355,000176.258,000154.129,15179.36077497,000176.057,511580.01711935
2021-09-23T00:00:03.545Z,-USD,000157.341,000176.391,000154.129,14996.06384691,000175.546,512177.76015792
2021-09-23T01:00:02.49Z,-USD,000157.054,000176.559,000155.417,13257.81307322,000173.645,496366.40969712
2021-09-23T02:00:02.357Z,-USD,000162.673,000176.559,00000160.4,12015.72459028,0000175.66,496548.20451803
2021-09-23T03:00:02.712Z,-USD,000162.973,000177.312,00000160.4,12235.35607756,000176.245,497167.90300707
2021-09-23T04:00:01.926Z,-USD,000162.281,000177.875,00000160.4,12580.20694902,000176.721,497758.82204662
2021-09-23T05:00:02.221Z,-USD,000160.947,000177.875,00000160.7,12760.12714477,000175.893,498522.11600484
2021-09-23T06:00:02.32Z,-USD,000162.372,000177.875,00000160.7,13141.92435094,000173.643,499155.5733841
2021-09-23T07:00:03.134Z,-USD,000164.604,000177.875,00000163.0,12851.13665034,000174.947,499281.61745356
2021-09-23T08:00:02.122Z,-USD,000166.071,000177.875,00000163.0,12766.8957299,000175.654,499545.19371727
2021-09-23T09:00:02.3Z,-USD,000164.698,000177.875,00000163.0,11509.18501485,000173.271,499601.03075521
2021-09-23T10:00:02.464Z,-USD,000165.814,000177.875,00000163.0,12643.85717045,000174.084,500969.85193382
2021-09-23T11:00:05.825Z,-USD,000165.469,000184.615,00000163.0,14763.90420129,000180.683,503253.36996466
2021-09-23T12:00:02.063Z,-USD,000164.039,000184.615,000163.882,15484.31277819,000175.394,504216.72700457
2021-09-23T13:00:02.551Z,-USD,000165.993,000184.615,00000165.6,15547.54925517,000176.339,504399.58350269
2021-09-23T14:00:01.849Z,-USD,000167.731,000184.615,000166.845,15675.98755665,000179.679,504949.44747512
2021-09-23T15:00:02.469Z,-USD,000168.081,000184.615,0000168.08,15868.52263775,000182.545,505827.20606182
2021-09-23T16:00:01.835Z,-USD,000170.749,000184.615,000168.574,15463.02650153,000180.655,506308.45715196
2021-09-23T17:00:02.388Z,-USD,0000171.81,000184.615,000168.574,15287.00426255,000183.477,506739.62383834
2021-09-23T18:00:01.982Z,-USD,000169.164,000184.814,0000169.09,15858.96015361,0000183.49,507866.38511651
2021-09-23T19:00:01.805Z,-USD,00000170.8,000184.814,000170.447,15154.19501843,000183.998,508412.60194249
2021-09-23T20:00:02.516Z,-USD,000172.095,000184.814,00000171.2,15006.9945265,0000183.49,508535.67423078
2021-09-23T21:00:02.25Z,-USD,000173.435,000184.982,000171.995,16130.55386447,000182.479,509958.60145453
2021-09-23T22:00:02.175Z,-USD,000173.888,000184.982,000171.995,15690.87594414,0000181.79,510464.37237266
2021-09-23T23:00:01.951Z,-USD,000176.121,000184.982,000171.995,15121.3566972,000183.556,510648.31299455
2021-09-24T00:00:02.48Z,-USD,000175.282,000184.982,000171.995,14928.57412479,000184.763,511054.13097234
2021-09-24T01:00:02.228Z,-USD,00000173.1,000185.123,000171.995,15331.69023704,000182.299,496003.41155749
2021-09-24T02:00:02.084Z,-USD,000175.904,000185.123,000171.995,15472.37179281,000180.543,496327.66893417
2021-09-24T03:00:01.973Z,-USD,000176.406,000185.123,000171.995,15303.72370868,00000181.0,496776.93933908
2021-09-24T04:00:02.45Z,-USD,000176.461,000185.123,000171.995,14938.03442465,000179.942,497004.54888529
2021-09-24T05:00:02.206Z,-USD,000174.866,000185.123,000171.995,14611.42679651,000180.576,497589.34742468
2021-09-24T06:00:02.643Z,-USD,000173.542,000185.123,000171.995,14521.55197539,000180.907,497981.52198282
2021-09-24T07:00:02.623Z,-USD,000174.715,000185.123,000171.995,14690.03806384,000179.779,498379.61314073
2021-09-24T08:00:01.884Z,-USD,000175.687,000185.123,000171.995,14728.41780013,0000181.64,498577.93614073
2021-09-24T09:00:02.126Z,-USD,000173.216,000185.123,000171.995,14934.48178027,000179.612,498841.67415881
2021-09-24T10:00:02.248Z,-USD,000173.781,000185.123,000164.962,16413.53917416,000165.108,501697.13873131
2021-09-24T11:00:02.663Z,-USD,000180.472,000185.123,000162.329,15296.49643279,000163.519,502856.01702078
2021-09-24T12:00:02.133Z,-USD,000175.904,000185.123,000156.804,16114.05836123,000163.439,504635.44298913
2021-09-24T13:00:02.817Z,-USD,000176.689,000185.123,000156.804,16312.5591992,000160.159,505016.71932522
2021-09-24T14:00:02.591Z,-USD,000180.136,000185.123,000156.804,17314.74154508,000163.104,506589.36964353
2021-09-24T15:00:02.124Z,-USD,000182.461,000185.123,000156.804,18141.95644691,000164.788,508318.56813206
2021-09-24T16:00:01.961Z,-USD,000180.566,000185.123,000156.804,19978.91280296,000163.237,510594.38657825
2021-09-24T17:00:02.316Z,-USD,000183.945,000185.123,000156.804,19893.71940748,0000164.36,510945.99769659
2021-09-24T18:00:02.431Z,-USD,000183.353,000185.123,000156.804,18932.33595575,000162.141,511339.74197184
2021-09-24T19:00:02.41Z,-USD,000184.112,000185.123,000156.804,18945.41592379,000164.014,511662.30807148
2021-09-24T20:00:01.732Z,-USD,0000183.83,000185.123,000156.804,19174.52760075,000164.066,512019.83645486
2021-09-24T21:00:02.101Z,-USD,000182.891,000185.123,000156.804,18421.20491509,0000167.22,512684.10099295
2021-09-24T22:00:02.204Z,-USD,000182.151,000185.123,000156.804,18567.01568181,000167.279,513335.9336778
2021-09-24T23:00:01.997Z,-USD,000183.226,000185.123,000156.804,18693.47657925,000168.514,513646.09019713
2021-09-25T00:00:02.169Z,-USD,000184.843,000185.123,000156.804,18348.99199313,000165.603,513991.2775888
2021-09-25T01:00:02.578Z,-USD,000182.505,000183.449,000156.804,18222.51277907,000167.844,498455.52790176
2021-09-25T02:00:01.928Z,-USD,000180.628,000183.449,000156.804,18363.08607711,000166.336,498925.72557648
2021-09-25T03:00:01.987Z,-USD,000181.234,000183.449,000156.804,18210.89470498,000165.348,499217.45460926
2021-09-25T04:00:02.605Z,-USD,000180.119,000183.449,000156.804,18657.60288453,0000166.87,499892.50197179
2021-09-25T05:00:02.68Z,-USD,000180.341,000183.449,000156.804,18255.84262597,000166.346,500075.77361585
2021-09-25T06:00:02.668Z,-USD,000180.774,000183.449,000156.804,18059.12506783,000164.847,500270.17561585
2021-09-25T07:00:01.846Z,-USD,000179.624,000183.449,000156.804,17715.90338282,000166.745,500328.09408875
2021-09-25T08:00:01.884Z,-USD,0000182.31,000183.449,000156.804,17662.92438026,000163.061,500472.32908619
2021-09-25T09:00:02.034Z,-USD,000179.598,000179.598,000156.804,17881.20721805,000163.888,500954.51694206
2021-09-25T10:00:01.83Z,-USD,000164.725,000171.941,000156.804,15678.23115538,000169.841,501615.34014621
2021-09-25T11:00:02.586Z,-USD,000163.734,000171.941,000156.804,14967.13324121,000169.047,502052.69482719
2021-09-25T12:00:02.497Z,-USD,0000162.99,000171.941,000157.892,13279.68131646,000166.362,502144.65287079
2021-09-25T13:00:02.182Z,-USD,000160.471,000171.941,000157.892,13018.33305233,000165.538,502264.65194275
2021-09-25T14:00:02.678Z,-USD,0000163.04,000171.941,000159.437,11622.49043476,0000166.07,502442.48064349
2021-09-25T15:00:02.678Z,-USD,00000164.5,000171.941,000159.437,10290.64979027,000163.602,502839.71348753
2021-09-25T16:00:01.769Z,-USD,000162.681,000171.941,000159.437,8494.22748043,000165.399,503318.46062388
2021-09-25T17:00:02.512Z,-USD,000163.983,000171.941,000159.437,8353.43924657,000164.617,503528.96550836
2021-09-25T18:00:01.743Z,-USD,000162.944,000171.941,000159.437,8121.5538748,000164.464,503693.06441184
2021-09-25T19:00:01.831Z,-USD,000163.581,000171.941,000159.437,8047.62505301,000164.498,503941.75368969
2021-09-25T20:00:02.078Z,-USD,000164.707,000171.941,000159.437,8075.89410517,000164.775,504326.25349084
2021-09-25T21:00:02.047Z,-USD,000167.433,000171.941,000159.437,7623.59293269,000164.199,504537.62749084
2021-09-25T22:00:01.967Z,-USD,000167.562,000171.941,000159.437,7135.96361072,000163.591,504703.54085372
2021-09-25T23:00:02.555Z,-USD,000167.492,000171.941,000159.437,7085.59084691,000164.983,504977.14660924
2021-09-26T00:00:01.749Z,-USD,000165.719,000171.941,000159.437,6932.6166315,000164.481,505163.7297855
2021-09-26T01:00:01.825Z,-USD,000168.134,000171.941,000159.437,7021.92884132,000160.682,487729.42672032
2021-09-26T02:00:02.1Z,-USD,000166.383,000171.941,000158.814,6832.60336872,000159.607,488007.38992244
2021-09-26T03:00:01.99Z,-USD,0000165.28,000171.941,000157.429,7224.61984296,000158.618,488691.98242946
2021-09-26T04:00:02.515Z,-USD,0000166.63,000171.941,000157.429,6870.11138631,000159.742,489011.61733534
2021-09-26T05:00:01.75Z,-USD,000166.914,000171.941,000157.429,6849.05796973,000159.763,489174.23456282
2021-09-26T06:00:02.535Z,-USD,000165.098,000171.941,000157.429,6694.13702227,000159.923,489213.86261536
2021-09-26T07:00:02.664Z,-USD,000166.823,000171.941,000157.429,6683.67826162,000158.983,489265.15032761
2021-09-26T08:00:02.631Z,-USD,000163.193,000171.941,0000151.55,7852.66821266,0000152.78,490573.82733539
2021-09-26T09:00:02.674Z,-USD,000164.695,000171.941,000150.837,8216.52519839,000152.471,491421.32611769
2021-09-26T10:00:01.845Z,-USD,000170.224,000171.085,000150.837,8145.58221032,000161.073,492010.13833377
2021-09-26T11:00:01.798Z,-USD,0000168.78,0000168.78,000150.837,8247.64352934,000161.409,492549.43633377
2021-09-26T12:00:02.079Z,-USD,000165.727,000167.415,000150.837,8543.6069266,000162.012,492937.69277463
2021-09-26T13:00:02.198Z,-USD,000165.017,000167.415,000150.837,8572.45010245,0000163.31,493088.01502244
2021-09-26T14:00:02.218Z,-USD,00000165.5,000166.398,000150.837,8491.92289223,000162.669,493196.20051296
2021-09-26T15:00:02.375Z,-USD,000163.169,000166.398,000150.837,8610.33260647,000163.342,493805.17807124
2021-09-26T16:00:02.518Z,-USD,000165.345,000165.591,000150.837,8784.37162289,000164.487,494366.93022401
2021-09-26T17:00:02.496Z,-USD,000164.499,000165.512,000150.837,9066.956402,000162.524,494848.0978876
2021-09-26T18:00:01.767Z,-USD,000164.285,000165.512,000150.837,9069.81645089,000162.496,495012.18383997
2021-09-26T19:00:01.978Z,-USD,000163.828,000165.477,000150.837,8919.90009234,000163.368,495110.48675927
2021-09-26T20:00:02.12Z,-USD,00000164.0,0000165.31,000150.837,8949.20429119,000163.028,495525.13775927
2021-09-26T21:00:02.114Z,-USD,000163.968,0000165.31,000150.837,8912.504692,000164.022,495701.94716008
2021-09-26T22:00:02.208Z,-USD,000163.898,0000165.31,000150.837,8813.71083596,000163.273,495766.58266692
2021-09-26T23:00:02.421Z,-USD,000165.209,0000165.31,000150.837,8815.772059,000160.624,496041.96464548
2021-09-27T00:00:02.585Z,-USD,0000164.36,000165.304,000150.837,8998.23811482,000161.883,496410.79787756
2021-09-27T01:00:01.792Z,-USD,000161.765,000165.411,000150.837,8852.74641933,000165.166,487550.33037352
2021-09-27T02:00:01.815Z,-USD,000159.607,000167.592,000150.837,9735.27862449,000167.156,488727.5167808
2021-09-27T03:00:01.926Z,-USD,0000158.55,000167.592,000150.837,9320.09091285,000166.303,488966.19857618
2021-09-27T04:00:02.541Z,-USD,000159.442,000167.592,000150.837,9522.25278477,000164.589,489488.96535398
2021-09-27T05:00:02.144Z,-USD,000159.977,000167.592,000150.837,9473.21378679,000163.927,489601.56358348
2021-09-27T06:00:02.117Z,-USD,000160.082,000167.592,000150.837,9478.88102926,000164.413,489646.95487849
2021-09-27T07:00:02.227Z,-USD,000158.695,000167.592,000150.837,9535.62711115,000162.546,489755.24967263
2021-09-27T08:00:02.214Z,-USD,000152.528,000167.592,000150.837,8506.45966241,000162.706,490063.82823167
2021-09-27T09:00:02.262Z,-USD,000152.935,000167.592,000152.746,7863.21388011,000163.037,490268.93123167
2021-09-27T10:00:02.303Z,-USD,000161.416,000167.592,000158.879,7591.78171248,000161.661,490557.27828012
2021-09-27T11:00:01.866Z,-USD,000161.215,000167.592,000158.879,7287.16024496,000162.219,490790.8838126
2021-09-27T12:00:01.882Z,-USD,000162.414,000167.592,000158.879,7109.33733399,000163.564,491001.14034249
2021-09-27T13:00:02.11Z,-USD,000163.919,000167.592,000158.879,7413.66526388,000161.375,491455.91452019
2021-09-27T14:00:02.199Z,-USD,000162.708,000167.592,000158.879,7674.77206778,000160.761,491826.07681461
2021-09-27T15:00:02.738Z,-USD,0000163.55,000167.592,000158.753,8097.8551624,000158.792,492857.15346751
2021-09-27T16:00:02.049Z,-USD,000164.541,000167.592,000158.413,8090.60361598,000159.813,493411.76507386
2021-09-27T17:00:02.063Z,-USD,000163.026,000167.592,000156.646,8092.2562005,000157.576,493894.60132197
2021-09-27T18:00:02.964Z,-USD,000163.175,000167.592,000156.646,8294.66219406,000157.297,494261.0062679
2021-09-27T19:00:02.296Z,-USD,000163.184,000167.592,000156.621,8464.4898842,000157.016,494529.12187734
2021-09-27T20:00:02.256Z,-USD,000163.416,000167.592,000156.064,8940.04382796,000157.094,495429.9638211
2021-09-27T21:00:02.424Z,-USD,000163.548,000167.592,000154.171,9925.42781522,000154.964,496583.42170312
2021-09-27T22:00:02.669Z,-USD,000163.298,000167.592,000154.171,10029.48649941,000157.605,496750.1744002
2021-09-27T23:00:01.766Z,-USD,000159.831,000167.592,000154.171,10054.26540937,0000157.79,497052.98728872
2021-09-28T00:00:02.209Z,-USD,000161.823,000167.592,000153.551,10036.63120433,000153.793,497401.58431576
2021-09-28T01:00:02.458Z,-USD,000164.689,000167.592,000153.115,10329.20323433,000154.601,481632.69246148
2021-09-28T02:00:01.85Z,-USD,000167.127,000167.464,000153.115,9464.7545394,000157.058,481947.93817383
2021-09-28T03:00:01.975Z,-USD,000166.421,0000166.44,000153.115,9778.21805725,000157.041,482497.11348706
2021-09-28T04:00:02.216Z,-USD,000164.748,0000165.31,000153.115,9476.95253294,000157.003,482723.21574055
2021-09-28T05:00:01.939Z,-USD,000164.266,0000165.31,000153.115,9465.84835202,000157.285,482823.99378913
2021-09-28T06:00:02.042Z,-USD,000164.921,0000165.31,000153.115,9767.45635609,000155.919,483167.83808821
2021-09-28T07:00:02.341Z,-USD,000162.619,000164.907,000153.115,9768.39436614,000155.442,483302.1638924
2021-09-28T08:00:02.528Z,-USD,000162.625,000164.907,000153.115,9670.1940721,000153.684,483487.1831574
2021-09-28T09:00:02.378Z,-USD,000163.696,000164.907,000153.115,9523.00010831,000154.973,483612.57024206
2021-09-28T10:00:02.386Z,-USD,000162.261,000163.778,000153.115,10087.93210831,000154.616,484398.98424206
2021-09-28T11:00:02.074Z,-USD,000162.481,000163.778,000153.115,10031.00484398,000154.395,484581.62551021
2021-09-28T12:00:02.338Z,-USD,000163.602,000163.778,000153.115,9983.26287455,000156.707,484737.13407067
2021-09-28T13:00:02.449Z,-USD,000161.329,000163.349,000153.115,9673.57968303,000155.524,484882.39305685
2021-09-28T14:00:02.665Z,-USD,000160.177,000163.349,000153.115,9706.21955227,0000156.49,485333.6362135
2021-09-28T15:00:01.936Z,-USD,000159.017,000160.253,000152.555,9446.38311268,000153.071,486068.61943382
2021-09-28T16:00:02.569Z,-USD,0000159.64,000160.253,000151.453,9276.84666514,000151.728,486441.46659263
2021-09-28T17:00:02.866Z,-USD,000157.622,0000158.83,00000150.3,9230.5482929,0000150.45,486877.9644685
2021-09-28T18:00:02.31Z,-USD,000157.157,0000158.83,000146.567,10139.81392879,000147.735,488153.86905032
2021-09-28T19:00:02.452Z,-USD,000156.824,0000158.83,000146.425,10649.17276214,000149.479,488935.96513055
2021-09-28T20:00:02.524Z,-USD,000156.949,0000158.83,000146.425,10140.47106152,000149.099,489356.41573625
2021-09-28T21:00:02.277Z,-USD,000154.956,0000158.83,000146.425,9588.5068022,000150.157,489924.67835895
2021-09-28T22:00:01.703Z,-USD,000157.384,0000158.83,000146.425,9904.0731544,0000150.87,490407.04440823
2021-09-28T23:00:02.446Z,-USD,000157.979,000158.469,000146.425,9951.92346394,00000148.9,490757.58760629
2021-09-29T00:00:02.799Z,-USD,000153.815,000158.469,000146.425,10064.03483631,0000147.16,491218.2960057
2021-09-29T01:00:02.151Z,-USD,000154.587,000158.469,000146.425,9984.22301818,000149.934,471451.778257
2021-09-29T02:00:01.875Z,-USD,0000157.14,000158.469,000146.425,10026.46730449,000150.913,471805.22525566
2021-09-29T03:00:02.624Z,-USD,000157.111,000158.339,000146.425,9793.86933871,00000152.3,472132.09360311
2021-09-29T04:00:02.225Z,-USD,000156.975,000158.339,000146.425,9761.93939933,000153.174,472320.96491722
2021-09-29T05:00:01.856Z,-USD,000156.878,000158.339,000146.425,9877.22310161,000154.107,472532.05566808
2021-09-29T06:00:02.48Z,-USD,000156.143,000158.339,000146.425,9744.04980253,000153.931,472742.70766808
2021-09-29T07:00:02.046Z,-USD,000155.815,000158.339,000146.425,9675.70999834,000154.788,472808.71966808
2021-09-29T08:00:02.639Z,-USD,000154.073,000158.339,000146.425,9568.56461399,000154.882,472887.21529621
2021-09-29T09:00:02.32Z,-USD,000155.288,000158.339,000146.425,9545.08533871,000153.783,472993.36235811
2021-09-29T10:00:02.706Z,-USD,000154.555,000158.339,000146.425,9274.38377253,000155.467,473504.21379193
2021-09-29T11:00:03.436Z,-USD,000154.266,000158.339,000146.425,9169.88156706,0000156.35,473582.32685461
2021-09-29T12:00:02.427Z,-USD,000156.656,000159.662,000146.425,9485.78452572,0000156.66,474053.89837373
2021-09-29T13:00:02.041Z,-USD,000155.493,000159.662,000146.425,10021.18886749,000155.878,474734.41870168
2021-09-29T14:00:02.192Z,-USD,00000156.1,0000160.92,000146.425,10314.45327549,000157.757,475482.61326633
2021-09-29T15:00:02.089Z,-USD,000153.112,0000160.92,000146.425,10105.12079724,000157.349,476005.8500084
2021-09-29T16:00:01.756Z,-USD,00000151.2,0000160.92,000146.425,10109.59986617,000154.413,476384.39523614
2021-09-29T17:00:02.569Z,-USD,000150.217,0000160.92,000146.425,9831.29760295,000154.152,476546.42137414
2021-09-29T18:00:02.127Z,-USD,000147.291,0000160.92,000146.425,8752.53974717,000152.722,476740.4947547
2021-09-29T19:00:01.734Z,-USD,0000149.29,0000160.92,000146.559,8183.8306784,000151.677,476951.96158629
2021-09-29T20:00:02.534Z,-USD,000149.172,0000160.92,000146.559,9036.27132274,000151.878,478224.83883633
2021-09-29T21:00:02.245Z,-USD,000149.908,0000160.92,000146.559,8905.02286214,000151.234,478670.51099843
2021-09-29T22:00:02.118Z,-USD,000150.761,0000160.92,000146.559,9052.43613883,000150.868,479290.3003244
2021-09-29T23:00:02.473Z,-USD,000148.769,0000160.92,000146.559,8931.33933818,000151.745,479520.22272181
2021-09-30T20:00:24.953Z,-USD,0000151.93,000169.831,00000150.0,11230.68767655,000164.064,472614.22636777
2021-09-30T21:00:01.877Z,-USD,0000151.05,000169.831,000150.327,11137.83324506,000163.318,472964.68709838
2021-09-30T22:00:01.971Z,-USD,000151.085,000169.831,000150.327,10805.53693502,000164.503,473253.57011431
2021-09-30T23:00:01.898Z,-USD,000151.483,000169.831,000151.167,10918.54266049,00000165.0,473595.17123719
2021-10-01T00:00:02.236Z,-USD,000152.525,000169.831,000151.965,11789.72482193,000166.003,474963.44206917
2021-10-01T01:00:02.43Z,-USD,000155.699,000169.831,000155.004,11778.60370848,000165.873,455025.29383977
2021-10-01T02:00:01.807Z,-USD,000157.692,000169.831,000156.003,11712.21990226,000165.688,455307.97015964
2021-10-01T03:00:02.143Z,-USD,0000159.33,000169.831,000156.003,11667.70876947,000163.621,455804.33669231
2021-10-01T04:00:01.981Z,-USD,000159.763,000169.831,000156.003,11272.48868929,000164.398,455959.95011558
2021-10-01T05:00:01.806Z,-USD,000159.024,000169.831,000156.003,11395.58358103,000164.397,456251.79172864
2021-10-01T06:00:01.719Z,-USD,000158.284,000169.831,000156.003,11219.32633234,000166.079,456595.90492605
2021-10-01T07:00:02.628Z,-USD,000157.716,000169.831,000156.003,11388.96902601,000166.829,456945.53361972
2021-10-01T08:00:02.645Z,-USD,000158.351,0000170.91,000156.003,12633.19824733,000170.153,458292.30484104
2021-10-01T09:00:02.609Z,-USD,000157.846,000171.281,000157.067,12860.71866433,000171.281,458721.71525804
2021-10-01T10:00:02.404Z,-USD,000158.602,000171.325,000157.067,13016.70374894,000170.027,458991.92547402
2021-10-01T11:00:02.164Z,-USD,0000157.56,000175.767,0000157.56,15212.10542155,000173.804,461446.92914631
2021-10-01T12:00:02.314Z,-USD,000159.348,000175.767,000158.942,15598.25072203,000174.869,461989.72544679
2021-10-01T13:00:02.328Z,-USD,000159.374,000175.767,000158.942,15565.30497682,000172.767,462283.79164845
2021-10-01T14:00:02.419Z,-USD,000159.953,000175.767,000159.306,14803.03514945,000171.042,462870.45720979
2021-10-01T15:00:02.422Z,-USD,000159.492,000175.767,000159.488,15132.9630091,000172.618,463466.74787312
2021-10-01T16:00:02.633Z,-USD,000160.917,000175.767,000159.488,15059.30410855,000174.023,463833.08613222
2021-10-01T17:00:01.817Z,-USD,000159.998,000175.767,000159.736,15344.71067916,000174.807,464378.18833939
2021-10-01T18:00:02.137Z,-USD,000160.884,000175.767,000160.684,15515.53055446,000175.448,464838.64487471
2021-10-01T19:00:02.528Z,-USD,000166.397,000176.924,000162.575,15146.4981668,000175.859,466697.46641404
2021-10-01T20:00:02.642Z,-USD,000164.396,000176.939,000162.575,14648.48476213,000176.592,467023.85623795
2021-10-01T21:00:01.797Z,-USD,000163.093,000176.939,000163.093,14684.89368449,0000175.43,467410.87189092
2021-10-01T22:00:01.864Z,-USD,000164.569,000176.962,000163.444,14628.47528056,000176.148,467648.32850292
2021-10-01T23:00:01.744Z,-USD,0000164.88,000177.945,000163.444,15939.66320188,000174.519,469296.95654712
2021-10-02T00:00:02.671Z,-USD,000166.329,000177.945,000163.444,14878.84452262,000177.009,469605.80269984
2021-10-02T01:00:02.583Z,-USD,000165.242,000177.945,000163.444,15232.81855054,000175.268,454864.71802775
2021-10-02T02:00:01.75Z,-USD,000165.998,000177.945,000163.444,15168.70951786,000175.374,455089.39633923
2021-10-02T03:00:01.917Z,-USD,000163.885,000177.945,000163.451,15088.19429529,0000174.36,455499.70362504
2021-10-02T04:00:02.267Z,-USD,000164.677,000177.945,000163.841,15351.86539855,000172.636,455918.42115157
2021-10-02T05:00:01.935Z,-USD,000164.467,000177.945,0000163.99,15515.61544295,000172.897,456376.13480903
2021-10-02T06:00:02.018Z,-USD,000166.121,000177.945,000165.407,15550.33126917,000173.591,456753.74183266
2021-10-02T07:00:02.099Z,-USD,000166.461,000177.945,000165.927,15270.4241062,000173.914,456836.13536336
2021-10-02T08:00:01.754Z,-USD,000169.991,000177.945,000169.419,14040.3619797,000174.653,456942.69245818
2021-10-02T09:00:02.683Z,-USD,000170.961,000177.945,000169.771,13733.41251303,000174.169,457064.59440851
2021-10-02T10:00:02.272Z,-USD,000170.287,000177.945,000169.827,13505.46429705,000175.114,457125.41340851
2021-10-02T11:00:02.409Z,-USD,000173.804,000177.945,000170.672,11209.88995508,000173.485,457267.02273883
2021-10-02T12:00:02.429Z,-USD,000175.032,000177.945,000170.672,10821.0117934,000174.995,457420.16787763
2021-10-02T13:00:02.295Z,-USD,000173.407,000177.945,000170.672,10630.39403931,000176.089,457533.6343252
2021-10-02T14:00:02.394Z,-USD,000171.081,000178.409,00000170.8,10968.78489274,000176.273,458472.00873997
2021-10-02T15:00:02.37Z,-USD,000172.596,0000179.33,000171.802,11294.20685652,000179.089,459368.61036708
2021-10-02T16:00:02.284Z,-USD,000174.163,000179.909,000171.802,11279.28158976,000179.573,459724.20335942
2021-10-02T17:00:01.853Z,-USD,000174.928,000180.736,000171.802,11610.92995959,000180.469,460595.90193642
2021-10-02T18:00:01.996Z,-USD,000175.239,0000181.79,000171.802,12843.43265147,000180.358,462291.68872801
2021-10-02T19:00:03.21Z,-USD,000175.879,0000181.79,000171.802,11315.09801031,000181.214,462620.92906179
2021-10-02T20:00:02.449Z,-USD,000176.648,000183.184,000171.802,11890.85980254,000182.235,463525.03967793
2021-10-02T21:00:02.484Z,-USD,000175.799,000183.184,000171.802,11721.74855508,0000180.44,463740.01534786
2021-10-02T22:00:02.619Z,-USD,000176.453,000183.184,000171.802,11683.0168067,000181.491,463963.30687664
2021-10-02T23:00:02.232Z,-USD,000174.431,000183.184,000171.802,10937.47745863,000181.007,464863.37564319
2021-10-03T01:00:02.643Z,-USD,0000175.25,000183.184,000171.802,11170.67254759,000175.297,448899.47220259
2021-10-03T02:00:02.455Z,-USD,000174.849,000183.184,000171.802,11497.70326975,000175.489,449469.18723623
2021-10-03T03:00:02.212Z,-USD,000174.276,000183.184,000171.802,11388.20910182,000176.053,449743.74335411
2021-10-03T04:00:02.056Z,-USD,000172.596,000183.184,000171.802,11152.46696718,000176.652,449923.65740854
2021-10-03T05:00:02.271Z,-USD,000172.643,000183.184,00000172.6,10826.35723782,0000176.27,450077.7736741
2021-10-03T06:00:01.704Z,-USD,000173.178,000183.184,00000172.6,10644.99461842,000177.054,450252.75907833
2021-10-03T07:00:02.137Z,-USD,0000174.08,000183.184,00000172.6,10714.2713328,000176.852,450402.90232341
2021-10-03T08:00:01.747Z,-USD,000174.531,000183.184,00000172.6,10757.5923008,000175.723,450552.61638623
2021-10-03T09:00:02.23Z,-USD,000174.217,000183.184,00000172.6,10699.62635047,0000176.11,450617.24338623
2021-10-03T10:00:01.83Z,-USD,000175.046,000183.184,00000172.6,10748.86778371,000174.579,450728.60081947
2021-10-03T11:00:02.311Z,-USD,000173.732,000183.184,00000172.6,10671.60833762,0000174.73,450790.7887037
2021-10-03T12:00:02.605Z,-USD,000175.234,000183.184,000173.853,10625.72919882,000178.487,450898.9267037
2021-10-03T13:00:02.294Z,-USD,000176.167,000183.184,000173.853,10662.18375565,000178.427,451049.9267081
2021-10-03T14:00:02.107Z,-USD,000176.921,000183.184,000173.853,9945.24805771,000179.714,451278.60942493
2021-10-03T15:00:01.771Z,-USD,000179.496,000183.184,000173.853,9596.57652696,000177.472,451819.81752129
2021-10-03T16:00:02.635Z,-USD,000179.766,000183.184,000173.853,9589.77468216,000175.914,452176.78766883
2021-10-03T17:00:02.595Z,-USD,000180.679,000183.184,000173.853,8830.45761096,000177.094,452283.80517463
2021-10-03T18:00:02.164Z,-USD,000180.518,000183.184,000173.853,7435.84863443,000179.183,452579.76698969
2021-10-03T19:00:02.339Z,-USD,000181.841,000183.184,000173.853,8299.07340949,000180.166,453797.82609853
2021-10-03T20:00:02.394Z,-USD,000182.263,000182.263,000173.853,7913.50579086,000180.283,454291.18009604
2021-10-03T21:00:02.153Z,-USD,000180.513,000182.224,000173.853,8209.50568542,000178.503,454802.89166053
2021-10-03T22:00:02.068Z,-USD,000181.491,000182.224,000173.853,8273.77168823,0000175.67,455329.37819212
2021-10-03T23:00:01.757Z,-USD,00000180.9,000182.119,000173.853,8245.90977909,000176.997,455970.33904953
2021-10-04T00:00:01.766Z,-USD,000177.787,000182.119,000173.853,7749.28058028,000177.857,456140.19125839
2021-10-04T01:00:01.911Z,-USD,0000174.71,000182.119,000173.853,7731.63853808,000174.977,443154.18568441
2021-10-04T02:00:02.161Z,-USD,000175.563,000182.119,000173.337,7404.57515544,000174.408,443376.98333541
2021-10-04T03:00:02.437Z,-USD,000175.838,000182.119,000172.394,7665.33518549,000172.394,443913.07348334
2021-10-04T04:00:02.577Z,-USD,0000176.46,000182.119,000170.884,7776.17197614,000171.355,444203.99632842
2021-10-04T05:00:02.206Z,-USD,0000175.97,000182.119,0000169.92,8302.88066586,000172.392,444890.18505171
2021-10-04T06:00:02.478Z,-USD,00000177.0,000182.119,0000169.92,8242.97178258,000172.434,445019.54480465
2021-10-04T07:00:02.295Z,-USD,000176.729,000182.119,0000169.92,8503.7975375,000172.347,445409.77580465
2021-10-04T08:00:02.455Z,-USD,000175.654,000182.119,0000169.92,8503.51946888,000173.581,445578.59379885
2021-10-04T09:00:02.365Z,-USD,000175.651,000182.119,0000169.92,8611.51440466,000171.995,445731.86773463
2021-10-04T10:00:02.176Z,-USD,000174.354,000182.119,0000169.92,8627.08898039,000172.613,445859.2957436
2021-10-04T11:00:02.405Z,-USD,000175.948,000182.119,0000169.92,8618.91094602,000172.119,445913.61859346
2021-10-04T12:00:02.181Z,-USD,000177.841,000182.119,00000169.3,8811.89652094,000171.319,446224.32716838
2021-10-04T13:00:03.229Z,-USD,0000178.01,000182.119,00000169.3,8832.1724353,000172.901,446399.32372726
2021-10-04T14:00:02.249Z,-USD,000179.714,000182.119,00000169.3,9288.52792001,000174.779,447075.48028868
2021-10-04T15:00:02.514Z,-USD,000177.874,000182.119,00000169.3,9040.40655707,000170.988,447373.1430221
2021-10-04T16:00:01.811Z,-USD,000176.664,000182.119,000168.089,9123.7255318,000170.824,447809.60914437
2021-10-04T17:00:01.975Z,-USD,000176.979,000182.119,000168.089,9623.39227556,000174.996,448424.37539393
2021-10-04T18:00:02.628Z,-USD,000179.378,000182.119,000168.089,9806.47923137,000175.845,448892.88663594
2021-10-04T19:00:02.19Z,-USD,000180.128,000182.119,000168.089,9407.4532889,000176.635,449715.18933117
2021-10-04T20:00:02.612Z,-USD,000179.955,000180.895,000168.089,9410.60914993,000176.145,450204.94218971
2021-10-04T21:00:02.314Z,-USD,000178.309,000180.201,000168.089,9704.66793162,000173.857,451013.04753589
2021-10-04T22:00:02.616Z,-USD,000175.746,000180.201,000168.089,9835.27817583,000173.734,451703.20731169
2021-10-04T23:00:01.945Z,-USD,000176.971,000180.201,000168.089,10150.04474561,000173.751,452624.99773888
2021-10-05T00:00:01.829Z,-USD,0000178.06,000180.201,000168.089,10266.21401178,000173.877,452915.47421391
2021-10-05T01:00:01.97Z,-USD,000174.431,000180.201,000168.089,11458.40929548,000175.528,440064.01607227
2021-10-05T02:00:02.235Z,-USD,000174.331,000180.201,000168.089,12055.18249048,000173.875,440885.87689712
2021-10-05T03:00:02.364Z,-USD,000172.504,000180.201,000168.089,12019.63232322,000173.445,441390.19587779
2021-10-05T04:00:02.384Z,-USD,00000171.1,000180.201,000168.089,12058.59962814,000174.223,441716.73802779
2021-10-05T05:00:01.837Z,-USD,000172.627,000180.201,000168.089,11688.68038889,000171.999,442033.10751183
2021-10-05T06:00:01.692Z,-USD,000171.865,000180.201,000168.089,11886.01012017,000173.972,442415.93799605
2021-10-05T07:00:02.624Z,-USD,000171.762,000180.201,000168.089,11671.22562513,000174.244,442556.93250101
2021-10-05T08:00:02.359Z,-USD,000174.237,000180.201,000168.089,11848.7044113,000174.827,442892.88228138
2021-10-05T09:00:02.454Z,-USD,000172.175,000180.201,000168.089,11833.71263552,000175.397,443018.56244138
2021-10-05T10:00:02.347Z,-USD,000173.085,000180.201,000168.089,12048.1430742,000176.405,443365.85388903
2021-10-05T11:00:02.138Z,-USD,000171.443,000180.201,000168.089,12340.13083202,000176.677,443705.11049671
2021-10-05T12:00:02.334Z,-USD,000170.565,000180.201,000168.089,12261.73306976,000176.173,443938.52330937
2021-10-05T13:00:02.277Z,-USD,000173.076,000180.201,000168.089,12220.69436905,000176.029,444072.57386946
2021-10-05T14:00:02.345Z,-USD,000175.641,000180.201,000168.089,12267.05271432,000177.214,444802.82707423
2021-10-05T15:00:02.507Z,-USD,00000169.9,000180.201,000168.089,12757.61780613,000174.144,445582.62189946
2021-10-05T16:00:02.682Z,-USD,00000171.6,000180.201,000171.332,12774.15604365,000173.903,446062.01125925
2021-10-05T17:00:02.625Z,-USD,000174.839,000180.201,000171.843,12657.13790711,000174.643,446533.05637227
2021-10-05T18:00:02.044Z,-USD,000175.888,000180.201,000171.843,12955.60900343,000175.316,447302.4557106
2021-10-05T19:00:02.356Z,-USD,0000176.91,000178.564,000171.843,12689.73970466,000178.257,447859.83810706
2021-10-05T20:00:02.651Z,-USD,000176.654,000180.527,000171.843,12859.59676069,000179.967,448518.36302163
2021-10-05T21:00:01.92Z,-USD,000173.684,000181.627,000171.843,13659.21499956,000180.332,450125.36430671
2021-10-05T22:00:02.228Z,-USD,000173.826,0000184.69,000171.843,14224.5927884,000182.655,451385.05017132
2021-10-05T23:00:02.554Z,-USD,000173.478,00000184.9,000171.843,13650.42970184,000183.012,451737.80951195
2021-10-06T00:00:02.48Z,-USD,000174.574,00000184.9,000171.843,13630.72886191,000182.279,451998.73814705
2021-10-06T01:00:03.848Z,-USD,000175.764,0000185.58,000171.843,12937.48159598,0000182.66,437789.89750111
2021-10-06T02:00:02.558Z,-USD,000174.485,0000185.58,000171.843,12751.97718241,000181.895,438424.78091239
2021-10-06T03:00:02.558Z,-USD,000173.573,0000185.58,000171.843,12429.85783473,000182.695,438609.22254538
2021-10-06T04:00:02.525Z,-USD,000174.192,0000185.58,000171.843,12353.11217236,000181.153,438862.77103301
2021-10-06T05:00:02.242Z,-USD,000171.913,0000185.58,000171.913,12457.14258643,000180.285,439277.11974005
2021-10-06T06:00:02.1Z,-USD,000173.841,0000185.58,000172.926,12190.73144571,000179.603,439393.53927462
2021-10-06T07:00:01.857Z,-USD,000174.558,0000185.58,000172.926,12153.47976902,0000180.02,439499.04410289
2021-10-06T08:00:01.881Z,-USD,000174.719,0000185.58,000172.926,12021.23068546,000177.519,439707.3147997
2021-10-06T09:00:01.785Z,-USD,000175.354,0000185.58,000172.232,12230.94259954,000173.304,440038.41687378
2021-10-06T10:00:01.918Z,-USD,000176.258,0000185.58,00000170.8,12209.74805672,000172.006,440365.24777861
2021-10-06T11:00:02.583Z,-USD,000176.863,0000185.58,00000170.8,12347.00178239,000172.714,440839.04511196
2021-10-06T12:00:02.527Z,-USD,000176.561,0000185.58,00000170.8,12792.74324935,0000172.36,441520.24539158
2021-10-06T13:00:02.795Z,-USD,000175.951,0000185.58,00000170.8,14311.79659845,000175.528,443183.81630077
2021-10-06T14:00:02.037Z,-USD,000177.132,000186.793,00000170.8,15664.91265386,000184.041,445318.62056095
2021-10-06T15:00:01.789Z,-USD,000173.794,000186.793,00000170.8,15738.65711856,000184.521,446114.32385088
2021-10-06T16:00:02.198Z,-USD,000173.956,000186.793,00000170.8,15757.48246797,000184.481,446620.89356008
2021-10-06T17:00:02.432Z,-USD,000174.763,000188.412,00000170.8,16307.81285622,000187.136,447628.38806135
2021-10-06T18:00:02.61Z,-USD,000175.608,000189.113,00000170.8,16225.64325114,000187.769,448335.6437946
2021-10-06T19:00:02.044Z,-USD,000178.073,000189.113,00000170.8,16177.35521262,000187.305,448825.04215254
2021-10-06T20:00:02.302Z,-USD,0000179.97,0000190.48,00000170.8,16513.269365,000188.035,449862.06221949
2021-10-06T21:00:02.267Z,-USD,000180.956,0000190.48,00000170.8,16952.51814199,000186.227,451923.48428156
2021-10-06T22:00:02.387Z,-USD,000182.805,0000190.48,00000170.8,17865.63600118,000186.594,454047.98800536
2021-10-06T23:00:02.252Z,-USD,000183.202,0000190.48,00000170.8,18155.18302349,000186.198,454691.4683683
2021-10-07T00:00:02.344Z,-USD,000183.215,0000190.48,00000170.8,18419.93650803,000185.219,455207.91548794
2021-10-07T01:00:02.619Z,-USD,0000182.66,0000190.48,00000170.8,18893.97950444,000183.717,395032.74478423
2021-10-07T02:00:01.765Z,-USD,0000181.93,0000190.48,00000170.8,20184.73115826,000182.406,396965.41684933
2021-10-07T03:00:01.924Z,-USD,000182.377,0000190.48,00000170.8,20587.37996787,000181.604,397548.05429193
2021-10-07T04:00:01.977Z,-USD,000181.198,0000190.48,00000170.8,20964.62961427,000180.615,398181.54842596
2021-10-07T05:00:01.982Z,-USD,000180.455,0000190.48,00000170.8,21296.69182478,000184.421,398922.67134351
2021-10-07T06:00:02.06Z,-USD,000179.564,0000190.48,00000170.8,21673.22429021,000184.779,399416.80534351
2021-10-07T07:00:02.06Z,-USD,00000179.6,0000190.48,00000170.8,22315.20659101,000186.927,400163.41647258
2021-10-07T08:00:01.954Z,-USD,000177.906,000195.603,00000170.8,23989.00790677,000194.483,402045.95848515
2021-10-07T09:00:02.462Z,-USD,00000172.5,000196.677,00000170.8,24942.8532982,000196.657,403333.96195066
2021-10-07T10:00:01.882Z,-USD,000171.893,0000198.09,000171.148,25652.65422977,0000193.62,404366.77478706
2021-10-07T11:00:02.552Z,-USD,000172.146,0000198.09,000171.701,26547.01520945,000193.344,405738.66810009
2021-10-07T12:00:02.381Z,-USD,000171.701,0000198.09,000171.701,26299.96268527,0000193.62,406170.34785553
2021-10-07T13:00:02.003Z,-USD,000175.385,0000198.09,000175.383,25754.98620509,000191.672,407307.59325415
2021-10-07T14:00:02.354Z,-USD,0000184.25,0000198.09,000179.655,25965.57918615,000194.098,409655.3435123
2021-10-07T15:00:02.174Z,-USD,000185.583,0000198.09,000179.655,26544.81250875,000189.223,411011.30713831
2021-10-07T16:00:02.337Z,-USD,000184.614,0000198.09,000179.655,26380.71027687,000189.923,411357.52261563
2021-10-07T17:00:02.827Z,-USD,000187.806,0000198.09,000179.655,25999.9739676,000190.937,411978.70780763
2021-10-07T18:00:02.286Z,-USD,000188.164,0000198.09,000179.655,26460.61033831,000190.077,413145.92850613
2021-10-07T19:00:02.466Z,-USD,000187.145,0000198.09,000179.655,26312.01083996,000189.672,413502.79277118
2021-10-07T20:00:02.612Z,-USD,000187.944,0000198.09,000179.655,25694.86933263,000189.886,413911.7873308
2021-10-07T21:00:02.671Z,-USD,000186.354,0000198.09,000179.655,24087.96692829,000191.791,414365.57498853
2021-10-07T22:00:02.414Z,-USD,000186.844,0000198.09,000179.655,22324.03021485,000191.429,414725.79499889
2021-10-07T23:00:01.81Z,-USD,0000186.17,0000198.09,000179.655,22186.20812513,000189.695,415257.57227211
2021-10-08T00:00:02.056Z,-USD,000185.252,0000198.09,000179.655,22197.91477317,000189.002,415768.04103979
2021-10-08T01:00:02.337Z,-USD,00000183.6,0000198.25,000179.655,22441.62861076,000194.157,393750.44032278
2021-10-08T02:00:02.461Z,-USD,000181.836,0000198.25,000179.655,20936.31040579,000191.932,394201.81118291
2021-10-08T03:00:02.42Z,-USD,000181.684,0000198.25,000179.655,20685.82142269,000189.455,394510.47364241
2021-10-08T04:00:02.64Z,-USD,000181.111,0000198.25,000180.975,20234.81170747,000189.597,394691.67206122
2021-10-08T05:00:02.097Z,-USD,0000183.96,0000198.25,000181.687,19707.9687901,0000189.95,394907.5100614
2021-10-08T06:00:02.779Z,-USD,00000184.5,0000198.25,000184.376,19425.7691042,000189.818,395120.5643755
2021-10-08T07:00:01.68Z,-USD,000186.509,0000198.25,000186.305,18834.88397513,000190.615,395274.7633755
2021-10-08T08:00:02.649Z,-USD,0000194.68,0000198.25,000187.006,17247.64271453,000191.433,395569.94233037
2021-10-08T09:00:01.806Z,-USD,000196.695,0000198.25,000187.006,16437.77340538,000195.816,396066.15228383
2021-10-08T10:00:02.664Z,-USD,000193.869,0000198.25,000187.006,15584.5309841,000192.962,396229.38869895
2021-10-08T11:00:02.738Z,-USD,000193.747,0000198.25,000187.006,14345.2998674,000193.863,396358.84689528
2021-10-08T12:00:01.729Z,-USD,000193.356,0000198.25,000187.006,14166.91311196,000192.107,396668.84489528
2021-10-08T13:00:01.748Z,-USD,000191.807,0000198.25,000187.006,13584.18260526,000190.462,397256.0857872
2021-10-08T14:00:01.788Z,-USD,000193.757,0000198.25,000187.006,11732.238183,000189.245,397662.69462309
2021-10-08T15:00:01.932Z,-USD,000188.989,0000198.25,000187.006,11131.93244629,000191.949,398431.17551239
2021-10-08T16:00:01.733Z,-USD,000190.242,0000198.25,000187.006,10975.8120717,000190.364,398691.84161512
2021-10-08T17:00:02.074Z,-USD,000190.887,0000198.25,000187.006,10587.84019439,000191.001,398841.51792981
2021-10-08T18:00:02.349Z,-USD,0000190.13,0000198.25,000187.006,10372.87194865,000190.164,399805.59329289
2021-10-08T19:00:02.991Z,-USD,000189.666,0000198.25,000187.006,10956.35766362,000190.973,400751.52290881
2021-10-08T20:00:02.668Z,-USD,000190.476,0000198.25,000187.006,11404.82093581,000190.929,401593.1831944
2021-10-08T21:00:01.935Z,-USD,0000191.58,0000198.25,000186.487,11279.49845616,000187.249,401926.13459657
2021-10-08T22:00:02.123Z,-USD,00000191.2,0000198.25,000186.453,11210.23277039,000187.709,402210.96669707
2021-10-08T23:00:02.58Z,-USD,000189.244,0000198.25,000186.453,10911.54028425,000189.714,402444.41448415
2021-10-09T00:00:01.744Z,-USD,000189.147,0000198.25,000186.453,10828.90220826,000189.539,402871.84397569
2021-10-09T01:00:01.779Z,-USD,000193.913,0000196.13,000186.453,9326.49774658,00000188.9,380082.53805417
2021-10-09T02:00:01.757Z,-USD,0000192.14,0000196.13,000186.453,9036.68064482,000187.601,380216.44863208
2021-10-09T03:00:01.973Z,-USD,000189.217,0000196.13,000186.453,9197.45667623,000188.911,380665.32330345
2021-10-09T04:00:02.461Z,-USD,000190.315,0000196.13,000186.453,9662.68684094,000190.585,381353.65588697
2021-10-09T05:00:02.076Z,-USD,000189.545,0000196.13,000186.453,9616.77712726,000191.133,381484.5646811
2021-10-09T06:00:02.058Z,-USD,00000190.2,0000196.13,000186.453,10718.81868102,0000190.47,382797.13604133
2021-10-09T07:00:01.978Z,-USD,0000191.13,0000196.13,000186.453,10807.91782163,000191.359,383044.41818194
2021-10-09T08:00:01.965Z,-USD,000191.348,0000196.13,000186.453,10832.31333542,000191.916,383356.0456506
2021-10-09T09:00:01.831Z,-USD,000195.914,000195.914,000186.453,10391.71076388,000189.139,383414.98903252
2021-10-09T10:00:01.974Z,-USD,000193.148,000194.525,000186.453,10393.04881925,000191.407,383576.26750301
2021-10-09T11:00:02.63Z,-USD,000193.929,000194.525,000186.453,10403.87093034,000193.299,383715.50781043
2021-10-09T12:00:02.557Z,-USD,000191.477,000194.525,000186.453,10296.74693034,000191.827,383938.48081043
2021-10-09T13:00:02.488Z,-USD,000190.678,000194.525,000186.453,9859.73751007,000192.749,384070.07828208
2021-10-09T14:00:02.565Z,-USD,000189.304,000194.525,000186.453,9880.32286861,000193.737,384495.24347651
2021-10-09T15:00:02.382Z,-USD,000191.891,000194.525,000186.453,9378.78408416,000193.001,384767.56683586
2021-10-09T16:00:01.741Z,-USD,000190.183,000194.525,000186.453,9331.76218554,000192.014,384976.96178547
2021-10-09T17:00:02.433Z,-USD,000190.945,000194.525,000186.453,9561.74750533,000191.715,385361.38141995
2021-10-09T18:00:01.824Z,-USD,000189.998,000194.525,000186.453,8845.41678466,000193.199,385612.54006236
2021-10-09T19:00:02.075Z,-USD,000191.123,000194.525,000186.453,8096.54853626,000193.714,385830.84242988
2021-10-09T20:00:01.879Z,-USD,000191.244,000194.525,000186.453,7491.64016305,000192.839,386040.61334226
2021-10-09T21:00:02.673Z,-USD,000187.002,000194.525,000186.453,7314.98289099,000193.047,386214.98947237
2021-10-09T22:00:02.583Z,-USD,000187.708,000194.525,000186.587,7246.72093107,000193.117,386410.8124447
2021-10-09T23:00:02.295Z,-USD,000189.219,000194.525,000186.587,7080.48918285,000193.389,386477.39365181
2021-10-10T00:00:02.547Z,-USD,000189.636,000194.525,000186.587,6718.71379292,000193.001,386562.34775342
2021-10-10T01:00:02.553Z,-USD,000190.031,0000194.74,000186.587,7629.05169925,000190.225,370427.31476357
2021-10-10T02:00:02.552Z,-USD,000187.759,0000194.74,000186.587,8079.63665078,000188.405,371010.12829301
2021-10-10T03:00:01.861Z,-USD,000188.856,0000194.74,000187.138,7886.16676757,000188.523,371268.65529002
2021-10-10T04:00:01.882Z,-USD,000190.465,0000194.74,000187.138,7678.6378707,000190.211,371750.45676782
2021-10-10T05:00:02.18Z,-USD,000191.078,0000194.74,000187.138,7694.51010666,0000191.51,371900.85665225
2021-10-10T06:00:02.301Z,-USD,000190.571,0000194.74,000187.138,6390.4181302,0000191.88,372017.72718168
2021-10-10T07:00:02.218Z,-USD,000191.507,0000194.74,000187.138,6618.90369865,000192.831,372385.68489074
2021-10-10T08:00:02.251Z,-USD,000192.249,0000194.74,000187.138,6476.79493869,000193.287,372546.89259944
2021-10-10T09:00:02.179Z,-USD,000189.575,000194.822,000187.138,6490.2020802,000193.527,372676.56912287
2021-10-10T10:00:02.269Z,-USD,000192.086,0000195.69,000187.138,6718.79854265,000192.841,373008.07805581
2021-10-10T11:00:02.648Z,-USD,000193.299,0000195.69,000187.138,6629.41523523,000192.835,373075.00105581
2021-10-10T12:00:07.664Z,-USD,000192.258,0000195.69,000187.138,6469.48616988,000192.697,373120.51799046
2021-10-10T13:00:02.71Z,-USD,000192.643,0000195.69,000187.138,6312.07293001,000191.859,373186.64222132
2021-10-10T14:00:01.793Z,-USD,000193.881,0000195.69,000187.138,6214.1751095,000191.659,373432.80463444
2021-10-10T15:00:02.025Z,-USD,000193.233,0000195.69,000187.138,6083.58887912,000191.989,373600.61172513
2021-10-10T16:00:02.139Z,-USD,000192.325,0000195.69,000187.138,6273.67018244,000193.107,373963.81097806
2021-10-10T17:00:02.385Z,-USD,000192.005,0000195.69,000187.138,6227.23132143,000190.916,374307.43175153
2021-10-10T18:00:02.252Z,-USD,000193.433,0000195.69,000187.138,6359.21667902,000190.591,374684.41075153
2021-10-10T19:00:02.349Z,-USD,0000193.74,0000195.69,000187.138,6462.51974867,000190.559,375008.5201887
2021-10-10T20:00:02.364Z,-USD,00000192.2,0000195.69,000187.138,7258.70458869,000190.343,376015.6409411
2021-10-10T21:00:02.48Z,-USD,000193.248,0000195.69,000187.138,7648.14182941,000187.958,376575.76931193
2021-10-10T22:00:02.666Z,-USD,000193.143,0000195.69,000183.251,7972.00267345,000184.879,377095.4951283
2021-10-10T23:00:02.191Z,-USD,000193.456,0000195.69,000182.922,8048.80057079,000185.428,377241.52323275
2021-10-11T00:00:02.154Z,-USD,000193.753,0000195.69,000181.383,8435.5334834,000182.524,377729.75224697
2021-10-11T01:00:02.527Z,-USD,000190.344,0000195.69,000179.453,7770.14633656,000183.189,367743.2354776
2021-10-11T02:00:02.635Z,-USD,000187.763,0000195.69,000179.453,7358.68844449,000184.047,367922.33311497
2021-10-11T03:00:02.558Z,-USD,000188.123,0000195.69,000179.453,7342.0134488,000184.926,368156.32411629
2021-10-11T04:00:01.875Z,-USD,000189.819,0000195.69,000179.453,7507.42945326,000186.591,368809.80459855
2021-10-11T05:00:02.204Z,-USD,000191.634,0000195.69,000179.453,7994.70579923,000188.074,369446.03282895
2021-10-11T06:00:02.139Z,-USD,000191.946,0000195.69,000179.453,7936.3607035,000187.378,369518.92226265
2021-10-11T07:00:02.069Z,-USD,000192.813,0000195.69,000179.453,7679.39949743,000186.913,369621.98302119
2021-10-11T08:00:02.235Z,-USD,000193.652,0000195.69,000179.453,7739.32377709,000189.745,369832.216754
2021-10-11T09:00:02.208Z,-USD,000194.501,0000195.69,000179.453,7684.25865238,000189.552,369953.18915272
2021-10-11T10:00:02.067Z,-USD,000192.888,000194.257,000179.453,7543.86498794,000188.572,370099.88842122
2021-10-11T11:00:02.16Z,-USD,000192.501,000193.247,000179.453,7586.84269433,000187.496,370209.38112761
2021-10-11T12:00:02.145Z,-USD,000192.671,000193.247,000179.453,7826.50679762,000186.202,370492.79816555
2021-10-11T13:00:02.285Z,-USD,000191.819,000193.247,000179.453,8187.95483577,000186.701,370921.95143456
2021-10-11T14:00:02.568Z,-USD,000191.298,000193.247,000179.453,8138.87768365,000186.866,371118.51269556
2021-10-11T15:00:01.913Z,-USD,000191.811,000193.247,000179.453,8887.72119841,0000188.28,372033.99530101
2021-10-11T16:00:02.399Z,-USD,000193.013,000193.247,000179.453,9083.50971988,000186.811,372593.00907541
2021-10-11T17:00:02.792Z,-USD,000190.776,000192.282,000179.453,9021.912377,000186.643,372899.790506
2021-10-11T18:00:02.105Z,-USD,000190.163,000192.282,000179.453,9060.02596471,000185.181,373291.52809371
2021-10-11T19:00:02.186Z,-USD,000190.502,000192.282,000179.453,9397.07296438,000184.004,373954.83076387
2021-10-11T20:00:02.657Z,-USD,000190.397,000192.282,000179.453,8808.6058732,000181.741,374370.63119177
2021-10-11T21:00:01.781Z,-USD,000187.738,000190.988,000179.003,8969.55488749,000179.639,375090.98857689
2021-10-11T22:00:02.029Z,-USD,00000184.6,000190.988,000178.286,8782.94256018,000180.751,375424.50506595
2021-10-11T23:00:02.517Z,-USD,000185.482,000190.988,000178.286,8734.13506466,000182.074,375521.32167488
2021-10-12T00:00:01.841Z,-USD,000182.022,000190.988,000178.286,8593.52530274,000182.733,375868.98292718
2021-10-12T01:00:02.656Z,-USD,000182.707,000190.988,000178.286,8701.1500996,000179.623,367901.27732824
2021-10-12T02:00:02.318Z,-USD,000183.982,000190.988,000178.055,8710.01125378,000180.328,368119.70011979
2021-10-12T03:00:01.942Z,-USD,0000184.85,000190.988,00000176.4,8797.54830724,000176.655,368405.52717457
2021-10-12T04:00:02.146Z,-USD,000186.604,000190.988,0000174.33,9149.22864383,000175.782,369411.53199342
2021-10-12T05:00:02.04Z,-USD,0000188.06,000190.988,0000174.33,8977.1147767,000177.855,369873.28035669
2021-10-12T06:00:02.041Z,-USD,000187.615,000190.988,00000173.7,9244.87337628,000177.212,370214.32114851
2021-10-12T07:00:02.005Z,-USD,000187.213,000190.988,00000173.7,10883.81808866,00000174.4,371957.28486089
2021-10-12T08:00:02.023Z,-USD,000189.881,000190.988,000173.634,11333.50846802,000174.454,372634.70597306
2021-10-12T09:00:01.857Z,-USD,000189.637,000189.916,000173.634,11356.01786236,000175.912,372762.99476612
2021-10-12T10:00:02.173Z,-USD,000188.755,000189.386,000170.583,12737.5617602,000171.853,374294.12593246
2021-10-12T11:00:02.102Z,-USD,00000187.1,000189.386,000170.583,13085.28905381,000173.325,374747.52093246
2021-10-12T12:00:04.158Z,-USD,000186.212,000189.386,000170.583,14408.06301587,0000174.11,376351.09993246
2021-10-12T13:00:02.162Z,-USD,00000186.6,000189.386,000170.571,14167.90004573,000171.739,376540.06123133
2021-10-12T14:00:02.326Z,-USD,000186.967,000189.386,000170.571,14591.65503654,000176.793,377172.34548314
2021-10-12T15:00:02.526Z,-USD,000188.289,000188.762,000170.571,13846.05997955,000174.302,377351.2610316
2021-10-12T16:00:02.687Z,-USD,000187.137,000187.366,000170.571,13888.24964205,000177.182,377934.0294685
2021-10-12T17:00:02.293Z,-USD,00000186.0,000187.366,000170.571,14085.41714178,000179.027,378435.12439882
2021-10-12T18:00:02.619Z,-USD,00000184.6,000185.189,000170.571,14004.03932812,000177.333,378746.49217287
2021-10-12T19:00:01.827Z,-USD,000183.744,000184.396,000170.571,13614.21970769,000178.499,379019.0482226
2021-10-12T20:00:02.18Z,-USD,00000181.0,000182.881,000170.571,13709.64784691,000176.918,379593.51978972
2021-10-12T21:00:02.512Z,-USD,000179.226,000182.881,000170.571,13555.89764586,000179.681,380103.52997379
2021-10-12T22:00:02.088Z,-USD,000180.588,000182.881,000170.571,13497.34410185,000179.658,380371.76991884
2021-10-12T23:00:02.493Z,-USD,000181.526,000182.881,000170.571,13479.46806451,000180.665,380450.67049043
2021-10-13T00:00:01.744Z,-USD,000182.798,000182.798,000170.571,13795.91190905,000180.646,381127.35258727
2021-10-13T01:00:02.208Z,-USD,000179.438,000182.759,000170.571,15110.89329708,000181.875,367931.84512562
2021-10-13T02:00:02.689Z,-USD,000180.275,000182.759,000170.571,24513.67824652,000180.656,377544.06986661
2021-10-13T03:00:01.885Z,-USD,000176.723,000182.759,000170.571,24529.55104135,000181.169,377847.98971622
2021-10-13T04:00:01.985Z,-USD,000176.194,000182.759,000170.571,23657.66065207,000180.811,377980.07614579
2021-10-13T05:00:02.285Z,-USD,000177.726,000182.759,000170.571,23317.7692888,000180.253,378102.36514579
2021-10-13T06:00:02.133Z,-USD,000177.277,000182.759,000170.571,23248.03515752,000175.997,378378.43680633
2021-10-13T07:00:02.124Z,-USD,000174.612,000182.759,000170.571,21906.77490319,000175.828,378779.55026438
2021-10-13T08:00:02.214Z,-USD,000174.362,000182.759,000170.571,21427.35058338,000173.733,378972.71605674
2021-10-13T09:00:02.105Z,-USD,000175.937,000182.759,000170.571,21427.35979032,000174.218,379100.19005674
2021-10-13T10:00:02.579Z,-USD,000172.179,000182.759,000170.571,20030.10962398,000175.547,379234.33105674
2021-10-13T11:00:02.093Z,-USD,000173.019,000182.759,000170.571,19722.92183463,000174.927,379381.47826739
2021-10-13T12:00:02.298Z,-USD,000174.387,000182.759,000170.571,18322.67938484,000176.603,379584.82417021
2021-10-13T13:00:01.833Z,-USD,000172.642,000182.759,000172.642,18473.30148694,0000177.63,380096.44778568
2021-10-13T14:00:01.99Z,-USD,000177.148,000182.759,000173.166,19813.76340794,000176.451,381896.47439138
2021-10-13T15:00:02.007Z,-USD,000174.991,000182.759,000173.166,20654.87699583,000178.015,382917.55752773
2021-10-13T16:00:02.355Z,-USD,000177.204,000182.759,000173.166,20331.2364127,000178.671,383175.0823815
2021-10-13T17:00:01.918Z,-USD,0000179.01,000182.759,000173.166,20321.77397878,000179.459,383666.6958779
2021-10-13T18:00:02.304Z,-USD,000178.085,000182.759,000173.166,21420.9292265,000180.618,385085.04689967
2021-10-13T19:00:02.617Z,-USD,000178.093,000182.759,000173.166,21658.58197522,000179.977,385797.45669812
2021-10-13T20:00:02.707Z,-USD,000177.087,000182.759,000173.166,24541.54831825,00000181.2,389050.53460827
2021-10-13T21:00:02.185Z,-USD,000180.053,000182.759,000173.166,24492.82656161,000182.213,389536.7800357
2021-10-13T22:00:02.473Z,-USD,000179.975,000183.087,000173.166,24532.71815899,000182.291,389814.28793407
2021-10-13T23:00:01.978Z,-USD,000180.967,000183.804,000173.166,24634.53693892,000183.697,390012.17792965
2021-10-14T00:00:02.046Z,-USD,000180.585,000183.804,000173.166,24087.13154606,000183.484,390124.51963363
2021-10-14T01:00:05.243Z,-USD,000182.316,000183.847,000173.166,22466.83293282,000182.601,378055.1197322
2021-10-14T02:00:03.006Z,-USD,000180.615,000184.951,000173.166,13365.58782598,000184.831,378546.80636635
2021-10-14T03:00:02.7Z,-USD,000181.424,000186.297,000173.166,14011.70050496,000184.922,379486.21589494
2021-10-14T04:00:02.047Z,-USD,000180.141,000186.297,000173.166,14200.82349612,0000185.29,379808.39831567
2021-10-14T05:00:02.507Z,-USD,000180.287,000186.297,000173.166,14226.10537677,000185.285,379955.89119632
2021-10-14T06:00:02.568Z,-USD,000175.329,000186.297,000173.166,14170.78527185,00000185.0,380184.62275194
2021-10-14T07:00:02.595Z,-USD,000176.306,000186.297,000173.166,13957.51825307,000184.661,380362.58919121
2021-10-14T08:00:02.577Z,-USD,000173.543,000186.297,000173.528,13841.72546194,000184.683,380440.95519244
2021-10-14T09:00:02.551Z,-USD,000174.698,000186.297,000173.533,13783.28183745,000185.308,380506.95056795
2021-10-14T10:00:01.905Z,-USD,0000175.91,000186.297,000174.706,13833.87523421,000184.819,380691.66096471
2021-10-14T11:00:02.068Z,-USD,000175.249,000186.297,000174.706,14034.15439775,000183.864,381046.4293389
2021-10-14T12:00:02.265Z,-USD,000176.528,000186.297,000174.754,13933.06748241,000184.974,381141.49532638
2021-10-14T13:00:02.14Z,-USD,000177.893,000186.297,000174.754,13547.29899271,000184.162,381268.27345215
2021-10-14T14:00:02.068Z,-USD,00000176.5,000186.793,000174.754,12059.20362501,000186.716,381580.44969015
2021-10-14T15:00:02.441Z,-USD,000178.217,000189.699,000177.694,12265.98670474,000188.166,382807.49990623
2021-10-14T16:00:04.16Z,-USD,0000178.43,000189.699,000177.694,13306.75704732,000187.039,384108.82010258
2021-10-14T17:00:02.106Z,-USD,0000179.29,000189.699,000179.254,13571.72071971,000186.763,384872.87627137
2021-10-14T18:00:02.311Z,-USD,000180.691,000189.699,000179.473,12464.84569794,0000187.98,385177.54127137
2021-10-14T19:00:02.462Z,-USD,000180.008,000189.699,000179.658,11967.35353851,000187.905,385390.82791039
2021-10-14T20:00:07.559Z,-USD,000181.565,000189.699,000180.588,8851.0852069,000186.156,385544.04748893
2021-10-14T21:00:10.523Z,-USD,000182.348,000189.699,000181.826,8531.00861264,000184.973,385695.2433221
2021-10-14T22:00:14.151Z,-USD,000182.167,000189.699,000181.826,8489.51486068,000186.317,385930.11792765
2021-10-14T23:00:12.339Z,-USD,000183.191,000189.699,000182.329,9145.43347931,000186.346,386782.49208272
2021-10-15T00:00:17.239Z,-USD,0000183.69,000189.699,00000182.6,9365.87200572,000186.294,387115.81231311
2021-10-15T01:00:12.464Z,-USD,000182.742,000189.699,000182.677,9512.9046598,000184.114,376308.0211097
2021-10-15T02:00:12.334Z,-USD,000184.735,000189.699,000182.697,9300.61971615,000183.991,376582.5908002
2021-10-15T03:00:11.185Z,-USD,0000184.69,000189.699,000182.369,8624.73673433,000188.019,376872.22734697
2021-10-15T04:00:22.641Z,-USD,000185.273,000189.702,000182.369,8761.97280931,000188.202,377305.60184268
2021-10-15T05:00:10.149Z,-USD,00000185.1,000189.702,000182.369,9822.86383985,000189.018,378526.04775387
2021-10-15T06:00:07.409Z,-USD,000185.001,000189.894,000182.369,10014.84104601,000189.625,378935.28151565
2021-10-15T07:00:03.474Z,-USD,0000184.89,000189.894,000182.369,10205.35602154,000187.801,379303.88693045
2021-10-15T08:00:03.829Z,-USD,000184.907,000189.894,000182.369,10256.28820908,000187.374,379437.63411922
2021-10-15T09:00:02.657Z,-USD,000185.224,000189.894,000182.369,10723.77697936,000183.283,379965.89126501
2021-10-15T10:00:02.516Z,-USD,000184.767,000189.894,000181.834,11184.85596458,000183.757,380654.81664699
2021-10-15T11:00:04.493Z,-USD,000183.653,000189.894,000181.834,11286.16517652,000183.765,381067.76123312
2021-10-15T12:00:04.313Z,-USD,0000184.76,000189.894,000181.834,11391.09997369,000184.654,381268.29001777
2021-10-15T13:00:03.096Z,-USD,00000184.5,000189.894,000181.834,11608.36471959,000185.296,381612.04079883
2021-10-15T14:00:08.91Z,-USD,0000187.04,000189.894,000181.834,11700.39459921,000186.545,382024.55400706
2021-10-15T15:00:10.762Z,-USD,000188.144,000189.894,000181.834,11218.80606843,000187.301,382761.66269236
2021-10-15T16:00:10.703Z,-USD,000187.443,000189.894,000181.834,10978.10914431,000187.744,383822.19096459
2021-10-15T17:00:09.903Z,-USD,000186.561,000190.217,000181.834,10864.34091538,000189.978,384472.80790445
2021-10-15T18:00:08.961Z,-USD,000187.902,000192.173,000181.834,11793.90206625,000191.186,385709.13105532
2021-10-15T19:00:02.023Z,-USD,000188.057,000192.967,000181.834,12421.06597243,000192.395,386547.21560052
2021-10-15T20:00:02.445Z,-USD,000185.916,000193.675,000181.834,13147.44802267,000192.179,387426.7112293
2021-10-15T21:00:02.621Z,-USD,000185.421,000194.492,000181.834,14759.71701641,000194.335,389193.04205621
2021-10-15T22:00:01.816Z,-USD,0000186.46,000194.722,000181.834,15059.95431926,0000193.21,389727.04296461
2021-10-15T23:00:02.561Z,-USD,000186.427,000194.722,000181.834,14503.5782499,0000193.19,390024.97405032
2021-10-16T00:00:01.776Z,-USD,000186.713,000194.722,000181.834,14669.99689031,000193.379,390522.20092112
2021-10-16T01:00:10.841Z,-USD,000184.621,0000198.25,000181.834,16465.58310654,000194.703,374302.14549426
2021-10-16T02:00:11.121Z,-USD,000184.072,0000198.25,000181.834,16784.18000901,000193.765,374895.41108723
2021-10-16T03:00:11.374Z,-USD,000187.944,0000198.25,000181.834,17023.385991,000194.986,375424.21361599
2021-10-16T04:00:23.43Z,-USD,00000188.0,0000198.25,000181.834,16824.47444401,000192.534,375671.74214985
2021-10-16T05:00:09.936Z,-USD,000189.239,0000198.25,000181.834,15710.38718907,000192.724,375765.19722096
2021-10-16T06:00:10.923Z,-USD,000189.331,0000198.25,000181.834,15500.59027846,000194.121,375964.51107213
2021-10-16T07:00:08.629Z,-USD,000187.672,0000198.25,000181.834,15208.27560594,000193.571,376041.76681441
2021-10-16T08:00:02.213Z,-USD,000187.507,0000198.25,000181.834,15359.23197908,000193.377,376325.84537632
2021-10-16T09:00:02.128Z,-USD,000182.878,0000198.25,000181.834,15113.62923351,000195.999,376608.02977654
2021-10-16T10:00:02.706Z,-USD,0000183.46,0000198.25,0000182.09,14781.87488522,000196.602,377016.30481023
2021-10-16T11:00:03.731Z,-USD,000183.542,0000198.25,000183.372,14667.36903436,000196.295,377282.7735455
2021-10-16T12:00:02.202Z,-USD,000184.805,0000198.25,000184.427,14714.25131228,000196.068,377534.00841273
2021-10-16T13:00:11.501Z,-USD,000184.996,0000198.25,000184.996,15515.59293827,000192.475,378656.14301512
2021-10-16T14:00:11.199Z,-USD,000186.281,0000198.25,000185.199,15553.49265695,000192.853,379107.16594203
2021-10-16T15:00:17.788Z,-USD,000186.812,0000198.25,00000186.3,15069.55219986,000192.632,379369.5948053
2021-10-16T16:00:11.248Z,-USD,000187.529,0000198.25,000187.001,14349.83217882,000192.677,379701.52842143
2021-10-16T17:00:10.684Z,-USD,000190.418,0000198.25,00000190.1,13917.92773125,000193.359,379957.55591372
2021-10-16T18:00:10.018Z,-USD,000191.579,0000198.25,000190.356,12914.32761334,000192.471,380163.49594668
2021-10-16T19:00:11.792Z,-USD,000192.213,0000198.25,000190.356,12489.52771701,000192.152,380568.04659555
2021-10-16T20:00:10.055Z,-USD,000192.335,0000198.25,000190.356,11823.5059022,0000191.85,380789.17640952
2021-10-16T21:00:02.455Z,-USD,0000194.47,0000198.25,000190.188,10330.738812,000192.234,381052.40614623
2021-10-16T22:00:02.416Z,-USD,000193.176,0000198.25,000190.188,10093.3712561,000190.603,381349.94549873
2021-10-16T23:00:02.255Z,-USD,000193.455,0000198.25,0000189.76,9915.3616925,0000191.38,381484.27302084
2021-10-17T00:00:01.695Z,-USD,0000193.91,0000198.25,0000189.76,9888.92891925,000189.986,381940.54211839
2021-10-17T01:00:11.042Z,-USD,000194.703,000197.641,000187.389,8050.62230126,0000189.65,373797.85333473
2021-10-17T02:00:11.159Z,-USD,000193.549,000197.641,000187.389,7910.07284153,000192.327,374235.51780353
2021-10-17T03:00:11.036Z,-USD,000194.968,000197.641,000187.389,7458.11876954,000191.396,374304.1692603
2021-10-17T04:00:42.256Z,-USD,000192.195,000197.641,000187.389,7335.0624549,0000191.73,374537.09555063
2021-10-17T05:00:08.356Z,-USD,000192.195,000197.641,000187.389,7406.24606622,000191.356,374608.27916195
2021-10-17T06:00:09.229Z,-USD,0000194.05,000197.641,000187.389,7322.78281988,00000190.2,374709.99076678
2021-10-17T07:00:09.424Z,-USD,000193.571,000197.641,000187.389,7241.21087883,000190.605,374797.99656801
2021-10-17T08:00:08.545Z,-USD,000193.257,000197.641,000187.389,7115.51760586,000189.986,374862.04385695
2021-10-17T09:00:09.307Z,-USD,000196.045,000197.641,000187.389,6880.74726189,000190.994,374909.3849132
2021-10-17T10:00:09.766Z,-USD,000197.033,000197.163,000187.389,6505.47683069,000191.027,374949.35394056
2021-10-17T11:00:10.085Z,-USD,000196.188,00000197.0,000187.389,6289.64787397,000190.621,374993.62329424
2021-10-17T12:00:08.446Z,-USD,000195.996,00000197.0,000187.389,6455.65022642,000189.797,375410.26551392
2021-10-17T13:00:11.507Z,-USD,000191.691,0000194.25,000187.389,5358.36849572,000189.125,375475.23738561
2021-10-17T14:00:09.855Z,-USD,000192.606,0000194.25,000187.389,4988.40798225,000189.908,375516.48379905
2021-10-17T15:00:09.417Z,-USD,000192.586,0000194.25,000187.389,4876.39089132,000188.801,375666.79857139
2021-10-17T16:00:08.9Z,-USD,000193.139,0000194.25,000185.761,4990.63431445,000186.573,376117.21961065
2021-10-17T17:00:02.403Z,-USD,000192.934,000193.326,000185.761,4854.10383935,000186.817,376232.72662784
2021-10-17T18:00:03.747Z,-USD,000192.643,000193.057,000185.761,5412.34131571,000187.729,376997.39413716
2021-10-17T19:00:01.935Z,-USD,000192.541,000193.057,000185.761,5579.03931971,000188.609,377572.78579003
2021-10-17T20:00:02.498Z,-USD,000191.637,000192.631,000185.761,5614.43169187,0000186.33,377824.16997616
2021-10-17T21:00:02.149Z,-USD,000192.142,000192.631,000179.272,6495.25536296,000181.385,379027.57138396
2021-10-17T22:00:02.532Z,-USD,000190.515,000192.631,000179.272,6717.08315909,000183.491,379487.65253259
2021-10-17T23:00:01.82Z,-USD,000190.945,000192.631,000179.272,6882.86063452,000186.289,379795.64553013
2021-10-18T00:00:08.546Z,-USD,000190.312,000192.631,000179.272,6821.30638363,000186.287,380196.65437679
2021-10-18T01:00:02.724Z,-USD,000189.718,000192.631,000179.272,6547.51632247,000187.686,371367.83486249
2021-10-18T02:00:01.902Z,-USD,000192.327,000192.631,000179.272,6426.1313153,000188.575,371684.31132412
2021-10-18T03:00:01.983Z,-USD,0000191.17,000192.455,000179.272,6734.81409861,000187.708,372064.4315642
2021-10-18T04:00:02.164Z,-USD,0000191.52,000192.455,000179.272,7663.27845117,000188.161,373222.79320709
2021-10-18T05:00:01.742Z,-USD,000191.354,0000192.24,000179.272,7790.25650212,0000187.78,373423.51486936
2021-10-18T06:00:01.777Z,-USD,0000190.16,0000192.24,000179.272,7850.0828484,000188.789,373583.32282047
2021-10-18T07:00:01.706Z,-USD,000190.966,0000192.24,000179.272,7969.56101808,000187.966,373790.92479138
2021-10-18T08:00:02.552Z,-USD,000189.907,0000192.24,000179.272,8011.44602376,000188.383,373899.054086
2021-10-18T09:00:02.451Z,-USD,000191.059,0000192.24,000179.272,8058.6030154,000188.828,373990.47013389
2021-10-18T10:00:02.248Z,-USD,000191.126,0000192.24,000179.272,8195.35398755,000186.589,374167.20548708
2021-10-18T11:00:02.559Z,-USD,000191.366,0000192.24,000179.272,8331.83975639,000185.806,374352.97225592
2021-10-18T12:00:02.461Z,-USD,000189.642,000190.506,000179.272,8032.26810042,000183.297,374465.95181963
2021-10-18T13:00:02.581Z,-USD,000189.219,000190.506,000179.272,8191.87612008,000182.068,374693.80471098
2021-10-18T14:00:01.943Z,-USD,000189.738,000190.323,000179.272,8479.45340557,000185.658,375019.32840991
2021-10-18T15:00:02.116Z,-USD,000189.095,000190.323,000179.272,8746.855047,000185.077,375441.12182368
2021-10-18T16:00:02.353Z,-USD,000186.442,000190.323,000179.272,8713.17050013,000184.607,375853.29331607
2021-10-18T17:00:01.827Z,-USD,000186.819,000190.323,000179.272,9055.3522064,000182.538,376312.99103953
2021-10-18T18:00:02.355Z,-USD,000187.567,000190.323,000179.272,8564.92286414,000182.522,376593.95020659
2021-10-18T19:00:02.229Z,-USD,000188.447,000190.323,000179.272,8634.25787396,000183.468,377230.51386928
2021-10-18T20:00:02.515Z,-USD,00000186.0,000190.323,000179.272,8781.3268998,000184.257,377628.87108125
2021-10-18T21:00:01.852Z,-USD,00000180.9,000190.323,00000180.5,7804.00826501,000184.882,377854.00201514
2021-10-18T22:00:02.585Z,-USD,000183.909,000190.323,00000180.5,7536.27664704,000184.752,378051.74538492
2021-10-18T23:00:01.997Z,-USD,000186.107,000190.323,00000180.5,7346.78860954,000185.768,378169.93218752
2021-10-19T00:00:02.07Z,-USD,000186.142,000190.323,00000180.5,7173.28935209,000186.955,378392.44393417
2021-10-19T01:00:02.499Z,-USD,000188.076,000190.323,00000180.5,7196.59385786,000186.465,371965.66943122
2021-10-19T02:00:01.899Z,-USD,000188.715,000190.323,00000180.5,7300.90651093,000188.928,372425.19631108
2021-10-19T03:00:02.276Z,-USD,000187.708,000190.323,00000180.5,7166.45082181,000189.425,372630.75609688
2021-10-19T04:00:02.483Z,-USD,0000188.36,000191.325,00000180.5,6415.06491557,000191.076,373042.47783353
2021-10-19T05:00:01.823Z,-USD,000188.223,000192.068,00000180.5,6606.52381684,000191.729,373431.93639707
2021-10-19T06:00:02.691Z,-USD,000188.659,000192.068,00000180.5,6678.94643101,000191.338,373667.99996235
2021-10-19T07:00:01.891Z,-USD,000188.385,000192.068,00000180.5,6634.35018853,000190.218,373825.35169078
2021-10-19T08:00:01.966Z,-USD,000188.247,000192.068,00000180.5,6939.66251576,000190.061,374244.86531263
2021-10-19T09:00:02.439Z,-USD,00000188.0,000192.068,00000180.5,6998.55946787,000190.412,374389.55431263
2021-10-19T10:00:02.336Z,-USD,000185.891,000192.068,00000180.5,6876.08511468,000190.453,374443.31531263
2021-10-19T11:00:02.348Z,-USD,000185.411,000192.068,00000180.5,6743.85329472,000191.164,374498.37426151
2021-10-19T12:00:02.418Z,-USD,000183.711,000192.068,00000180.5,6837.77822206,0000191.57,374709.73775256
2021-10-19T13:00:02.461Z,-USD,000182.356,000193.557,00000180.5,7301.80804159,000190.549,375445.32946344
2021-10-19T14:00:02.569Z,-USD,000185.986,000193.557,000181.368,7364.61141388,000189.799,375815.41570533
2021-10-19T15:00:01.94Z,-USD,000184.716,000193.557,000181.368,7435.46775194,000189.557,376277.49128649
2021-10-19T16:00:02.246Z,-USD,000184.446,000193.557,000181.368,7514.53145267,000188.845,376767.72947961
2021-10-19T17:00:02.619Z,-USD,000182.595,000194.864,00000181.7,8507.39174004,000192.441,378220.46449044
2021-10-19T18:00:02.691Z,-USD,000182.347,000194.864,00000181.7,8752.15939543,000193.345,378747.77331289
2021-10-19T19:00:02.283Z,-USD,000182.959,000194.864,00000181.7,8613.79949774,000191.763,379244.99807789
2021-10-19T20:00:02.68Z,-USD,000184.257,000194.864,0000183.46,8437.61081867,0000190.21,379466.40861079
2021-10-19T21:00:02.531Z,-USD,000184.352,000194.864,000183.955,8676.00202751,000190.999,379935.70675352
2021-10-19T22:00:02.312Z,-USD,000184.671,000194.864,000184.134,8897.68614933,000191.786,380349.61212287
2021-10-19T23:00:02.548Z,-USD,000186.408,000194.864,000186.059,9196.98204039,000193.055,380783.69893878
2021-10-20T00:00:02.423Z,-USD,000186.776,000194.864,000186.248,9449.57064046,000194.267,381245.34046018
2021-10-20T01:00:02.584Z,-USD,000187.592,000194.864,000186.425,9566.62310691,000192.537,358920.97023553
2021-10-20T02:00:02.668Z,-USD,000189.307,000194.864,000186.425,10323.7140627,000191.836,360000.57707118
2021-10-20T03:00:02.542Z,-USD,000189.505,000194.864,000186.425,10351.18276168,000191.823,360233.67555596
2021-10-20T04:00:02.569Z,-USD,000190.993,000194.864,000186.425,10144.66295185,00000190.5,360463.64148278
2021-10-20T05:00:01.718Z,-USD,000191.508,000194.864,000186.425,10378.61783613,000190.998,361066.9069306
2021-10-20T06:00:02.82Z,-USD,000191.387,000194.864,000186.425,10561.79110199,00000190.0,361486.49076174
2021-10-20T07:00:02.601Z,-USD,000190.426,000194.864,000186.425,10789.60827688,000189.939,361868.58166506
2021-10-20T08:00:02.315Z,-USD,000190.087,000194.864,000186.425,10431.49898694,000190.839,361928.07199697
2021-10-20T09:00:02.178Z,-USD,000190.778,000194.864,000186.425,10444.0746812,000191.433,362086.82569123
2021-10-20T10:00:02.107Z,-USD,000190.694,000194.864,000186.425,10485.04549196,000191.351,362184.37250199
2021-10-20T11:00:04.304Z,-USD,0000191.19,000194.864,000186.425,10487.15824027,000190.704,362237.27919918
2021-10-20T12:00:01.956Z,-USD,000191.342,000194.864,000186.425,10488.53881502,000191.494,362454.51026498
2021-10-20T13:00:01.795Z,-USD,0000190.72,000194.864,000186.425,10074.68947095,000193.058,362774.35563179
2021-10-20T14:00:02.204Z,-USD,000189.665,00000195.0,000186.425,10221.24972687,000194.848,363289.5461296
2021-10-20T15:00:02.133Z,-USD,000189.339,0000197.25,0000188.74,11135.32042267,000196.665,364664.62740656
2021-10-20T16:00:02.191Z,-USD,000188.997,000199.523,0000188.74,12167.1049495,000199.331,366186.75512651
2021-10-20T17:00:01.752Z,-USD,000192.341,000204.489,000189.348,13742.19269429,000202.982,369241.94588213
2021-10-20T18:00:02.711Z,-USD,000193.153,000204.489,000189.348,14088.00282935,000202.134,370128.15683964
2021-10-20T19:00:02.04Z,-USD,000191.763,00000205.0,000189.348,14397.61406029,000204.704,370894.27183558
2021-10-20T20:00:01.881Z,-USD,000190.207,000205.804,000189.348,14880.36001117,0000203.62,371605.27179037
2021-10-20T21:00:02.216Z,-USD,000190.885,000205.804,000189.348,15639.0655377,000201.886,372832.62098862
2021-10-20T22:00:02.297Z,-USD,000191.933,000205.804,000189.348,16967.94325542,000201.759,374589.04707569
2021-10-20T23:00:01.822Z,-USD,000192.972,000205.804,000189.348,16817.14130167,000201.304,374873.16761644
2021-10-21T00:00:02.66Z,-USD,000194.187,000205.804,000189.348,17636.96728663,000201.415,376135.38644421
2021-10-21T01:00:02.187Z,-USD,00000192.0,000205.804,000189.348,19950.76512111,000204.509,354142.23327351
2021-10-21T02:00:02.795Z,-USD,000192.262,000205.804,000189.348,20817.16303323,000202.218,356079.47502128
2021-10-21T03:00:02.201Z,-USD,000191.913,000205.804,000189.348,21485.59079206,0000201.79,356986.21626489
2021-10-21T04:00:02.146Z,-USD,000190.413,000205.804,000189.348,21886.8270069,0000201.71,357614.10140655
2021-10-21T05:00:02.629Z,-USD,000191.033,000205.804,000189.348,21911.48672501,0000201.95,358239.92957248
2021-10-21T06:00:02.524Z,-USD,00000190.0,000205.804,000189.686,22468.78922882,000203.243,359215.04527715
2021-10-21T07:00:02.385Z,-USD,000189.978,000205.804,000189.978,22428.47316391,000200.514,359556.89574584
2021-10-21T08:00:02.232Z,-USD,000190.847,000205.804,000190.464,22706.79941189,000202.563,359894.80632573
2021-10-21T09:00:02.008Z,-USD,0000191.23,000205.804,000190.464,22826.71887364,000204.753,360173.87248174
2021-10-21T10:00:01.763Z,-USD,000191.111,000207.698,000190.464,23695.96114195,000206.671,361150.25656081
2021-10-21T11:00:02.084Z,-USD,000190.464,000207.701,000190.464,24076.54307429,000206.129,361585.77019034
2021-10-21T12:00:01.931Z,-USD,0000191.55,0000207.99,000191.543,26851.01874687,000200.889,364565.25392872
2021-10-21T13:00:01.776Z,-USD,000193.147,0000207.99,000192.824,26911.87649792,000202.517,364945.96204658
2021-10-21T14:00:02.654Z,-USD,000194.848,0000207.99,000194.848,26884.10287933,000203.655,365439.594367
2021-10-21T15:00:01.791Z,-USD,000197.157,0000207.99,000195.911,26904.38219401,000197.799,366829.53451744
2021-10-21T16:00:02.014Z,-USD,000199.467,0000207.99,0000193.35,26804.88946284,000196.962,368254.82150622
2021-10-21T17:00:02.369Z,-USD,000203.249,0000207.99,0000193.35,24301.46419258,00000195.6,368808.29108571
2021-10-21T18:00:02.593Z,-USD,000202.326,0000207.99,0000193.35,23748.87825095,000194.798,369138.32500746
2021-10-21T19:00:02.51Z,-USD,000204.871,0000207.99,0000193.35,23364.99561596,000195.876,369524.06636841
2021-10-21T20:00:02.655Z,-USD,000203.697,0000207.99,0000193.35,23033.38070666,000196.089,369901.7084139
2021-10-21T21:00:01.929Z,-USD,000201.992,0000207.99,0000193.35,22070.98525015,0000196.73,370165.68220002
2021-10-21T22:00:02.08Z,-USD,0000201.69,0000207.99,0000193.35,20510.13456201,000197.241,370362.97354483
2021-10-21T23:00:02.468Z,-USD,000200.916,0000207.99,0000193.35,22517.72688707,000197.119,372650.75242038
2021-10-22T00:00:02.626Z,-USD,000201.785,0000207.99,0000193.35,21551.56864951,000196.743,372947.8887013
2021-10-22T01:00:09.309Z,-USD,00000204.4,0000207.99,0000193.35,19822.48810866,00000200.0,358972.84802363
2021-10-22T02:00:07.275Z,-USD,000202.628,0000207.99,0000193.35,18733.96096501,000199.421,359826.20262775
2021-10-22T03:00:02.234Z,-USD,000201.535,0000207.99,0000193.35,18058.87048007,000199.888,360048.32938642
2021-10-22T04:00:01.852Z,-USD,000201.636,0000207.99,0000193.35,17853.68960863,000201.783,360483.07526739
2021-10-22T05:00:02.652Z,-USD,0000202.04,0000207.99,0000193.35,17743.28799803,000201.483,360986.10621197
2021-10-22T06:00:02.402Z,-USD,000203.245,0000207.99,0000193.35,16957.59651338,000201.125,361175.42443199
2021-10-22T07:00:02.05Z,-USD,000200.701,0000207.99,0000193.35,17057.32903477,000200.196,361619.32542207
2021-10-22T08:00:01.781Z,-USD,000202.564,0000207.99,0000193.35,16770.70058471,000202.307,361678.3345519
2021-10-22T09:00:02.57Z,-USD,0000204.71,0000207.99,0000193.35,18146.34404721,000202.411,363332.81417041
2021-10-22T10:00:02.161Z,-USD,0000206.54,0000207.99,0000193.35,17399.41951981,000200.729,363553.72172208
2021-10-22T11:00:02.351Z,-USD,0000206.26,0000207.99,0000193.35,17156.33801274,000200.642,363746.22327202
2021-10-22T12:00:01.743Z,-USD,0000201.96,000205.988,0000193.35,14674.3007471,000201.658,364252.27431728
2021-10-22T13:00:02.639Z,-USD,000202.762,000205.988,0000193.35,14515.3845858,000202.834,364466.33927384
2021-10-22T14:00:02.466Z,-USD,000203.923,000204.159,0000193.35,14426.17287816,000198.622,364872.63988662
2021-10-22T15:00:01.819Z,-USD,00000197.5,000203.261,0000193.35,15073.3788728,000198.187,366906.2490317
2021-10-22T16:00:01.939Z,-USD,000196.914,000203.261,000194.798,14351.08702525,000196.447,367614.50617293
2021-10-22T17:00:02.393Z,-USD,000195.288,000203.261,000192.389,15044.70867169,000196.782,368864.29939886
2021-10-22T18:00:02.025Z,-USD,000194.935,000203.261,000192.389,16442.58689385,00000194.0,370585.43554277
2021-10-22T19:00:02.161Z,-USD,000196.217,000203.261,000192.389,17162.92696179,000195.407,371689.98297166
2021-10-22T20:00:02.173Z,-USD,000196.559,000203.261,000192.389,16989.82994194,000195.353,371895.4399973
2021-10-22T21:00:02.418Z,-USD,000196.907,000203.261,000192.389,16841.36381196,0000195.92,372009.84065344
2021-10-22T22:00:02.198Z,-USD,000197.416,000203.261,000192.389,16705.59348516,000193.282,372072.47718763
2021-10-22T23:00:02.568Z,-USD,000197.249,000203.261,000192.389,14703.97392322,000194.568,372371.54798506
2021-10-23T00:00:02.446Z,-USD,0000196.65,000203.261,000192.389,14483.07211516,0000195.28,372434.77445792
2021-10-23T01:00:02.283Z,-USD,00000200.0,000203.261,000192.389,13711.53973532,000194.829,357481.36863416
2021-10-23T02:00:02.096Z,-USD,00000199.1,000203.261,000192.389,13016.56738274,000194.608,357630.4878857
2021-10-23T03:00:02.102Z,-USD,000200.177,000203.261,000192.389,13035.74828113,000195.677,357871.64754276
2021-10-23T04:00:02.17Z,-USD,000202.028,000203.261,000192.389,13450.33433976,000196.307,358773.02648236
2021-10-23T05:00:02.322Z,-USD,000201.726,000203.261,000192.389,13663.62225674,000196.894,359445.80284516
2021-10-23T06:00:02.227Z,-USD,000200.862,000203.261,000192.389,14058.97015932,000195.002,360022.64946652
2021-10-23T07:00:02.1Z,-USD,00000200.8,000203.261,000192.389,14027.45652192,000195.514,360435.0808192
2021-10-23T08:00:01.833Z,-USD,000202.333,000203.261,000192.389,14090.54557772,000195.752,360556.59800483
2021-10-23T09:00:01.76Z,-USD,0000202.36,000203.261,000192.389,12458.06995921,000196.614,360588.39500483
2021-10-23T10:00:02.585Z,-USD,000200.738,000203.261,000192.389,12311.86766984,000195.145,360657.20426713
2021-10-23T11:00:01.767Z,-USD,000200.632,000203.261,000192.389,12154.91429131,000193.033,360688.71443854
2021-10-23T12:00:02.463Z,-USD,000202.094,000203.261,00000191.5,12052.49125024,000195.859,361092.81144273
2021-10-23T13:00:02.387Z,-USD,000202.803,000203.261,00000191.5,11966.20646234,000196.495,361221.58161139
2021-10-23T14:00:02.271Z,-USD,000198.773,000199.429,00000191.5,11773.10998032,000196.256,361438.70774215
2021-10-31T18:00:08.706Z,-USD,000183.632,000199.803,000180.769,20558.72677005,000191.673,413035.87252977
2021-10-31T19:00:01.791Z,-USD,00000184.7,000199.803,000180.769,20183.86849113,0000191.21,413437.52510514
2021-10-31T20:00:01.778Z,-USD,000184.867,000199.803,000180.769,20086.95944115,0000190.89,413728.97566156
2021-10-31T21:00:02.684Z,-USD,000184.001,000199.803,000180.769,21118.98843712,000191.431,415049.18321334
2021-10-31T22:00:01.709Z,-USD,000183.728,000199.803,000180.769,21485.82749233,000193.036,415788.38759591
2021-10-31T23:00:03.094Z,-USD,000182.281,000199.803,000181.432,21493.75723082,000191.966,416530.32027072
2021-11-01T00:00:04.868Z,-USD,000183.727,000199.803,000183.486,19468.3152329,000192.616,416929.71118766
2021-11-01T01:00:04.338Z,-USD,000185.433,000199.803,000183.656,19109.78151619,000193.588,405912.16631243
2021-11-01T02:00:03.854Z,-USD,0000184.08,000199.803,000183.683,18553.44570127,000191.715,406489.10239664
2021-11-01T03:00:03.703Z,-USD,00000188.6,000199.803,000186.061,17501.71484973,000187.939,407271.8209156
2021-11-01T04:00:13.388Z,-USD,0000187.54,000199.803,000185.303,17305.84861002,000185.537,408325.76168963
2021-11-01T05:00:07.284Z,-USD,000191.434,000199.803,000183.915,17106.01784443,000187.165,408725.31096531
2021-11-01T06:00:06.049Z,-USD,000192.396,000199.803,000183.915,16631.65555307,000187.546,408964.97636286
2021-11-01T07:00:06.388Z,-USD,000194.512,000199.803,000183.915,16268.46783554,000187.984,409227.57812184
2021-11-01T08:00:02.266Z,-USD,000199.321,000199.803,000183.915,15356.73622228,000191.947,409481.50201734
2021-11-01T09:00:01.782Z,-USD,000195.212,000198.974,000183.915,14918.71560513,000191.976,409955.37444185
2021-11-01T10:00:02.202Z,-USD,000194.638,000194.658,000183.915,14115.22997048,000193.387,410576.52844185
2021-11-01T11:00:03.213Z,-USD,000193.184,0000194.59,000183.915,13894.89646681,000193.888,410881.55110436
2021-11-01T12:00:02.513Z,-USD,000189.666,000194.655,000183.915,13475.73225013,000191.404,411173.80910436
2021-11-01T13:00:02.256Z,-USD,000189.332,000194.655,000183.915,13444.87249013,000193.296,411538.37425057
2021-11-01T14:00:02.194Z,-USD,00000188.8,000194.655,000183.915,13030.65390639,000193.196,411902.29183824
2021-11-01T15:00:02.248Z,-USD,000192.295,000194.655,000183.915,12809.78327467,000192.284,412212.60805816
2021-11-01T16:00:01.801Z,-USD,000191.894,000194.655,000183.915,12260.95233451,000190.107,412685.50341221
2021-11-01T17:00:03.98Z,-USD,000192.724,000194.655,000183.915,12703.44697368,000188.614,413564.724815
2021-11-01T18:00:02.944Z,-USD,000191.642,000194.655,000183.915,12440.43837954,000187.812,414151.87119573
2021-11-01T19:00:02.167Z,-USD,000191.096,000194.655,000183.915,12689.35525389,000187.628,414801.85764545
2021-11-01T20:00:02.283Z,-USD,000191.114,000194.655,000183.915,13059.78789856,000189.597,415467.87584654
2021-11-01T21:00:02.427Z,-USD,000191.184,000194.655,000183.915,13026.17101108,000187.938,416752.77351084
2021-11-01T22:00:02.478Z,-USD,000193.095,000194.655,000183.915,12687.86483214,000188.486,417152.87171447
2021-11-01T23:00:03.419Z,-USD,000192.181,000194.655,000183.915,12836.03488847,000188.993,418040.60644561
2021-11-02T00:00:01.929Z,-USD,000192.829,000194.655,000183.915,13436.92890397,000189.796,419055.87837805
2021-11-02T01:00:01.873Z,-USD,000193.828,000194.655,000183.915,13610.81841644,0000188.78,411768.18114859
2021-11-02T02:00:01.986Z,-USD,00000191.6,000194.655,000183.915,13327.74830701,000188.996,412062.97312337
2021-11-02T03:00:01.903Z,-USD,000184.999,000194.655,000183.915,12510.73214069,000189.254,413104.00923918
2021-11-02T04:00:02.082Z,-USD,000184.999,000194.655,000183.915,12644.75182089,000190.955,413238.02891938
2021-11-02T05:01:03.096Z,-USD,000187.126,000194.655,000186.689,12377.93251231,000191.325,413598.88429489
2021-11-02T06:00:02.166Z,-USD,000187.126,000194.655,000186.689,12731.21361414,000191.572,413952.16539672
2021-11-02T07:00:01.91Z,-USD,000188.771,000194.655,000186.689,12992.73146333,000191.158,414466.65800489
2021-11-02T08:00:01.852Z,-USD,000191.716,000194.655,000186.689,12874.52843987,0000190.79,414612.06787693
2021-11-02T09:00:01.775Z,-USD,000192.189,000194.655,000186.689,12758.04267327,000192.067,414963.35153484
2021-11-02T10:00:01.714Z,-USD,000193.756,000194.655,000186.689,12517.21348847,000194.316,415340.55635004
2021-11-02T11:00:04.183Z,-USD,000194.469,000194.773,000186.689,12690.46300544,000192.833,415828.49252952
2021-11-02T12:00:01.711Z,-USD,000192.331,000194.773,000186.689,12656.10816016,000193.377,416093.76038418
2021-11-02T13:00:02.582Z,-USD,000193.493,000194.773,000186.689,12768.70400929,0000193.97,416579.05567958
2021-11-02T14:00:02.686Z,-USD,000193.434,000195.801,000186.689,13183.04338059,000194.974,417330.49563855
2021-11-02T15:00:02.009Z,-USD,000193.027,000197.033,000186.689,14067.77412173,000194.921,418527.97259961
2021-11-02T16:00:02.22Z,-USD,000189.852,000197.033,000186.689,14572.77334263,000196.001,419506.28017456
2021-11-02T17:00:03.37Z,-USD,000188.313,0000197.47,000186.689,15205.81426162,000197.022,421023.17349634
2021-11-02T18:00:02.126Z,-USD,000187.375,00000200.0,000186.689,21970.87201751,000198.238,428378.47063296
2021-11-02T19:00:02.42Z,-USD,000187.231,00000200.0,000187.015,21923.84570835,000198.141,428991.55977352
2021-11-02T20:00:01.771Z,-USD,000189.738,00000200.0,000187.227,21923.85901104,000197.427,429643.3462773
2021-11-02T21:00:01.886Z,-USD,000187.944,00000200.0,000187.227,21453.60724129,000197.069,430467.27817185
2021-11-02T22:00:02.016Z,-USD,000188.556,00000200.0,000187.668,21715.37495592,0000197.21,431115.55909011
2021-11-02T23:00:02.751Z,-USD,000188.967,000202.814,000187.668,22887.82704463,000202.814,433173.29490996
2021-11-03T00:00:02.489Z,-USD,000189.131,000203.099,000187.668,23952.40373834,0000200.23,435266.00653611
2021-11-03T01:00:02.616Z,-USD,000188.968,000203.099,000188.371,24900.3880287,000201.838,426429.70716551
2021-11-03T02:00:02.352Z,-USD,0000189.17,000203.099,000188.677,25803.29383816,000202.515,427600.01794975
2021-11-03T03:00:02.521Z,-USD,000189.209,000203.262,000189.143,27293.34661037,000202.754,430129.91083777
2021-11-03T04:00:02.703Z,-USD,000190.849,000204.561,000190.535,29302.56706197,0000201.81,432283.57823072
2021-11-03T05:00:03.72Z,-USD,000191.396,000204.561,000190.659,30440.70601194,000200.024,433775.51429505
2021-11-03T06:00:02.825Z,-USD,000191.888,000204.561,000190.659,31034.64334292,000202.785,434733.65772786
2021-11-03T07:00:01.666Z,-USD,0000191.57,000204.561,000190.659,31005.11630506,000201.682,435204.94929817
2021-11-03T08:00:02.667Z,-USD,000190.821,000204.561,000190.659,31573.56915698,000203.142,435921.49302213
2021-11-03T09:00:02.682Z,-USD,000191.817,000205.412,000191.676,31739.81108906,000203.704,436438.09761212
2021-11-03T10:00:02.489Z,-USD,000194.231,000205.412,000192.701,31674.44751891,000202.487,436749.65285717
2021-11-03T11:00:04.508Z,-USD,000193.108,000205.412,000192.758,31427.01145956,000201.908,436989.8999773
2021-11-03T12:00:01.942Z,-USD,000193.328,000205.412,000193.327,31432.10912002,000201.985,437259.38049242
2021-11-03T13:00:01.863Z,-USD,000194.245,000205.412,000193.378,32206.89524304,000195.751,438539.30891084
2021-11-03T14:00:01.998Z,-USD,000195.582,000205.412,000193.209,32725.57555492,000195.287,439796.84318169
2021-11-03T15:00:02.207Z,-USD,000195.258,000205.412,000193.209,32121.23268847,000196.266,440386.0342763
2021-11-03T16:00:01.68Z,-USD,000196.677,000205.412,000193.209,31467.35778583,000197.807,440753.19094861
2021-11-03T17:00:03.277Z,-USD,0000197.25,000205.412,000193.209,30632.96893769,000196.616,441390.97042225
2021-11-03T18:00:01.882Z,-USD,000197.968,000205.412,000193.209,24279.55409995,000198.664,442390.68072113
2021-11-03T19:00:02.278Z,-USD,0000197.72,000205.412,000193.209,24973.33038339,000203.021,443761.65814513
2021-11-03T20:00:02.568Z,-USD,000197.431,000205.412,000193.209,25371.57418692,000200.899,444755.0082197
2021-11-03T21:00:01.933Z,-USD,00000196.9,000205.412,000193.209,26324.41836058,000201.364,446527.74352065
