Coin on file:	DOGE
Created by:	chris
Created on:	09/18/2021T03:00:1631948402Z

Recorded,Currency,Open,High,Low,Volume,Last,Volume30day
2021-09-18T03:00:02.659Z,-USD,00000.2396,0000000.26,00000.2375,409046713.5,00000.2412,9148780783.9
2021-09-18T04:00:01.983Z,-USD,00000.2512,0000000.26,00000.2375,386253853.0,00000.2425,9151418187.0
2021-09-18T05:00:02.052Z,-USD,00000.2516,0000000.26,00000.2375,336496802.4,00000.2432,9154033943.0
2021-09-18T06:00:02.083Z,-USD,00000.2567,00000.2594,00000.2375,292374291.9,00000.2447,9157645031.4
2021-09-18T07:00:02.385Z,-USD,00000.2544,00000.2566,00000.2375,283137411.4,00000.2443,9167908604.1
2021-09-18T08:00:02.626Z,-USD,00000.2519,00000.2544,00000.2375,278126632.5,00000.2443,9176854318.2
2021-09-18T09:00:01.852Z,-USD,00000.2534,00000.2544,00000.2375,271017708.2,00000.2442,9183093012.0
2021-09-18T10:00:01.968Z,-USD,00000.2488,00000.2489,00000.2375,264205259.4,00000.2439,9188758376.3
2021-09-18T11:00:02.344Z,-USD,00000.2425,00000.2476,00000.2375,238171993.9,00000.2454,9201341822.5
2021-09-18T12:00:02.46Z,-USD,00000.2405,00000.2476,00000.2375,224910564.9,00000.2426,9207302992.1
2021-09-18T13:00:02.675Z,-USD,00000.2425,00000.2476,00000.2377,215127367.2,00000.2427,9215870756.6
2021-09-18T14:00:01.88Z,-USD,00000.2405,00000.2476,00000.2377,205075387.2,00000.2424,9220939669.7
2021-09-18T14:27:57.952Z,-USD,00000.2439,00000.2476,00000.2377,176226428.0,000000.243,9222715397.2
2021-09-18T14:28:37.246Z,-USD,00000.2439,00000.2476,00000.2377,176302257.7,00000.2429,9222791226.9
2021-09-18T14:31:17.504Z,-USD,00000.2439,00000.2476,00000.2377,176420632.5,000000.243,9222909601.7
2021-09-18T15:00:02.118Z,-USD,00000.2439,00000.2476,00000.2377,178045989.6,00000.2428,9224534958.8
2021-09-18T16:00:02.322Z,-USD,000000.243,00000.2476,00000.2377,165456734.9,00000.2426,9229315526.0
2021-09-18T17:00:02.107Z,-USD,00000.2438,00000.2476,00000.2377,160215493.5,00000.2409,9236256446.7
2021-09-18T18:00:07.221Z,-USD,00000.2409,00000.2476,00000.2377,159795083.0,00000.2417,9241954287.9
2021-09-18T19:00:01.787Z,-USD,00000.2413,00000.2476,00000.2377,150053853.7,00000.2409,9248122974.0
2021-09-18T20:00:02.515Z,-USD,00000.2427,00000.2476,00000.2377,153612398.5,00000.2411,9256628239.9
2021-09-18T21:00:02.121Z,-USD,0000000.24,00000.2476,00000.2377,158306896.3,00000.2399,9269427183.8
2021-09-18T22:00:02.335Z,-USD,000000.242,00000.2476,00000.2377,153415935.5,00000.2396,9272510060.0
2021-09-18T23:00:01.768Z,-USD,00000.2383,00000.2476,00000.2379,146552313.4,00000.2409,9274470707.8
2021-09-19T00:00:02.394Z,-USD,00000.2402,00000.2476,00000.2381,143154266.3,00000.2414,9277959151.7
2021-09-19T01:00:02.002Z,-USD,00000.2412,00000.2476,00000.2384,141783631.4,00000.2392,8889786084.3
2021-09-19T02:00:02.019Z,-USD,000000.242,00000.2476,00000.2384,142526133.6,00000.2408,8895050739.2
2021-09-19T03:00:02.664Z,-USD,00000.2414,00000.2476,00000.2384,142150761.9,00000.2402,8897076591.5
2021-09-19T04:00:02.654Z,-USD,00000.2425,00000.2476,00000.2384,142115600.7,00000.2392,8899677138.4
2021-09-19T05:00:02.407Z,-USD,00000.2433,00000.2476,00000.2384,143552339.1,00000.2401,8903732277.4
2021-09-19T06:00:02.187Z,-USD,00000.2448,00000.2476,00000.2384,143090002.7,00000.2409,8906877642.4
2021-09-19T07:00:02.005Z,-USD,00000.2444,00000.2476,00000.2384,133956596.7,00000.2406,8908006832.5
2021-09-19T08:00:02.143Z,-USD,00000.2444,00000.2476,00000.2384,125952698.2,00000.2406,8908966853.3
2021-09-19T09:00:01.925Z,-USD,00000.2443,00000.2476,00000.2384,121045728.0,000000.241,8910304877.7
2021-09-19T10:00:01.868Z,-USD,00000.2439,00000.2476,00000.2384,116700553.5,00000.2404,8911604100.3
2021-09-19T11:00:02.48Z,-USD,00000.2454,00000.2458,00000.2384,105952060.9,00000.2387,8913435596.2
2021-09-19T12:00:02.523Z,-USD,00000.2428,00000.2438,00000.2335,117013364.6,00000.2351,8930472442.1
2021-09-19T13:00:02.684Z,-USD,00000.2427,00000.2438,00000.2335,119554379.0,00000.2355,8941586102.6
2021-09-19T14:00:02.607Z,-USD,00000.2426,00000.2436,00000.2335,120069616.9,00000.2372,8947212662.5
2021-09-19T15:00:02.684Z,-USD,000000.243,00000.2436,00000.2335,121283713.5,000000.238,8951992301.7
2021-09-19T16:00:02.634Z,-USD,00000.2426,00000.2434,00000.2335,120429453.5,00000.2377,8955942838.2
2021-09-19T17:00:02.62Z,-USD,000000.241,00000.2421,00000.2335,117697638.4,00000.2371,8960260387.3
2021-09-19T18:00:01.7Z,-USD,00000.2415,00000.2421,00000.2335,115700051.8,00000.2363,8963847875.4
2021-09-19T19:00:01.839Z,-USD,00000.2408,00000.2421,00000.2335,112456590.1,00000.2375,8966731262.3
2021-09-19T20:00:01.841Z,-USD,00000.2412,00000.2421,00000.2335,107546542.2,00000.2357,8970330130.3
2021-09-19T21:00:02.299Z,-USD,00000.2398,00000.2421,00000.2335,99592120.3,00000.2369,8975160790.4
2021-09-19T22:00:02.24Z,-USD,00000.2396,00000.2421,00000.2335,99918008.7,00000.2361,8978570074.1
2021-09-19T23:00:02.396Z,-USD,00000.2411,00000.2421,00000.2308,111598380.0,00000.2319,8992215381.0
2021-09-20T00:00:01.696Z,-USD,00000.2414,00000.2415,00000.2308,117622459.6,00000.2329,9001725761.7
2021-09-20T01:00:01.876Z,-USD,00000.2394,00000.2415,00000.2255,137305733.0,00000.2287,8749381394.3
2021-09-20T02:00:02.151Z,-USD,00000.2407,00000.2415,00000.2255,143063642.8,00000.2309,8760398190.0
2021-09-20T03:00:02.274Z,-USD,00000.2401,00000.2415,00000.2216,161661296.2,00000.2239,8781025750.4
2021-09-20T04:00:02.153Z,-USD,00000.2394,00000.2415,00000.2186,183488904.5,00000.2223,8805449153.2
2021-09-20T05:00:01.965Z,-USD,00000.2401,00000.2415,00000.2186,188973064.5,00000.2231,8815023854.4
2021-09-20T06:00:01.919Z,-USD,00000.2409,00000.2415,00000.2186,192781249.8,00000.2237,8821971529.2
2021-09-20T07:00:02.042Z,-USD,00000.2407,00000.2415,00000.2186,197437223.2,00000.2221,8827733867.4
2021-09-20T08:00:02.121Z,-USD,00000.2406,00000.2415,00000.2153,218050120.8,00000.2174,8849301297.5
2021-09-20T09:00:01.892Z,-USD,000000.241,00000.2413,00000.2153,225951336.3,00000.2197,8858539396.9
2021-09-20T10:00:01.701Z,-USD,00000.2403,00000.2405,00000.2153,229788573.8,00000.2173,8863736400.6
2021-09-20T11:00:02.361Z,-USD,00000.2389,00000.2394,00000.2137,247168262.6,00000.2153,8882893268.0
2021-09-20T12:00:02.361Z,-USD,00000.2348,000000.239,00000.2042,284604031.0,00000.2076,8937485169.2
2021-09-20T13:00:02.403Z,-USD,00000.2356,000000.239,00000.1989,329346659.0,000000.208,8993231305.1
2021-09-20T14:00:02.73Z,-USD,00000.2371,000000.239,00000.1989,354565453.9,00000.2143,9024062986.6
2021-09-20T15:00:01.832Z,-USD,00000.2379,000000.239,00000.1989,370004170.3,00000.2121,9044279725.3
2021-09-20T16:00:02.357Z,-USD,00000.2378,000000.239,00000.1989,392308403.6,00000.2143,9070550446.7
2021-09-20T17:00:02.536Z,-USD,00000.2371,00000.2385,00000.1989,410829556.5,00000.2133,9093373320.0
2021-09-20T18:00:02.544Z,-USD,00000.2365,00000.2385,00000.1989,416764907.2,000000.215,9102898122.0
2021-09-20T19:00:02.469Z,-USD,00000.2377,00000.2379,00000.1989,435182549.6,00000.2079,9124205485.6
2021-09-20T20:00:02.434Z,-USD,00000.2355,00000.2373,00000.1989,456554927.5,00000.2103,9149294407.0
2021-09-20T21:00:02.46Z,-USD,00000.2368,00000.2373,00000.1989,468885756.8,0000000.21,9166332738.7
2021-09-20T22:00:02.44Z,-USD,00000.2361,00000.2367,00000.1989,476511086.0,00000.2119,9177377309.9
2021-09-20T23:00:02.52Z,-USD,00000.2318,00000.2336,00000.1989,476498273.3,00000.2099,9191001636.2
2021-09-21T00:00:02.956Z,-USD,00000.2329,00000.2335,00000.1989,483175695.2,00000.2081,9207265102.7
2021-09-21T01:00:02.191Z,-USD,00000.2286,00000.2312,00000.1989,494870456.6,00000.2018,9044045241.4
2021-09-21T02:00:01.777Z,-USD,00000.2309,00000.2311,00000.1989,512543671.7,0000000.21,9072683324.8
2021-09-21T03:00:02.103Z,-USD,00000.2233,00000.2247,00000.1989,505508760.0,00000.2109,9086522195.3
2021-09-21T04:00:02.34Z,-USD,00000.2218,00000.2243,00000.1989,491325078.2,00000.2083,9096567443.0
2021-09-21T05:00:02.612Z,-USD,00000.2229,00000.2243,00000.1989,493596421.1,00000.2068,9108346273.9
2021-09-21T06:00:02.518Z,-USD,00000.2235,00000.2243,00000.1989,495501680.5,00000.2067,9117337599.2
2021-09-21T07:00:02.272Z,-USD,00000.2221,00000.2235,00000.1989,499880934.7,00000.2082,9127411804.6
2021-09-21T08:00:02.419Z,-USD,00000.2178,00000.2202,00000.1989,486466448.8,00000.2102,9135627683.9
2021-09-21T09:00:02.545Z,-USD,00000.2195,00000.2199,00000.1989,480938048.6,00000.2109,9139264309.2
2021-09-21T10:00:02.395Z,-USD,00000.2172,00000.2194,00000.1989,480546940.2,00000.2103,9144170780.7
2021-09-21T11:00:02.6Z,-USD,00000.2154,00000.2161,00000.1989,466293287.4,00000.2128,9148928473.3
2021-09-21T12:00:02.507Z,-USD,00000.2074,00000.2161,00000.1989,420765480.6,00000.2125,9158033265.3
2021-09-21T13:00:02.679Z,-USD,00000.2081,00000.2185,000000.199,385733656.0,00000.2154,9178744007.7
2021-09-21T14:00:01.857Z,-USD,00000.2142,00000.2185,000000.199,365035499.4,00000.2135,9188926075.5
2021-09-21T15:00:02.144Z,-USD,000000.212,00000.2185,000000.199,359448229.7,00000.2106,9203493786.6
2021-09-21T16:00:02.617Z,-USD,000000.214,00000.2185,000000.199,343557439.5,000000.213,9213899079.5
2021-09-21T17:00:03.462Z,-USD,00000.2132,00000.2185,000000.199,331529476.6,000000.208,9224630326.4
2021-09-21T18:00:01.824Z,-USD,00000.2149,00000.2185,000000.199,335353067.2,00000.2062,9238000482.6
2021-09-21T19:00:02.438Z,-USD,00000.2081,00000.2185,000000.199,324145974.0,00000.2076,9248125854.2
2021-09-21T20:00:02.298Z,-USD,00000.2105,00000.2185,000000.199,313442560.4,00000.2091,9262645372.6
2021-09-21T21:00:01.766Z,-USD,0000000.21,00000.2185,000000.199,320059824.4,00000.2015,9286123092.4
2021-09-21T22:00:02.225Z,-USD,00000.2121,00000.2185,00000.1977,344852880.2,00000.2059,9321951842.5
2021-09-21T23:00:02.124Z,-USD,00000.2101,00000.2185,00000.1977,351101263.3,00000.1986,9341848263.4
2021-09-22T00:00:02.323Z,-USD,00000.2087,00000.2185,00000.1977,364053214.0,00000.2007,9371071520.1
2021-09-22T01:00:02.686Z,-USD,00000.2018,00000.2185,00000.1977,347205329.1,00000.2019,9078309231.2
2021-09-22T02:00:01.838Z,-USD,00000.2097,00000.2185,00000.1977,336987121.2,00000.2072,9096704063.0
2021-09-22T03:00:02.496Z,-USD,00000.2107,00000.2185,00000.1977,331913108.6,00000.2059,9105449552.2
2021-09-22T04:00:01.855Z,-USD,00000.2085,00000.2185,00000.1977,334906891.0,000000.203,9118553018.9
2021-09-22T05:00:01.961Z,-USD,00000.2067,00000.2185,00000.1977,333056020.5,00000.2029,9128436536.3
2021-09-22T06:00:02.356Z,-USD,00000.2067,00000.2185,00000.1977,355902826.3,00000.2087,9160258695.3
2021-09-22T07:00:02.359Z,-USD,00000.2083,00000.2185,00000.1977,360555845.6,00000.2111,9175188867.2
2021-09-22T08:00:02.458Z,-USD,00000.2104,00000.2185,00000.1977,369474170.9,00000.2121,9192315755.9
2021-09-22T09:00:03.657Z,-USD,000000.211,00000.2185,00000.1977,372665974.0,00000.2094,9198949645.7
2021-09-22T10:00:01.805Z,-USD,00000.2105,00000.2185,00000.1977,372574748.0,00000.2106,9203767069.2
2021-09-22T11:00:02.368Z,-USD,00000.2127,00000.2185,00000.1977,377640855.4,00000.2101,9213584790.5
2021-09-22T12:00:02.378Z,-USD,00000.2125,00000.2185,00000.1977,383338972.9,00000.2084,9228380709.8
2021-09-22T13:00:02.638Z,-USD,00000.2149,00000.2156,00000.1977,370113149.9,00000.2098,9236020593.2
2021-09-22T14:00:01.835Z,-USD,00000.2136,00000.2146,00000.1977,368325093.3,00000.2109,9244266672.2
2021-09-22T15:00:01.945Z,-USD,00000.2104,00000.2146,00000.1977,360536043.9,00000.2112,9251247807.6
2021-09-22T16:00:02.268Z,-USD,000000.213,00000.2157,00000.1977,373547757.6,00000.2155,9274460333.1
2021-09-22T17:00:02.156Z,-USD,00000.2082,00000.2285,00000.1977,429788985.8,00000.2222,9341431471.6
2021-09-22T18:00:02.557Z,-USD,00000.2064,00000.2285,00000.1977,450323593.1,0000000.22,9375340586.4
2021-09-22T19:00:02.158Z,-USD,00000.2075,00000.2285,00000.1977,479166980.7,0000000.22,9414301806.0
2021-09-22T20:00:02.676Z,-USD,00000.2087,00000.2285,00000.1977,483588566.4,00000.2223,9433383105.3
2021-09-22T21:00:01.933Z,-USD,00000.2015,00000.2306,00000.1977,480438786.9,00000.2263,9453621301.2
2021-09-22T22:00:02.514Z,-USD,00000.2058,00000.2306,00000.1977,465415768.4,00000.2245,9474400636.8
2021-09-22T23:00:02.005Z,-USD,00000.1993,00000.2306,00000.1977,458701312.6,00000.2251,9487757258.9
2021-09-23T00:00:03.545Z,-USD,000000.201,00000.2306,00000.1999,443711373.6,00000.2245,9501943016.9
2021-09-23T01:00:02.49Z,-USD,00000.2023,00000.2306,00000.2009,443607284.2,00000.2212,9111828735.2
2021-09-23T02:00:02.357Z,-USD,00000.2074,00000.2306,00000.2017,441867468.6,00000.2237,9128445907.2
2021-09-23T03:00:02.712Z,-USD,00000.2056,00000.2306,00000.2017,446831162.2,00000.2244,9142274053.3
2021-09-23T04:00:01.926Z,-USD,00000.2028,00000.2306,00000.2017,448794829.5,00000.2253,9157250730.2
2021-09-23T05:00:02.221Z,-USD,00000.2031,00000.2306,000000.203,446338769.3,00000.2251,9164644976.1
2021-09-23T06:00:02.32Z,-USD,00000.2092,00000.2306,00000.2062,418134961.3,00000.2235,9168292907.1
2021-09-23T07:00:03.134Z,-USD,00000.2113,00000.2306,00000.2072,407768294.4,00000.2247,9172827898.2
2021-09-23T08:00:02.122Z,-USD,00000.2119,00000.2306,00000.2072,393649899.1,00000.2241,9175919846.9
2021-09-23T09:00:02.3Z,-USD,00000.2095,00000.2306,00000.2072,399323464.2,00000.2233,9188165365.6
2021-09-23T10:00:02.464Z,-USD,00000.2111,00000.2306,00000.2072,402563003.8,00000.2231,9196208887.4
2021-09-23T11:00:05.825Z,-USD,00000.2101,00000.2306,00000.2072,401042671.5,00000.2212,9204503099.1
2021-09-23T12:00:02.063Z,-USD,00000.2082,00000.2306,00000.2072,396836984.8,00000.2187,9215132118.0
2021-09-23T13:00:02.551Z,-USD,0000000.21,00000.2306,00000.2092,398034956.9,00000.2195,9223921800.9
2021-09-23T14:00:01.849Z,-USD,00000.2108,00000.2306,00000.2102,400069182.3,00000.2227,9234205322.2
2021-09-23T15:00:02.469Z,-USD,00000.2112,00000.2306,00000.2112,401035894.7,00000.2237,9242235912.8
2021-09-23T16:00:01.835Z,-USD,00000.2153,00000.2306,00000.2144,385122903.0,00000.2204,9249757571.1
2021-09-23T17:00:02.388Z,-USD,00000.2221,00000.2306,00000.2174,324712341.4,00000.2201,9256363972.0
2021-09-23T18:00:01.982Z,-USD,00000.2201,00000.2306,00000.2176,305730220.9,00000.2238,9271027646.2
2021-09-23T19:00:01.805Z,-USD,00000.2198,00000.2306,00000.2176,274402637.7,00000.2231,9278585668.9
2021-09-23T20:00:02.516Z,-USD,00000.2226,00000.2306,00000.2176,258414181.8,000000.223,9281812351.7
2021-09-23T21:00:02.25Z,-USD,00000.2262,00000.2294,00000.2176,243462124.4,00000.2219,9286992174.4
2021-09-23T22:00:02.175Z,-USD,00000.2247,00000.2274,00000.2176,229803193.2,00000.2237,9294091729.6
2021-09-23T23:00:01.951Z,-USD,000000.225,00000.2274,00000.2176,230421881.3,00000.2236,9308058077.4
2021-09-24T00:00:02.48Z,-USD,00000.2245,00000.2274,00000.2176,228479560.6,00000.2249,9320296083.2
2021-09-24T01:00:02.228Z,-USD,00000.2213,00000.2292,00000.2176,226699200.1,00000.2264,9087099286.1
2021-09-24T02:00:02.084Z,-USD,00000.2237,00000.2292,00000.2176,228057960.8,00000.2237,9105064436.1
2021-09-24T03:00:01.973Z,-USD,00000.2244,00000.2292,00000.2176,222881960.9,00000.2239,9113731312.7
2021-09-24T04:00:02.45Z,-USD,00000.2251,00000.2292,00000.2176,214613574.8,00000.2228,9120426572.3
2021-09-24T05:00:02.206Z,-USD,00000.2249,00000.2292,00000.2176,210393577.6,00000.2217,9123617376.1
2021-09-24T06:00:02.643Z,-USD,00000.2238,00000.2292,00000.2176,215131212.8,00000.2202,9131998652.1
2021-09-24T07:00:02.623Z,-USD,00000.2249,00000.2292,00000.2176,215921797.2,00000.2188,9137338502.0
2021-09-24T08:00:01.884Z,-USD,00000.2241,00000.2292,00000.2176,230580636.5,00000.2212,9155063010.4
2021-09-24T09:00:02.126Z,-USD,00000.2231,00000.2292,00000.2176,233347261.8,00000.2195,9170103340.5
2021-09-24T10:00:02.248Z,-USD,00000.2227,00000.2292,00000.2039,275762364.7,00000.2039,9220532394.3
2021-09-24T11:00:02.663Z,-USD,000000.221,00000.2292,00000000.2,318731690.9,00000.2026,9271795630.0
2021-09-24T12:00:02.133Z,-USD,00000.2192,00000.2292,00000.1967,354934017.6,00000.2043,9318655065.6
2021-09-24T13:00:02.817Z,-USD,00000.2195,00000.2292,00000.1967,361316416.4,00000.2024,9333835688.8
2021-09-24T14:00:02.591Z,-USD,00000.2227,00000.2292,00000.1967,376639448.3,00000.2064,9359427228.6
2021-09-24T15:00:02.124Z,-USD,00000.2236,00000.2292,00000.1967,386546340.6,00000.2091,9377415746.3
2021-09-24T16:00:01.961Z,-USD,00000.2204,00000.2292,00000.1967,385527631.4,000000.207,9383915251.4
2021-09-24T17:00:02.316Z,-USD,00000.2201,00000.2292,00000.1967,387482103.7,00000.2083,9392409223.5
2021-09-24T18:00:02.431Z,-USD,000000.224,00000.2292,00000.1967,381353201.1,00000.2068,9400950261.8
2021-09-24T19:00:02.41Z,-USD,00000.2231,00000.2292,00000.1967,379826482.1,00000.2076,9406972199.3
2021-09-24T20:00:01.732Z,-USD,00000.2231,00000.2292,00000.1967,386230442.0,00000.2082,9416609252.8
2021-09-24T21:00:02.101Z,-USD,000000.222,00000.2292,00000.1967,395097909.4,00000.2119,9430664712.3
2021-09-24T22:00:02.204Z,-USD,00000.2236,00000.2292,00000.1967,398534415.1,00000.2104,9441195358.5
2021-09-24T23:00:01.997Z,-USD,00000.2235,00000.2292,00000.1967,391227184.3,00000.2107,9447971649.7
2021-09-25T00:00:02.169Z,-USD,00000.2247,00000.2292,00000.1967,384602318.8,00000.2093,9453462650.1
2021-09-25T01:00:02.578Z,-USD,00000.2263,00000.2277,00000.1967,381081807.4,00000.2116,9130449360.8
2021-09-25T02:00:01.928Z,-USD,000000.224,00000.2248,00000.1967,379725381.9,00000.2109,9147114598.8
2021-09-25T03:00:01.987Z,-USD,00000.2238,00000.2248,00000.1967,376726478.0,00000.2098,9152743849.7
2021-09-25T04:00:02.605Z,-USD,00000.2225,00000.2234,00000.1967,374438556.6,00000.2111,9157134431.6
2021-09-25T05:00:02.68Z,-USD,00000.2216,00000.2234,00000.1967,376279950.7,00000.2115,9162166443.5
2021-09-25T06:00:02.668Z,-USD,00000.2202,00000.2234,00000.1967,371537754.7,00000.2091,9165841844.7
2021-09-25T07:00:01.846Z,-USD,00000.2188,00000.2234,00000.1967,369105184.6,00000.2112,9168709210.4
2021-09-25T08:00:01.884Z,-USD,00000.2209,00000.2234,00000.1967,356204361.9,00000.2079,9173656220.1
2021-09-25T09:00:02.034Z,-USD,00000.2198,00000.2198,00000.1967,350017298.5,00000.2083,9182433657.9
2021-09-25T10:00:01.83Z,-USD,00000.2037,00000.2133,00000.1967,312483838.0,00000.2104,9195462690.9
2021-09-25T11:00:02.586Z,-USD,00000.2022,00000.2133,00000.1967,267192863.6,00000.2094,9201418136.4
2021-09-25T12:00:02.497Z,-USD,00000.2039,00000.2133,00000.2007,230913721.1,000000.208,9211859162.1
2021-09-25T13:00:02.182Z,-USD,00000.2031,00000.2133,00000.2007,230766069.6,00000.2073,9226893849.5
2021-09-25T14:00:02.678Z,-USD,00000.2066,00000.2133,00000.2045,222924098.5,000000.208,9244728601.2
2021-09-25T15:00:02.678Z,-USD,00000.2092,00000.2133,00000.2045,214322694.4,00000.2064,9254049987.3
2021-09-25T16:00:01.769Z,-USD,00000.2068,00000.2133,00000.2045,218650467.9,00000.2072,9264858418.0
2021-09-25T17:00:02.512Z,-USD,00000.2083,00000.2133,00000.2045,227068404.8,00000.2098,9281940022.4
2021-09-25T18:00:01.743Z,-USD,00000.2076,00000.2133,00000.2045,225508280.9,000000.209,9288869317.1
2021-09-25T19:00:01.831Z,-USD,00000.2072,00000.2133,00000.2045,223905853.5,00000.2088,9293170017.1
2021-09-25T20:00:02.078Z,-USD,00000.2083,00000.2133,00000.2045,218582990.1,00000.2097,9297471435.3
2021-09-25T21:00:02.047Z,-USD,00000.2118,00000.2133,00000.2045,209581182.1,00000.2086,9302511735.7
2021-09-25T22:00:01.967Z,-USD,00000.2107,00000.2127,00000.2045,203480109.3,00000.2088,9306945862.3
2021-09-25T23:00:02.555Z,-USD,00000.2104,00000.2127,00000.2045,200398530.9,00000.2088,9310879308.2
2021-09-26T00:00:01.749Z,-USD,00000.2094,00000.2127,00000.2045,200179366.7,00000.2085,9315907110.6
2021-09-26T01:00:01.825Z,-USD,00000.2116,00000.2127,00000.2045,190547357.0,000000.207,9068089391.7
2021-09-26T02:00:02.1Z,-USD,00000.2107,00000.2127,00000.2045,180911871.1,00000.2059,9074707950.2
2021-09-26T03:00:01.99Z,-USD,0000000.21,00000.2127,00000.2026,193163437.7,000000.204,9092388431.8
2021-09-26T04:00:02.515Z,-USD,00000.2111,00000.2127,00000.2026,197944909.0,00000.2055,9101568359.6
2021-09-26T05:00:01.75Z,-USD,00000.2112,00000.2126,00000.2026,203769039.6,00000.2047,9112478751.8
2021-09-26T06:00:02.535Z,-USD,00000.2091,00000.2126,00000.2026,206222829.1,00000.2046,9118663217.6
2021-09-26T07:00:02.664Z,-USD,00000.2111,00000.2126,00000.2026,208057333.6,00000.2038,9123248358.1
2021-09-26T08:00:02.631Z,-USD,000000.208,00000.2126,00000.1959,226383006.3,00000.1983,9146540602.2
2021-09-26T09:00:02.674Z,-USD,00000.2081,00000.2126,00000.1943,234548818.6,00000.1971,9163469074.3
2021-09-26T10:00:01.845Z,-USD,00000.2104,00000.2126,00000.1943,239376921.5,00000.2045,9181320238.9
2021-09-26T11:00:01.798Z,-USD,00000.2095,00000.2126,00000.1943,243693359.0,00000.2031,9191599519.4
2021-09-26T12:00:02.079Z,-USD,000000.208,00000.2126,00000.1943,240344826.4,00000.2043,9198950001.9
2021-09-26T13:00:02.198Z,-USD,00000.2072,00000.2126,00000.1943,242516762.0,00000.2059,9215979295.6
2021-09-26T14:00:02.218Z,-USD,00000.2077,00000.2126,00000.1943,230483752.0,00000.2053,9221792378.0
2021-09-26T15:00:02.375Z,-USD,00000.2063,00000.2126,00000.1943,227521095.4,00000.2066,9228051995.2
2021-09-26T16:00:02.518Z,-USD,00000.2072,00000.2126,00000.1943,219684519.9,00000.2073,9231034315.9
2021-09-26T17:00:02.496Z,-USD,00000.2098,00000.2107,00000.1943,207862727.0,00000.2062,9236779788.6
2021-09-26T18:00:01.767Z,-USD,00000.2088,00000.2107,00000.1943,206142506.4,00000.2064,9241596528.3
2021-09-26T19:00:01.978Z,-USD,00000.2088,00000.2107,00000.1943,204964304.6,000000.206,9244616618.6
2021-09-26T20:00:02.12Z,-USD,00000.2099,00000.2102,00000.1943,203452666.9,00000.2067,9247414087.3
2021-09-26T21:00:02.114Z,-USD,00000.2086,00000.2102,00000.1943,205301523.7,00000.2081,9254296957.0
2021-09-26T22:00:02.208Z,-USD,00000.2089,00000.2102,00000.1943,205573448.7,00000.2072,9259003988.7
2021-09-26T23:00:02.421Z,-USD,00000.2089,00000.2102,00000.1943,207882367.1,00000.2049,9265251525.7
2021-09-27T00:00:02.585Z,-USD,00000.2084,00000.2091,00000.1943,211784622.2,00000.2049,9274172410.1
2021-09-27T01:00:01.792Z,-USD,00000.2075,00000.2089,00000.1943,216367324.4,00000.2072,9130603840.5
2021-09-27T02:00:01.815Z,-USD,00000.2061,00000.2091,00000.1943,224296211.8,00000.2089,9144863449.3
2021-09-27T03:00:01.926Z,-USD,00000.2041,00000.2095,00000.1943,215570718.3,00000.2085,9153823649.5
2021-09-27T04:00:02.541Z,-USD,00000.2056,00000.2095,00000.1943,212175242.5,00000.2068,9159637058.5
2021-09-27T05:00:02.144Z,-USD,00000.2049,00000.2095,00000.1943,203637246.6,00000.2067,9161983152.8
2021-09-27T06:00:02.117Z,-USD,00000.2044,00000.2095,00000.1943,199974437.7,00000.2077,9164497968.2
2021-09-27T07:00:02.227Z,-USD,00000.2038,00000.2095,00000.1943,199229906.7,00000.2064,9168350352.2
2021-09-27T08:00:02.214Z,-USD,00000.1977,00000.2095,00000.1943,178654978.6,00000.2063,9171666206.2
2021-09-27T09:00:02.262Z,-USD,00000.1971,00000.2095,00000.1969,165599705.2,00000.2062,9174996043.8
2021-09-27T10:00:02.303Z,-USD,00000.2043,00000.2095,00000.2022,152101010.9,00000.2046,9179318573.9
2021-09-27T11:00:01.866Z,-USD,000000.203,00000.2095,00000.2029,144536662.8,000000.206,9182014452.7
2021-09-27T12:00:01.882Z,-USD,00000.2044,00000.2095,00000.2029,138861176.3,00000.2065,9183911481.9
2021-09-27T13:00:02.11Z,-USD,000000.206,00000.2095,00000.2029,125525494.3,00000.2055,9187363862.7
2021-09-27T14:00:02.199Z,-USD,00000.2054,00000.2095,00000.2029,129176104.3,00000.2043,9196850160.1
2021-09-27T15:00:02.738Z,-USD,00000.2066,00000.2095,00000.2014,133954375.4,000000.202,9207885932.7
2021-09-27T16:00:02.049Z,-USD,00000.2074,00000.2095,00000.2014,136930734.9,00000.2042,9213848821.6
2021-09-27T17:00:02.063Z,-USD,000000.206,00000.2095,00000.2008,136605644.3,00000.2019,9219398466.6
2021-09-27T18:00:02.964Z,-USD,00000.2066,00000.2095,00000.2008,143940767.5,00000.2015,9231448353.3
2021-09-27T19:00:02.296Z,-USD,00000.2061,00000.2095,00000.2008,143890299.7,00000.2016,9234365870.5
2021-09-27T20:00:02.256Z,-USD,00000.2067,00000.2095,00000.2008,143502721.3,000000.202,9236780889.0
2021-09-27T21:00:02.424Z,-USD,00000.2082,00000.2095,00000.2004,143809550.8,000000.201,9244041600.1
2021-09-27T22:00:02.669Z,-USD,00000.2072,00000.2095,00000.2004,144473767.0,00000.2032,9249336594.5
2021-09-27T23:00:01.766Z,-USD,00000.2043,00000.2095,00000.2004,144564207.3,00000.2029,9255824086.2
2021-09-28T00:00:02.209Z,-USD,000000.205,00000.2095,00000.1997,144382521.2,00000.1997,9264471318.3
2021-09-28T01:00:02.458Z,-USD,000000.207,00000.2095,00000.1987,143887313.2,00000.2003,9036459611.4
2021-09-28T02:00:01.85Z,-USD,000000.209,00000.2095,00000.1987,138354590.8,00000.2018,9045112219.0
2021-09-28T03:00:01.975Z,-USD,00000.2085,00000.2088,00000.1987,134057072.7,00000.2011,9049788666.3
2021-09-28T04:00:02.216Z,-USD,000000.207,00000.2088,00000.1987,131969760.1,00000.2017,9053510985.1
2021-09-28T05:00:01.939Z,-USD,00000.2067,00000.2088,00000.1987,133247065.1,00000.2017,9057123413.2
2021-09-28T06:00:02.042Z,-USD,00000.2078,00000.2088,00000.1987,136818666.2,00000.2017,9063208244.2
2021-09-28T07:00:02.341Z,-USD,00000.2061,00000.2076,00000.1987,140344803.0,00000.2011,9070626572.6
2021-09-28T08:00:02.528Z,-USD,00000.2061,00000.2076,00000.1987,144513789.9,00000.2001,9078099582.4
2021-09-28T09:00:02.378Z,-USD,00000.2062,00000.2076,00000.1987,144820842.0,00000.2003,9081708899.7
2021-09-28T10:00:02.386Z,-USD,00000.2046,00000.2066,00000.1987,143804595.6,00000.2005,9085016676.3
2021-09-28T11:00:02.074Z,-USD,000000.206,00000.2066,00000.1987,146005972.6,00000.2001,9089945802.0
2021-09-28T12:00:02.338Z,-USD,00000.2063,00000.2066,00000.1987,148625154.4,00000.2017,9094428221.3
2021-09-28T13:00:02.449Z,-USD,00000.2053,00000.2063,00000.1987,148467010.4,00000.2001,9097723475.6
2021-09-28T14:00:02.665Z,-USD,00000.2042,00000.2063,00000.1987,149319655.8,00000.2003,9108078803.6
2021-09-28T15:00:01.936Z,-USD,00000.2021,00000.2043,00000.1975,152271109.0,00000.1987,9122078831.1
2021-09-28T16:00:02.569Z,-USD,000000.204,00000.2042,00000.1975,154418847.5,00000.1977,9130159684.7
2021-09-28T17:00:02.866Z,-USD,00000.2021,00000.2041,00000.1975,156972634.3,00000.1977,9138266035.8
2021-09-28T18:00:02.31Z,-USD,00000.2017,00000.2041,00000.1966,152198768.7,00000.1983,9145545836.1
2021-09-28T19:00:02.452Z,-USD,00000.2017,00000.2041,00000.1966,153781907.5,000000.199,9150040201.0
2021-09-28T20:00:02.524Z,-USD,000000.202,00000.2041,00000.1966,156484327.5,00000.1986,9155169213.8
2021-09-28T21:00:02.277Z,-USD,00000.2009,00000.2041,00000.1966,153408906.4,00000.1998,9159349434.5
2021-09-28T22:00:01.703Z,-USD,00000.2033,00000.2041,00000.1966,153137841.4,00000000.2,9164378825.4
2021-09-28T23:00:02.446Z,-USD,00000.2028,00000.2032,00000.1966,151783097.0,00000.1981,9169499460.2
2021-09-29T00:00:02.799Z,-USD,00000.1998,00000.2026,00000.1961,155870892.5,00000.1967,9182245941.6
2021-09-29T01:00:02.151Z,-USD,00000.2004,00000.2026,00000.1948,157860825.0,00000.1972,8861277077.6
2021-09-29T02:00:01.875Z,-USD,00000.2019,00000.2026,00000.1948,153431784.9,00000.1973,8865500185.3
2021-09-29T03:00:02.624Z,-USD,00000.2009,00000.2026,00000.1948,151857310.0,00000.1983,8868602293.3
2021-09-29T04:00:02.225Z,-USD,00000.2017,00000.2026,00000.1948,157884233.2,00000.1995,8878385839.1
2021-09-29T05:00:01.856Z,-USD,00000.2016,00000.2026,00000.1948,159016742.4,00000.2001,8883169864.8
2021-09-29T06:00:02.48Z,-USD,00000.2017,00000.2026,00000.1948,156303810.5,00000.1998,8886467449.8
2021-09-29T07:00:02.046Z,-USD,00000.2011,00000.2026,00000.1948,150489887.1,00000.2007,8888071818.7
2021-09-29T08:00:02.639Z,-USD,00000000.2,00000.2026,00000.1948,144428545.2,00000.2007,8889487369.8
2021-09-29T09:00:02.32Z,-USD,00000.2007,00000.2026,00000.1948,146163144.0,00000.2006,8894833877.6
2021-09-29T10:00:02.706Z,-USD,00000.2006,00000.2026,00000.1948,147132360.6,00000.2004,8899114965.9
2021-09-29T11:00:03.436Z,-USD,00000000.2,00000.2026,00000.1948,148866681.6,00000.2021,8905798328.1
2021-09-29T12:00:02.427Z,-USD,00000.2017,00000.2025,00000.1948,156732677.8,00000.2017,8918119426.5
2021-09-29T13:00:02.041Z,-USD,00000.2001,000000.203,00000.1948,158248527.0,00000.2006,8922992899.5
2021-09-29T14:00:02.192Z,-USD,00000.2002,00000.2043,00000.1948,173479673.1,00000.2022,8948514358.3
2021-09-29T15:00:02.089Z,-USD,00000.1986,00000.2043,00000.1948,167188103.6,00000.2021,8956250038.2
2021-09-29T16:00:01.756Z,-USD,00000.1978,00000.2043,00000.1948,168488215.6,00000.1996,8965605905.2
2021-09-29T17:00:02.569Z,-USD,00000.1976,00000.2043,00000.1948,170549092.1,00000.1991,8975784496.4
2021-09-29T18:00:02.127Z,-USD,00000.1984,00000.2043,00000.1948,169063469.5,00000.1975,8981602839.8
2021-09-29T19:00:01.734Z,-USD,000000.199,00000.2043,00000.1948,172038503.7,00000.1973,8989041648.1
2021-09-29T20:00:02.534Z,-USD,00000.1986,00000.2043,00000.1948,171612568.4,00000.1966,8993743972.4
2021-09-29T21:00:02.245Z,-USD,00000.1998,00000.2043,00000.1948,176727722.2,000000.196,9003078471.6
2021-09-29T22:00:02.118Z,-USD,00000000.2,00000.2043,00000.1948,179430662.4,00000.1966,9010766322.1
2021-09-29T23:00:02.473Z,-USD,000000.198,00000.2043,00000.1948,179122911.0,00000.1973,9015904032.9
2021-09-30T20:00:24.953Z,-USD,00000.1968,00000.2059,00000.1949,150059037.6,00000.2033,8878054414.6
2021-09-30T21:00:01.877Z,-USD,00000.1961,00000.2059,00000.1956,145874460.3,00000.2025,8883227925.5
2021-09-30T22:00:01.971Z,-USD,00000.1964,00000.2059,00000.1957,142338235.6,00000.2035,8887320951.2
2021-09-30T23:00:01.898Z,-USD,00000.1971,00000.2059,00000.1968,139878168.9,00000.2041,8889993006.1
2021-10-01T00:00:02.236Z,-USD,00000.1987,00000.2059,00000.1976,138722904.3,00000.2044,8893451456.3
2021-10-01T01:00:02.43Z,-USD,00000.2004,00000.2059,00000.1996,133646006.2,00000.2036,8556135282.8
2021-10-01T02:00:01.807Z,-USD,00000.2018,00000.2059,00000.1996,127912103.3,00000.2039,8559205568.0
2021-10-01T03:00:02.143Z,-USD,00000.2025,00000.2059,00000.1996,124730838.0,00000.2023,8563393820.4
2021-10-01T04:00:01.981Z,-USD,00000.2035,00000.2059,00000.1996,116763184.9,00000.2026,8564931398.9
2021-10-01T05:00:01.806Z,-USD,00000.2032,00000.2059,00000.1996,112610671.5,00000.2024,8566276223.1
2021-10-01T06:00:01.719Z,-USD,00000.2025,00000.2059,00000.1996,111272573.2,00000.2033,8568185461.7
2021-10-01T07:00:02.628Z,-USD,00000.2023,00000.2059,00000.1996,110232740.0,00000.2034,8569665712.7
2021-10-01T08:00:02.645Z,-USD,000000.201,00000.2059,00000.1996,110301525.9,00000.2059,8574636148.6
2021-10-01T09:00:02.609Z,-USD,00000.2004,00000.2073,00000.1997,111389616.4,00000.2069,8581332925.3
2021-10-01T10:00:02.404Z,-USD,00000.2008,00000.2073,00000.1997,110302479.1,00000.2062,8585392137.2
2021-10-01T11:00:02.164Z,-USD,00000.1999,00000.2155,00000.1997,127372001.3,00000.2134,8605760959.8
2021-10-01T12:00:02.314Z,-USD,00000.2003,00000.2171,00000.1997,140334264.5,00000.2164,8621817421.9
2021-10-01T13:00:02.328Z,-USD,00000.2019,00000.2174,00000.1997,156716308.6,00000.2133,8642871947.0
2021-10-01T14:00:02.419Z,-USD,00000.2005,00000.2174,00000.1997,173496115.5,00000.2135,8666250858.8
2021-10-01T15:00:02.422Z,-USD,00000.2004,00000.2174,00000.1999,187914211.5,00000.2131,8685499433.6
2021-10-01T16:00:02.633Z,-USD,00000.2009,00000.2174,00000.1999,189362608.8,00000.2151,8695353800.5
2021-10-01T17:00:01.817Z,-USD,00000.2022,00000.2174,00000.2012,193062132.1,00000.2155,8706492979.8
2021-10-01T18:00:02.137Z,-USD,00000.2028,00000.2195,00000.2017,198493927.1,00000.2179,8719047284.6
2021-10-01T19:00:02.528Z,-USD,00000.2054,00000.2195,00000.2017,197963679.5,00000.2171,8729172711.1
2021-10-01T20:00:02.642Z,-USD,00000.2032,00000.2195,00000.2017,202184059.6,00000.2185,8739575320.5
2021-10-01T21:00:01.797Z,-USD,00000.2023,00000.2195,00000.2018,205887501.7,00000.2176,8748473512.2
2021-10-01T22:00:01.864Z,-USD,00000.2035,00000.2255,00000.2018,222357480.5,00000.2242,8769036435.9
2021-10-01T23:00:01.744Z,-USD,00000.2041,00000.2255,00000.2018,239780064.7,00000.2206,8789104729.4
2021-10-02T00:00:02.671Z,-USD,00000.2043,00000.2255,00000.2018,247722205.7,00000.2233,8800518498.0
2021-10-02T01:00:02.583Z,-USD,00000.2035,00000.2255,00000.2018,259450238.7,00000.2201,8283232457.1
2021-10-02T02:00:01.75Z,-USD,00000.2042,00000.2255,00000.2018,267846090.5,00000.2208,8294678984.8
2021-10-02T03:00:01.917Z,-USD,00000.2021,00000.2255,00000.2018,274504833.8,00000.2196,8305576660.0
2021-10-02T04:00:02.267Z,-USD,00000.2026,00000.2255,00000.2021,287376116.3,00000.2167,8319983517.2
2021-10-02T05:00:01.935Z,-USD,00000.2023,00000.2255,00000.2021,293461225.9,00000.2172,8327357896.6
2021-10-02T06:00:02.018Z,-USD,00000.2033,00000.2255,00000.2027,295286576.1,00000.2176,8331094970.3
2021-10-02T07:00:02.099Z,-USD,00000.2034,00000.2255,000000.203,295618330.9,00000.2181,8332909451.9
2021-10-02T08:00:01.754Z,-USD,00000.2059,00000.2255,00000.2057,292150681.6,00000.2181,8334437930.2
2021-10-02T09:00:02.683Z,-USD,00000.2069,00000.2255,00000.2058,290256985.7,00000.2163,8339208943.9
2021-10-02T10:00:02.272Z,-USD,00000.2064,00000.2255,00000.2059,289937616.3,000000.218,8342948775.6
2021-10-02T11:00:02.409Z,-USD,000000.213,00000.2255,00000.2113,271651953.2,00000.2165,8346276847.8
2021-10-02T12:00:02.429Z,-USD,00000.2169,00000.2255,00000.2113,260145760.7,00000.2177,8349751937.8
2021-10-02T13:00:02.295Z,-USD,00000.2133,00000.2255,00000.2113,243236872.2,00000.2179,8353757870.7
2021-10-02T14:00:02.394Z,-USD,00000.2133,00000.2255,00000.2113,224580587.6,00000.2184,8358543457.4
2021-10-02T15:00:02.37Z,-USD,00000.2133,00000.2255,00000.2131,224384215.1,00000.2233,8377552100.6
2021-10-02T16:00:02.284Z,-USD,00000.2152,00000.2255,00000.2142,221087012.8,00000.2219,8384091028.1
2021-10-02T17:00:01.853Z,-USD,00000.2158,00000.2255,000000.215,222027709.1,00000.2242,8396561885.6
2021-10-02T18:00:01.996Z,-USD,00000.2179,00000.2255,00000.2152,219643098.4,00000.2238,8406321586.9
2021-10-02T19:00:03.21Z,-USD,00000.2172,00000.2255,00000.2152,218766927.1,00000.2237,8415605119.4
2021-10-02T20:00:02.449Z,-USD,00000.2185,00000.2255,00000.2152,219271367.9,00000.2245,8426519366.8
2021-10-02T21:00:02.484Z,-USD,00000.2178,00000.2255,00000.2152,219872272.1,00000.2226,8435991728.0
2021-10-02T22:00:02.619Z,-USD,00000.2245,00000.2253,00000.2152,209913729.5,00000.2225,8447368848.9
2021-10-02T23:00:02.232Z,-USD,00000.2204,00000.2253,00000.2152,197247304.1,00000.2218,8454128470.0
2021-10-03T00:00:02.159Z,-USD,00000.2228,00000.2253,00000.2152,198798286.7,00000.2189,8467215633.6
2021-10-03T01:00:02.643Z,-USD,00000.2206,00000.2253,00000.2152,193026173.7,00000.2173,8101938875.9
2021-10-03T02:00:02.455Z,-USD,00000.2205,00000.2253,00000.2152,187857622.6,00000.2183,8108442054.5
2021-10-03T03:00:02.212Z,-USD,00000.2195,00000.2253,00000.2152,183310048.2,000000.218,8114528699.0
2021-10-03T04:00:02.056Z,-USD,00000.2168,00000.2253,00000.2152,175390808.3,000000.219,8121213592.0
2021-10-03T05:00:02.271Z,-USD,00000.2172,00000.2253,00000.2152,176718529.3,00000.2187,8129630081.5
2021-10-03T06:00:01.704Z,-USD,00000.2175,00000.2253,00000.2152,182725399.0,00000.2197,8139366354.2
2021-10-03T07:00:02.137Z,-USD,00000.2183,00000.2253,00000.2152,188291139.3,0000000.22,8146738931.3
2021-10-03T08:00:01.747Z,-USD,000000.218,00000.2253,00000.2152,189665084.9,00000.2182,8149672425.3
2021-10-03T09:00:02.23Z,-USD,00000.2163,00000.2253,00000.2152,187110656.6,00000.2194,8151860531.4
2021-10-03T10:00:01.83Z,-USD,000000.218,00000.2253,00000.2152,187727260.5,00000.2171,8156217622.3
2021-10-03T11:00:02.311Z,-USD,00000.2165,00000.2253,00000.2152,186102095.4,000000.218,8158209287.1
2021-10-03T12:00:02.605Z,-USD,00000.2176,00000.2253,00000.2157,189263114.9,00000.2214,8164818427.7
2021-10-03T13:00:02.294Z,-USD,00000.2179,00000.2253,00000.2157,190299389.4,00000.2224,8169630173.3
2021-10-03T14:00:02.107Z,-USD,000000.219,00000.2253,00000.2157,195632297.7,00000.2235,8180044506.3
2021-10-03T15:00:01.771Z,-USD,00000.2235,00000.2253,00000.2157,188206857.8,00000.2215,8191347675.9
2021-10-03T16:00:02.635Z,-USD,00000.2222,00000.2253,00000.2157,188269064.2,00000.2199,8198054614.5
2021-10-03T17:00:02.595Z,-USD,00000.2242,00000.2253,00000.2157,180905950.3,00000.2212,8203178936.4
2021-10-03T18:00:02.164Z,-USD,00000.2238,00000.2253,00000.2157,180522916.0,00000.2231,8212741261.3
2021-10-03T19:00:02.339Z,-USD,00000.2235,00000.2266,00000.2157,193979178.1,00000.2237,8235413874.1
2021-10-03T20:00:02.394Z,-USD,00000.2246,00000.2266,00000.2157,189783452.8,00000.2226,8241845206.1
2021-10-03T21:00:02.153Z,-USD,00000.2222,00000.2266,00000.2157,190462030.9,00000.2219,8252345866.3
2021-10-03T22:00:02.068Z,-USD,00000.2224,00000.2266,00000.2157,194498542.1,00000.2195,8267422579.3
2021-10-03T23:00:01.757Z,-USD,00000.2216,00000.2266,00000.2157,196272837.8,00000.2205,8276068618.6
2021-10-04T00:00:01.766Z,-USD,00000.2187,00000.2266,00000.2157,188545637.1,00000.2217,8281393341.5
2021-10-04T01:00:01.911Z,-USD,00000.2167,00000.2266,00000.2159,186727960.4,00000.2192,8003038923.4
2021-10-04T02:00:02.161Z,-USD,000000.218,000000.227,00000.2166,211084416.7,00000.2212,8033980915.2
2021-10-04T03:00:02.437Z,-USD,00000.2179,000000.227,00000.2166,213980377.5,00000.2194,8042814179.2
2021-10-04T04:00:02.577Z,-USD,00000.2192,000000.227,00000.2162,218861351.3,00000.2163,8054406886.4
2021-10-04T05:00:02.206Z,-USD,00000.2188,000000.227,00000.2127,224339996.5,00000.2161,8068479471.0
2021-10-04T06:00:02.478Z,-USD,00000.2198,000000.227,00000.2127,220708961.5,00000.2166,8075050608.9
2021-10-04T07:00:02.295Z,-USD,00000.2201,000000.227,00000.2127,219309070.0,00000.2154,8080337481.3
2021-10-04T08:00:02.455Z,-USD,000000.218,000000.227,00000.2127,223944512.0,00000.2159,8087924913.1
2021-10-04T09:00:02.365Z,-USD,00000.2189,000000.227,00000.2127,224932405.1,00000.2148,8091266286.7
2021-10-04T10:00:02.176Z,-USD,00000.2176,000000.227,00000.2127,222243370.9,000000.216,8092750488.0
2021-10-04T11:00:02.405Z,-USD,00000.2182,000000.227,00000.2127,222917999.0,00000.2154,8095424089.9
2021-10-04T12:00:02.181Z,-USD,00000.2216,000000.227,00000.2126,226758354.0,00000.2153,8105933617.8
2021-10-04T13:00:03.229Z,-USD,00000.2222,000000.227,00000.2126,230559091.5,00000.2178,8114723576.0
2021-10-04T14:00:02.249Z,-USD,00000.2232,00000.2366,00000.2126,336666409.7,00000.2307,8231335357.1
2021-10-04T15:00:02.514Z,-USD,000000.222,00000.2366,00000.2126,385007772.3,00000.2202,8291218081.9
2021-10-04T16:00:01.811Z,-USD,0000000.22,00000.2366,00000.2126,406252996.2,00000.2216,8318649019.4
2021-10-04T17:00:01.975Z,-USD,00000.2212,00000.2366,00000.2126,438671171.2,00000.2282,8356146578.4
2021-10-04T18:00:02.628Z,-USD,00000.2236,00000.2366,00000.2126,471744831.6,00000.2299,8398910932.6
2021-10-04T19:00:02.19Z,-USD,00000.2237,00000.2366,00000.2126,483756836.2,00000.2294,8433466335.8
2021-10-04T20:00:02.612Z,-USD,00000.2226,00000.2366,00000.2126,503654975.3,00000.2301,8459838427.6
2021-10-04T21:00:02.314Z,-USD,00000.2216,00000.2469,00000.2126,656232116.0,00000.2396,8622959047.4
2021-10-04T22:00:02.616Z,-USD,00000.2194,00000.2469,00000.2126,697240448.9,00000.2374,8679203045.1
2021-10-04T23:00:01.945Z,-USD,00000.2207,00000.2469,00000.2126,720596358.4,00000.2422,8711056248.7
2021-10-05T00:00:01.829Z,-USD,00000.2219,00000.2491,00000.2126,802250918.0,00000.2415,8797947844.3
2021-10-05T01:00:01.97Z,-USD,00000.2186,00000.2491,00000.2126,837431677.3,00000.2444,8487941973.5
2021-10-05T02:00:02.235Z,-USD,00000.2211,00000.2491,00000.2126,827388234.7,00000.2398,8508916035.1
2021-10-05T03:00:02.364Z,-USD,00000.2197,00000.2491,00000.2126,835203064.7,00000.2406,8525399284.9
2021-10-05T04:00:02.384Z,-USD,000000.216,00000.2491,00000.2126,840140876.9,00000.2419,8542203612.4
2021-10-05T05:00:01.837Z,-USD,00000.2161,00000.2491,00000.2126,843037427.5,00000.2379,8558882953.0
2021-10-05T06:00:01.692Z,-USD,00000.2165,00000.2491,00000.2126,847796513.5,00000.2384,8570209339.0
2021-10-05T07:00:02.624Z,-USD,00000.2154,00000.2491,00000.2126,854550804.5,00000.2359,8582508330.6
2021-10-05T08:00:02.359Z,-USD,00000.2163,00000.2491,00000.2126,858710629.0,00000.2365,8594025271.4
2021-10-05T09:00:02.454Z,-USD,00000.2152,00000.2491,00000.2126,870515372.0,00000.2375,8609188692.0
2021-10-05T10:00:02.347Z,-USD,00000.2164,00000.2491,00000.2126,895999209.8,00000.2377,8636388004.1
2021-10-05T11:00:02.138Z,-USD,00000.2151,00000.2491,00000.2126,910175495.6,00000.2363,8653007277.1
2021-10-05T12:00:02.334Z,-USD,00000.2152,00000.2491,00000.2141,915367636.7,00000.2402,8669249220.2
2021-10-05T13:00:02.277Z,-USD,00000.2183,00000.2491,00000.2159,938630605.3,00000.2431,8700786143.2
2021-10-05T14:00:02.345Z,-USD,00000.2311,00000.2491,00000.2159,839123957.3,00000.2411,8719971931.2
2021-10-05T15:00:02.507Z,-USD,000000.221,00000.2533,00000.2159,904963106.4,00000.2484,8843927238.7
2021-10-05T16:00:02.682Z,-USD,00000.2224,00000.2687,00000.2221,1025510482.2,00000.2592,8991663352.9
2021-10-05T17:00:02.625Z,-USD,00000.2278,00000.2687,00000.2249,1066836287.9,00000.2552,9071302263.6
2021-10-05T18:00:02.044Z,-USD,00000.2296,00000.2687,00000.2261,1061358648.3,00000.2562,9108184842.5
2021-10-05T19:00:02.356Z,-USD,00000.2297,00000.2687,00000.2261,1059176567.4,00000.2618,9140636387.9
2021-10-05T20:00:02.651Z,-USD,00000.2305,00000.2687,000000.228,1069845429.2,00000.2566,9177560245.0
2021-10-05T21:00:01.92Z,-USD,00000.2388,00000.2687,00000.2327,946132749.9,00000.2506,9218351525.6
2021-10-05T22:00:02.228Z,-USD,00000.2376,00000.2687,00000.2327,923904391.5,00000.2538,9250836654.8
2021-10-05T23:00:02.554Z,-USD,00000.2425,00000.2687,00000.2327,915882827.9,00000.2517,9275450628.3
2021-10-06T00:00:02.48Z,-USD,00000.2414,00000.2687,00000.2327,845977911.6,00000.2522,9291764823.5
2021-10-06T01:00:03.848Z,-USD,00000.2436,00000.2687,00000.2327,843632987.2,00000.2486,9036861316.2
2021-10-06T02:00:02.558Z,-USD,0000000.24,00000.2687,00000.2327,849089579.8,00000.2509,9063477605.5
2021-10-06T03:00:02.558Z,-USD,00000.2405,00000.2687,00000.2327,851487130.5,00000.2516,9081984261.3
2021-10-06T04:00:02.525Z,-USD,00000.2422,00000.2687,00000.2327,847583622.6,00000.2554,9095883174.3
2021-10-06T05:00:02.242Z,-USD,00000.2381,00000.2687,00000.2327,898682345.8,00000.2531,9162592721.7
2021-10-06T06:00:02.1Z,-USD,00000.2379,00000.2687,00000.2327,932216435.4,00000.2608,9207503970.7
2021-10-06T07:00:01.857Z,-USD,00000.2358,00000.2687,00000.2327,961174855.4,00000.2653,9248774348.7
2021-10-06T08:00:01.881Z,-USD,000000.236,00000.2718,00000.2327,1016925637.7,00000.2586,9316195654.9
2021-10-06T09:00:01.785Z,-USD,00000.2374,00000.2718,00000.2327,1072271511.9,00000.2468,9386512458.4
2021-10-06T10:00:01.918Z,-USD,00000.2379,00000.2718,00000.2354,1072644463.4,00000.2464,9414733563.5
2021-10-06T11:00:02.583Z,-USD,00000.2364,00000.2718,00000.2364,1096820969.3,00000.2494,9454868288.7
2021-10-06T12:00:02.527Z,-USD,00000.2394,00000.2718,00000.2373,1112926073.3,00000.2479,9487363203.0
2021-10-06T13:00:02.795Z,-USD,00000.2426,00000.2718,00000.2401,1126631239.7,00000.2547,9533483409.2
2021-10-06T14:00:02.037Z,-USD,00000.2411,00000.2718,00000.2408,1158385741.9,00000.2565,9583851608.8
2021-10-06T15:00:01.789Z,-USD,000000.248,00000.2718,00000.2423,1059436352.7,00000.2568,9609266379.8
2021-10-06T16:00:02.198Z,-USD,00000.2599,00000.2718,00000.2423,942432787.7,00000.2562,9640300276.6
2021-10-06T17:00:02.432Z,-USD,00000.2554,00000.2718,00000.2423,885888635.7,00000.2572,9662661667.0
2021-10-06T18:00:02.61Z,-USD,00000.2557,00000.2718,00000.2423,866164500.1,00000.2535,9679592956.0
2021-10-06T19:00:02.044Z,-USD,00000.2607,00000.2718,00000.2423,849779217.3,00000.2506,9695935377.6
2021-10-06T20:00:02.302Z,-USD,00000.2568,00000.2718,00000.2423,827075076.9,00000.2521,9710713278.5
2021-10-06T21:00:02.267Z,-USD,00000.2509,00000.2718,00000.2423,810601958.0,00000.2481,9735724361.5
2021-10-06T22:00:02.387Z,-USD,00000.2539,00000.2718,00000.2423,799634220.9,00000.2514,9756987064.7
2021-10-06T23:00:02.252Z,-USD,000000.252,00000.2718,00000.2423,808128033.0,00000.2538,9788656389.7
2021-10-07T00:00:02.344Z,-USD,00000.2519,00000.2718,00000.2423,820649765.4,000000.255,9818027109.5
2021-10-07T01:00:02.619Z,-USD,00000.2495,00000.2718,00000.2423,822529706.6,00000.2467,8921510968.3
2021-10-07T02:00:01.765Z,-USD,00000.2513,00000.2718,00000.2418,863317719.7,00000.2455,8986930676.2
2021-10-07T03:00:01.924Z,-USD,00000.2515,00000.2718,00000.2418,894610024.9,00000.2444,9036731061.0
2021-10-07T04:00:01.977Z,-USD,00000.2539,00000.2718,00000.2357,927606885.9,0000000.24,9085802738.2
2021-10-07T05:00:01.982Z,-USD,00000.2538,00000.2718,00000.2357,880324566.3,00000.2442,9103236563.6
2021-10-07T06:00:02.06Z,-USD,00000.2618,00000.2718,00000.2357,845819778.3,00000.2444,9113776099.9
2021-10-07T07:00:02.06Z,-USD,00000.2644,00000.2718,00000.2357,813802253.6,00000.2438,9123400359.2
2021-10-07T08:00:01.954Z,-USD,00000.2587,00000.2624,00000.2357,756059979.7,00000.2476,9133589937.9
2021-10-07T09:00:02.462Z,-USD,00000.2466,00000.2624,00000.2357,700182716.1,00000.2484,9147031700.6
2021-10-07T10:00:01.882Z,-USD,00000.2462,00000.2624,00000.2357,682732242.0,00000.2464,9158060119.8
2021-10-07T11:00:02.552Z,-USD,00000.2489,00000.2624,00000.2357,652818725.4,00000.2441,9167826965.0
2021-10-07T12:00:02.381Z,-USD,00000.2469,00000.2624,00000.2357,637696295.1,00000.2519,9185454869.7
2021-10-07T13:00:02.003Z,-USD,000000.254,00000.2624,00000.2357,632095879.4,00000.2506,9226008059.6
2021-10-07T14:00:02.354Z,-USD,00000.2567,00000.2609,00000.2357,610104363.4,00000.2516,9254318615.1
2021-10-07T15:00:02.174Z,-USD,00000.2585,00000.2609,00000.2357,650265012.1,00000.2415,9320043693.6
2021-10-07T16:00:02.337Z,-USD,00000.2565,00000.2588,00000.2357,675515869.7,00000.2433,9376036854.9
2021-10-07T17:00:02.827Z,-USD,00000.2577,00000.2588,00000.2357,676025373.8,00000.2442,9398697560.0
2021-10-07T18:00:02.286Z,-USD,00000.2535,00000.2568,00000.2357,674875938.6,00000.2418,9414465143.6
2021-10-07T19:00:02.466Z,-USD,00000.2506,00000.2568,00000.2357,669763973.4,00000.2416,9425943588.0
2021-10-07T20:00:02.612Z,-USD,00000.2514,00000.2568,00000.2357,665679139.3,00000.2426,9436648246.6
2021-10-07T21:00:02.671Z,-USD,00000.2489,00000.2568,00000.2357,657486219.9,00000.2454,9453422985.1
2021-10-07T22:00:02.414Z,-USD,00000.2508,00000.2568,00000.2357,644062939.0,000000.245,9462263490.6
2021-10-07T23:00:01.81Z,-USD,00000.2535,00000.2568,00000.2357,625553743.3,00000.2433,9474301340.9
2021-10-08T00:00:02.056Z,-USD,00000.2542,00000.2568,00000.2357,602359489.3,00000.2427,9480782280.9
2021-10-08T01:00:02.337Z,-USD,00000.2469,00000.2568,00000.2357,570309147.1,00000.2457,8976909954.2
2021-10-08T02:00:02.461Z,-USD,00000.2461,00000.2568,00000.2357,512366387.3,00000.2457,8984646476.4
2021-10-08T03:00:02.42Z,-USD,00000.2443,00000.2568,00000.2357,476846237.9,00000.2433,8998587310.7
2021-10-08T04:00:02.64Z,-USD,00000.2397,00000.2568,00000.2391,439962004.4,00000.2435,9011066628.6
2021-10-08T05:00:02.097Z,-USD,00000.2441,00000.2568,0000000.24,429215901.9,00000.2434,9017243300.7
2021-10-08T06:00:02.779Z,-USD,00000.2445,00000.2568,0000000.24,422271292.6,00000.2449,9020772924.8
2021-10-08T07:00:01.68Z,-USD,00000.2436,00000.2568,0000000.24,416467934.8,00000.2458,9024541964.7
2021-10-08T08:00:02.649Z,-USD,00000.2479,00000.2568,0000000.24,412754926.0,00000.2456,9031069125.6
2021-10-08T09:00:01.806Z,-USD,00000.2485,00000.2568,0000000.24,410093023.1,00000.2491,9041981274.3
2021-10-08T10:00:02.664Z,-USD,00000.2467,00000.2568,0000000.24,427280504.8,00000.2507,9070250468.1
2021-10-08T11:00:02.738Z,-USD,00000.2443,00000.2568,0000000.24,435379943.1,00000.2508,9088172387.1
2021-10-08T12:00:01.729Z,-USD,00000.2514,00000.2568,0000000.24,431577752.2,00000.2477,9102230603.4
2021-10-08T13:00:01.748Z,-USD,00000.2512,00000.2548,0000000.24,428757504.7,00000.2465,9139660553.6
2021-10-08T14:00:01.788Z,-USD,00000.2511,00000.2548,0000000.24,420756060.7,00000.2437,9160661330.6
2021-10-08T15:00:01.932Z,-USD,00000.2416,00000.2548,00000.2406,368456960.7,00000.2466,9173972729.6
2021-10-08T16:00:01.733Z,-USD,00000.2438,00000.2548,00000.2406,326408315.1,00000.2451,9187245681.9
2021-10-08T17:00:02.074Z,-USD,00000.2442,00000.2548,000000.241,325025489.2,00000.2489,9208443309.9
2021-10-08T18:00:02.349Z,-USD,00000.2421,00000.2548,000000.241,322988971.7,00000.2463,9222198382.3
2021-10-08T19:00:02.991Z,-USD,00000.2417,00000.2548,000000.241,326549537.5,00000.2502,9237320848.7
2021-10-08T20:00:02.668Z,-USD,00000.2427,00000.2548,000000.241,332532659.9,00000.2486,9253870378.9
2021-10-08T21:00:01.935Z,-USD,000000.245,00000.2548,000000.241,332063527.6,00000.2437,9270280019.8
2021-10-08T22:00:02.123Z,-USD,000000.245,00000.2548,000000.241,333297567.9,00000.2444,9280338882.6
2021-10-08T23:00:02.58Z,-USD,00000.2432,00000.2548,000000.241,331295557.6,00000.2452,9290335205.2
2021-10-09T00:00:01.744Z,-USD,00000.2429,00000.2548,00000.2415,336755766.3,00000.2437,9302239723.2
2021-10-09T01:00:01.779Z,-USD,00000.2458,00000.2548,000000.241,334283691.6,000000.244,9042180384.8
2021-10-09T02:00:01.757Z,-USD,00000.2456,00000.2548,000000.241,333647836.8,00000.2426,9048909630.2
2021-10-09T03:00:01.973Z,-USD,00000.2432,00000.2548,000000.241,325240648.5,00000.2444,9054465551.3
2021-10-09T04:00:02.461Z,-USD,00000.2436,00000.2548,000000.241,320310770.1,000000.246,9062036872.7
2021-10-09T05:00:02.076Z,-USD,00000.2435,00000.2548,000000.241,318514311.6,00000.2456,9066444566.0
2021-10-09T06:00:02.058Z,-USD,000000.245,00000.2548,000000.241,318578013.2,00000.2448,9069968143.2
2021-10-09T07:00:01.978Z,-USD,00000.2463,00000.2548,000000.241,323216110.7,00000.2457,9078603143.6
2021-10-09T08:00:01.965Z,-USD,00000.2457,00000.2548,000000.241,325981366.2,00000.2464,9087669224.2
2021-10-09T09:00:01.831Z,-USD,000000.249,00000.2548,000000.241,327660791.7,00000.2442,9100411291.5
2021-10-09T10:00:01.974Z,-USD,00000.2492,00000.2526,000000.241,300520815.2,00000.2452,9105089314.5
2021-10-09T11:00:02.63Z,-USD,00000.2507,00000.2526,000000.241,291886542.5,00000.2469,9110771393.6
2021-10-09T12:00:02.557Z,-USD,00000.2475,00000.2513,000000.241,294131926.8,00000.2468,9127075112.9
2021-10-09T13:00:02.488Z,-USD,00000.2461,00000.2513,000000.241,265362220.9,00000.2477,9136612976.9
2021-10-09T14:00:02.565Z,-USD,00000.2438,00000.2513,000000.241,257197031.3,000000.249,9148489561.4
2021-10-09T15:00:02.382Z,-USD,00000.2465,00000.2526,000000.241,266589224.3,00000.2499,9171217273.9
2021-10-09T16:00:01.741Z,-USD,00000.2453,00000.2526,000000.241,267075627.9,000000.249,9184976822.4
2021-10-09T17:00:02.433Z,-USD,00000.2489,00000.2526,000000.241,262572274.6,00000.2475,9202100004.3
2021-10-09T18:00:01.824Z,-USD,000000.246,00000.2526,000000.241,258310155.0,00000.2484,9211254506.2
2021-10-09T19:00:02.075Z,-USD,00000.2495,00000.2526,000000.241,252891135.8,00000.2483,9221054263.0
2021-10-09T20:00:01.879Z,-USD,00000.2489,00000.2526,000000.241,248843408.7,00000.2463,9233359136.2
2021-10-09T21:00:02.673Z,-USD,00000.2434,00000.2526,000000.241,241858072.1,000000.247,9243106404.1
2021-10-09T22:00:02.583Z,-USD,00000.2442,00000.2526,000000.241,237829728.3,00000.2466,9248772822.5
2021-10-09T23:00:02.295Z,-USD,000000.245,00000.2526,000000.241,233860650.8,00000.2476,9254872342.9
2021-10-10T00:00:02.547Z,-USD,00000.2441,00000.2526,000000.241,230105951.1,00000.2465,9263146101.1
2021-10-10T01:00:02.553Z,-USD,00000.2447,00000.2526,000000.242,228539173.6,00000.2448,8980471172.5
2021-10-10T02:00:02.552Z,-USD,00000.2429,00000.2526,000000.242,233712848.6,00000.2436,8992271153.3
2021-10-10T03:00:01.861Z,-USD,00000.2447,00000.2526,00000.2423,233126867.7,00000.2446,8997288001.0
2021-10-10T04:00:01.882Z,-USD,00000.2458,00000.2526,00000.2423,229283316.8,00000.2455,9001109130.9
2021-10-10T05:00:02.18Z,-USD,00000.2455,00000.2526,00000.2423,229228361.9,00000.2461,9005324570.8
2021-10-10T06:00:02.301Z,-USD,00000.2447,00000.2526,00000.2423,230698640.9,00000.2467,9010313789.2
2021-10-10T07:00:02.218Z,-USD,00000.2456,00000.2526,00000.2423,225700590.7,00000.2468,9014065731.6
2021-10-10T08:00:02.251Z,-USD,00000.2466,00000.2526,00000.2423,218918021.0,00000.2468,9016335060.8
2021-10-10T09:00:02.179Z,-USD,00000.2445,00000.2526,00000.2423,209477939.1,00000.2476,9019545963.8
2021-10-10T10:00:02.269Z,-USD,00000.2456,00000.2526,00000.2423,209190707.5,00000.2455,9024070783.2
2021-10-10T11:00:02.648Z,-USD,00000.2475,00000.2526,00000.2423,209021616.7,00000.2456,9029486755.6
2021-10-10T12:00:07.664Z,-USD,000000.247,00000.2526,00000.2423,195485588.3,00000.2451,9032323642.5
2021-10-10T13:00:02.71Z,-USD,00000.2479,00000.2526,00000.2414,193791344.9,00000.2427,9040191655.5
2021-10-10T14:00:01.793Z,-USD,00000.2488,00000.2526,00000.2414,185911701.8,00000.2434,9044301040.0
2021-10-10T15:00:02.025Z,-USD,00000.2496,000000.251,00000.2414,166624618.5,00000.2441,9047855783.8
2021-10-10T16:00:02.139Z,-USD,00000.2488,000000.251,00000.2414,159343956.8,000000.244,9054142819.9
2021-10-10T17:00:02.385Z,-USD,00000.2474,00000.2497,00000.2414,148063705.7,00000.2434,9059939336.6
2021-10-10T18:00:02.252Z,-USD,00000.2487,00000.2493,00000.2375,160525794.5,00000.2412,9081519575.9
2021-10-10T19:00:02.349Z,-USD,00000.2484,00000.2486,00000.2375,156136006.1,00000.2412,9086866037.0
2021-10-10T20:00:02.364Z,-USD,00000.2464,00000.2486,00000.2375,148856801.5,00000.2413,9092059142.3
2021-10-10T21:00:02.48Z,-USD,00000.2469,00000.2486,00000.2375,149002551.1,00000.2396,9101826062.7
2021-10-10T22:00:02.666Z,-USD,00000.2468,00000.2486,00000.2262,186671209.3,00000.2331,9145457606.3
2021-10-10T23:00:02.191Z,-USD,00000.2478,00000.2486,00000.2262,200154125.8,00000.2325,9164882308.2
2021-10-11T00:00:02.154Z,-USD,00000.2466,00000.2486,00000.2262,209355251.6,00000.2292,9182510667.4
2021-10-11T01:00:02.527Z,-USD,00000.2446,00000.2486,00000.2258,217885288.3,000000.232,9060248775.3
2021-10-11T02:00:02.635Z,-USD,00000.2433,00000.2486,00000.2258,217449188.0,00000.2324,9071620832.7
2021-10-11T03:00:02.558Z,-USD,00000.2441,00000.2486,00000.2258,219084314.0,00000.2336,9078223780.5
2021-10-11T04:00:01.875Z,-USD,00000.2452,00000.2486,00000.2258,228108174.2,00000.2363,9091108524.3
2021-10-11T05:00:02.204Z,-USD,00000.2463,00000.2486,00000.2258,231212815.4,00000.2358,9098411305.2
2021-10-11T06:00:02.139Z,-USD,00000.2467,00000.2486,00000.2258,229161808.8,00000.2349,9101358761.9
2021-10-11T07:00:02.069Z,-USD,00000.2471,00000.2486,00000.2258,229677673.1,000000.235,9105592720.2
2021-10-11T08:00:02.235Z,-USD,00000.2471,00000.2486,00000.2258,231300024.3,00000.2382,9109491590.0
2021-10-11T09:00:02.208Z,-USD,00000.2481,00000.2483,00000.2258,233045567.6,00000.2379,9114521285.6
2021-10-11T10:00:02.067Z,-USD,00000.2455,00000.2471,00000.2258,235227043.8,00000.2362,9121149499.2
2021-10-11T11:00:02.16Z,-USD,00000.2454,00000.2457,00000.2258,236600600.1,00000.2346,9127941019.6
2021-10-11T12:00:02.145Z,-USD,00000.2452,00000.2453,00000.2258,245401096.8,00000.2336,9139582986.5
2021-10-11T13:00:02.285Z,-USD,00000.2433,00000.2445,00000.2258,251239966.8,000000.234,9153507765.1
2021-10-11T14:00:02.568Z,-USD,00000.2435,00000.2445,00000.2258,263201062.5,00000.2349,9169355890.8
2021-10-11T15:00:01.913Z,-USD,00000.2438,00000.2443,00000.2258,279406020.2,00000.2365,9189136041.5
2021-10-11T16:00:02.399Z,-USD,00000.2439,00000.2443,00000.2258,285786950.8,00000.2338,9202081695.7
2021-10-11T17:00:02.792Z,-USD,00000.2434,00000.2435,00000.2258,292976699.9,00000.2332,9214837941.4
2021-10-11T18:00:02.105Z,-USD,000000.241,00000.2425,00000.2258,280597034.5,00000.2319,9224083772.4
2021-10-11T19:00:02.186Z,-USD,00000.2412,00000.2425,00000.2258,292695381.6,0000000.23,9241428994.9
2021-10-11T20:00:02.657Z,-USD,000000.241,00000.2425,00000.2258,299437682.9,00000.2281,9253360708.5
2021-10-11T21:00:01.781Z,-USD,00000.2398,00000.2398,00000.2249,307162908.2,00000.2272,9270844976.5
2021-10-11T22:00:02.029Z,-USD,00000.2327,00000.2394,00000.2249,275761020.7,00000.2288,9283146987.2
2021-10-11T23:00:02.517Z,-USD,00000.2324,00000.2394,00000.2249,263394207.7,00000.2309,9290383532.9
2021-10-12T00:00:01.841Z,-USD,00000.2288,00000.2394,00000.2249,251391082.1,00000.2314,9295812297.6
2021-10-12T01:00:02.656Z,-USD,00000.2318,00000.2394,00000.2249,242306447.8,00000.2278,9118108927.8
2021-10-12T02:00:02.318Z,-USD,00000.2319,00000.2394,00000.2249,242477807.2,00000.2283,9129567367.6
2021-10-12T03:00:01.942Z,-USD,00000.2338,00000.2394,00000.2249,241628936.1,00000.2259,9136182701.0
2021-10-12T04:00:02.146Z,-USD,000000.236,00000.2394,00000.2224,243339099.0,00000.2237,9149898511.5
2021-10-12T05:00:02.04Z,-USD,00000.2358,00000.2394,00000.2224,244344240.7,00000.2272,9158210459.0
2021-10-12T06:00:02.041Z,-USD,00000.2349,00000.2394,00000.2222,249002182.5,00000.2263,9165946995.2
2021-10-12T07:00:02.005Z,-USD,00000.2349,00000.2394,00000.2222,250024128.7,00000.2243,9171069230.8
2021-10-12T08:00:02.023Z,-USD,00000.2382,00000.2394,00000.2222,249947256.1,00000.2257,9174901373.7
2021-10-12T09:00:01.857Z,-USD,00000.2383,00000.2385,00000.2222,247571731.5,00000.2264,9177633582.1
2021-10-12T10:00:02.173Z,-USD,00000.2363,00000.2372,00000.2201,251116290.9,000000.221,9187713586.3
2021-10-12T11:00:02.102Z,-USD,00000.2338,00000.2372,00000.2186,265102999.3,00000.2218,9209044729.7
2021-10-12T12:00:04.158Z,-USD,00000.2332,00000.2372,00000.2186,263051298.4,00000.2232,9218355571.3
2021-10-12T13:00:02.162Z,-USD,00000.2339,00000.2372,000000.216,266072254.8,00000.2176,9235166586.7
2021-10-12T14:00:02.326Z,-USD,00000.2348,00000.2372,000000.216,261439026.3,00000.2244,9246269219.9
2021-10-12T15:00:02.526Z,-USD,00000.2364,00000.2364,000000.216,253485688.2,00000.2201,9258264059.5
2021-10-12T16:00:02.687Z,-USD,00000.2338,00000.2342,000000.216,253319789.2,00000.2235,9270987042.4
2021-10-12T17:00:02.293Z,-USD,00000.2332,00000.2335,000000.216,249581698.4,00000.2243,9280087570.6
2021-10-12T18:00:02.619Z,-USD,00000.2321,00000.2321,000000.216,251426713.6,00000.2216,9291047402.8
2021-10-12T19:00:01.827Z,-USD,00000.2297,00000.2318,000000.216,240261551.5,00000.2236,9297626191.7
2021-10-12T20:00:02.18Z,-USD,00000.2278,00000.2318,000000.216,239947079.0,00000.2227,9309433804.4
2021-10-12T21:00:02.512Z,-USD,00000.2267,00000.2318,000000.216,234086574.8,00000.2247,9320406260.2
2021-10-12T22:00:02.088Z,-USD,00000.2287,00000.2318,000000.216,228477410.2,00000.2247,9327076946.3
2021-10-12T23:00:02.493Z,-USD,00000.2306,00000.2318,000000.216,227648006.8,00000.2267,9333736747.0
2021-10-13T00:00:01.744Z,-USD,00000.2313,00000.2318,000000.216,227692547.5,00000.2259,9339034130.5
2021-10-13T01:00:02.208Z,-USD,000000.228,000000.229,000000.216,228096951.9,00000.2281,9008799541.0
2021-10-13T02:00:02.689Z,-USD,00000.2285,00000.2299,000000.216,224960726.2,000000.228,9017121299.7
2021-10-13T03:00:01.885Z,-USD,00000.2258,00000.2299,000000.216,225870596.0,00000.2295,9024641700.5
2021-10-13T04:00:01.985Z,-USD,000000.224,00000.2299,000000.216,216487975.1,00000.2291,9028988465.8
2021-10-13T05:00:02.285Z,-USD,00000.2269,00000.2306,000000.216,213012128.5,00000.2291,9033962255.7
2021-10-13T06:00:02.133Z,-USD,00000.2263,00000.2314,000000.216,219408346.2,00000.2222,9048298666.0
2021-10-13T07:00:02.124Z,-USD,00000.2242,00000.2314,000000.216,225968091.0,00000.2233,9059607474.7
2021-10-13T08:00:02.214Z,-USD,00000.2258,00000.2314,000000.216,229680500.3,00000.2212,9067150187.9
2021-10-13T09:00:02.105Z,-USD,00000.2265,00000.2314,000000.216,234284861.4,00000.2224,9074489747.6
2021-10-13T10:00:02.579Z,-USD,00000.2216,00000.2314,000000.216,227275015.0,00000.2237,9077745412.9
2021-10-13T11:00:02.093Z,-USD,00000.2216,00000.2314,000000.216,214582009.0,00000.2229,9086217164.4
2021-10-13T12:00:02.298Z,-USD,00000.2229,00000.2314,000000.216,209744781.9,00000.2241,9090682941.7
2021-10-13T13:00:01.833Z,-USD,00000.2177,00000.2314,00000.2175,199570807.1,00000.2242,9097416146.7
2021-10-13T14:00:01.99Z,-USD,00000.2242,00000.2314,00000.2182,198666168.7,00000.2225,9107617271.2
2021-10-13T15:00:02.007Z,-USD,00000.2206,00000.2314,00000.2182,205823692.4,00000.2241,9127419736.8
2021-10-13T16:00:02.355Z,-USD,00000.2238,00000.2314,00000.2197,202880972.6,00000.2254,9136512385.4
2021-10-13T17:00:01.918Z,-USD,00000.2242,00000.2314,00000.2197,200055291.9,000000.226,9142815278.5
2021-10-13T18:00:02.304Z,-USD,00000.2215,00000.2314,00000.2197,199977250.5,00000.2272,9153620266.7
2021-10-13T19:00:02.617Z,-USD,000000.223,00000.2322,00000.2197,219606703.3,00000.2282,9179876386.1
2021-10-13T20:00:02.707Z,-USD,00000.2227,00000.2322,00000.2197,215843833.6,00000.2294,9187938807.4
2021-10-13T21:00:02.185Z,-USD,000000.225,00000.2322,00000.2206,217528335.9,00000.2294,9201018286.8
2021-10-13T22:00:02.473Z,-USD,000000.225,00000.2322,00000.2206,217550965.0,00000.2306,9207255139.2
2021-10-13T23:00:01.978Z,-USD,00000.2265,00000.2342,00000.2206,225327565.8,00000.2337,9221643915.5
2021-10-14T00:00:02.046Z,-USD,00000.2259,00000.2342,00000.2206,231921281.6,00000.2328,9233530191.6
2021-10-14T01:00:05.243Z,-USD,00000.2286,00000.2404,00000.2206,269061118.4,00000.2361,9134038009.9
2021-10-14T02:00:03.006Z,-USD,000000.228,00000.2404,00000.2206,279969555.4,00000.2369,9153262793.3
2021-10-14T03:00:02.7Z,-USD,00000.2295,00000.2404,00000.2206,284619514.9,00000.2372,9165392171.6
2021-10-14T04:00:02.047Z,-USD,00000.2293,00000.2404,00000.2206,289675395.8,00000.2363,9174905394.6
2021-10-14T05:00:02.507Z,-USD,000000.229,00000.2404,00000.2206,293740924.9,00000.2344,9183826100.1
2021-10-14T06:00:02.568Z,-USD,00000.2212,00000.2404,00000.2206,282940833.3,00000.2358,9187740268.9
2021-10-14T07:00:02.595Z,-USD,00000.2234,00000.2404,00000.2206,278629985.8,000000.236,9194377849.7
2021-10-14T08:00:02.577Z,-USD,00000.2211,00000.2404,00000.2209,274737667.0,00000.2351,9198067875.8
2021-10-14T09:00:02.551Z,-USD,00000.2219,00000.2404,00000.2211,273132579.6,00000.2358,9203805150.1
2021-10-14T10:00:01.905Z,-USD,00000.2236,00000.2404,00000.2212,274480028.2,00000.2361,9208376300.9
2021-10-14T11:00:02.068Z,-USD,00000.2232,00000.2404,00000.2212,273712283.3,00000.2358,9216182241.3
2021-10-14T12:00:02.265Z,-USD,00000.2242,00000.2404,00000.2212,282650455.3,00000.2379,9229526260.9
2021-10-14T13:00:02.14Z,-USD,00000.2241,00000.2404,00000.2212,283774741.1,00000.2373,9237375083.0
2021-10-14T14:00:02.068Z,-USD,00000.2227,00000.2404,00000.2212,285050244.5,00000.2358,9248793598.5
2021-10-14T15:00:02.441Z,-USD,00000.2243,00000.2404,00000.2242,275267042.8,00000.2371,9258881934.4
2021-10-14T16:00:04.16Z,-USD,00000.2254,00000.2404,00000.2252,283660803.7,00000.2339,9276305091.5
2021-10-14T17:00:02.106Z,-USD,00000.2254,00000.2404,00000.2254,289085852.7,00000.2334,9288117295.5
2021-10-14T18:00:02.311Z,-USD,00000.2277,00000.2404,00000.2275,284710905.8,000000.235,9294875464.6
2021-10-14T19:00:02.462Z,-USD,00000.2281,00000.2404,00000.2278,266614324.5,00000.2351,9302662570.4
2021-10-14T20:00:07.559Z,-USD,00000.2293,00000.2404,00000.2286,265909612.3,00000.2344,9310012396.4
2021-10-14T21:00:10.523Z,-USD,00000.2293,00000.2404,00000.2289,259561524.7,00000.2322,9316720630.6
2021-10-14T22:00:14.151Z,-USD,00000.2301,00000.2404,0000000.23,260226185.0,000000.234,9323790235.5
2021-10-14T23:00:12.339Z,-USD,00000.2337,00000.2404,00000.2311,250405107.4,00000.2327,9328417922.5
2021-10-15T00:00:17.239Z,-USD,00000.2327,00000.2404,00000.2312,242835208.8,00000.2324,9332645664.1
2021-10-15T01:00:12.464Z,-USD,00000.2364,00000.2389,00000.2281,212305885.9,00000.2296,9235997692.5
2021-10-15T02:00:12.334Z,-USD,00000.2366,00000.2389,00000.2272,206274216.9,00000.2293,9249315194.8
2021-10-15T03:00:11.185Z,-USD,00000.2368,00000.2389,00000.2272,209275159.3,00000.2334,9264376391.1
2021-10-15T04:00:22.641Z,-USD,00000.2361,00000.2389,00000.2272,211820964.2,00000.2334,9276262865.3
2021-10-15T05:00:10.149Z,-USD,00000.2342,00000.2389,00000.2272,220169759.8,00000.2326,9293563765.2
2021-10-15T06:00:07.409Z,-USD,00000.2358,00000.2389,00000.2272,229848249.4,000000.235,9307295210.9
2021-10-15T07:00:03.474Z,-USD,00000.2359,00000.2389,00000.2272,235624412.1,00000.2329,9319549381.6
2021-10-15T08:00:03.829Z,-USD,00000.2349,00000.2389,00000.2272,242112494.3,00000.2314,9329785382.5
2021-10-15T09:00:02.657Z,-USD,00000.2357,00000.2389,00000.2262,259745290.0,00000.2273,9353074410.9
2021-10-15T10:00:02.516Z,-USD,00000.2359,00000.2389,00000.2243,269438303.3,00000.2275,9367508259.5
2021-10-15T11:00:04.493Z,-USD,000000.236,00000.2389,00000.2243,272254657.8,00000.2275,9378030333.3
2021-10-15T12:00:04.313Z,-USD,00000.2378,00000.2385,00000.2243,266882331.6,00000.2283,9386020362.2
2021-10-15T13:00:03.096Z,-USD,00000.2373,00000.2383,00000.2243,267734039.6,00000.2279,9394677817.0
2021-10-15T14:00:08.91Z,-USD,00000.2361,00000.2379,00000.2243,267272805.9,00000.2293,9405654364.5
2021-10-15T15:00:10.762Z,-USD,00000.2368,00000.2371,00000.2243,268705014.4,0000000.23,9417286150.4
2021-10-15T16:00:10.703Z,-USD,00000.2344,00000.2357,00000.2243,264677795.8,00000.2303,9430720305.6
2021-10-15T17:00:09.903Z,-USD,00000.2333,00000.2357,00000.2243,269373847.1,00000.2341,9447062056.3
2021-10-15T18:00:08.961Z,-USD,00000.2351,00000.2357,00000.2243,275120346.7,00000.2328,9459747877.6
2021-10-15T19:00:02.023Z,-USD,00000.2354,00000.2375,00000.2243,281619551.9,00000.2373,9473846095.1
2021-10-15T20:00:02.445Z,-USD,00000.2347,00000.2435,00000.2243,312449699.3,00000.2394,9512006676.4
2021-10-15T21:00:02.621Z,-USD,00000.2322,00000.2435,00000.2243,327245005.6,00000.2391,9533490412.0
2021-10-15T22:00:01.816Z,-USD,00000.2341,00000.2435,00000.2243,336321842.0,00000.2354,9549671477.4
2021-10-15T23:00:02.561Z,-USD,00000.2328,00000.2435,00000.2243,340711996.6,00000.2352,9558670586.8
2021-10-16T00:00:01.776Z,-USD,00000.2326,00000.2435,00000.2243,345109623.3,000000.234,9567314033.3
2021-10-16T01:00:10.841Z,-USD,00000.2299,00000.2455,00000.2243,368077355.7,00000.2372,9419281143.8
2021-10-16T02:00:11.121Z,-USD,00000.2293,00000.2455,00000.2243,370886742.7,00000.2384,9435384959.2
2021-10-16T03:00:11.374Z,-USD,00000.2337,00000.2455,00000.2243,361697824.9,00000.2392,9441349334.8
2021-10-16T04:00:23.43Z,-USD,00000.2335,00000.2455,00000.2243,355070864.7,00000.2368,9446470542.9
2021-10-16T05:00:09.936Z,-USD,00000.2325,00000.2455,00000.2243,343749777.7,00000.2376,9452462649.7
2021-10-16T06:00:10.923Z,-USD,000000.235,00000.2455,00000.2243,335499703.3,00000.2385,9457905032.0
2021-10-16T07:00:08.629Z,-USD,00000.2326,00000.2455,00000.2243,328642338.1,00000.2381,9463415201.7
2021-10-16T08:00:02.213Z,-USD,00000.2314,00000.2455,00000.2243,323032463.2,00000.2375,9467963441.4
2021-10-16T09:00:02.128Z,-USD,00000.2267,00000.2455,00000.2243,307083201.8,00000.2388,9475410027.5
2021-10-16T10:00:02.706Z,-USD,00000.2277,00000.2455,00000.2258,303969260.9,00000.2405,9486632758.4
2021-10-16T11:00:03.731Z,-USD,00000.2275,00000.2455,00000.2273,299123538.6,00000.2393,9492294047.8
2021-10-16T12:00:02.202Z,-USD,00000.2285,00000.2455,00000.2274,295561933.7,00000.2413,9496819340.2
2021-10-16T13:00:11.501Z,-USD,00000.2276,00000.2455,00000.2274,311581350.0,00000.2377,9521395511.8
2021-10-16T14:00:11.199Z,-USD,00000.2294,00000.2455,00000.2281,313788792.4,00000.2386,9534821266.2
2021-10-16T15:00:17.788Z,-USD,0000000.23,00000.2455,00000.2294,317217277.9,00000.2394,9549628999.5
2021-10-16T16:00:11.248Z,-USD,00000.2302,00000.2455,00000.2295,318156804.9,00000.2403,9564238362.0
2021-10-16T17:00:10.684Z,-USD,00000.2341,00000.2455,00000.2324,310802770.5,00000.2389,9573114292.6
2021-10-16T18:00:10.018Z,-USD,000000.233,00000.2455,00000.2329,312170708.1,00000.2382,9587212464.3
2021-10-16T19:00:11.792Z,-USD,00000.2375,00000.2455,00000.2337,303373805.4,00000.2376,9592474740.8
2021-10-16T20:00:10.055Z,-USD,00000.2391,00000.2455,00000.2337,270600081.1,00000.2365,9597777337.5
2021-10-16T21:00:02.455Z,-USD,00000.2389,00000.2455,00000.2337,257401904.7,00000.2375,9606344991.6
2021-10-16T22:00:02.416Z,-USD,00000.2353,00000.2455,00000.2337,246341414.2,00000.2363,9611177156.6
2021-10-16T23:00:02.255Z,-USD,00000.2354,00000.2455,00000.2337,241181574.4,00000.2377,9615105119.3
2021-10-17T00:00:01.695Z,-USD,00000.2342,00000.2455,00000.2337,237775865.1,00000.2369,9620306150.1
2021-10-17T01:00:11.042Z,-USD,00000.2373,00000.2445,000000.234,213632734.2,00000.2369,9222460967.6
2021-10-17T02:00:11.159Z,-USD,00000.2388,00000.2445,000000.234,202088738.5,00000.2374,9227449553.0
2021-10-17T03:00:11.036Z,-USD,000000.239,00000.2445,000000.234,200569835.2,00000.2364,9231450695.7
2021-10-17T04:00:42.256Z,-USD,00000.2372,00000.2445,000000.234,192083411.2,000000.237,9234149615.1
2021-10-17T05:00:08.356Z,-USD,00000.2372,00000.2445,000000.234,197054469.5,00000.2371,9239120673.4
2021-10-17T06:00:09.229Z,-USD,00000.2385,00000.2445,000000.234,195796813.1,00000.2361,9243251885.6
2021-10-17T07:00:09.424Z,-USD,00000.2381,00000.2445,000000.234,192773200.6,00000.2364,9245701376.1
2021-10-17T08:00:08.545Z,-USD,00000.2377,00000.2445,000000.234,191548686.7,00000.2359,9249035699.3
2021-10-17T09:00:09.307Z,-USD,00000.2388,00000.2445,000000.234,187165238.4,00000.2369,9252116000.0
2021-10-17T10:00:09.766Z,-USD,00000.2404,00000.2445,000000.234,178885801.1,00000.2374,9255037166.9
2021-10-17T11:00:10.085Z,-USD,00000.2394,00000.2445,000000.234,175093213.1,00000.2371,9256915082.1
2021-10-17T12:00:08.446Z,-USD,00000.2409,00000.2445,000000.234,185478647.1,00000.2396,9272001589.7
2021-10-17T13:00:11.507Z,-USD,000000.237,00000.2425,000000.234,168624421.9,00000.2387,9279670452.5
2021-10-17T14:00:09.855Z,-USD,00000.2389,00000.2425,000000.234,165341788.2,00000.2387,9289773684.0
2021-10-17T15:00:09.417Z,-USD,00000.2394,00000.2425,000000.234,155615880.8,000000.238,9294994546.9
2021-10-17T16:00:08.9Z,-USD,00000.2405,00000.2413,000000.234,157372782.5,00000.2361,9311136130.7
2021-10-17T17:00:02.403Z,-USD,00000.2393,00000.2413,000000.234,155344095.6,00000.2361,9318022248.3
2021-10-17T18:00:03.747Z,-USD,00000.2384,00000.2413,000000.234,145175628.6,00000.2366,9322095812.1
2021-10-17T19:00:01.935Z,-USD,00000.2379,00000.2413,000000.234,146316658.5,00000.2369,9328337994.7
2021-10-17T20:00:02.498Z,-USD,00000.2366,00000.2413,00000.2333,157946759.6,000000.235,9345279201.2
2021-10-17T21:00:02.149Z,-USD,00000.2374,00000.2413,00000.2256,190215409.4,000000.231,9386331287.8
2021-10-17T22:00:02.532Z,-USD,000000.236,00000.2413,00000.2256,197225604.7,00000.2342,9397926753.4
2021-10-17T23:00:01.82Z,-USD,00000.2374,000000.242,00000.2256,240803521.5,00000.2385,9445447905.9
2021-10-18T00:00:08.546Z,-USD,00000.2373,000000.242,00000.2256,244898711.8,00000.2377,9454868110.9
2021-10-18T01:00:02.724Z,-USD,00000.2368,000000.242,00000.2256,243355873.1,00000.2396,9322673163.4
2021-10-18T02:00:01.902Z,-USD,00000.2373,00000.2424,00000.2256,253630676.5,00000.2396,9337928579.7
2021-10-18T03:00:01.983Z,-USD,00000.2363,00000.2424,00000.2256,258908222.5,00000.2386,9347207803.8
2021-10-18T04:00:02.164Z,-USD,000000.237,00000.2424,00000.2256,262402972.7,00000.2379,9353394141.6
2021-10-18T05:00:01.742Z,-USD,00000.2369,00000.2433,00000.2256,275521301.4,0000000.24,9371497819.6
2021-10-18T06:00:01.777Z,-USD,000000.236,00000.2433,00000.2256,275178682.4,0000000.24,9375489248.2
2021-10-18T07:00:01.706Z,-USD,00000.2363,00000.2433,00000.2256,277156379.9,00000.2404,9379722894.1
2021-10-18T08:00:02.552Z,-USD,00000.2355,000000.245,00000.2256,288850301.9,00000.2406,9394749191.1
2021-10-18T09:00:02.451Z,-USD,000000.237,00000.2496,00000.2256,310817841.3,00000.2494,9419880975.8
2021-10-18T10:00:02.248Z,-USD,00000.2374,0000000.27,00000.2256,425120816.5,00000.2634,9537034243.4
2021-10-18T11:00:02.559Z,-USD,00000.2371,00000.2728,00000.2256,521480288.4,00000.2626,9635248558.6
2021-10-18T12:00:02.461Z,-USD,00000.2392,00000.2728,00000.2256,571087481.6,000000.257,9700246835.9
2021-10-18T13:00:02.581Z,-USD,00000.2389,00000.2728,00000.2256,617517752.3,00000.2563,9754055391.2
2021-10-18T14:00:01.943Z,-USD,00000.2389,00000.2728,00000.2256,648334164.8,00000.2577,9794982124.8
2021-10-18T15:00:02.116Z,-USD,00000.2382,00000.2728,00000.2256,672038777.6,00000.2539,9823884620.8
2021-10-18T16:00:02.353Z,-USD,00000.2361,00000.2728,00000.2256,678332068.1,00000.2558,9846685310.4
2021-10-18T17:00:01.827Z,-USD,00000.2362,00000.2728,00000.2256,713268983.7,00000.2542,9888157236.2
2021-10-18T18:00:02.355Z,-USD,00000.2365,00000.2728,00000.2256,727571160.9,00000.2532,9906534941.5
2021-10-18T19:00:02.229Z,-USD,00000.2369,00000.2728,00000.2256,739055637.1,000000.254,9924255073.0
2021-10-18T20:00:02.515Z,-USD,00000.2351,00000.2728,00000.2256,744943032.7,00000.2519,9947085624.3
2021-10-18T21:00:01.852Z,-USD,00000.2309,00000.2728,0000000.23,731486641.9,000000.249,9974745184.0
2021-10-18T22:00:02.585Z,-USD,00000.2343,00000.2728,00000.2341,736577248.0,00000.2469,9991402380.5
2021-10-18T23:00:01.997Z,-USD,000000.238,00000.2728,00000.2364,705485994.0,000000.247,10007961907.3
2021-10-19T00:00:02.07Z,-USD,00000.2376,00000.2728,00000.2369,712437569.3,00000.2472,10024261022.4
2021-10-19T01:00:02.499Z,-USD,00000.2397,00000.2728,00000.2369,719194638.9,00000.2434,9924175416.2
2021-10-19T02:00:01.899Z,-USD,00000.2393,00000.2728,00000.2369,713628047.8,00000.2461,9934320093.3
2021-10-19T03:00:02.276Z,-USD,00000.2386,00000.2728,00000.2369,711533228.2,00000.2474,9941059110.4
2021-10-19T04:00:02.483Z,-USD,00000.2379,00000.2728,00000.2374,727265429.1,00000.2548,9963016291.5
2021-10-19T05:00:01.823Z,-USD,0000000.24,00000.2728,00000.2387,729161843.2,00000.2514,9983026470.1
2021-10-19T06:00:02.691Z,-USD,00000.2398,00000.2728,00000.2391,734899111.6,00000.2508,9992776505.9
2021-10-19T07:00:01.891Z,-USD,00000.2403,00000.2728,0000000.24,742232612.3,00000.2469,10004274615.8
2021-10-19T08:00:01.966Z,-USD,00000.2406,00000.2728,00000.2404,733508596.9,00000.2492,10010583500.2
2021-10-19T09:00:02.439Z,-USD,00000.2497,00000.2728,00000.2431,715234416.0,00000.2478,10018206373.5
2021-10-19T10:00:02.336Z,-USD,00000.2633,00000.2728,00000.2431,604190861.5,00000.2466,10024187214.8
2021-10-19T11:00:02.348Z,-USD,00000.2622,00000.2624,00000.2431,511406473.9,00000.2473,10029497905.7
2021-10-19T12:00:02.418Z,-USD,00000.2585,00000.2606,00000.2431,450369614.2,000000.247,10034180790.7
2021-10-19T13:00:02.461Z,-USD,00000.2568,00000.2603,00000.2431,405449487.8,00000.2465,10041947741.9
2021-10-19T14:00:02.569Z,-USD,00000.2572,00000.2603,00000.2431,385898682.7,00000.2452,10063363998.5
2021-10-19T15:00:01.94Z,-USD,00000.2536,00000.2603,0000000.24,381463563.0,00000.2438,10087815142.0
2021-10-19T16:00:02.246Z,-USD,00000.2554,00000.2603,0000000.24,367907745.8,00000.2427,10097204125.0
2021-10-19T17:00:02.619Z,-USD,00000.2542,00000.2574,0000000.24,335087992.8,00000.2444,10105645079.5
2021-10-19T18:00:02.691Z,-USD,00000.2531,00000.2557,0000000.24,330888566.5,000000.244,10119851436.6
2021-10-19T19:00:02.283Z,-USD,00000.2545,000000.255,0000000.24,322020791.2,00000.2427,10128892835.4
2021-10-19T20:00:02.68Z,-USD,00000.2521,000000.255,0000000.24,317756938.4,00000.2418,10147151501.7
2021-10-19T21:00:02.531Z,-USD,00000.2489,000000.255,0000000.24,300189518.9,00000.2428,10157298117.0
2021-10-19T22:00:02.312Z,-USD,00000.2469,000000.255,0000000.24,293455732.4,00000.2454,10167240917.4
2021-10-19T23:00:02.548Z,-USD,000000.247,000000.255,0000000.24,288485296.9,00000.2452,10178764785.0
2021-10-20T00:00:02.423Z,-USD,00000.2473,000000.255,0000000.24,279006598.1,00000.2456,10185702954.2
2021-10-20T01:00:02.584Z,-USD,00000.2437,000000.255,0000000.24,270248168.0,00000.2432,9711292281.4
2021-10-20T02:00:02.668Z,-USD,00000.2466,000000.255,0000000.24,270219404.7,00000.2429,9721409456.6
2021-10-20T03:00:02.542Z,-USD,00000.2472,000000.255,0000000.24,272649403.5,00000.2424,9730516962.5
2021-10-20T04:00:02.569Z,-USD,00000.2545,00000.2545,0000000.24,254942961.5,000000.243,9735161677.5
2021-10-20T05:00:01.718Z,-USD,00000.2514,00000.2521,0000000.24,237945832.4,00000.2435,9737765026.6
2021-10-20T06:00:02.82Z,-USD,00000.2504,00000.2508,0000000.24,238862173.6,00000.2447,9748687901.8
2021-10-20T07:00:02.601Z,-USD,000000.247,00000.2496,0000000.24,233177099.5,00000.2446,9754266162.0
2021-10-20T08:00:02.315Z,-USD,00000.2495,00000.2496,0000000.24,230055473.5,00000.2449,9757481690.5
2021-10-20T09:00:02.178Z,-USD,00000.2479,00000.2483,0000000.24,225726052.2,00000.2449,9760767632.0
2021-10-20T10:00:02.107Z,-USD,00000.2467,00000.2483,0000000.24,223195863.8,00000.2444,9764198959.9
2021-10-20T11:00:04.304Z,-USD,00000.2474,000000.248,0000000.24,219849002.3,00000.2439,9766148945.3
2021-10-20T12:00:01.956Z,-USD,00000.2469,000000.248,0000000.24,218009217.0,00000.2441,9769226965.3
2021-10-20T13:00:01.795Z,-USD,00000.2467,00000.2475,0000000.24,220401491.7,00000.2461,9779254008.7
2021-10-20T14:00:02.204Z,-USD,00000.2451,00000.2492,0000000.24,220096127.9,00000.2491,9800255847.6
2021-10-20T15:00:02.133Z,-USD,000000.244,00000.2572,0000000.24,252353460.5,00000.2522,9857055262.5
2021-10-20T16:00:02.191Z,-USD,00000.2425,00000.2572,0000000.24,273855565.8,00000.2523,9887952604.3
2021-10-20T17:00:01.752Z,-USD,00000.2443,00000.2572,0000000.24,287034194.9,00000.2543,9909508708.6
2021-10-20T18:00:02.711Z,-USD,00000.2438,00000.2572,0000000.24,298089857.5,00000.2537,9934755396.0
2021-10-20T19:00:02.04Z,-USD,00000.2428,00000.2572,0000000.24,313100827.7,00000.2547,9958799403.2
2021-10-20T20:00:01.881Z,-USD,00000.2417,000000.262,00000.2414,334523744.0,00000.2577,9998639687.3
2021-10-20T21:00:02.216Z,-USD,00000.2429,000000.262,000000.242,354508690.9,00000.2556,10028777982.4
2021-10-20T22:00:02.297Z,-USD,00000.2449,000000.262,000000.242,358648300.4,00000.2557,10042695380.1
2021-10-20T23:00:01.822Z,-USD,00000.2453,000000.262,000000.242,359382917.1,00000.2538,10054955129.2
2021-10-21T00:00:02.66Z,-USD,00000.2453,000000.262,000000.242,373121937.1,00000.2545,10075633447.7
2021-10-21T01:00:02.187Z,-USD,00000.2431,000000.262,000000.242,375327966.8,000000.255,9722431296.4
2021-10-21T02:00:02.795Z,-USD,000000.243,000000.262,000000.242,384216757.6,00000.2538,9741462783.6
2021-10-21T03:00:02.201Z,-USD,00000.2423,000000.262,00000.2421,402156265.2,00000.2532,9768488049.6
2021-10-21T04:00:02.146Z,-USD,00000.2428,000000.262,00000.2424,408942690.0,00000.2527,9780048781.9
2021-10-21T05:00:02.629Z,-USD,00000.2437,000000.262,00000.2433,416043406.5,00000.2525,9789604040.3
2021-10-21T06:00:02.524Z,-USD,00000.2448,000000.262,00000.2433,417253462.0,00000.2534,9801920602.1
2021-10-21T07:00:02.385Z,-USD,00000.2446,000000.262,00000.2433,422261042.8,00000.2516,9812321397.7
2021-10-21T08:00:02.232Z,-USD,00000.2449,000000.262,00000.2433,423074698.1,000000.252,9816362653.0
2021-10-21T09:00:02.008Z,-USD,000000.245,000000.262,00000.2433,427322543.0,00000.2532,9823900792.7
2021-10-21T10:00:01.763Z,-USD,00000.2444,000000.262,00000.2433,431950344.6,00000.2548,9831944581.5
2021-10-21T11:00:02.084Z,-USD,00000.2439,000000.262,00000.2433,437936107.6,00000.2565,9839882072.3
2021-10-21T12:00:01.931Z,-USD,000000.244,000000.262,00000.2439,470100312.2,00000.2501,9875183008.9
2021-10-21T13:00:01.776Z,-USD,00000.2459,000000.262,00000.2455,480048447.0,00000.2525,9895187245.4
2021-10-21T14:00:02.654Z,-USD,00000.2498,000000.262,00000.2476,466848942.8,00000.2512,9903190397.7
2021-10-21T15:00:01.791Z,-USD,00000.2523,000000.262,00000.2433,446579240.1,00000.2462,9939812457.6
2021-10-21T16:00:02.014Z,-USD,00000.2521,000000.262,00000.2406,444165224.0,00000.2455,9968026675.3
2021-10-21T17:00:02.369Z,-USD,00000.2562,000000.262,00000.2406,433209379.0,00000.2437,9982422705.4
2021-10-21T18:00:02.593Z,-USD,00000.2534,000000.262,00000.2406,421513850.6,00000.2433,9992098239.3
2021-10-21T19:00:02.51Z,-USD,00000.2547,000000.262,00000.2406,405061521.1,00000.2441,9999723299.9
2021-10-21T20:00:02.655Z,-USD,00000.2574,00000.2598,00000.2406,374598129.4,000000.244,10009502453.4
2021-10-21T21:00:01.929Z,-USD,00000.2559,00000.2585,00000.2406,351468085.1,00000.2444,10016215528.1
2021-10-21T22:00:02.08Z,-USD,00000.2559,00000.2585,00000.2406,344858603.6,00000.2452,10023380198.2
2021-10-21T23:00:02.468Z,-USD,00000.2538,00000.2585,00000.2406,340456246.0,00000.2438,10031224616.5
2021-10-22T00:00:02.626Z,-USD,00000.2547,00000.2585,00000.2406,332605395.6,00000.2425,10044153612.9
2021-10-22T01:00:09.309Z,-USD,00000.2549,00000.2585,00000.2406,333943295.6,00000.2451,9612765300.5
2021-10-22T02:00:07.275Z,-USD,00000.2532,00000.2576,00000.2406,321304366.6,00000.2445,9619667274.3
2021-10-22T03:00:02.234Z,-USD,00000.2535,00000.2576,00000.2406,302530614.0,00000.2446,9627425955.1
2021-10-22T04:00:01.852Z,-USD,00000.2529,00000.2576,00000.2406,296372994.7,00000.2452,9632775427.6
2021-10-22T05:00:02.652Z,-USD,00000.2523,00000.2576,00000.2406,291553666.0,00000.2452,9637508219.9
2021-10-22T06:00:02.402Z,-USD,00000.2533,00000.2576,00000.2406,284429658.1,00000.2459,9642641328.7
2021-10-22T07:00:02.05Z,-USD,00000.2516,00000.2576,00000.2406,276924296.1,00000.2462,9646007690.2
2021-10-22T08:00:01.781Z,-USD,000000.252,00000.2576,00000.2406,276571973.3,00000.2475,9649223267.9
2021-10-22T09:00:02.57Z,-USD,00000.2534,00000.2576,00000.2406,273793535.8,00000.2484,9654057394.8
2021-10-22T10:00:02.161Z,-USD,00000.2552,00000.2576,00000.2406,269559683.9,00000.2467,9657798196.0
2021-10-22T11:00:02.351Z,-USD,00000.2563,00000.2576,00000.2406,266003156.4,00000.2462,9662286247.6
2021-10-22T12:00:01.743Z,-USD,00000.2504,00000.2536,00000.2406,236511003.4,00000.2472,9668376288.2
2021-10-22T13:00:02.639Z,-USD,00000.2523,00000.2536,00000.2406,224109534.4,00000.2464,9675591092.6
2021-10-22T14:00:02.466Z,-USD,000000.251,00000.2517,00000.2406,243787048.8,00000.2421,9703325674.8
2021-10-22T15:00:01.819Z,-USD,00000.2462,000000.249,00000.2349,241173241.7,00000.2399,9737285536.2
2021-10-22T16:00:01.939Z,-USD,00000.2451,000000.249,00000.2349,228467303.6,00000.2399,9753029522.7
2021-10-22T17:00:02.393Z,-USD,00000.2437,000000.249,00000.2349,228676122.4,00000.2398,9767611585.8
2021-10-22T18:00:02.025Z,-USD,00000.2435,000000.249,00000.2349,230309045.7,00000.2375,9778734009.7
2021-10-22T19:00:02.161Z,-USD,00000.2442,000000.249,00000.2349,233550847.2,00000.2415,9789904967.7
2021-10-22T20:00:02.173Z,-USD,00000.2444,00000.2534,00000.2349,301912555.6,000000.248,9867702672.4
2021-10-22T21:00:02.418Z,-USD,00000.2442,00000.2534,00000.2349,334148596.3,00000.2479,9906704837.1
2021-10-22T22:00:02.198Z,-USD,00000.2452,00000.2534,00000.2349,343879292.5,00000.2447,9923586406.9
2021-10-22T23:00:02.568Z,-USD,00000.2439,00000.2534,00000.2349,354447671.4,00000.2456,9941968501.0
2021-10-23T00:00:02.446Z,-USD,00000.2423,00000.2534,00000.2349,354428975.0,000000.244,9954891188.9
2021-10-23T01:00:02.283Z,-USD,00000.2453,00000.2534,00000.2349,357708052.9,00000.2447,9742013947.9
2021-10-23T02:00:02.096Z,-USD,00000.2445,00000.2534,00000.2349,359301343.2,00000.2443,9750514953.0
2021-10-23T03:00:02.102Z,-USD,00000.2448,00000.2534,00000.2349,362000435.9,00000.2457,9760972735.6
2021-10-23T04:00:02.17Z,-USD,00000.2456,00000.2534,00000.2349,361698787.4,00000.2462,9766089394.2
2021-10-23T05:00:02.322Z,-USD,00000.2455,00000.2534,00000.2349,360715432.8,00000.2469,9769747791.3
2021-10-23T06:00:02.227Z,-USD,00000.2461,00000.2534,00000.2349,360577552.8,00000.2456,9774745325.1
2021-10-23T07:00:02.1Z,-USD,00000.2461,00000.2534,00000.2349,363198877.7,00000.2455,9780722638.9
2021-10-23T08:00:01.833Z,-USD,00000.2477,00000.2534,00000.2349,370241802.1,000000.248,9791049057.6
2021-10-23T09:00:01.76Z,-USD,00000.2484,00000.2534,00000.2349,370527619.0,00000.2471,9796158165.8
2021-10-23T10:00:02.585Z,-USD,00000.2468,00000.2534,00000.2349,371752477.3,00000.2459,9801128083.1
2021-10-23T11:00:01.767Z,-USD,00000.2462,00000.2534,00000.2349,371748901.2,00000.2436,9805588626.4
2021-10-23T12:00:02.463Z,-USD,00000.2471,00000.2534,00000.2349,377304495.7,00000.2458,9817208474.0
2021-10-23T13:00:02.387Z,-USD,00000.2462,00000.2534,00000.2349,374934226.4,00000.2457,9822765567.0
2021-10-23T14:00:02.271Z,-USD,00000.2419,00000.2534,00000.2349,352925142.6,00000.2453,9827805525.9
2021-10-31T18:00:08.706Z,-USD,00000.2702,000000.277,00000.2523,699224016.6,00000.2611,17309897734.7
2021-10-31T19:00:01.791Z,-USD,00000.2761,00000.2834,00000.2523,814454353.3,00000.2715,17448374342.7
2021-10-31T20:00:01.778Z,-USD,00000.2733,00000.2834,00000.2523,846363608.3,00000.2687,17500984562.1
2021-10-31T21:00:02.684Z,-USD,000000.272,00000.2834,00000.2523,870748611.9,00000.2729,17542002579.3
2021-10-31T22:00:01.709Z,-USD,00000.2702,00000.2834,00000.2523,870944998.0,00000.2769,17574673696.0
2021-10-31T23:00:03.094Z,-USD,00000.2655,00000.2834,00000.2523,830582589.7,00000.2782,17610056495.2
2021-11-01T00:00:04.868Z,-USD,00000.2692,00000.2853,00000.2523,832147392.5,00000.2803,17653674429.9
2021-11-01T01:00:04.338Z,-USD,00000.2678,00000.2865,00000.2523,834928850.5,00000.2816,17501678546.3
2021-11-01T02:00:03.854Z,-USD,00000.2648,00000.2865,00000.2523,839327747.6,000000.273,17541514520.4
2021-11-01T03:00:03.703Z,-USD,00000.2657,00000.2865,00000.2523,853262442.0,000000.271,17594148529.3
2021-11-01T04:00:13.388Z,-USD,00000.2681,00000.2865,00000.2523,864555887.9,00000.2673,17627962994.1
2021-11-01T05:00:07.284Z,-USD,00000.2689,00000.2865,00000.2523,867127493.2,00000.2703,17652530270.2
2021-11-01T06:00:06.049Z,-USD,00000.2704,00000.2865,00000.2523,855754085.2,00000.2677,17666151441.1
2021-11-01T07:00:06.388Z,-USD,00000.2683,00000.2865,00000.2523,848534228.5,00000.2695,17680616766.1
2021-11-01T08:00:02.266Z,-USD,00000.2706,00000.2865,00000.2523,856781060.6,00000.2731,17699018020.8
2021-11-01T09:00:01.782Z,-USD,00000.2643,00000.2865,00000.2523,861293387.0,00000.2712,17718854163.0
2021-11-01T10:00:02.202Z,-USD,000000.263,00000.2865,00000.2523,879961976.5,00000.2764,17748457770.4
2021-11-01T11:00:03.213Z,-USD,00000.2625,00000.2865,00000.2523,871942025.0,00000.2733,17762356200.2
2021-11-01T12:00:02.513Z,-USD,00000.2605,00000.2865,00000.2523,873855183.9,00000.2734,17781711146.9
2021-11-01T13:00:02.256Z,-USD,00000.2588,00000.2865,00000.2523,870346281.5,00000.2726,17802596718.8
2021-11-01T14:00:02.194Z,-USD,00000.2586,00000.2865,00000.2551,843380778.1,00000.2719,17820775609.5
2021-11-01T15:00:02.248Z,-USD,00000.2578,00000.2865,00000.2567,803413879.3,00000.2699,17833268892.5
2021-11-01T16:00:01.801Z,-USD,00000.2589,00000.2865,00000.2567,778953889.0,00000.2697,17844548592.2
2021-11-01T17:00:03.98Z,-USD,00000.2625,00000.2865,00000.2578,775744834.6,00000.2729,17869533031.4
2021-11-01T18:00:02.944Z,-USD,00000.2608,00000.2865,00000.2578,781244210.3,00000.2702,17892402670.0
2021-11-01T19:00:02.167Z,-USD,00000.2691,00000.2865,00000.2636,665696121.0,00000.2701,17916996985.3
2021-11-01T20:00:02.283Z,-USD,00000.2704,00000.2865,00000.2636,631131760.7,00000.2714,17934019028.0
2021-11-01T21:00:02.427Z,-USD,00000.2732,00000.2865,00000.2636,610829020.5,00000.2689,17954339021.3
2021-11-01T22:00:02.478Z,-USD,00000.2774,00000.2865,00000.2636,589035602.6,0000000.27,17965024351.8
2021-11-01T23:00:03.419Z,-USD,00000.2783,00000.2865,00000.2636,572027323.6,00000.2708,17983235725.2
2021-11-02T00:00:01.929Z,-USD,00000.2803,00000.2865,00000.2636,537900891.0,00000.2717,17992873278.5
2021-11-02T01:00:01.873Z,-USD,000000.281,00000.2828,00000.2636,512222680.8,00000.2693,17826504080.4
2021-11-02T02:00:01.986Z,-USD,00000.2732,00000.2812,00000.2636,501709162.6,00000.2682,17854852002.8
2021-11-02T03:00:01.903Z,-USD,00000.2661,00000.2812,00000.2636,425142696.9,00000.2697,17865878222.3
2021-11-02T04:00:02.082Z,-USD,00000.2661,00000.2812,00000.2636,434986199.8,00000.2704,17875721725.2
2021-11-02T05:01:03.096Z,-USD,00000.2677,00000.2812,00000.2645,407946053.8,00000.2712,17885600242.6
2021-11-02T06:00:02.166Z,-USD,00000.2677,00000.2812,00000.2645,421732762.7,00000.2761,17899386951.5
2021-11-02T07:00:01.91Z,-USD,00000.2693,00000.2812,00000.2645,443836901.3,00000.2769,17938144277.6
2021-11-02T08:00:01.852Z,-USD,00000.2729,00000.2812,00000.2645,445377085.6,00000.2752,17955932387.6
2021-11-02T09:00:01.775Z,-USD,00000.2712,00000.2812,00000.2645,437438044.3,00000.2729,17967890340.1
2021-11-02T10:00:01.714Z,-USD,00000.2763,000000.281,00000.2645,422328440.2,00000.2742,17982671374.8
2021-11-02T11:00:04.183Z,-USD,00000.2731,000000.281,00000.2645,422066439.5,00000.2729,17995887226.6
2021-11-02T12:00:01.711Z,-USD,00000.2737,000000.281,00000.2645,413602217.7,00000.2728,18007086249.4
2021-11-02T13:00:02.582Z,-USD,00000.2723,000000.281,00000.2645,404125096.2,00000.2711,18018293610.7
2021-11-02T14:00:02.686Z,-USD,00000.2717,000000.281,00000.2645,401430320.4,00000.2724,18033708034.9
2021-11-02T15:00:02.009Z,-USD,00000.2705,000000.281,00000.2645,403951131.7,00000.2735,18048738217.7
2021-11-02T16:00:02.22Z,-USD,0000000.27,000000.281,00000.2645,415380060.5,00000.2725,18071426543.8
2021-11-02T17:00:03.37Z,-USD,00000.2732,000000.281,00000.2645,412274685.9,00000.2726,18093543574.5
2021-11-02T18:00:02.126Z,-USD,00000.2702,000000.281,00000.2645,407063137.0,00000.2723,18111304711.5
2021-11-02T19:00:02.42Z,-USD,00000.2701,000000.281,00000.2645,408428357.5,00000.2736,18137076297.3
2021-11-02T20:00:01.771Z,-USD,00000.2714,000000.281,00000.2645,422081023.7,00000.2765,18168126202.5
2021-11-02T21:00:01.886Z,-USD,00000.2701,000000.281,00000.2645,439860720.0,000000.274,18207185261.6
2021-11-02T22:00:02.016Z,-USD,00000.2699,000000.281,00000.2645,452378689.7,00000.2753,18228870046.9
2021-11-02T23:00:02.751Z,-USD,000000.271,000000.281,00000.2645,447739014.6,00000.2738,18242518700.3
2021-11-03T00:00:02.489Z,-USD,00000.2718,000000.281,00000.2645,452087709.9,00000.2734,18256468458.4
2021-11-03T01:00:02.616Z,-USD,00000.2693,000000.281,00000.2645,446836750.4,00000.2742,17470644448.6
2021-11-03T02:00:02.352Z,-USD,000000.268,000000.281,00000.2677,435308277.3,00000.2726,17487475065.2
2021-11-03T03:00:02.521Z,-USD,00000.2698,000000.281,000000.269,443439472.5,00000.2717,17506583000.1
2021-11-03T04:00:02.703Z,-USD,00000.2706,000000.281,0000000.27,450952501.4,00000.2719,17524347117.2
2021-11-03T05:00:03.72Z,-USD,00000.2712,000000.281,0000000.27,459129396.6,000000.271,17541994944.5
2021-11-03T06:00:02.825Z,-USD,00000.2759,000000.281,0000000.27,463451932.0,00000.2735,17561002641.3
2021-11-03T07:00:01.666Z,-USD,00000.2773,00000.2806,0000000.27,436195958.4,000000.272,17571692239.0
2021-11-03T08:00:02.667Z,-USD,00000.2747,00000.2806,0000000.27,431224457.5,000000.274,17584900154.0
2021-11-03T09:00:02.682Z,-USD,00000.2727,00000.2806,0000000.27,434609490.2,00000.2749,17600073482.3
2021-11-03T10:00:02.489Z,-USD,00000.2737,00000.2806,0000000.27,429715670.8,00000.2757,17609730862.5
2021-11-03T11:00:04.508Z,-USD,00000.2729,00000.2806,0000000.27,428246868.6,000000.274,17621415035.7
2021-11-03T12:00:01.942Z,-USD,00000.2726,00000.2806,0000000.27,426630309.6,00000.2739,17631112389.9
2021-11-03T13:00:01.863Z,-USD,00000.2713,00000.2806,00000.2629,461121319.1,00000.2669,17676857604.4
2021-11-03T14:00:01.998Z,-USD,00000.2723,00000.2806,00000.2629,471482001.6,00000.2659,17702697888.6
2021-11-03T15:00:02.207Z,-USD,00000.2738,00000.2806,00000.2629,482069255.9,00000.2665,17728238623.2
2021-11-03T16:00:01.68Z,-USD,000000.273,00000.2806,00000.2629,495992586.3,00000.2666,17765476841.7
2021-11-03T17:00:03.277Z,-USD,00000.2726,00000.2806,00000.2629,488404252.7,00000.2655,17779503802.2
2021-11-03T18:00:01.882Z,-USD,00000.2726,00000.2806,00000.2629,483122942.1,00000.2679,17791884040.3
2021-11-03T19:00:02.278Z,-USD,00000.2736,00000.2806,00000.2629,486820960.7,00000.2702,17821270663.6
2021-11-03T20:00:02.568Z,-USD,00000.2759,00000.2806,00000.2629,471106571.5,00000.2706,17836682136.7
2021-11-03T21:00:01.933Z,-USD,00000.2739,00000.2777,00000.2629,447727997.3,00000.2689,17852787594.1
