Coin on file:	DOT
Created by:	chris
Created on:	09/18/2021T03:00:1631948402Z

Recorded,Currency,Open,High,Low,Volume,Last,Volume30day
2021-09-18T03:00:02.659Z,-USD,000035.903,0000036.97,00000032.2,2681642.203,000033.626,92771273.591
2021-09-18T04:00:01.983Z,-USD,000036.893,0000036.97,00000032.2,2721056.741,000034.052,92915273.948
2021-09-18T05:00:02.052Z,-USD,000036.782,000036.928,00000032.2,2713208.15,0000034.51,92983833.963
2021-09-18T06:00:02.083Z,-USD,000036.771,000036.807,00000032.2,2727189.708,000035.219,93072010.318
2021-09-18T07:00:02.385Z,-USD,0000036.38,0000036.48,00000032.2,2714639.788,0000035.04,93137904.729
2021-09-18T08:00:02.626Z,-USD,000035.723,0000036.24,00000032.2,2708081.96,000035.015,93201672.143
2021-09-18T09:00:01.852Z,-USD,000036.178,000036.224,00000032.2,2714483.14,000034.915,93265198.03
2021-09-18T10:00:01.968Z,-USD,000035.223,000035.315,00000032.2,2709324.605,000034.808,93329884.646
2021-09-18T11:00:02.344Z,-USD,000034.375,000035.498,00000032.2,2625270.115,000035.087,93378345.276
2021-09-18T12:00:02.46Z,-USD,000033.551,000035.498,00000032.2,2479160.001,00000034.7,93454813.281
2021-09-18T13:00:02.675Z,-USD,000033.799,000035.498,00000032.2,2419498.573,000035.015,93583765.688
2021-09-18T14:00:01.88Z,-USD,0000033.52,0000035.92,00000032.2,2461236.112,000035.379,93800256.471
2021-09-18T14:27:57.952Z,-USD,00000033.8,0000035.92,00000032.2,2327023.174,0000035.52,93901285.984
2021-09-18T14:28:37.246Z,-USD,00000033.8,0000035.92,00000032.2,2328676.996,000035.517,93902939.806
2021-09-18T14:31:17.504Z,-USD,00000033.8,0000035.92,00000032.2,2334301.123,000035.457,93908563.933
2021-09-18T15:00:02.118Z,-USD,00000033.8,0000035.92,00000032.2,2426770.738,000035.323,94001033.548
2021-09-18T16:00:02.322Z,-USD,000033.966,0000035.92,00000032.2,2469143.993,000035.017,94138820.175
2021-09-18T17:00:02.107Z,-USD,000034.314,0000035.92,00000032.2,2597559.315,000034.726,94338286.359
2021-09-18T18:00:07.221Z,-USD,000033.708,0000035.92,00000032.2,2659511.283,000035.042,94457658.702
2021-09-18T19:00:01.787Z,-USD,000033.618,0000035.92,00000032.2,2669397.724,000034.839,94550142.881
2021-09-18T20:00:02.515Z,-USD,000033.872,0000035.92,00000032.2,2683073.847,000034.964,94623125.811
2021-09-18T21:00:02.121Z,-USD,000033.259,0000035.92,00000032.2,2765168.023,000034.606,94798403.487
2021-09-18T22:00:02.335Z,-USD,000033.332,0000035.92,00000032.2,2717952.089,000034.784,94909297.978
2021-09-18T23:00:01.768Z,-USD,00000032.3,0000035.92,0000032.26,2630790.846,000034.982,95003059.571
2021-09-19T00:00:02.394Z,-USD,000033.061,0000035.92,000032.526,2623514.073,000034.919,95088891.661
2021-09-19T01:00:02.002Z,-USD,000033.286,0000035.92,000033.098,2700518.31,000033.866,92950875.727
2021-09-19T02:00:02.019Z,-USD,000033.577,0000035.92,000033.384,2711810.583,000034.204,93055922.195
2021-09-19T03:00:02.664Z,-USD,000033.606,0000035.92,000033.606,2638855.956,00000034.0,93120594.307
2021-09-19T04:00:02.654Z,-USD,0000034.04,0000035.92,0000033.62,2528766.718,000033.886,93156444.545
2021-09-19T05:00:02.407Z,-USD,000034.529,0000035.92,0000033.62,2498351.986,000033.939,93192601.862
2021-09-19T06:00:02.187Z,-USD,000035.234,0000035.92,0000033.62,2466678.336,000034.114,93249121.927
2021-09-19T07:00:02.005Z,-USD,000035.091,0000035.92,0000033.62,2436835.337,000034.046,93285648.528
2021-09-19T08:00:02.143Z,-USD,000035.051,0000035.92,0000033.62,2411263.034,000034.095,93323502.051
2021-09-19T09:00:01.925Z,-USD,000034.948,0000035.92,0000033.62,2403335.591,0000034.31,93379369.816
2021-09-19T10:00:01.868Z,-USD,000034.873,0000035.92,0000033.62,2376057.933,000034.068,93416398.824
2021-09-19T11:00:02.48Z,-USD,000035.051,0000035.92,0000033.62,2378369.266,000033.863,93467106.765
2021-09-19T12:00:02.523Z,-USD,000034.735,0000035.92,0000033.05,2392347.872,000033.284,93557535.588
2021-09-19T13:00:02.684Z,-USD,000034.995,0000035.92,0000033.05,2316113.905,000033.435,93610317.418
2021-09-19T14:00:02.607Z,-USD,000035.382,000035.689,0000033.05,2154160.985,0000033.72,93665235.101
2021-09-19T15:00:02.684Z,-USD,000035.309,000035.413,0000033.05,2014827.932,000033.696,93728986.724
2021-09-19T16:00:02.634Z,-USD,00000035.0,000035.213,0000033.05,2000735.736,000033.895,93851328.32
2021-09-19T17:00:02.62Z,-USD,000034.734,000035.213,0000033.05,1917019.787,000034.075,93966230.683
2021-09-19T18:00:01.7Z,-USD,000035.026,000035.213,0000033.05,1890572.455,000034.009,94058759.833
2021-09-19T19:00:01.839Z,-USD,000034.792,000035.213,0000033.05,1904904.876,000034.518,94166149.466
2021-09-19T20:00:01.841Z,-USD,000034.987,000035.213,0000033.05,1909065.976,000034.045,94242917.033
2021-09-19T21:00:02.299Z,-USD,0000034.56,000035.213,0000033.05,1795794.667,000034.295,94304700.071
2021-09-19T22:00:02.24Z,-USD,000034.814,000035.213,0000033.05,1729811.281,000034.012,94350573.956
2021-09-19T23:00:02.396Z,-USD,0000034.98,000035.144,0000033.05,1742518.064,000033.246,94456151.059
2021-09-20T00:00:01.696Z,-USD,000034.858,000034.887,0000033.05,1733686.303,000033.815,94534166.176
2021-09-20T01:00:01.876Z,-USD,000033.885,000034.566,000032.524,1724614.452,000032.965,93053204.517
2021-09-20T02:00:02.151Z,-USD,000034.231,000034.566,000032.524,1697478.635,000033.351,93131577.745
2021-09-20T03:00:02.274Z,-USD,000034.026,000034.566,00000031.8,1866423.978,000032.054,93364798.955
2021-09-20T04:00:02.153Z,-USD,000033.897,000034.566,000030.838,2112211.952,000031.507,93646682.696
2021-09-20T05:00:01.965Z,-USD,000033.965,000034.566,000030.838,2251872.522,000031.702,93822166.602
2021-09-20T06:00:01.919Z,-USD,000034.114,000034.566,000030.838,2316898.994,000031.667,93944552.431
2021-09-20T07:00:02.042Z,-USD,000034.112,000034.566,000030.838,2350329.077,000031.522,94013728.402
2021-09-20T08:00:02.121Z,-USD,000034.116,000034.566,00000030.2,2470828.548,000030.586,94172193.113
2021-09-20T09:00:01.892Z,-USD,000034.335,000034.566,00000030.2,2499723.836,000030.937,94256763.097
2021-09-20T10:00:01.701Z,-USD,000034.068,000034.566,00000030.2,2564079.588,000030.459,94358557.809
2021-09-20T11:00:02.361Z,-USD,000033.892,000034.566,000029.644,2730217.793,00000029.8,94575226.383
2021-09-20T12:00:02.361Z,-USD,000033.237,000034.566,000028.139,2924803.587,000028.859,94860089.613
2021-09-20T13:00:02.403Z,-USD,000033.467,000034.566,000026.604,3266763.233,000028.852,95255511.554
2021-09-20T14:00:02.73Z,-USD,000033.732,000034.566,000026.604,3554791.177,000029.857,95598063.735
2021-09-20T15:00:01.832Z,-USD,000033.703,000034.566,000026.604,3730020.948,000029.448,95837440.038
2021-09-20T16:00:02.357Z,-USD,000033.893,000034.566,000026.604,3811882.714,000029.479,96041844.139
2021-09-20T17:00:02.536Z,-USD,000034.043,000034.566,000026.604,3875754.083,000029.471,96219824.852
2021-09-20T18:00:02.544Z,-USD,000034.012,000034.566,000026.604,3925757.041,000029.689,96362240.127
2021-09-20T19:00:02.469Z,-USD,000034.518,000034.566,000026.604,4037308.044,000028.508,96581117.661
2021-09-20T20:00:02.434Z,-USD,000034.035,000034.413,000026.604,4424765.41,000028.871,97045345.582
2021-09-20T21:00:02.46Z,-USD,000034.259,000034.413,000026.604,4557198.069,000028.532,97239612.408
2021-09-20T22:00:02.44Z,-USD,000034.044,000034.121,000026.604,4615802.751,0000028.86,97344518.057
2021-09-20T23:00:02.52Z,-USD,000033.253,0000033.92,000026.604,4685284.06,000028.679,97520337.459
2021-09-21T00:00:02.956Z,-USD,000033.864,0000033.92,000026.604,4788386.504,000028.253,97700896.054
2021-09-21T01:00:02.191Z,-USD,000032.959,000033.444,000026.393,5037895.468,00000027.4,96397795.695
2021-09-21T02:00:01.777Z,-USD,000033.352,0000033.37,000026.393,5241800.451,000029.034,96680548.971
2021-09-21T03:00:02.103Z,-USD,000031.968,000032.202,000026.393,5269508.885,000029.508,96941303.766
2021-09-21T04:00:02.34Z,-USD,00000031.4,000031.978,000026.393,5110910.807,000028.766,97067029.916
2021-09-21T05:00:02.612Z,-USD,000031.685,000031.978,000026.393,5064387.062,000028.536,97193136.215
2021-09-21T06:00:02.518Z,-USD,000031.642,000031.781,000026.393,5054872.081,000028.683,97305975.524
2021-09-21T07:00:02.272Z,-USD,000031.502,000031.729,000026.393,5093024.143,000029.198,97413319.463
2021-09-21T08:00:02.419Z,-USD,000030.647,000031.136,000026.393,5051654.683,000029.523,97531097.497
2021-09-21T09:00:02.545Z,-USD,00000030.9,000031.136,000026.393,5084573.934,000030.163,97647917.027
2021-09-21T10:00:02.395Z,-USD,0000030.51,000030.829,000026.393,5131483.459,0000029.67,97802238.381
2021-09-21T11:00:02.6Z,-USD,000029.791,000030.368,000026.393,5022834.648,000029.981,97905544.213
2021-09-21T12:00:02.507Z,-USD,000028.838,000030.368,000026.393,4828572.028,000029.714,97995450.147
2021-09-21T13:00:02.679Z,-USD,000028.965,000030.368,000026.393,4561669.03,000029.362,98124967.663
2021-09-21T14:00:01.857Z,-USD,000029.823,000030.368,000026.393,4319651.165,0000029.27,98224960.478
2021-09-21T15:00:02.144Z,-USD,000029.444,000030.368,000026.393,4201261.192,000028.444,98346381.72
2021-09-21T16:00:02.617Z,-USD,000029.421,000030.368,000026.393,4124130.337,000029.067,98473693.482
2021-09-21T17:00:03.462Z,-USD,000029.471,000030.368,000026.393,4073693.247,000028.378,98600382.727
2021-09-21T18:00:01.824Z,-USD,000029.682,000030.368,000026.393,4133417.889,000027.609,98803016.015
2021-09-21T19:00:02.438Z,-USD,0000028.56,000030.368,000026.393,4123813.909,0000027.76,99012769.141
2021-09-21T20:00:02.298Z,-USD,000028.845,000030.368,000026.393,3872531.43,000027.591,99226580.662
2021-09-21T21:00:01.766Z,-USD,000028.548,000030.368,000026.275,4012960.086,00000026.4,99560148.703
2021-09-21T22:00:02.225Z,-USD,000028.922,000030.368,00000025.5,4323509.182,000027.032,99974636.823
2021-09-21T23:00:02.124Z,-USD,000028.711,000030.368,00000025.5,4391619.953,000026.136,100219178.748
2021-09-22T00:00:02.323Z,-USD,000028.308,000030.368,00000025.5,4359337.321,0000026.32,100367560.205
2021-09-22T01:00:02.686Z,-USD,000027.386,000030.368,00000025.5,4168949.779,000026.617,98845582.783
2021-09-22T02:00:01.838Z,-USD,000029.019,000030.368,00000025.5,4096869.862,000027.603,99056131.909
2021-09-22T03:00:02.496Z,-USD,000029.457,000030.368,00000025.5,3960323.174,000027.423,99180526.912
2021-09-22T04:00:01.855Z,-USD,000028.739,000030.368,00000025.5,3914877.378,000027.391,99261131.679
2021-09-22T05:00:01.961Z,-USD,000028.531,000030.368,00000025.5,3862363.745,000027.038,99334268.722
2021-09-22T06:00:02.356Z,-USD,000028.696,000030.368,00000025.5,3834229.897,000027.521,99418775.964
2021-09-22T07:00:02.359Z,-USD,000029.228,000030.368,00000025.5,3805795.798,000027.908,99497996.34
2021-09-22T08:00:02.458Z,-USD,000029.567,000030.368,00000025.5,3792617.129,000028.551,99602641.049
2021-09-22T09:00:03.657Z,-USD,000030.168,0000030.28,00000025.5,3821086.92,000028.222,99747541.967
2021-09-22T10:00:01.805Z,-USD,000029.692,000030.208,00000025.5,03795238.4,000028.583,99876546.433
2021-09-22T11:00:02.368Z,-USD,000029.992,000030.208,00000025.5,3844424.66,000028.566,100028480.796
2021-09-22T12:00:02.378Z,-USD,000029.706,000030.088,00000025.5,3969709.629,000027.998,100244322.429
2021-09-22T13:00:02.638Z,-USD,000029.325,000029.701,00000025.5,4002758.822,000028.668,100407153.843
2021-09-22T14:00:01.835Z,-USD,00000029.3,000029.372,00000025.5,4073068.883,000029.115,100576857.609
2021-09-22T15:00:01.945Z,-USD,000028.449,000030.034,00000025.5,4156338.58,000029.725,100781703.044
2021-09-22T16:00:02.268Z,-USD,000029.116,000030.493,00000025.5,4311636.481,000030.411,101063816.729
2021-09-22T17:00:02.156Z,-USD,0000028.36,000031.337,00000025.5,4450586.418,00000031.3,101329362.894
2021-09-22T18:00:02.557Z,-USD,000027.594,000031.393,00000025.5,4520595.893,0000030.67,101602625.406
2021-09-22T19:00:02.158Z,-USD,000027.744,000031.898,00000025.5,4662679.504,000030.753,101954440.311
2021-09-22T20:00:02.676Z,-USD,00000027.5,000031.898,00000025.5,4701252.338,000031.427,102218629.888
2021-09-22T21:00:01.933Z,-USD,000026.348,000031.898,00000025.5,4565302.183,000031.858,102404509.272
2021-09-22T22:00:02.514Z,-USD,0000026.98,00000031.9,000025.668,4298470.247,000031.276,102553270.6
2021-09-22T23:00:02.005Z,-USD,000026.187,000032.005,000025.668,4218512.018,000031.508,102716413.87
2021-09-23T00:00:03.545Z,-USD,000026.401,000032.005,0000025.92,4218904.365,000031.603,102867182.365
2021-09-23T01:00:02.49Z,-USD,000026.698,000032.005,0000026.34,04184692.0,0000031.12,100823566.034
2021-09-23T02:00:02.357Z,-USD,000027.659,000032.005,000026.986,4096679.669,000031.369,100945194.522
2021-09-23T03:00:02.712Z,-USD,000027.363,000032.005,000026.986,4048874.19,0000031.44,101022088.697
2021-09-23T04:00:01.926Z,-USD,000027.393,000032.078,000026.986,4051539.088,000032.015,101105460.284
2021-09-23T05:00:02.221Z,-USD,000027.077,000032.605,000027.075,4118463.947,0000032.23,101245216.842
2021-09-23T06:00:02.32Z,-USD,000027.586,000032.605,000027.182,4171369.028,000031.534,101382680.815
2021-09-23T07:00:03.134Z,-USD,000027.927,000032.605,000027.821,4161358.839,000032.003,101451746.737
2021-09-23T08:00:02.122Z,-USD,000028.546,000032.605,000027.821,4123072.759,000031.868,101522678.089
2021-09-23T09:00:02.3Z,-USD,000028.214,000032.605,000027.821,4036001.403,000031.293,101577077.862
2021-09-23T10:00:02.464Z,-USD,000028.607,000032.605,000027.821,3973374.898,000031.317,101642527.37
2021-09-23T11:00:05.825Z,-USD,000028.554,000032.605,000027.821,3923909.419,000031.023,101745220.196
2021-09-23T12:00:02.063Z,-USD,000028.021,000032.605,000027.937,3791844.117,0000030.59,101832958.761
2021-09-23T13:00:02.551Z,-USD,000028.656,000032.605,0000028.53,3712102.269,000030.995,101913257.759
2021-09-23T14:00:01.849Z,-USD,0000029.15,000032.605,000029.063,3640008.496,000031.461,102010232.904
2021-09-23T15:00:02.469Z,-USD,000029.678,000032.605,000029.678,3566481.724,000031.743,102146246.988
2021-09-23T16:00:01.835Z,-USD,000030.405,000032.605,000030.247,3421529.35,000031.324,102281212.365
2021-09-23T17:00:02.388Z,-USD,000031.312,000032.605,000030.379,3234150.327,000031.344,102356465.76
2021-09-23T18:00:01.982Z,-USD,0000030.67,000032.808,000030.379,3168846.25,000032.624,102564728.089
2021-09-23T19:00:01.805Z,-USD,000030.742,000032.808,000030.379,2928256.396,000032.357,102676317.394
2021-09-23T20:00:02.516Z,-USD,000031.458,000032.847,000030.379,2839776.996,000032.792,102852558.786
2021-09-23T21:00:02.25Z,-USD,000031.846,000032.985,000030.379,2798478.847,000032.675,102996755.457
2021-09-23T22:00:02.175Z,-USD,000031.265,000032.985,000030.379,2745917.385,000032.713,103091594.207
2021-09-23T23:00:01.951Z,-USD,000031.468,00000033.0,000030.379,2674643.94,000032.905,103184137.898
2021-09-24T00:00:02.48Z,-USD,000031.602,000033.624,000030.379,2701231.219,000033.484,103360982.486
2021-09-24T01:00:02.228Z,-USD,000031.148,000033.624,000030.379,2665136.202,000032.911,101667133.083
2021-09-24T02:00:02.084Z,-USD,000031.433,000033.624,000030.379,2641788.411,0000032.66,101766113.509
2021-09-24T03:00:01.973Z,-USD,000031.455,000033.624,000030.379,2748686.805,000032.056,101949133.246
2021-09-24T04:00:02.45Z,-USD,0000032.06,000033.624,000030.379,2799382.537,000032.148,102083943.075
2021-09-24T05:00:02.206Z,-USD,000032.213,000033.624,000030.379,2782113.13,000032.034,102206135.381
2021-09-24T06:00:02.643Z,-USD,000031.539,000033.624,000030.379,2779251.336,000032.202,102340289.582
2021-09-24T07:00:02.623Z,-USD,000032.052,000033.624,000030.379,2856649.132,000032.065,102487332.346
2021-09-24T08:00:01.884Z,-USD,000031.883,000033.624,000030.379,2907688.286,000032.817,102609209.075
2021-09-24T09:00:02.126Z,-USD,000031.299,000033.624,000030.379,2976044.83,000032.296,102731722.305
2021-09-24T10:00:02.248Z,-USD,000031.258,000033.624,000028.692,3346276.837,000028.914,103168372.459
2021-09-24T11:00:02.663Z,-USD,000030.967,000033.624,000028.588,3457501.969,000029.051,103381561.278
2021-09-24T12:00:02.133Z,-USD,000030.633,000033.624,0000027.92,3749791.514,000029.509,103762079.195
2021-09-24T13:00:02.817Z,-USD,000030.999,000033.624,0000027.92,3823357.411,0000028.91,103914981.289
2021-09-24T14:00:02.591Z,-USD,000031.455,000033.624,0000027.92,3941908.252,000030.164,104131085.926
2021-09-24T15:00:02.124Z,-USD,000031.756,000033.624,0000027.92,4162348.833,000030.771,104487148.534
2021-09-24T16:00:01.961Z,-USD,000031.262,000033.624,0000027.92,4209034.84,000030.222,104668828.787
2021-09-24T17:00:02.316Z,-USD,000031.381,000033.624,0000027.92,4278236.021,000030.308,104813652.261
2021-09-24T18:00:02.431Z,-USD,000032.542,000033.624,0000027.92,4172822.423,000029.937,104921047.181
2021-09-24T19:00:02.41Z,-USD,000032.383,000033.624,0000027.92,4146640.656,000030.085,105002496.4
2021-09-24T20:00:01.732Z,-USD,000032.806,000033.624,0000027.92,4075444.629,0000030.32,105108731.622
2021-09-24T21:00:02.101Z,-USD,000032.662,000033.624,0000027.92,4084301.228,000030.747,105259883.512
2021-09-24T22:00:02.204Z,-USD,0000032.72,000033.624,0000027.92,4097986.216,000031.035,105367973.14
2021-09-24T23:00:01.997Z,-USD,000032.887,000033.624,0000027.92,4115803.509,000031.319,105479477.905
2021-09-25T00:00:02.169Z,-USD,000033.441,000033.534,0000027.92,4174146.055,000030.862,105713921.17
2021-09-25T01:00:02.578Z,-USD,000032.994,000033.308,0000027.92,4319139.118,000031.861,104052896.868
2021-09-25T02:00:01.928Z,-USD,000032.683,000033.218,0000027.92,4401789.797,000031.522,104235837.345
2021-09-25T03:00:01.987Z,-USD,000032.122,000033.218,0000027.92,4301409.98,000031.018,104317122.987
2021-09-25T04:00:02.605Z,-USD,000032.185,000033.218,0000027.92,4237231.238,000031.401,104387650.564
2021-09-25T05:00:02.68Z,-USD,000032.044,000033.218,0000027.92,4204808.849,00000031.4,104477552.1
2021-09-25T06:00:02.668Z,-USD,000032.157,000033.218,0000027.92,4144223.099,000031.008,104551090.444
2021-09-25T07:00:01.846Z,-USD,000032.055,000033.218,0000027.92,4074635.447,000031.261,104628519.546
2021-09-25T08:00:01.884Z,-USD,000032.768,000033.218,0000027.92,4049140.476,0000030.29,104735602.462
2021-09-25T09:00:02.034Z,-USD,0000032.37,0000032.39,0000027.92,4069313.008,000030.531,104867600.374
2021-09-25T10:00:01.83Z,-USD,000028.993,000032.245,0000027.92,3743694.611,000030.792,104981674.579
2021-09-25T11:00:02.586Z,-USD,000028.978,000032.245,0000027.92,3653585.286,000030.676,105102110.719
2021-09-25T12:00:02.497Z,-USD,000029.459,000032.245,000028.646,3409167.425,000030.583,105237991.098
2021-09-25T13:00:02.182Z,-USD,000029.024,000032.245,000028.646,3345002.891,000030.366,105326888.55
2021-09-25T14:00:02.678Z,-USD,000030.124,000032.245,000029.438,3182431.289,000030.456,105382235.951
2021-09-25T15:00:02.678Z,-USD,000030.811,000032.245,000029.438,2898522.147,000029.981,105453224.719
2021-09-25T16:00:01.769Z,-USD,000030.167,000032.245,000029.438,2830704.562,000030.279,105571871.766
2021-09-25T17:00:02.512Z,-USD,0000030.31,000032.245,000029.438,2780006.852,000030.147,105660306.834
2021-09-25T18:00:01.743Z,-USD,000030.055,000032.245,000029.438,2715388.27,000030.173,105703583.145
2021-09-25T19:00:01.831Z,-USD,000030.003,000032.245,000029.438,2746910.515,000029.911,105815997.767
2021-09-25T20:00:02.078Z,-USD,0000030.32,000032.245,000029.438,2718936.437,000030.215,105894327.976
2021-09-25T21:00:02.047Z,-USD,000030.772,000032.245,000029.438,2614951.407,000030.007,105941512.499
2021-09-25T22:00:01.967Z,-USD,000031.088,000032.245,000029.438,2567106.163,000029.821,106001975.443
2021-09-25T23:00:02.555Z,-USD,000031.298,000032.245,000029.438,2511641.854,000029.975,106058570.944
2021-09-26T00:00:01.749Z,-USD,000030.841,000032.245,000029.438,2322162.105,000029.845,106113614.923
2021-09-26T01:00:01.825Z,-USD,000031.812,000031.942,0000028.69,2275867.205,000028.946,104367384.762
2021-09-26T02:00:02.1Z,-USD,00000031.5,000031.942,000028.554,2232076.106,000028.844,104505784.873
2021-09-26T03:00:01.99Z,-USD,000031.028,000031.942,000028.354,2286275.877,0000028.68,104642801.903
2021-09-26T04:00:02.515Z,-USD,000031.461,000031.942,000028.354,2315917.258,000028.967,104740880.021
2021-09-26T05:00:01.75Z,-USD,0000031.38,000031.583,000028.354,2315628.491,000029.046,104830801.476
2021-09-26T06:00:02.535Z,-USD,000030.975,000031.386,000028.354,2314080.457,000028.749,104902426.437
2021-09-26T07:00:02.664Z,-USD,000031.285,000031.317,000028.354,2285613.194,000028.532,104951522.159
2021-09-26T08:00:02.631Z,-USD,000030.381,000031.119,000026.942,2367202.452,000027.407,105141989.647
2021-09-26T09:00:02.674Z,-USD,000030.456,000031.119,000026.785,2389707.346,000027.299,105294725.111
2021-09-26T10:00:01.845Z,-USD,0000030.78,000031.119,000026.785,2527447.981,000029.264,105546767.029
2021-09-26T11:00:01.798Z,-USD,000030.701,000030.812,000026.785,02547371.5,000028.846,105686792.983
2021-09-26T12:00:02.079Z,-USD,000030.542,000030.812,000026.785,2535290.137,000029.164,105810715.509
2021-09-26T13:00:02.198Z,-USD,0000030.35,000030.812,000026.785,2615324.389,000029.449,105979501.793
2021-09-26T14:00:02.218Z,-USD,0000030.39,000030.602,000026.785,2643049.374,000029.292,106063378.144
2021-09-26T15:00:02.375Z,-USD,000029.948,000030.602,000026.785,2652754.688,000029.434,106143318.155
2021-09-26T16:00:02.518Z,-USD,000030.264,000030.441,000026.785,2634602.661,000029.627,106243808.68
2021-09-26T17:00:02.496Z,-USD,000030.149,000030.432,000026.785,2631668.717,000029.262,106330459.72
2021-09-26T18:00:01.767Z,-USD,000030.156,000030.432,000026.785,2657312.952,000029.319,106398415.067
2021-09-26T19:00:01.978Z,-USD,000029.944,0000030.36,000026.785,2615410.613,000029.027,106468794.584
2021-09-26T20:00:02.12Z,-USD,000030.232,000030.261,000026.785,2635591.114,000029.057,106567189.42
2021-09-26T21:00:02.114Z,-USD,000030.041,000030.213,000026.785,2679177.042,000029.486,106658540.457
2021-09-26T22:00:02.208Z,-USD,000029.823,000030.213,000026.785,2655034.736,000029.379,106694330.979
2021-09-26T23:00:02.421Z,-USD,000029.989,000030.076,000026.785,2726266.934,000028.835,106822837.644
2021-09-27T00:00:02.585Z,-USD,0000029.86,000030.027,000026.785,2801490.32,000028.861,106952451.045
2021-09-27T01:00:01.792Z,-USD,000028.994,000030.027,000026.785,2738973.573,000029.277,106019581.125
2021-09-27T02:00:01.815Z,-USD,000028.893,000030.027,000026.785,2780784.259,00000029.9,106197534.848
2021-09-27T03:00:01.926Z,-USD,000028.695,000030.027,000026.785,2726166.173,000029.746,106279645.397
2021-09-27T04:00:02.541Z,-USD,000028.978,000030.254,000026.785,2699656.559,000029.596,106351345.856
2021-09-27T05:00:02.144Z,-USD,000029.047,000030.254,000026.785,2653276.086,000029.553,106395171.36
2021-09-27T06:00:02.117Z,-USD,000028.744,000030.254,000026.785,2650260.606,000029.855,106463533.861
2021-09-27T07:00:02.227Z,-USD,000028.561,000030.254,000026.785,2652981.498,000029.382,106515550.969
2021-09-27T08:00:02.214Z,-USD,000027.366,000030.254,000026.785,2507268.121,000029.367,106564575.357
2021-09-27T09:00:02.262Z,-USD,000027.329,000030.254,0000027.27,2411491.387,000029.528,106618551.503
2021-09-27T10:00:02.303Z,-USD,000029.293,000030.254,000028.274,2227874.375,0000029.02,106687852.944
2021-09-27T11:00:01.866Z,-USD,000028.794,000030.254,000028.274,2244736.903,000029.133,106842408.585
2021-09-27T12:00:01.882Z,-USD,000029.257,000030.254,000028.274,2205102.747,000029.245,106926694.975
2021-09-27T13:00:02.11Z,-USD,000029.477,000030.254,000028.274,2115018.105,000028.953,107005469.296
2021-09-27T14:00:02.199Z,-USD,000029.309,000030.254,000028.274,2132352.845,000028.843,107106571.556
2021-09-27T15:00:02.738Z,-USD,000029.433,000030.254,000028.274,2167242.82,000028.515,107221598.025
2021-09-27T16:00:02.049Z,-USD,0000029.68,000030.254,000028.274,2166247.962,000028.679,107321031.206
2021-09-27T17:00:02.063Z,-USD,000029.264,000030.254,000027.829,2205597.112,000028.164,107447124.899
2021-09-27T18:00:02.964Z,-USD,000029.283,000030.254,000027.782,2285142.53,000028.016,107594960.665
2021-09-27T19:00:02.296Z,-USD,000029.053,000030.254,000027.782,2293285.448,000027.993,107675019.483
2021-09-27T20:00:02.256Z,-USD,000029.106,000030.254,000027.782,2245466.24,000027.894,107723401.227
2021-09-27T21:00:02.424Z,-USD,000029.476,000030.254,0000027.59,2232763.097,000027.748,107803262.263
2021-09-27T22:00:02.669Z,-USD,000029.372,000030.254,0000027.59,2252079.884,000028.293,107857111.019
2021-09-27T23:00:01.766Z,-USD,000028.738,000030.254,0000027.59,2221011.541,000028.287,107955197.022
2021-09-28T00:00:02.209Z,-USD,0000028.83,000030.254,0000027.59,2186489.16,000027.706,108050728.539
2021-09-28T01:00:02.458Z,-USD,000029.226,000030.254,000027.525,2110813.004,000027.798,106900583.222
2021-09-28T02:00:01.85Z,-USD,000029.935,000030.254,000027.404,2012097.375,000027.941,106980641.448
2021-09-28T03:00:01.975Z,-USD,000029.737,000030.254,000027.404,1981721.102,000027.844,107031527.9
2021-09-28T04:00:02.216Z,-USD,000029.646,000030.021,000027.404,1952859.835,000028.094,107074190.057
2021-09-28T05:00:01.939Z,-USD,0000029.52,000030.021,000027.404,1956803.137,000028.166,107122063.124
2021-09-28T06:00:02.042Z,-USD,0000029.93,000030.021,000027.404,1935824.009,000027.973,107169406.129
2021-09-28T07:00:02.341Z,-USD,000029.346,0000029.85,000027.404,1946384.967,000027.791,107232179.791
2021-09-28T08:00:02.528Z,-USD,000029.307,0000029.85,000027.224,1979360.617,000027.323,107315131.083
2021-09-28T09:00:02.378Z,-USD,000029.531,0000029.85,000027.221,1997863.936,000027.577,107386339.712
2021-09-28T10:00:02.386Z,-USD,000029.059,000029.488,000027.221,1980981.27,000027.633,107439176.222
2021-09-28T11:00:02.074Z,-USD,000029.125,000029.402,000027.221,1870617.906,000027.574,107483119.174
2021-09-28T12:00:02.338Z,-USD,000029.144,000029.402,000027.221,1851241.856,000027.929,107548639.197
2021-09-28T13:00:02.449Z,-USD,000028.907,000029.402,000027.221,1862495.147,000027.538,107639772.121
2021-09-28T14:00:02.665Z,-USD,000028.843,000029.402,000027.221,1860587.147,0000027.72,107737107.967
2021-09-28T15:00:01.936Z,-USD,000028.588,000028.748,0000027.07,1879043.349,000027.251,107871361.279
2021-09-28T16:00:02.569Z,-USD,000028.689,000028.689,000026.945,1890147.243,000026.962,107981364.445
2021-09-28T17:00:02.866Z,-USD,000028.223,000028.665,000026.614,1919523.562,000026.636,108136865.28
2021-09-28T18:00:02.31Z,-USD,000027.959,000028.665,000026.366,1892957.185,000026.704,108257944.543
2021-09-28T19:00:02.452Z,-USD,000028.011,000028.665,000026.366,1903978.813,000026.779,108349085.101
2021-09-28T20:00:02.524Z,-USD,000027.879,000028.665,000026.366,1971260.313,000026.596,108465505.731
2021-09-28T21:00:02.277Z,-USD,000027.724,000028.665,000026.366,1960500.594,000026.826,108534088.705
2021-09-28T22:00:01.703Z,-USD,000028.294,000028.665,000026.366,1974614.223,00000027.0,108601949.796
2021-09-28T23:00:02.446Z,-USD,000028.284,000028.381,000026.366,1929927.997,000026.602,108655114.126
2021-09-29T00:00:02.799Z,-USD,000027.729,000028.381,000026.134,1943688.178,000026.327,108764358.063
2021-09-29T01:00:02.151Z,-USD,000027.786,000028.381,000026.118,1990165.82,000026.817,106076839.22
2021-09-29T02:00:01.875Z,-USD,000027.945,000028.381,000026.118,2006354.28,000026.919,106172904.948
2021-09-29T03:00:02.624Z,-USD,000027.821,000028.381,000026.118,2012795.934,0000027.08,106231345.738
2021-09-29T04:00:02.225Z,-USD,000028.102,000028.381,000026.118,2024876.798,000027.431,106285969.615
2021-09-29T05:00:01.856Z,-USD,000028.142,000028.316,000026.118,2036036.777,000027.535,106344219.778
2021-09-29T06:00:02.48Z,-USD,000027.969,000028.129,000026.118,2035054.568,000027.511,106391409.418
2021-09-29T07:00:02.046Z,-USD,000027.802,000028.129,000026.118,2031042.209,000027.762,106449798.13
2021-09-29T08:00:02.639Z,-USD,000027.391,000028.129,000026.118,1983212.308,000027.793,106485270.125
2021-09-29T09:00:02.32Z,-USD,000027.614,000028.129,000026.118,1979382.163,000027.723,106551684.604
2021-09-29T10:00:02.706Z,-USD,000027.645,000028.129,000026.118,2041209.773,000027.595,106666292.223
2021-09-29T11:00:03.436Z,-USD,000027.574,000028.584,000026.118,2143432.377,000028.394,106812549.633
2021-09-29T12:00:02.427Z,-USD,000027.926,000028.584,000026.118,2175230.116,000028.374,106909973.13
2021-09-29T13:00:02.041Z,-USD,000027.577,000028.584,000026.118,2300573.633,000027.988,107127498.364
2021-09-29T14:00:02.192Z,-USD,000027.675,000028.584,000026.118,2389491.693,000028.265,107312907.422
2021-09-29T15:00:02.089Z,-USD,000027.244,000028.584,000026.118,2346746.297,000028.202,107404186.992
2021-09-29T16:00:01.756Z,-USD,000026.947,000028.584,000026.118,2397694.235,000027.594,107565013.346
2021-09-29T17:00:02.569Z,-USD,000026.622,000028.584,000026.118,2337071.453,000027.418,107660637.925
2021-09-29T18:00:02.127Z,-USD,000026.677,000028.584,000026.118,2335481.862,000027.024,107779674.042
2021-09-29T19:00:01.734Z,-USD,000026.767,000028.584,000026.118,2366856.366,000026.942,107903060.635
2021-09-29T20:00:02.534Z,-USD,000026.663,000028.584,000026.118,2346381.634,000026.815,107998447.525
2021-09-29T21:00:02.245Z,-USD,000026.814,000028.584,000026.118,2421373.819,0000026.64,108141445.023
2021-09-29T22:00:02.118Z,-USD,000027.047,000028.584,000026.118,2426052.063,000026.784,108214619.275
2021-09-29T23:00:02.473Z,-USD,000026.574,000028.584,000026.118,2437774.332,000027.099,108279408.948
2021-09-30T20:00:24.953Z,-USD,000026.811,000028.979,000026.411,1745725.706,000028.432,103141897.118
2021-09-30T21:00:01.877Z,-USD,000026.618,000028.979,00000026.5,1676048.912,000028.302,103213316.187
2021-09-30T22:00:01.971Z,-USD,000026.802,000028.979,000026.625,1637948.61,000028.638,103248258.885
2021-09-30T23:00:01.898Z,-USD,000027.057,000028.979,000026.965,1611773.641,000028.579,103287748.821
2021-10-01T00:00:02.236Z,-USD,0000027.27,000028.979,000027.124,1601313.592,000028.626,103323408.596
2021-10-01T01:00:02.43Z,-USD,000027.972,0000029.35,0000027.53,1709782.005,000029.067,98457105.647
2021-10-01T02:00:01.807Z,-USD,0000028.23,0000029.35,0000027.53,1728207.75,000029.002,98572297.057
2021-10-01T03:00:02.143Z,-USD,0000028.23,0000029.35,0000027.53,1726327.383,000028.612,98630254.204
2021-10-01T04:00:01.981Z,-USD,000028.352,0000029.35,0000027.53,1715220.256,000028.682,98672170.656
2021-10-01T05:00:01.806Z,-USD,000028.213,0000029.35,0000027.53,1704074.808,000028.686,98707223.45
2021-10-01T06:00:01.719Z,-USD,000028.221,0000029.35,0000027.53,1692482.128,000028.896,98728769.509
2021-10-01T07:00:02.628Z,-USD,000028.023,0000029.35,0000027.53,1698665.877,000028.949,98765242.692
2021-10-01T08:00:02.645Z,-USD,000027.825,000029.444,0000027.53,1698387.158,000029.429,98836775.357
2021-10-01T09:00:02.609Z,-USD,000027.701,0000029.75,000027.635,1678887.326,000029.671,98898988.348
2021-10-01T10:00:02.404Z,-USD,00000028.0,000029.942,000027.635,1694538.893,000029.758,98967660.184
2021-10-01T11:00:02.164Z,-USD,000027.722,000030.998,000027.705,1894892.08,0000030.51,99202553.867
2021-10-01T12:00:02.314Z,-USD,000027.833,000030.998,000027.714,2030856.794,000030.936,99367792.318
2021-10-01T13:00:02.328Z,-USD,0000028.09,000031.425,000027.714,2192647.387,000030.806,99595293.798
2021-10-01T14:00:02.419Z,-USD,000027.891,000031.425,000027.714,2255574.469,0000030.67,99729297.086
2021-10-01T15:00:02.422Z,-USD,000027.979,000031.425,000027.841,2273573.727,000030.663,99852932.758
2021-10-01T16:00:02.633Z,-USD,000028.082,000031.425,000027.841,2299297.668,000031.351,99999341.562
2021-10-01T17:00:01.817Z,-USD,0000028.02,000031.603,000027.931,2364791.116,000031.408,100133652.322
2021-10-01T18:00:02.137Z,-USD,000028.085,000031.924,0000028.05,2442147.974,000031.815,100313573.201
2021-10-01T19:00:02.528Z,-USD,000028.786,0000032.03,000028.112,2422062.83,0000031.74,100422143.399
2021-10-01T20:00:02.642Z,-USD,000028.444,000032.341,000028.112,2484793.908,000032.052,100568634.033
2021-10-01T21:00:01.797Z,-USD,000028.306,000032.341,000028.267,2544963.255,000032.094,100700023.815
2021-10-01T22:00:01.864Z,-USD,000028.639,000032.341,0000028.38,2598381.463,000031.987,100788456.027
2021-10-01T23:00:01.744Z,-USD,000028.575,000032.341,0000028.38,2684588.502,000031.599,100913646.052
2021-10-02T00:00:02.671Z,-USD,000028.627,000032.341,000028.505,2726333.832,000031.963,100991210.46
2021-10-02T01:00:02.583Z,-USD,0000029.03,000032.341,000028.505,2636514.997,000032.157,98188952.389
2021-10-02T02:00:01.75Z,-USD,000029.007,000032.721,000028.505,2662734.364,000032.202,98330333.811
2021-10-02T03:00:01.917Z,-USD,0000028.59,000032.733,0000028.56,2692286.669,000032.396,98417889.141
2021-10-02T04:00:02.267Z,-USD,000028.732,000032.733,0000028.56,2712340.632,000031.815,98480113.071
2021-10-02T05:00:01.935Z,-USD,000028.671,000032.733,000028.598,2742009.092,000031.887,98544371.47
2021-10-02T06:00:02.018Z,-USD,0000028.88,000032.733,0000028.68,2754611.015,000031.989,98582197.802
2021-10-02T07:00:02.099Z,-USD,000028.959,000032.733,000028.885,2774310.701,000032.205,98634693.749
2021-10-02T08:00:01.754Z,-USD,000029.433,000032.733,000029.397,2728197.415,000032.059,98660314.336
2021-10-02T09:00:02.683Z,-USD,000029.705,000032.733,0000029.54,2704120.048,000032.289,98698349.386
2021-10-02T10:00:02.272Z,-USD,000029.775,000032.733,00000029.6,2667314.11,000032.228,98730169.387
2021-10-02T11:00:02.409Z,-USD,000030.577,000032.733,000030.371,2453843.021,000032.073,98752602.478
2021-10-02T12:00:02.429Z,-USD,000030.986,000032.733,000030.388,2322401.236,000032.215,98787746.139
2021-10-02T13:00:02.295Z,-USD,000030.793,000032.733,000030.388,2135437.538,000032.112,98827387.839
2021-10-02T14:00:02.394Z,-USD,000030.662,000032.733,000030.388,2139997.757,000032.372,98965813.836
2021-10-02T15:00:02.37Z,-USD,00000030.7,000032.882,00000030.7,2149175.101,000032.825,99098501.056
2021-10-02T16:00:02.284Z,-USD,000031.379,00000033.0,0000031.12,2092584.77,000032.919,99187611.503
2021-10-02T17:00:01.853Z,-USD,000031.529,000033.286,000031.344,2081892.456,0000033.17,99312859.935
2021-10-02T18:00:01.996Z,-USD,000031.827,000033.416,000031.353,1984458.977,000033.016,99393743.256
2021-10-02T19:00:03.21Z,-USD,0000031.76,000033.416,000031.353,1953363.679,000033.145,99471102.78
2021-10-02T20:00:02.449Z,-USD,000032.129,000033.416,000031.353,1917398.124,000033.104,99583679.601
2021-10-02T21:00:02.484Z,-USD,000032.008,000033.416,000031.353,1870676.28,000032.705,99678962.169
2021-10-02T22:00:02.619Z,-USD,000032.032,000033.416,000031.353,1854575.461,0000032.86,99740081.897
2021-10-02T23:00:02.232Z,-USD,000031.628,000033.416,000031.527,1787879.597,000032.699,99798581.84
2021-10-03T00:00:02.159Z,-USD,000031.955,000033.416,000031.527,1840916.482,000032.115,99927470.449
2021-10-03T01:00:02.643Z,-USD,000032.205,000033.416,000031.276,1878143.791,0000031.64,97008121.372
2021-10-03T02:00:02.455Z,-USD,000032.164,000033.416,000031.276,1807465.42,000031.847,97077699.994
2021-10-03T03:00:02.212Z,-USD,0000032.44,000033.416,000031.276,1825428.476,000031.796,97187073.657
2021-10-03T04:00:02.056Z,-USD,000031.808,000033.416,000031.276,1862390.772,000032.121,97282493.117
2021-10-03T05:00:02.271Z,-USD,000031.948,000033.416,000031.276,1856947.277,000031.954,97341426.703
2021-10-03T06:00:01.704Z,-USD,000031.922,000033.416,000031.276,1849024.233,000032.235,97371158.101
2021-10-03T07:00:02.137Z,-USD,000032.263,000033.416,000031.276,1829678.577,000032.236,97403912.278
2021-10-03T08:00:01.747Z,-USD,000032.041,000033.416,000031.276,1827433.125,000032.009,97427443.191
2021-10-03T09:00:02.23Z,-USD,0000032.35,000033.416,000031.276,1817096.493,000031.907,97458058.645
2021-10-03T10:00:01.83Z,-USD,000032.232,000033.416,000031.276,1834373.712,000031.756,97504349.036
2021-10-03T11:00:02.311Z,-USD,0000032.06,000033.416,000031.276,1849742.97,000031.767,97542991.474
2021-10-03T12:00:02.605Z,-USD,000032.191,000033.416,000031.276,1847704.868,000032.139,97575013.647
2021-10-03T13:00:02.294Z,-USD,000032.105,000033.416,000031.276,1866987.729,000032.172,97634055.921
2021-10-03T14:00:02.107Z,-USD,000032.451,000033.416,000031.276,1794506.049,0000032.61,97701400.084
2021-10-03T15:00:01.771Z,-USD,0000032.88,000033.416,000031.276,1740610.91,000032.232,97779299.356
2021-10-03T16:00:02.635Z,-USD,000032.966,000033.416,000031.276,1704994.773,000031.962,97832557.662
2021-10-03T17:00:02.595Z,-USD,000033.207,000033.416,000031.276,1653646.595,000032.017,97910390.326
2021-10-03T18:00:02.164Z,-USD,000033.053,000033.317,000031.276,1783837.88,000032.314,98117923.04
2021-10-03T19:00:02.339Z,-USD,000033.086,000033.317,000031.276,1821596.563,0000032.41,98232875.462
2021-10-03T20:00:02.394Z,-USD,000033.116,000033.116,000031.276,1755655.983,000032.421,98279931.242
2021-10-03T21:00:02.153Z,-USD,000032.717,000033.036,000031.276,1728548.131,000032.073,98348343.537
2021-10-03T22:00:02.068Z,-USD,000032.842,000033.036,000031.276,1756451.38,000031.704,98436083.014
2021-10-03T23:00:01.757Z,-USD,000032.621,000032.815,000031.276,1746996.796,000031.927,98486246.959
2021-10-04T00:00:01.766Z,-USD,000032.027,000032.699,000031.276,1670723.762,0000032.12,98539177.656
2021-10-04T01:00:01.911Z,-USD,000031.527,000032.699,000031.348,1613332.316,000031.628,96757730.269
2021-10-04T02:00:02.161Z,-USD,00000031.8,000032.699,000031.405,1611305.878,000031.652,96826134.749
2021-10-04T03:00:02.437Z,-USD,000031.761,000032.699,000031.084,1580641.926,000031.106,96902122.033
2021-10-04T04:00:02.577Z,-USD,000032.174,000032.699,000030.756,1586312.766,000030.933,97002279.141
2021-10-04T05:00:02.206Z,-USD,000031.978,000032.699,000030.645,1593886.409,000031.081,97069083.233
2021-10-04T06:00:02.478Z,-USD,000032.215,000032.699,000030.645,1612924.049,000031.134,97117688.492
2021-10-04T07:00:02.295Z,-USD,000032.205,000032.699,000030.645,1624937.301,000031.017,97163061.751
2021-10-04T08:00:02.455Z,-USD,000031.958,000032.699,000030.645,1636127.999,000031.215,97197061.406
2021-10-04T09:00:02.365Z,-USD,000031.852,000032.699,000030.645,1654679.314,000030.902,97246684.988
2021-10-04T10:00:02.176Z,-USD,000031.811,000032.699,000030.645,01634345.0,000031.045,97272923.272
2021-10-04T11:00:02.405Z,-USD,000031.819,000032.699,000030.645,1621840.426,000030.947,97298749.505
2021-10-04T12:00:02.181Z,-USD,000032.104,000032.699,000030.475,1650423.964,0000030.83,97359655.755
2021-10-04T13:00:03.229Z,-USD,000032.041,000032.699,000030.475,1638590.72,000031.204,97406485.439
2021-10-04T14:00:02.249Z,-USD,000032.634,000032.699,000030.475,1627676.776,000031.152,97463061.033
2021-10-04T15:00:02.514Z,-USD,000032.233,000032.672,0000030.35,1681339.774,000030.452,97594215.728
2021-10-04T16:00:01.811Z,-USD,000031.985,000032.672,0000030.07,1738404.585,000030.823,97705417.45
2021-10-04T17:00:01.975Z,-USD,000031.992,000032.672,0000030.07,1764759.888,000031.061,97809696.557
2021-10-04T18:00:02.628Z,-USD,000032.385,000032.672,0000030.07,1657486.283,000031.513,97910624.173
2021-10-04T19:00:02.19Z,-USD,000032.398,0000032.58,0000030.07,1664809.613,000031.373,98031511.217
2021-10-04T20:00:02.612Z,-USD,000032.396,000032.453,0000030.07,1679862.99,000031.307,98094169.447
2021-10-04T21:00:02.314Z,-USD,000032.014,0000032.25,0000030.07,1688781.962,000030.923,98171625.047
2021-10-04T22:00:02.616Z,-USD,000031.724,0000032.25,0000030.07,1651418.562,000031.032,98221712.802
2021-10-04T23:00:01.945Z,-USD,000031.919,0000032.25,0000030.07,1669795.67,000030.928,98289878.63
2021-10-05T00:00:01.829Z,-USD,000032.126,000032.128,0000030.07,1656917.273,000031.124,98329614.105
2021-10-05T01:00:01.97Z,-USD,0000031.52,0000031.88,0000030.07,1620470.157,000031.358,96397878.901
2021-10-05T02:00:02.235Z,-USD,000031.648,000031.673,0000030.07,1623569.807,000031.282,96469277.571
2021-10-05T03:00:02.364Z,-USD,000031.138,000031.673,0000030.07,1584672.53,000031.149,96506884.369
2021-10-05T04:00:02.384Z,-USD,000030.892,000031.673,0000030.07,1556240.15,000031.515,96577920.519
2021-10-05T05:00:01.837Z,-USD,000031.123,000031.673,0000030.07,1540656.305,000031.169,96629769.891
2021-10-05T06:00:01.692Z,-USD,000031.141,000031.673,0000030.07,1534500.117,000031.396,96672989.373
2021-10-05T07:00:02.624Z,-USD,000030.974,000031.673,0000030.07,1529429.431,000031.292,96712335.594
2021-10-05T08:00:02.359Z,-USD,000031.305,000031.673,0000030.07,1535027.356,000031.427,96753706.92
2021-10-05T09:00:02.454Z,-USD,000030.974,000031.673,0000030.07,1520278.419,000031.615,96786932.328
2021-10-05T10:00:02.347Z,-USD,00000031.1,000032.016,0000030.07,1548132.059,000031.962,96840605.35
2021-10-05T11:00:02.138Z,-USD,000030.941,000032.159,0000030.07,1588751.219,000031.845,96907288.077
2021-10-05T12:00:02.334Z,-USD,000030.779,000032.159,0000030.07,1572236.597,000031.785,96951503.745
2021-10-05T13:00:02.277Z,-USD,000031.179,000032.159,0000030.07,1574849.852,000031.673,97001379.071
2021-10-05T14:00:02.345Z,-USD,000031.312,000032.159,0000030.07,1642761.894,000031.448,97127058.763
2021-10-05T15:00:02.507Z,-USD,000030.535,000032.159,0000030.07,1704506.683,000030.894,97318772.22
2021-10-05T16:00:02.682Z,-USD,0000030.88,000032.159,000030.565,1686492.693,000030.845,97413403.475
2021-10-05T17:00:02.625Z,-USD,000031.027,000032.159,000030.565,1663433.499,000030.931,97493202.66
2021-10-05T18:00:02.044Z,-USD,000031.519,000032.159,000030.565,1644055.429,0000030.97,97577281.248
2021-10-05T19:00:02.356Z,-USD,000031.377,000032.159,000030.565,1594931.468,000031.158,97647058.496
2021-10-05T20:00:02.651Z,-USD,000031.344,000032.159,000030.565,1606371.32,000031.461,97720498.011
2021-10-05T21:00:01.92Z,-USD,000030.923,000032.159,000030.565,1686546.803,000031.409,97877950.194
2021-10-05T22:00:02.228Z,-USD,000031.051,000032.159,000030.565,1691227.87,000031.631,97932882.506
2021-10-05T23:00:02.554Z,-USD,000030.904,000032.159,000030.565,1681567.672,000031.487,97991280.169
2021-10-06T00:00:02.48Z,-USD,000031.179,000032.159,000030.565,1694129.73,000031.422,98045023.257
2021-10-06T01:00:03.848Z,-USD,000031.359,000032.159,000030.565,1742518.349,0000031.18,95911210.613
2021-10-06T02:00:02.558Z,-USD,000031.256,000032.159,000030.565,1769599.627,000031.088,96008898.099
2021-10-06T03:00:02.558Z,-USD,000031.127,000032.159,000030.565,1796474.636,000031.064,96076611.802
2021-10-06T04:00:02.525Z,-USD,000031.583,000032.159,000030.565,1803492.512,000030.752,96152366.881
2021-10-06T05:00:02.242Z,-USD,0000031.16,000032.159,000030.461,1852780.663,00000030.6,96252374.811
2021-10-06T06:00:02.1Z,-USD,000031.378,000032.159,000030.461,1913671.463,000030.675,96357084.596
2021-10-06T07:00:01.857Z,-USD,000031.269,000032.159,000030.461,1942490.508,000030.612,96424816.941
2021-10-06T08:00:01.881Z,-USD,000031.407,000032.159,000030.154,1994545.812,00000030.3,96518023.993
2021-10-06T09:00:01.785Z,-USD,000031.555,000032.159,000029.132,2137859.239,000029.527,96694955.559
2021-10-06T10:00:01.918Z,-USD,000031.965,000032.159,0000029.13,2170293.532,000029.528,96780999.515
2021-10-06T11:00:02.583Z,-USD,000031.865,000032.058,0000029.13,2200173.251,000029.806,96877998.515
2021-10-06T12:00:02.527Z,-USD,000031.793,0000031.86,0000029.13,2231371.774,000029.773,96953543.038
2021-10-06T13:00:02.795Z,-USD,0000031.69,0000031.86,0000029.13,2298072.171,000030.437,97069711.435
2021-10-06T14:00:02.037Z,-USD,000031.451,000031.862,0000029.13,2416221.009,000031.394,97315412.995
2021-10-06T15:00:01.789Z,-USD,000030.871,000031.862,0000029.13,2403554.222,000031.762,97492649.552
2021-10-06T16:00:02.198Z,-USD,000030.855,000032.029,0000029.13,2459319.654,000031.902,97643461.188
2021-10-06T17:00:02.432Z,-USD,000030.952,000032.827,0000029.13,2565067.492,000032.627,97830127.605
2021-10-06T18:00:02.61Z,-USD,000030.973,000032.827,0000029.13,2610714.292,000032.299,97958098.343
2021-10-06T19:00:02.044Z,-USD,0000031.17,000032.827,0000029.13,2661728.78,0000032.29,98079677.317
2021-10-06T20:00:02.302Z,-USD,000031.442,000032.827,0000029.13,2722449.142,000032.515,98214046.156
2021-10-06T21:00:02.267Z,-USD,000031.467,000033.101,0000029.13,2860075.667,000032.584,98508826.021
2021-10-06T22:00:02.387Z,-USD,000031.611,000033.101,0000029.13,2985799.633,000032.592,98690167.139
2021-10-06T23:00:02.252Z,-USD,000031.507,000033.101,0000029.13,3056785.559,000032.624,98818999.59
2021-10-07T00:00:02.344Z,-USD,00000031.4,000033.101,0000029.13,3139715.113,000032.285,98955517.678
2021-10-07T01:00:02.619Z,-USD,000031.197,000033.101,0000029.13,3154171.434,000031.607,92538446.404
2021-10-07T02:00:01.765Z,-USD,000031.079,000033.101,0000029.13,3164730.839,0000031.38,92646494.822
2021-10-07T03:00:01.924Z,-USD,000031.038,000033.101,0000029.13,3206027.611,000031.486,92755417.353
2021-10-07T04:00:01.977Z,-USD,000030.718,000033.101,0000029.13,3228381.034,000031.406,92853698.417
2021-10-07T05:00:01.982Z,-USD,000030.596,000033.101,0000029.13,3246359.491,0000031.51,92972162.324
2021-10-07T06:00:02.06Z,-USD,000030.688,000033.101,0000029.13,3212635.28,000031.502,93041692.142
2021-10-07T07:00:02.06Z,-USD,000030.571,000033.101,0000029.13,3199750.216,000031.588,93097246.408
2021-10-07T08:00:01.954Z,-USD,000030.313,000033.101,0000029.13,3172095.978,000032.429,93162537.095
2021-10-07T09:00:02.462Z,-USD,000029.492,000033.741,0000029.13,3165588.886,0000033.74,93332965.68
2021-10-07T10:00:01.882Z,-USD,000029.533,0000033.99,000029.468,3245719.62,000033.379,93499867.499
2021-10-07T11:00:02.552Z,-USD,000029.751,0000033.99,000029.622,3258408.177,0000033.09,93609330.967
2021-10-07T12:00:02.381Z,-USD,000029.719,000034.621,000029.622,3360098.523,000034.595,93789340.391
2021-10-07T13:00:02.003Z,-USD,000030.448,000034.648,000030.306,3449072.919,0000033.98,93993956.911
2021-10-07T14:00:02.354Z,-USD,000031.399,000034.648,000030.951,3343883.26,000034.412,94135164.742
2021-10-07T15:00:02.174Z,-USD,0000031.75,000034.648,000030.951,3369004.52,000033.875,94335549.898
2021-10-07T16:00:02.337Z,-USD,000031.877,000035.332,000030.951,3546722.056,000034.935,94664796.177
2021-10-07T17:00:02.827Z,-USD,000032.603,000035.332,000030.951,3620977.879,00000034.8,94923990.678
2021-10-07T18:00:02.286Z,-USD,000032.268,000035.332,000030.951,3677862.472,000034.351,95108416.81
2021-10-07T19:00:02.466Z,-USD,000032.282,000035.332,000030.951,3667264.885,000034.239,95219583.97
2021-10-07T20:00:02.612Z,-USD,000032.467,000035.332,000030.951,3636945.88,000034.252,95324625.848
2021-10-07T21:00:02.671Z,-USD,000032.681,000035.332,000030.951,3474576.381,000034.266,95457208.622
2021-10-07T22:00:02.414Z,-USD,000032.619,000035.332,000030.951,3400029.459,000034.192,95562918.41
2021-10-07T23:00:01.81Z,-USD,000032.633,000035.332,000030.951,3405030.458,000034.051,95696733.305
2021-10-08T00:00:02.056Z,-USD,000032.221,000035.332,000030.951,3373706.113,000033.955,95803245.744
2021-10-08T01:00:02.337Z,-USD,000031.552,000035.332,000030.951,3348927.061,000034.087,90977487.538
2021-10-08T02:00:02.461Z,-USD,000031.402,000035.332,000031.155,3302628.805,000033.701,91038799.433
2021-10-08T03:00:02.42Z,-USD,000031.506,000035.332,000031.155,3289242.262,000033.487,91135583.242
2021-10-08T04:00:02.64Z,-USD,000031.311,000035.332,000031.155,3256294.476,000033.391,91200814.118
2021-10-08T05:00:02.097Z,-USD,000031.538,000035.332,000031.155,3209788.612,000033.549,91272088.197
2021-10-08T06:00:02.779Z,-USD,000031.568,000035.332,0000031.37,3192037.078,000033.978,91323602.241
2021-10-08T07:00:01.68Z,-USD,000031.534,000035.332,0000031.37,3203676.381,000033.832,91390771.867
2021-10-08T08:00:02.649Z,-USD,000032.423,000035.332,000032.368,3254435.864,000034.138,91507809.6
2021-10-08T09:00:01.806Z,-USD,000033.651,000035.332,000032.823,3180033.04,000034.476,91604999.36
2021-10-08T10:00:02.664Z,-USD,000033.441,000035.332,000032.987,3153593.607,000033.728,91744923.2
2021-10-08T11:00:02.738Z,-USD,000033.268,000035.332,000033.204,3154631.703,000033.647,91855502.028
2021-10-08T12:00:01.729Z,-USD,000034.593,000035.332,000033.204,3047820.437,000033.534,91930410.738
2021-10-08T13:00:01.748Z,-USD,000034.013,000035.332,0000033.03,2949577.463,000033.523,92035227.92
2021-10-08T14:00:01.788Z,-USD,00000034.5,000035.332,0000033.03,2907290.211,000033.451,92135184.264
2021-10-08T15:00:01.932Z,-USD,000033.958,000035.332,0000033.03,2792348.352,0000033.71,92218598.815
2021-10-08T16:00:01.733Z,-USD,000035.037,000035.065,0000033.03,2615601.396,000033.827,92379113.703
2021-10-08T17:00:02.074Z,-USD,000034.803,000034.879,0000033.03,2560598.805,000033.779,92575311.455
2021-10-08T18:00:02.349Z,-USD,000034.328,000034.694,0000033.03,2523974.243,000033.717,92724700.906
2021-10-08T19:00:02.991Z,-USD,000034.242,000034.694,0000033.03,2490939.738,000033.963,92800573.731
2021-10-08T20:00:02.668Z,-USD,000034.317,000034.694,0000033.03,2482254.433,000033.924,92896962.044
2021-10-08T21:00:01.935Z,-USD,000034.279,000034.694,0000033.03,2457066.342,000033.392,93006823.635
2021-10-08T22:00:02.123Z,-USD,000034.188,000034.491,0000033.03,2449694.359,000033.438,93103604.576
2021-10-08T23:00:02.58Z,-USD,000034.068,000034.491,0000033.03,2381992.412,000033.625,93169006.943
2021-10-09T00:00:01.744Z,-USD,000033.998,000034.491,0000033.03,2337777.202,000033.371,93230469.211
2021-10-09T01:00:01.779Z,-USD,000034.016,000034.491,0000033.03,2329440.723,0000033.39,88564537.769
2021-10-09T02:00:01.757Z,-USD,000033.689,000034.491,0000033.03,2337009.544,000033.158,88633115.183
2021-10-09T03:00:01.973Z,-USD,000033.464,000034.491,000032.992,2314102.962,000033.348,88706419.807
2021-10-09T04:00:02.461Z,-USD,000033.516,000034.491,000032.992,2344706.207,000033.429,88803429.161
2021-10-09T05:00:02.076Z,-USD,000033.569,000034.491,000032.992,02351991.6,000033.632,88881505.417
2021-10-09T06:00:02.058Z,-USD,000033.973,000034.491,000032.992,02350817.0,0000033.55,88932548.652
2021-10-09T07:00:01.978Z,-USD,000033.826,000034.491,000032.992,2382380.305,000033.952,89029964.676
2021-10-09T08:00:01.965Z,-USD,000034.133,000034.491,000032.992,2337795.644,000034.144,89102425.376
2021-10-09T09:00:01.831Z,-USD,000034.271,000034.441,000032.992,2306010.53,000033.771,89177441.075
2021-10-09T10:00:01.974Z,-USD,000033.668,000034.441,000032.992,2229236.532,000034.194,89235785.14
2021-10-09T11:00:02.63Z,-USD,000033.591,000034.788,000032.992,2259874.045,000034.686,89372680.351
2021-10-09T12:00:02.557Z,-USD,000033.497,000034.869,000032.992,2338791.016,000034.426,89526294.067
2021-10-09T13:00:02.488Z,-USD,000033.535,000034.869,000032.992,2324934.463,000034.555,89617344.553
2021-10-09T14:00:02.565Z,-USD,000033.424,000034.869,000032.992,2306596.579,00000034.8,89698960.002
2021-10-09T15:00:02.382Z,-USD,000033.685,000035.559,000032.992,2533878.961,000035.474,90013143.256
2021-10-09T16:00:01.741Z,-USD,000033.862,000035.826,000032.992,2638345.179,000035.439,90276084.664
2021-10-09T17:00:02.433Z,-USD,000033.765,0000036.34,000032.992,2753960.096,000036.246,90589340.906
2021-10-09T18:00:01.824Z,-USD,000033.701,000036.597,000032.992,2929166.926,000036.384,90911789.622
2021-10-09T19:00:02.075Z,-USD,000033.902,000036.654,000032.992,3064812.202,000036.409,91123453.507
2021-10-09T20:00:01.879Z,-USD,000033.855,000036.654,000032.992,3121644.438,000036.105,91280362.358
2021-10-09T21:00:02.673Z,-USD,000033.342,000036.654,000032.992,3189702.853,000036.534,91460648.913
2021-10-09T22:00:02.583Z,-USD,000033.408,000036.909,000032.992,3281204.817,000036.844,91642220.107
2021-10-09T23:00:02.295Z,-USD,000033.582,000036.909,000032.992,3332633.368,000036.473,91759826.604
2021-10-10T00:00:02.547Z,-USD,000033.379,000036.909,000032.992,3393958.958,000036.325,91881676.876
2021-10-10T01:00:02.553Z,-USD,000033.489,000036.909,000032.992,3491541.261,0000035.71,88540380.054
2021-10-10T02:00:02.552Z,-USD,000033.199,000036.909,000032.992,3615466.201,000036.667,88731803.759
2021-10-10T03:00:01.861Z,-USD,0000033.37,000037.486,000033.274,3874987.473,000037.303,89064485.248
2021-10-10T04:00:01.882Z,-USD,000033.427,000037.486,000033.396,3918082.472,000037.179,89205573.64
2021-10-10T05:00:02.18Z,-USD,000033.639,000037.486,000033.439,3948659.538,000036.902,89313826.386
2021-10-10T06:00:02.301Z,-USD,000033.545,000037.486,000033.536,4047238.955,000036.492,89462738.29
2021-10-10T07:00:02.218Z,-USD,000033.962,000037.486,000033.641,4010886.097,000036.624,89527376.253
2021-10-10T08:00:02.251Z,-USD,000034.175,000037.486,000033.641,3986737.606,000036.208,89573225.279
2021-10-10T09:00:02.179Z,-USD,000033.788,000037.486,0000033.75,3982693.63,000036.212,89643414.017
2021-10-10T10:00:02.269Z,-USD,0000034.24,000037.486,0000034.19,4014165.051,000036.004,89735492.768
2021-10-10T11:00:02.648Z,-USD,000034.762,000037.486,000034.387,3925927.139,000036.056,89783026.273
2021-10-10T12:00:07.664Z,-USD,000034.498,000037.486,000034.494,3820555.549,000036.108,89831238.422
2021-10-10T13:00:02.71Z,-USD,000034.578,000037.486,000034.501,3794621.594,000035.978,89895081.643
2021-10-10T14:00:01.793Z,-USD,000034.801,000037.486,000034.801,3841305.003,000036.188,90025993.399
2021-10-10T15:00:02.025Z,-USD,000035.495,000037.486,0000035.11,3614118.567,000036.182,90116810.959
2021-10-10T16:00:02.139Z,-USD,000035.418,000037.486,000035.332,3446873.758,000036.076,90207542.739
2021-10-10T17:00:02.385Z,-USD,000036.257,000037.486,000035.332,3232624.366,000035.705,90308736.298
2021-10-10T18:00:02.252Z,-USD,0000036.41,000037.486,000035.332,3032766.906,000035.772,90432757.3
2021-10-10T19:00:02.349Z,-USD,000036.485,000037.486,000035.332,2887445.441,000035.735,90500350.259
2021-10-10T20:00:02.364Z,-USD,000036.134,000037.486,000035.332,2791241.067,000035.749,90560065.957
2021-10-10T21:00:02.48Z,-USD,000036.503,000037.486,000035.332,2773185.275,000035.446,90720047.114
2021-10-10T22:00:02.666Z,-USD,000036.892,000037.486,000034.211,2821433.983,000034.831,90947476.332
2021-10-10T23:00:02.191Z,-USD,000036.576,000037.486,000034.211,2859544.187,00000035.0,91104717.475
2021-10-11T00:00:02.154Z,-USD,0000036.33,000037.486,000034.118,2840225.733,0000034.45,91207574.944
2021-10-11T01:00:02.527Z,-USD,000035.717,000037.486,000034.002,2848039.125,000035.031,88657999.094
2021-10-11T02:00:02.635Z,-USD,000036.626,000037.486,000034.002,2770449.25,000034.816,88770189.362
2021-10-11T03:00:02.558Z,-USD,000037.194,0000037.28,000034.002,2499743.916,000035.017,88834479.125
2021-10-11T04:00:01.875Z,-USD,000037.105,000037.216,000034.002,2453969.759,000034.829,88926222.003
2021-10-11T05:00:02.204Z,-USD,000036.929,000037.064,000034.002,2479563.486,000035.026,89066658.654
2021-10-11T06:00:02.139Z,-USD,000036.527,000036.893,000034.002,2388288.842,0000034.78,89118211.408
2021-10-11T07:00:02.069Z,-USD,0000036.66,0000036.77,000034.002,2370470.203,000034.997,89164437.12
2021-10-11T08:00:02.235Z,-USD,000036.251,000036.542,000034.002,2386838.232,000035.377,89226662.574
2021-10-11T09:00:02.208Z,-USD,000036.256,000036.542,000034.002,2403867.679,000035.889,89314410.481
2021-10-11T10:00:02.067Z,-USD,000035.995,000036.542,000034.002,2350264.667,000035.621,89352501.802
2021-10-11T11:00:02.16Z,-USD,000036.025,000036.542,000034.002,2371445.362,0000035.65,89421095.046
2021-10-11T12:00:02.145Z,-USD,000036.153,000036.542,000034.002,2419655.041,000035.246,89517699.009
2021-10-11T13:00:02.285Z,-USD,000036.052,000036.542,000034.002,2450139.211,000034.961,89611877.658
2021-10-11T14:00:02.568Z,-USD,000036.235,000036.514,000034.002,2494774.191,000035.129,89788809.511
2021-10-11T15:00:01.913Z,-USD,000036.132,000036.199,000034.002,2558422.924,000035.203,89941680.13
2021-10-11T16:00:02.399Z,-USD,000036.084,000036.199,000034.002,2564422.93,000034.851,90039021.297
2021-10-11T17:00:02.792Z,-USD,0000035.67,000036.199,000034.002,2549851.563,000034.855,90125298.642
2021-10-11T18:00:02.105Z,-USD,000035.709,000036.199,000034.002,2497938.757,000034.552,90197439.35
2021-10-11T19:00:02.186Z,-USD,000035.698,000036.199,000034.002,2545409.141,000034.212,90312822.382
2021-10-11T20:00:02.657Z,-USD,000035.644,000036.199,000033.595,2701611.246,000033.643,90529476.934
2021-10-11T21:00:01.781Z,-USD,000035.436,000036.088,000033.342,2720902.474,000033.471,90708250.395
2021-10-11T22:00:02.029Z,-USD,0000034.77,000036.088,000033.251,2572198.357,0000033.75,90786596.242
2021-10-11T23:00:02.517Z,-USD,000034.946,000036.088,000033.251,2515565.758,000033.913,90887658.807
2021-10-12T00:00:01.841Z,-USD,000034.442,000036.088,000033.251,2500907.685,000034.168,90976337.398
2021-10-12T01:00:02.656Z,-USD,0000035.01,000036.088,000033.251,2448634.348,000033.645,85986107.547
2021-10-12T02:00:02.318Z,-USD,000034.768,000036.088,000033.251,2395483.687,000033.758,86045339.148
2021-10-12T03:00:01.942Z,-USD,000035.036,000036.088,000033.057,2454528.156,0000033.17,86170098.952
2021-10-12T04:00:02.146Z,-USD,000034.814,000036.088,0000032.62,2524146.564,000032.972,86331789.78
2021-10-12T05:00:02.04Z,-USD,000035.014,000036.088,0000032.62,2445831.792,000033.322,86391385.17
2021-10-12T06:00:02.041Z,-USD,000034.771,000036.088,0000032.62,2489603.228,0000033.41,86486654.558
2021-10-12T07:00:02.005Z,-USD,000034.984,000036.088,0000032.62,2517402.938,000033.084,86560332.432
2021-10-12T08:00:02.023Z,-USD,000035.346,000036.088,0000032.62,2534117.768,000033.264,86639556.013
2021-10-12T09:00:01.857Z,-USD,000035.933,000036.073,0000032.62,2558225.919,000033.606,86752120.823
2021-10-12T10:00:02.173Z,-USD,000035.667,000036.073,000032.277,2656408.875,000032.528,86888108.109
2021-10-12T11:00:02.102Z,-USD,000035.675,000035.781,000032.277,2738502.723,000032.848,87041268.165
2021-10-12T12:00:04.158Z,-USD,000035.253,000035.452,000032.277,02749103.1,0000032.81,87146159.407
2021-10-12T13:00:02.162Z,-USD,000035.001,000035.345,000032.078,2765671.757,0000032.24,87256462.923
2021-10-12T14:00:02.326Z,-USD,000035.138,000035.345,000032.078,2745421.73,000033.396,87413289.792
2021-10-12T15:00:02.526Z,-USD,000035.193,000035.193,000032.078,2756138.565,000032.911,87577578.707
2021-10-12T16:00:02.687Z,-USD,000034.905,000035.076,000032.078,2869810.35,000033.914,87788025.875
2021-10-12T17:00:02.293Z,-USD,0000034.82,000034.982,000032.078,2880144.204,000033.838,87885266.39
2021-10-12T18:00:02.619Z,-USD,000034.553,000034.599,000032.078,2894205.936,000033.466,87971672.787
2021-10-12T19:00:01.827Z,-USD,000034.191,000034.705,000032.078,2906533.176,000034.705,88098074.195
2021-10-12T20:00:02.18Z,-USD,000033.628,0000034.71,000032.078,2836181.25,000034.024,88245554.366
2021-10-12T21:00:02.512Z,-USD,0000033.42,0000035.16,000032.078,2840241.366,0000034.86,88429954.483
2021-10-12T22:00:02.088Z,-USD,000033.751,000035.303,000032.078,2871748.575,000034.882,88537763.247
2021-10-12T23:00:02.493Z,-USD,000033.876,000035.327,000032.078,2882395.766,000035.294,88649806.413
2021-10-13T00:00:01.744Z,-USD,000034.126,000035.443,000032.078,2857367.386,000035.127,88712504.819
2021-10-13T01:00:02.208Z,-USD,000033.682,000035.799,000032.078,2815578.77,000035.535,81129938.595
2021-10-13T02:00:02.689Z,-USD,000033.758,000035.799,000032.078,2812374.259,000035.391,81185816.137
2021-10-13T03:00:01.885Z,-USD,000033.172,000035.799,000032.078,2765397.234,000035.746,81264054.084
2021-10-13T04:00:01.985Z,-USD,000033.052,000035.799,000032.078,2744903.061,000035.072,81405022.672
2021-10-13T05:00:02.285Z,-USD,000033.306,000035.799,000032.078,2758718.031,000035.113,81479034.814
2021-10-13T06:00:02.133Z,-USD,000033.395,000035.799,000032.078,2802498.744,000033.878,81621173.151
2021-10-13T07:00:02.124Z,-USD,000033.047,000035.799,000032.078,2854190.559,0000034.17,81743166.201
2021-10-13T08:00:02.214Z,-USD,000033.286,000035.799,000032.078,2864306.712,000034.318,81832503.128
2021-10-13T09:00:02.105Z,-USD,000033.627,000035.799,000032.078,2848682.65,0000034.92,81928811.698
2021-10-13T10:00:02.579Z,-USD,00000032.6,000035.799,000032.078,2784222.335,000034.882,82003378.034
2021-10-13T11:00:02.093Z,-USD,000032.816,000035.799,000032.078,2682128.273,000034.617,82052377.926
2021-10-13T12:00:02.298Z,-USD,000032.797,000035.799,000032.078,2653292.229,000034.935,82127997.766
2021-10-13T13:00:01.833Z,-USD,000032.338,000035.799,000032.313,2619437.569,0000035.33,82204193.071
2021-10-13T14:00:01.99Z,-USD,000033.352,000035.799,000032.726,2541944.458,000034.734,82283933.726
2021-10-13T15:00:02.007Z,-USD,000033.088,000035.799,000032.726,2512324.982,000034.796,82423721.112
2021-10-13T16:00:02.355Z,-USD,000033.878,000035.799,000033.396,2432612.719,000034.832,82549532.522
2021-10-13T17:00:01.918Z,-USD,000033.911,00000037.5,000033.396,3025669.123,000037.392,83240308.575
2021-10-13T18:00:02.304Z,-USD,000033.502,0000038.78,000033.499,3694696.195,000038.725,83994632.517
2021-10-13T19:00:02.617Z,-USD,000034.659,000041.795,0000033.61,4472491.755,000041.261,84901304.71
2021-10-13T20:00:02.707Z,-USD,000034.005,0000042.44,0000033.61,5103515.697,000042.439,85678752.669
2021-10-13T21:00:02.185Z,-USD,000034.874,000043.355,0000033.61,5762353.949,000041.219,86522466.968
2021-10-13T22:00:02.473Z,-USD,000034.966,000043.355,0000033.61,6001361.757,000041.144,86868317.592
2021-10-13T23:00:01.978Z,-USD,000035.263,000043.355,0000033.61,6273225.706,000042.884,87251523.657
2021-10-14T00:00:02.046Z,-USD,000035.181,000043.355,0000033.61,6504044.343,000041.669,87545701.579
2021-10-14T01:00:05.243Z,-USD,000035.633,000043.355,0000033.61,6689891.794,000040.957,82292427.199
2021-10-14T02:00:03.006Z,-USD,000035.416,000043.355,0000033.61,6980561.047,000041.164,82640737.906
2021-10-14T03:00:02.7Z,-USD,000035.738,000043.355,0000033.61,7070504.381,000041.275,82809005.388
2021-10-14T04:00:02.047Z,-USD,000035.088,000043.355,0000033.61,7068287.048,000041.499,82947018.571
2021-10-14T05:00:02.507Z,-USD,000035.188,000043.355,0000033.61,7223431.884,0000041.35,83175075.456
2021-10-14T06:00:02.568Z,-USD,000033.705,000043.355,0000033.61,7285673.086,000041.338,83383215.738
2021-10-14T07:00:02.595Z,-USD,000034.238,000043.355,0000034.14,7370867.454,000040.997,83586588.393
2021-10-14T08:00:02.577Z,-USD,000034.267,000043.355,000034.249,7369344.936,000041.027,83674208.971
2021-10-14T09:00:02.551Z,-USD,000034.799,000043.355,000034.513,7373774.412,000041.274,83775165.096
2021-10-14T10:00:01.905Z,-USD,000034.865,000043.355,000034.513,07425754.2,000042.427,83901391.531
2021-10-14T11:00:02.068Z,-USD,0000034.68,000043.355,000034.513,7544076.505,000041.359,84069937.715
2021-10-14T12:00:02.265Z,-USD,000034.938,000043.355,000034.513,7637985.902,000041.602,84237983.28
2021-10-14T13:00:02.14Z,-USD,0000035.34,000043.355,000034.513,7705777.517,000040.968,84382171.521
2021-10-14T14:00:02.068Z,-USD,000034.811,000043.355,000034.513,7869581.84,000040.342,84626293.076
2021-10-14T15:00:02.441Z,-USD,000034.816,000043.355,000034.772,7933796.918,000040.734,84829729.129
2021-10-14T16:00:04.16Z,-USD,0000034.83,000043.355,000034.825,7987379.769,000040.572,85015382.855
2021-10-14T17:00:02.106Z,-USD,000037.379,000043.355,000037.378,7557597.994,000039.876,85275514.283
2021-10-14T18:00:02.311Z,-USD,000038.933,000043.355,000038.854,6926048.468,000040.047,85404851.769
2021-10-14T19:00:02.462Z,-USD,000041.126,000043.355,0000039.55,6160946.981,000040.125,85544777.559
2021-10-14T20:00:07.559Z,-USD,000042.452,000043.355,000039.317,5569529.086,0000039.89,85733831.046
2021-10-14T21:00:10.523Z,-USD,000041.193,00000043.0,000039.317,4858166.503,000040.194,85855208.535
2021-10-14T22:00:14.151Z,-USD,0000041.25,00000043.0,000039.317,4598320.775,000040.422,85939045.979
2021-10-14T23:00:12.339Z,-USD,000042.866,00000043.0,000039.317,4330647.691,000040.487,86060799.291
2021-10-15T00:00:17.239Z,-USD,00000041.7,000042.492,000039.317,4180908.985,000040.749,86198953.135
2021-10-15T01:00:12.464Z,-USD,000041.062,000042.492,000039.317,4039711.215,000040.016,83827165.951
2021-10-15T02:00:12.334Z,-USD,000041.098,000042.492,000039.317,3823941.186,000040.024,83958814.763
2021-10-15T03:00:11.185Z,-USD,00000041.2,000042.492,000039.317,3854300.53,000040.578,84155736.273
2021-10-15T04:00:22.641Z,-USD,000041.496,000042.492,000039.317,3974644.486,000040.794,84413970.138
2021-10-15T05:00:10.149Z,-USD,000041.227,000042.492,000039.317,3893629.557,000040.602,84566784.463
2021-10-15T06:00:07.409Z,-USD,000041.347,000042.492,000039.317,3965604.046,000041.261,84842977.982
2021-10-15T07:00:03.474Z,-USD,000041.036,000042.492,000039.317,3850380.245,000041.244,84930061.291
2021-10-15T08:00:03.829Z,-USD,000040.968,000042.492,000039.317,3860804.241,000040.788,85027532.94
2021-10-15T09:00:02.657Z,-USD,000041.286,000042.492,000039.317,3955203.394,000039.839,85223842.859
2021-10-15T10:00:02.516Z,-USD,000042.272,000042.449,000039.317,3999236.375,000039.896,85396558.51
2021-10-15T11:00:04.493Z,-USD,000041.406,0000041.95,000039.317,3949786.575,000039.966,85513041.046
2021-10-15T12:00:04.313Z,-USD,000041.587,0000041.95,000039.317,3873247.963,000039.841,85605050.793
2021-10-15T13:00:03.096Z,-USD,000040.924,0000041.95,000039.317,3843611.966,000039.628,85718266.099
2021-10-15T14:00:08.91Z,-USD,000040.408,0000041.95,000039.317,3698578.483,000039.994,85819152.436
2021-10-15T15:00:10.762Z,-USD,000040.686,0000041.95,000039.317,3631880.818,000040.083,85954410.45
2021-10-15T16:00:10.703Z,-USD,000040.661,0000041.95,000039.317,3564891.343,0000040.12,86073450.776
2021-10-15T17:00:09.903Z,-USD,000039.865,0000041.95,000039.317,3430034.253,000040.525,86199047.237
2021-10-15T18:00:08.961Z,-USD,000040.043,000042.181,000039.317,3598698.573,00000041.9,86495681.163
2021-10-15T19:00:02.023Z,-USD,000040.151,000042.633,000039.317,3729168.519,0000042.07,86765958.381
2021-10-15T20:00:02.445Z,-USD,000039.972,000043.921,000039.445,3904152.852,000043.781,87131200.191
2021-10-15T21:00:02.621Z,-USD,000040.161,000043.921,000039.445,4063295.412,000043.105,87410820.271
2021-10-15T22:00:01.816Z,-USD,0000040.37,000043.921,000039.445,4284340.658,000043.578,87727589.471
2021-10-15T23:00:02.561Z,-USD,000040.475,000043.921,000039.445,4443420.35,000043.426,87996558.736
2021-10-16T00:00:01.776Z,-USD,00000040.7,000044.197,000039.445,4535593.145,000043.248,88230198.541
2021-10-16T01:00:10.841Z,-USD,000040.024,000044.457,000039.445,4600337.743,000044.078,86097804.723
2021-10-16T02:00:11.121Z,-USD,000040.063,0000044.75,000039.445,4773900.167,000043.995,86404157.927
2021-10-16T03:00:11.374Z,-USD,000040.613,0000044.75,000039.445,4793879.982,000044.328,86623829.078
2021-10-16T04:00:23.43Z,-USD,000040.877,0000044.75,000039.445,4818552.163,000043.585,86904544.879
2021-10-16T05:00:09.936Z,-USD,000040.575,0000044.75,000039.445,4807440.842,00000043.7,87043882.853
2021-10-16T06:00:10.923Z,-USD,000041.266,0000044.75,000039.445,4648072.333,000043.489,87160398.037
2021-10-16T07:00:08.629Z,-USD,000041.169,0000044.75,000039.445,4682659.654,000043.261,87282983.518
2021-10-16T08:00:02.213Z,-USD,000040.749,0000044.75,000039.445,4729358.771,000043.329,87431262.513
2021-10-16T09:00:02.128Z,-USD,000039.749,0000044.75,000039.445,4648522.999,000043.743,87542594.287
2021-10-16T10:00:02.706Z,-USD,000039.902,0000044.75,000039.462,4551212.244,000043.288,87617227.343
2021-10-16T11:00:03.731Z,-USD,000039.956,0000044.75,000039.566,4480509.942,000043.281,87665353.58
2021-10-16T12:00:02.202Z,-USD,0000039.88,0000044.75,000039.566,4442395.151,000043.149,87719774.369
2021-10-16T13:00:11.501Z,-USD,000039.607,0000044.75,000039.569,4506197.963,000042.448,87894063.997
2021-10-16T14:00:11.199Z,-USD,000039.954,0000044.75,0000039.73,4518133.974,000042.791,88008438.3
2021-10-16T15:00:17.788Z,-USD,000040.087,0000044.75,000039.936,4534603.003,000042.505,88158356.563
2021-10-16T16:00:11.248Z,-USD,000040.182,0000044.75,000039.936,4503663.879,000042.456,88246690.954
2021-10-16T17:00:10.684Z,-USD,000040.536,0000044.75,0000040.43,4520027.026,000042.522,88388923.788
2021-10-16T18:00:10.018Z,-USD,000041.964,0000044.75,000041.521,4408936.113,000042.044,88575866.222
2021-10-16T19:00:11.792Z,-USD,000042.071,0000044.75,000041.521,4291521.258,000041.778,88727442.814
2021-10-16T20:00:10.055Z,-USD,000043.752,0000044.75,000041.521,4003940.543,000041.586,88806968.184
2021-10-16T21:00:02.455Z,-USD,000043.197,0000044.75,0000041.26,3823658.245,0000041.91,88904652.853
2021-10-16T22:00:02.416Z,-USD,000043.698,0000044.75,0000041.26,3552350.221,00000041.4,88972382.409
2021-10-16T23:00:02.255Z,-USD,000043.607,0000044.75,0000041.26,3370795.14,000041.877,89043090.628
2021-10-17T00:00:01.695Z,-USD,000043.276,0000044.75,0000041.26,3209470.059,0000041.69,89109899.806
2021-10-17T01:00:11.042Z,-USD,000044.092,0000044.75,000041.125,3184648.935,000041.736,86505954.462
2021-10-17T02:00:11.159Z,-USD,000044.075,000044.358,000041.125,2994667.164,000042.114,86625358.208
2021-10-17T03:00:11.036Z,-USD,000044.339,000044.339,000041.125,2855648.894,000042.297,86701611.379
2021-10-17T04:00:42.256Z,-USD,000043.666,0000043.84,000041.125,2528300.57,000042.735,86794129.32
2021-10-17T05:00:08.356Z,-USD,000043.666,0000043.84,000041.125,2606377.755,000042.607,86872206.505
2021-10-17T06:00:09.229Z,-USD,000043.481,000043.815,000041.125,2585144.224,000042.526,86968438.995
2021-10-17T07:00:09.424Z,-USD,000043.258,000043.815,000041.125,2518836.093,000042.425,87025621.485
2021-10-17T08:00:08.545Z,-USD,000043.317,000043.815,000041.125,2410090.137,000042.287,87063200.25
2021-10-17T09:00:09.307Z,-USD,000043.742,000043.743,000041.125,2351067.284,000042.124,87115323.207
2021-10-17T10:00:09.766Z,-USD,000043.288,000043.536,000041.125,2310476.098,000042.212,87149508.453
2021-10-17T11:00:10.085Z,-USD,000043.254,000043.536,000041.125,2296535.831,000042.255,87183833.079
2021-10-17T12:00:08.446Z,-USD,000043.075,000043.273,000041.125,2306201.27,000041.949,87248512.884
2021-10-17T13:00:11.507Z,-USD,0000042.35,000043.273,000041.125,2203864.213,000041.827,87321236.907
2021-10-17T14:00:09.855Z,-USD,000042.886,000043.273,000041.125,2189798.147,000042.395,87420710.384
2021-10-17T15:00:09.417Z,-USD,000042.467,000043.273,000041.125,2257858.466,000041.771,87638384.369
2021-10-17T16:00:08.9Z,-USD,000042.524,000043.273,00000041.0,2376513.918,00000041.2,87845004.966
2021-10-17T17:00:02.403Z,-USD,000042.534,000042.864,00000041.0,2289032.938,000041.393,87900298.751
2021-10-17T18:00:03.747Z,-USD,000042.028,000042.864,00000041.0,2160539.67,000041.301,87958262.79
2021-10-17T19:00:01.935Z,-USD,000041.796,000042.864,00000041.0,2107692.404,000041.755,88057806.327
2021-10-17T20:00:02.498Z,-USD,0000041.55,000042.864,00000041.0,2112698.172,000041.296,88141928.483
2021-10-17T21:00:02.149Z,-USD,000041.874,000042.864,0000039.56,2321433.428,0000040.39,88448385.143
2021-10-17T22:00:02.532Z,-USD,000041.387,000042.864,0000039.56,2371263.683,000041.251,88565455.145
2021-10-17T23:00:01.82Z,-USD,000041.893,000042.864,0000039.56,2456665.09,0000041.78,88721895.901
2021-10-18T00:00:08.546Z,-USD,000041.768,000042.864,0000039.56,2481169.622,000042.102,88812995.601
2021-10-18T01:00:02.724Z,-USD,000041.705,000042.864,0000039.56,2394842.061,000042.492,86276860.592
2021-10-18T02:00:01.902Z,-USD,000042.114,000043.265,0000039.56,2416282.514,000042.759,86418371.53
2021-10-18T03:00:01.983Z,-USD,000042.319,000043.265,0000039.56,2443609.834,000042.836,86521725.004
2021-10-18T04:00:02.164Z,-USD,000042.693,000043.265,0000039.56,2482743.008,000042.504,86652071.401
2021-10-18T05:00:01.742Z,-USD,000042.574,000043.265,0000039.56,2473447.976,000042.526,86721182.413
2021-10-18T06:00:01.777Z,-USD,000042.495,000043.265,0000039.56,2438262.665,0000042.56,86782214.876
2021-10-18T07:00:01.706Z,-USD,000042.378,000043.265,0000039.56,2422948.32,000042.652,86824214.274
2021-10-18T08:00:02.552Z,-USD,000042.257,000043.265,0000039.56,2424195.921,000042.545,86862845.964
2021-10-18T09:00:02.451Z,-USD,000042.143,000043.265,0000039.56,2442509.133,000042.748,86933396.308
2021-10-18T10:00:02.248Z,-USD,000042.241,000043.265,0000039.56,2513854.926,000041.782,87038833.254
2021-10-18T11:00:02.559Z,-USD,000042.204,000043.265,0000039.56,2582533.067,000041.977,87142973.702
2021-10-18T12:00:02.461Z,-USD,000041.854,000043.265,0000039.56,2610951.982,000041.468,87236021.131
2021-10-18T13:00:02.581Z,-USD,000041.833,000043.265,0000039.56,2692646.167,000041.323,87389585.63
2021-10-18T14:00:01.943Z,-USD,000042.591,000043.265,0000039.56,2910959.506,000041.748,87722531.188
2021-10-18T15:00:02.116Z,-USD,000041.808,000043.265,0000039.56,2823802.765,000041.423,87849307.187
2021-10-18T16:00:02.353Z,-USD,0000041.17,000043.265,0000039.56,2742814.192,000041.178,87963891.45
2021-10-18T17:00:01.827Z,-USD,000041.459,000043.265,0000039.56,2834398.604,000040.708,88110275.674
2021-10-18T18:00:02.355Z,-USD,000041.274,000043.265,0000039.56,2937412.979,000040.418,88271222.859
2021-10-18T19:00:02.229Z,-USD,000041.773,000043.265,0000039.56,2939527.995,000040.756,88373253.633
2021-10-18T20:00:02.515Z,-USD,000041.348,000043.265,0000039.56,2945502.522,0000040.68,88464255.974
2021-10-18T21:00:01.852Z,-USD,00000040.3,000043.265,000040.176,2770053.126,000040.949,88594692.878
2021-10-18T22:00:02.585Z,-USD,000041.349,000043.265,0000040.24,2709423.26,000041.026,88651589.756
2021-10-18T23:00:01.997Z,-USD,000041.743,000043.265,0000040.24,2637724.054,000041.112,88735301.621
2021-10-19T00:00:02.07Z,-USD,000042.127,000043.265,0000040.24,2599834.102,000041.194,88788790.467
2021-10-19T01:00:02.499Z,-USD,000042.513,000043.265,0000040.24,2636791.624,000040.719,87179801.274
2021-10-19T02:00:01.899Z,-USD,00000042.7,000043.144,0000040.24,2625279.165,000040.941,87311485.456
2021-10-19T03:00:02.276Z,-USD,000042.867,000043.048,0000040.24,2637283.085,000041.033,87425234.998
2021-10-19T04:00:02.483Z,-USD,000042.538,000043.048,0000040.24,2708373.955,000041.352,87626159.409
2021-10-19T05:00:01.823Z,-USD,000042.579,000043.048,0000040.24,2692479.072,000041.227,87679549.803
2021-10-19T06:00:02.691Z,-USD,0000042.53,000043.048,0000040.24,2673415.453,000041.244,87721548.154
2021-10-19T07:00:01.891Z,-USD,000042.615,000043.048,0000040.24,2674953.282,000040.916,87764803.318
2021-10-19T08:00:01.966Z,-USD,000042.551,000043.048,0000040.24,2664625.304,000041.146,87793223.384
2021-10-19T09:00:02.439Z,-USD,000042.777,000042.777,0000040.24,2659599.348,0000041.03,87859083.077
2021-10-19T10:00:02.336Z,-USD,0000041.76,000042.105,0000040.24,2592891.822,000041.121,87897445.557
2021-10-19T11:00:02.348Z,-USD,000041.962,000041.965,0000040.24,2527639.199,000041.008,87938703.557
2021-10-19T12:00:02.418Z,-USD,000041.491,000041.965,0000040.24,2477841.687,000040.981,87982680.295
2021-10-19T13:00:02.461Z,-USD,0000041.35,000041.965,0000040.24,2381925.861,000040.898,88039171.368
2021-10-19T14:00:02.569Z,-USD,000041.681,000041.965,0000040.24,2166611.049,000040.749,88155982.343
2021-10-19T15:00:01.94Z,-USD,000041.346,000041.599,000040.022,2218105.774,000040.596,88334619.786
2021-10-19T16:00:02.246Z,-USD,000041.171,000041.599,000040.022,2246213.357,000040.215,88476418.925
2021-10-19T17:00:02.619Z,-USD,000040.718,000041.599,000040.022,2173628.044,0000040.46,88550228.556
2021-10-19T18:00:02.691Z,-USD,000040.418,000041.655,000040.022,2191718.335,000041.336,88732061.119
2021-10-19T19:00:02.283Z,-USD,000040.752,000041.655,000040.022,2197203.184,000041.166,88838589.002
2021-10-19T20:00:02.68Z,-USD,000040.664,000041.655,000040.022,2206884.207,000040.855,88937917.125
2021-10-19T21:00:02.531Z,-USD,000040.905,000041.655,000040.022,2161133.224,000040.774,89024561.286
2021-10-19T22:00:02.312Z,-USD,000041.017,000041.655,000040.022,2145589.935,000041.108,89063293.711
2021-10-19T23:00:02.548Z,-USD,000041.062,000041.655,000040.022,2147540.683,000041.513,89148867.449
2021-10-20T00:00:02.423Z,-USD,000041.164,000041.655,000040.022,2150832.228,000041.377,89205740.499
2021-10-20T01:00:02.584Z,-USD,000040.709,000041.655,000040.022,2083482.689,000041.273,84475437.518
2021-10-20T02:00:02.668Z,-USD,000040.942,000041.964,000040.022,2041402.594,000041.516,84564047.823
2021-10-20T03:00:02.542Z,-USD,000041.034,000041.964,000040.022,1986275.447,000041.359,84623873.867
2021-10-20T04:00:02.569Z,-USD,000041.326,000041.964,000040.022,1826040.787,000041.266,84663454.132
2021-10-20T05:00:01.718Z,-USD,000041.221,000041.964,000040.022,1813993.023,000041.404,84705239.978
2021-10-20T06:00:02.82Z,-USD,000041.178,000041.964,000040.022,1822976.938,000041.392,84755436.814
2021-10-20T07:00:02.601Z,-USD,0000040.94,000041.964,000040.022,1810589.155,000041.281,84786314.396
2021-10-20T08:00:02.315Z,-USD,000041.092,000041.964,000040.022,1802646.581,000041.581,84806971.226
2021-10-20T09:00:02.178Z,-USD,000041.033,000041.964,000040.022,1761042.228,000041.523,84831980.524
2021-10-20T10:00:02.107Z,-USD,000041.151,000041.964,000040.022,1749677.026,0000041.33,84858418.987
2021-10-20T11:00:04.304Z,-USD,000041.033,000041.964,000040.022,1751337.67,0000041.19,84901482.093
2021-10-20T12:00:01.956Z,-USD,000040.967,000041.964,000040.022,1743842.739,000041.316,84937930.12
2021-10-20T13:00:01.795Z,-USD,000040.937,000042.028,000040.022,1769965.422,000042.013,85021215.229
2021-10-20T14:00:02.204Z,-USD,000040.732,000042.406,000040.022,1823729.998,000042.234,85191799.844
2021-10-20T15:00:02.133Z,-USD,000040.606,000043.132,000040.173,1817618.743,000042.803,85363456.276
2021-10-20T16:00:02.191Z,-USD,000040.203,000043.998,000040.173,1956570.468,0000043.96,85644990.672
2021-10-20T17:00:01.752Z,-USD,000040.464,000044.934,000040.402,2245480.466,000044.345,86008763.761
2021-10-20T18:00:02.711Z,-USD,000041.295,000044.934,000040.624,2235616.463,000044.425,86179405.174
2021-10-20T19:00:02.04Z,-USD,000041.201,000044.934,000040.624,2273369.044,000044.521,86323258.726
2021-10-20T20:00:01.881Z,-USD,000040.773,000045.212,000040.624,2359113.207,000044.904,86508984.831
2021-10-20T21:00:02.216Z,-USD,000040.759,000045.212,000040.663,2415025.018,000044.576,86650761.669
2021-10-20T22:00:02.297Z,-USD,000041.064,000045.212,000041.045,2459901.531,000044.357,86734770.81
2021-10-20T23:00:01.822Z,-USD,000041.498,000045.212,000041.087,2480888.001,000044.338,86841681.382
2021-10-21T00:00:02.66Z,-USD,0000041.34,000045.212,000041.087,2508304.987,000044.397,86925061.582
2021-10-21T01:00:02.187Z,-USD,000041.296,000045.476,00000041.1,2679532.819,000045.182,82793324.287
2021-10-21T02:00:02.795Z,-USD,000041.505,000045.531,00000041.1,2805122.621,000044.522,83007638.05
2021-10-21T03:00:02.201Z,-USD,000041.369,000045.531,00000041.1,2990761.353,0000043.97,83252937.268
2021-10-21T04:00:02.146Z,-USD,000041.244,000045.531,00000041.1,3097677.522,000043.971,83399461.61
2021-10-21T05:00:02.629Z,-USD,000041.406,000045.531,00000041.1,3117428.55,000044.078,83462815.205
2021-10-21T06:00:02.524Z,-USD,000041.379,000045.531,00000041.1,3120444.897,000043.722,83515019.966
2021-10-21T07:00:02.385Z,-USD,000041.296,000045.531,00000041.1,3195996.493,000043.705,83620804.856
2021-10-21T08:00:02.232Z,-USD,0000041.58,000045.531,00000041.1,3222228.539,000043.927,83667532.232
2021-10-21T09:00:02.008Z,-USD,000041.525,000045.531,00000041.1,3281902.496,000044.176,83752331.222
2021-10-21T10:00:01.763Z,-USD,000041.294,000045.531,00000041.1,3330802.585,0000044.67,83827912.096
2021-10-21T11:00:02.084Z,-USD,000041.173,000045.531,00000041.1,3376668.14,000044.471,83916561.658
2021-10-21T12:00:01.931Z,-USD,000041.312,000045.531,000041.281,3599656.331,000043.532,84175934.769
2021-10-21T13:00:01.776Z,-USD,000042.052,000045.531,000041.816,3613860.246,000043.857,84275458.867
2021-10-21T14:00:02.654Z,-USD,000042.297,000045.531,00000042.2,3546446.802,00000043.9,84377287.961
2021-10-21T15:00:01.791Z,-USD,000042.788,000045.531,000042.515,3625070.359,000042.779,84633067.905
2021-10-21T16:00:02.014Z,-USD,000043.945,000045.531,000041.904,3582134.351,000042.686,84869866.466
2021-10-21T17:00:02.369Z,-USD,000044.375,000045.531,000041.904,3335106.415,000042.495,84985628.445
2021-10-21T18:00:02.593Z,-USD,000044.424,000045.531,000041.904,3276251.256,000042.435,85096385.0
2021-10-21T19:00:02.51Z,-USD,000044.501,000045.531,000041.904,3240917.836,000042.766,85202720.098
2021-10-21T20:00:02.655Z,-USD,000044.887,000045.531,000041.904,3136056.287,000042.807,85285393.035
2021-10-21T21:00:01.929Z,-USD,000044.609,000045.531,000041.904,3074973.236,000042.743,85364371.723
2021-10-21T22:00:02.08Z,-USD,000044.334,000045.531,000041.904,3102673.112,000042.869,85476007.937
2021-10-21T23:00:02.468Z,-USD,000044.319,000045.531,000041.904,3070976.501,000042.701,85551167.272
2021-10-22T00:00:02.626Z,-USD,000044.438,000045.531,000041.904,3063922.311,0000042.86,85627534.608
2021-10-22T01:00:09.309Z,-USD,000045.132,000045.531,000041.904,2978104.484,000043.487,81553410.74
2021-10-22T02:00:07.275Z,-USD,000044.557,000044.893,000041.904,2856631.919,000043.531,81647864.738
2021-10-22T03:00:02.234Z,-USD,000043.989,000044.893,000041.904,2666009.931,000043.753,81700514.706
2021-10-22T04:00:01.852Z,-USD,000043.967,000045.462,000041.904,2897017.87,000045.043,82077361.044
2021-10-22T05:00:02.652Z,-USD,000044.006,000045.462,000041.904,2970258.199,000044.994,82214166.482
2021-10-22T06:00:02.402Z,-USD,000043.701,000045.462,000041.904,2999352.648,000045.182,82295407.631
2021-10-22T07:00:02.05Z,-USD,0000043.73,000045.673,000041.904,3006250.866,000044.928,82408309.656
2021-10-22T08:00:01.781Z,-USD,000043.905,000045.673,000041.904,3023743.164,000045.178,82472629.04
2021-10-22T09:00:02.57Z,-USD,000044.191,000045.766,000041.904,2999312.256,000045.568,82532704.367
2021-10-22T10:00:02.161Z,-USD,000044.734,000045.766,000041.904,2999160.506,000045.383,82608368.457
2021-10-22T11:00:02.351Z,-USD,000044.545,000045.766,000041.904,2978149.73,000045.347,82677023.567
2021-10-22T12:00:01.743Z,-USD,000043.563,0000046.38,000041.904,2862187.613,000046.169,82821663.594
2021-10-22T13:00:02.639Z,-USD,000043.879,0000046.38,000041.904,2875839.421,000045.633,82932323.386
2021-10-22T14:00:02.466Z,-USD,0000043.88,0000046.38,000041.904,2965033.222,000044.925,83123780.625
2021-10-22T15:00:01.819Z,-USD,000042.761,0000046.38,000041.904,3040284.706,000044.872,83454998.164
2021-10-22T16:00:01.939Z,-USD,000042.678,0000046.38,000042.302,3048432.444,000044.354,83700441.725
2021-10-22T17:00:02.393Z,-USD,000042.507,0000046.38,000042.302,3195773.437,000044.208,83964591.173
2021-10-22T18:00:02.025Z,-USD,000042.498,0000046.38,000042.498,3185436.702,000043.764,84067217.207
2021-10-22T19:00:02.161Z,-USD,000042.819,0000046.38,000042.541,3286246.326,0000043.34,84270619.368
2021-10-22T20:00:02.173Z,-USD,000042.888,0000046.38,000042.541,3381322.948,000043.492,84447892.959
2021-10-22T21:00:02.418Z,-USD,000042.736,0000046.38,0000042.63,3407527.06,000043.661,84553792.976
2021-10-22T22:00:02.198Z,-USD,000042.844,0000046.38,0000042.63,3357830.82,000043.062,84615287.408
2021-10-22T23:00:02.568Z,-USD,000042.688,0000046.38,0000042.63,3339687.825,000043.616,84672362.754
2021-10-23T00:00:02.446Z,-USD,000042.844,0000046.38,000042.704,3311051.266,000043.493,84720727.213
2021-10-23T01:00:02.283Z,-USD,000043.505,0000046.38,000042.973,3241974.398,0000044.18,82094038.379
2021-10-23T02:00:02.096Z,-USD,000043.491,0000046.38,000042.973,3200466.535,000044.111,82147325.181
2021-10-23T03:00:02.102Z,-USD,000043.769,0000046.38,000042.973,3217622.356,000044.144,82217020.09
2021-10-23T04:00:02.17Z,-USD,000045.087,0000046.38,000042.973,2892091.68,000044.522,82268564.731
2021-10-23T05:00:02.322Z,-USD,000045.048,0000046.38,000042.973,2797361.971,000044.505,82309949.715
2021-10-23T06:00:02.227Z,-USD,0000045.21,0000046.38,000042.973,2764674.42,000044.044,82359502.124
2021-10-23T07:00:02.1Z,-USD,000044.936,0000046.38,000042.973,2715542.549,000044.471,82422363.865
2021-10-23T08:00:01.833Z,-USD,000045.246,0000046.38,000042.973,2714254.972,000044.315,82486785.463
2021-10-23T09:00:01.76Z,-USD,000045.599,0000046.38,000042.973,02692624.0,000044.422,82523712.625
2021-10-23T10:00:02.585Z,-USD,000045.362,0000046.38,000042.973,2681848.629,000044.158,82589068.145
2021-10-23T11:00:01.767Z,-USD,000045.328,0000046.38,000042.973,2675661.891,000043.456,82651392.224
2021-10-23T12:00:02.463Z,-USD,000046.167,000046.239,000042.973,2642496.187,000044.228,82762675.491
2021-10-23T13:00:02.387Z,-USD,0000045.65,000045.893,000042.973,2593775.214,000044.117,82824954.011
2021-10-23T14:00:02.271Z,-USD,000044.939,000045.306,000042.973,2452183.496,000043.793,82875472.669
2021-10-31T18:00:08.706Z,-USD,000042.846,000043.423,000041.048,2973685.037,000042.392,85356269.266
2021-10-31T19:00:01.791Z,-USD,0000043.18,000043.423,000041.048,2954803.95,000042.444,85421461.011
2021-10-31T20:00:01.778Z,-USD,000043.317,000043.423,000041.048,2964098.598,0000042.32,85474525.248
2021-10-31T21:00:02.684Z,-USD,000043.075,000043.392,000041.048,2943745.541,000042.586,85536596.975
2021-10-31T22:00:01.709Z,-USD,000042.846,000043.392,000041.048,2952780.245,000043.097,85602191.734
2021-10-31T23:00:03.094Z,-USD,000042.514,000043.392,000041.048,2910516.683,000042.987,85687571.014
2021-11-01T00:00:04.868Z,-USD,000042.735,000043.392,000041.048,2828650.033,0000042.73,85743999.807
2021-11-01T01:00:04.338Z,-USD,000043.194,000043.423,000041.048,2885831.628,00000043.4,84089283.644
2021-11-01T02:00:03.854Z,-USD,000042.637,0000043.57,000041.048,2744300.474,000043.175,84145157.991
2021-11-01T03:00:03.703Z,-USD,000042.371,0000043.57,000041.048,02434477.4,000042.728,84245877.083
2021-11-01T04:00:13.388Z,-USD,000042.096,0000043.57,000041.048,2177773.535,000042.201,84286696.608
2021-11-01T05:00:07.284Z,-USD,000041.787,0000043.57,000041.048,1938891.884,0000042.36,84407837.37
2021-11-01T06:00:06.049Z,-USD,00000041.8,0000043.57,000041.048,1916792.075,000042.526,84525950.181
2021-11-01T07:00:06.388Z,-USD,000041.682,0000043.57,000041.048,1866348.301,000042.741,84594572.08
2021-11-01T08:00:02.266Z,-USD,000041.975,0000043.57,000041.048,1929175.538,000043.471,84721674.976
2021-11-01T09:00:01.782Z,-USD,000041.589,0000043.83,000041.048,1950836.643,000043.394,84795513.75
2021-11-01T10:00:02.202Z,-USD,000041.758,0000044.59,000041.048,2044077.491,000044.196,84920660.465
2021-11-01T11:00:03.213Z,-USD,000041.728,000044.986,000041.048,2109597.878,000044.898,85029966.896
2021-11-01T12:00:02.513Z,-USD,000041.507,000045.116,000041.048,2174769.682,000044.799,85150346.481
2021-11-01T13:00:02.256Z,-USD,000041.407,000045.452,000041.048,2268399.79,000045.434,85312445.856
2021-11-01T14:00:02.194Z,-USD,000041.475,000048.205,000041.215,2575253.41,000048.142,85717082.462
2021-11-01T15:00:02.248Z,-USD,000041.622,000049.079,00000041.5,3082427.25,000047.578,86322953.113
2021-11-01T16:00:01.801Z,-USD,0000042.15,000049.079,000041.785,3240450.015,000048.666,86615241.692
2021-11-01T17:00:03.98Z,-USD,000042.215,0000049.35,000041.785,3486891.579,00000047.9,86941388.697
2021-11-01T18:00:02.944Z,-USD,000042.375,0000049.35,000041.785,3704893.089,000048.588,87219281.018
2021-11-01T19:00:02.167Z,-USD,000042.428,0000049.35,000041.785,3879797.271,000048.362,87459030.187
2021-11-01T20:00:02.283Z,-USD,000042.363,0000049.64,000041.785,4213159.825,000049.089,87845642.54
2021-11-01T21:00:02.427Z,-USD,000042.572,000051.681,000041.785,4852809.992,000051.013,88547370.693
2021-11-01T22:00:02.478Z,-USD,000043.089,000051.681,000041.785,5130102.266,000050.025,88890379.908
2021-11-01T23:00:03.419Z,-USD,000042.988,000051.681,000041.785,5260568.148,000049.653,89105867.934
2021-11-02T00:00:01.929Z,-USD,000042.818,000051.681,000041.785,5448250.399,000050.015,89351798.962
2021-11-02T01:00:01.873Z,-USD,000043.425,000051.681,000041.785,5522255.386,000048.788,87941040.573
2021-11-02T02:00:01.986Z,-USD,000043.158,000051.681,000041.785,5643595.801,000048.851,88118107.093
2021-11-02T03:00:01.903Z,-USD,000042.211,000051.681,000041.785,5625567.101,000049.093,88245383.076
2021-11-02T04:00:02.082Z,-USD,000042.211,000051.681,000041.785,5735155.49,000049.462,88354971.465
2021-11-02T05:01:03.096Z,-USD,000042.512,000051.681,0000042.31,5622427.415,000049.201,88477981.911
2021-11-02T06:00:02.166Z,-USD,000042.512,000051.681,0000042.31,5719660.772,000048.633,88575215.268
2021-11-02T07:00:01.91Z,-USD,000042.882,000051.681,000042.882,5715130.223,000048.781,88659220.698
2021-11-02T08:00:01.852Z,-USD,000043.494,000051.681,0000043.31,5662451.98,000048.277,88713730.3
2021-11-02T09:00:01.775Z,-USD,000043.445,000051.681,000043.425,5640512.798,000049.303,88765278.523
2021-11-02T10:00:01.714Z,-USD,000044.158,000051.681,000044.158,5705433.956,000049.782,88955373.288
2021-11-02T11:00:04.183Z,-USD,000044.863,000052.925,000044.583,6279005.892,0000052.81,89640263.181
2021-11-02T12:00:01.711Z,-USD,000044.877,000053.384,000044.804,6644638.847,000052.025,90125157.874
2021-11-02T13:00:02.582Z,-USD,000045.431,000053.384,000045.221,6724364.372,000051.976,90369589.456
2021-11-02T14:00:02.686Z,-USD,000047.989,000053.384,000047.165,6542706.905,000051.818,90596941.567
2021-11-02T15:00:02.009Z,-USD,0000047.55,000053.384,000047.548,6172450.582,0000050.99,90826903.341
2021-11-02T16:00:02.22Z,-USD,000048.844,000053.384,000047.729,6127455.643,000051.449,91074379.064
2021-11-02T17:00:03.37Z,-USD,000048.056,000053.384,000047.729,5972799.339,000051.213,91244626.245
2021-11-02T18:00:02.126Z,-USD,000048.551,000053.384,000048.089,5802192.999,000051.763,91358710.486
2021-11-02T19:00:02.42Z,-USD,000048.386,000053.384,000048.092,5748677.769,000051.828,91538081.642
2021-11-02T20:00:01.771Z,-USD,000049.175,000053.384,000048.092,5502476.349,000052.418,91680429.442
2021-11-02T21:00:01.886Z,-USD,000051.236,000053.384,000048.092,4957843.811,000051.236,91840586.244
2021-11-02T22:00:02.016Z,-USD,000050.057,000053.384,000048.092,4695224.537,000051.675,91917301.457
2021-11-02T23:00:02.751Z,-USD,0000049.65,000053.384,000048.092,4572129.285,000051.831,92008518.595
2021-11-03T00:00:02.489Z,-USD,000050.032,000053.384,000048.092,4488375.807,000051.618,92185288.072
2021-11-03T01:00:02.616Z,-USD,000048.817,000053.384,000048.092,4392856.993,000050.743,90676150.916
2021-11-03T02:00:02.352Z,-USD,000048.863,000053.384,000048.092,4538123.183,0000050.23,90998715.506
2021-11-03T03:00:02.521Z,-USD,000049.049,000053.384,000048.092,4560611.897,000050.848,91144442.55
2021-11-03T04:00:02.703Z,-USD,000049.423,000053.384,000048.092,4590477.71,000050.663,91286908.372
2021-11-03T05:00:03.72Z,-USD,000049.229,000053.384,000048.092,4574383.722,000049.874,91393395.018
2021-11-03T06:00:02.825Z,-USD,000048.676,000053.384,000048.092,4593885.354,000050.111,91512123.012
2021-11-03T07:00:01.666Z,-USD,0000048.77,000053.384,000048.092,4634521.457,000051.055,91635036.517
2021-11-03T08:00:02.667Z,-USD,0000048.26,000053.384,000048.184,4639693.838,0000051.39,91695569.649
2021-11-03T09:00:02.682Z,-USD,000049.239,000053.384,000048.611,4646790.473,000051.077,91753954.871
2021-11-03T10:00:02.489Z,-USD,0000049.76,000053.384,000049.684,4502382.617,0000051.97,91813356.756
2021-11-03T11:00:04.508Z,-USD,000052.794,000053.384,000049.684,3934459.48,000051.717,91920437.553
2021-11-03T12:00:01.942Z,-USD,000052.068,000052.878,000049.684,3537361.771,000051.277,92004879.305
2021-11-03T13:00:01.863Z,-USD,0000051.96,0000052.64,000049.684,3424420.248,000050.171,92135904.179
2021-11-03T14:00:01.998Z,-USD,000051.939,0000052.64,0000049.12,3451011.188,000049.716,92392811.49
2021-11-03T15:00:02.207Z,-USD,000051.031,0000052.64,0000049.12,3369471.637,000050.461,92538967.422
2021-11-03T16:00:01.68Z,-USD,000051.378,0000053.54,0000049.12,3372977.72,000053.527,92790894.36
2021-11-03T17:00:03.277Z,-USD,000051.201,000053.587,0000049.12,3479543.281,000052.361,93069015.934
2021-11-03T18:00:01.882Z,-USD,000051.768,000053.587,0000049.12,3571056.718,000053.019,93272432.301
2021-11-03T19:00:02.278Z,-USD,000051.793,000054.413,0000049.12,3735684.298,000054.133,93616878.268
2021-11-03T20:00:02.568Z,-USD,000052.359,000054.634,0000049.12,3816789.59,000054.132,93842818.258
2021-11-03T21:00:01.933Z,-USD,000051.199,000054.634,0000049.12,3825464.605,0000053.89,94009513.508
