Coin on file:	ENJ
Created by:	chris
Created on:	09/18/2021T03:00:1631948402Z

Recorded,Currency,Open,High,Low,Volume,Last,Volume30day
2021-09-18T03:00:02.659Z,-USD,000001.665,00000001.7,000001.603,2120146.09,000001.654,148000655.2
2021-09-18T04:00:01.983Z,-USD,000001.679,00000001.7,000001.603,2068342.45,000001.657,148031527.58
2021-09-18T05:00:02.052Z,-USD,000001.689,00000001.7,000001.603,2038977.83,000001.663,148081831.01
2021-09-18T06:00:02.083Z,-USD,000001.683,00000001.7,000001.603,2073369.66,000001.674,148160687.51
2021-09-18T07:00:02.385Z,-USD,000001.695,000001.696,000001.603,2021347.63,000001.663,148207669.37
2021-09-18T08:00:02.626Z,-USD,000001.666,000001.694,000001.603,02057568.9,000001.685,148301254.99
2021-09-18T09:00:01.852Z,-USD,000001.685,000001.694,000001.603,2111202.94,000001.677,148396544.83
2021-09-18T10:00:01.968Z,-USD,000001.659,000001.694,000001.603,2118557.52,000001.675,148436397.07
2021-09-18T11:00:02.344Z,-USD,0000001.62,000001.694,000001.603,1963232.18,000001.681,148467365.76
2021-09-18T12:00:02.46Z,-USD,000001.611,000001.694,000001.603,1874896.99,000001.665,148489439.93
2021-09-18T13:00:02.675Z,-USD,000001.633,000001.694,000001.605,1840836.79,000001.662,148549313.9
2021-09-18T14:00:01.88Z,-USD,0000001.62,000001.694,000001.605,1801415.58,0000001.67,148587365.8
2021-09-18T14:27:57.952Z,-USD,000001.634,000001.694,000001.605,01669367.4,0000001.68,148616122.63
2021-09-18T14:28:37.246Z,-USD,000001.634,000001.694,000001.605,01669867.4,000001.679,148616622.63
2021-09-18T14:31:17.504Z,-USD,000001.634,000001.694,000001.605,01675031.4,000001.679,148621786.63
2021-09-18T15:00:02.118Z,-USD,000001.634,000001.694,000001.605,1699955.79,000001.675,148646711.02
2021-09-18T16:00:02.322Z,-USD,000001.636,000001.694,000001.605,1617776.34,000001.661,148700639.12
2021-09-18T17:00:02.107Z,-USD,000001.652,000001.694,000001.605,1562815.11,000001.644,148795078.38
2021-09-18T18:00:07.221Z,-USD,000001.624,000001.694,000001.605,1585121.68,000001.661,148890331.11
2021-09-18T19:00:01.787Z,-USD,000001.627,000001.694,000001.605,1620783.11,000001.651,149018714.38
2021-09-18T20:00:02.515Z,-USD,000001.637,000001.694,000001.605,1600296.51,000001.648,149067404.08
2021-09-18T21:00:02.121Z,-USD,000001.615,000001.694,000001.605,1636562.47,000001.625,149169170.89
2021-09-18T22:00:02.335Z,-USD,000001.626,000001.694,000001.606,1614982.44,000001.625,149231439.55
2021-09-18T23:00:01.768Z,-USD,000001.617,000001.694,000001.606,1617988.74,0000001.63,149310504.16
2021-09-19T00:00:02.394Z,-USD,000001.635,000001.694,000001.606,1604936.63,000001.648,149385223.84
2021-09-19T01:00:02.002Z,-USD,000001.658,000001.694,000001.606,1545697.41,000001.625,147149017.32
2021-09-19T02:00:02.019Z,-USD,000001.657,000001.694,000001.606,1538613.05,000001.633,147190789.47
2021-09-19T03:00:02.664Z,-USD,000001.657,000001.694,000001.606,1556520.21,000001.632,147264468.44
2021-09-19T04:00:02.654Z,-USD,000001.658,000001.694,000001.606,1549117.82,000001.621,147288789.28
2021-09-19T05:00:02.407Z,-USD,000001.664,000001.694,000001.606,1527161.42,000001.619,147315990.15
2021-09-19T06:00:02.187Z,-USD,000001.676,000001.694,000001.606,1478076.95,000001.635,147346049.77
2021-09-19T07:00:02.005Z,-USD,000001.668,000001.694,000001.606,1461238.82,000001.635,147375902.04
2021-09-19T08:00:02.143Z,-USD,000001.688,000001.692,000001.606,1392881.82,000001.639,147401628.94
2021-09-19T09:00:01.925Z,-USD,000001.679,000001.689,000001.606,1310248.18,0000001.64,147413784.32
2021-09-19T10:00:01.868Z,-USD,000001.678,000001.689,000001.606,1293924.96,000001.636,147438410.23
2021-09-19T11:00:02.48Z,-USD,000001.687,000001.689,000001.606,1290637.85,000001.628,147465036.46
2021-09-19T12:00:02.523Z,-USD,0000001.67,0000001.68,000001.586,01360524.2,000001.593,147558274.04
2021-09-19T13:00:02.684Z,-USD,000001.664,0000001.68,000001.586,01363795.5,000001.601,147620111.6
2021-09-19T14:00:02.607Z,-USD,000001.672,0000001.68,000001.586,1410475.59,000001.618,147704937.81
2021-09-19T15:00:02.684Z,-USD,000001.675,000001.675,000001.586,1456606.87,000001.613,147810313.17
2021-09-19T16:00:02.634Z,-USD,000001.666,000001.667,000001.586,01458683.9,000001.614,147866417.15
2021-09-19T17:00:02.62Z,-USD,000001.641,000001.661,000001.586,1397765.84,000001.611,147901136.86
2021-09-19T18:00:01.7Z,-USD,0000001.66,0000001.66,000001.586,1404635.43,000001.598,148002258.29
2021-09-19T19:00:01.839Z,-USD,0000001.65,000001.651,000001.586,1312680.56,000001.607,148039754.97
2021-09-19T20:00:01.841Z,-USD,000001.648,000001.649,000001.586,1293491.34,000001.597,148068234.7
2021-09-19T21:00:02.299Z,-USD,000001.621,000001.649,000001.586,1222888.58,000001.617,148099640.98
2021-09-19T22:00:02.24Z,-USD,000001.624,000001.649,000001.586,1194382.44,000001.598,148133182.22
2021-09-19T23:00:02.396Z,-USD,000001.635,000001.649,000001.552,1307788.04,000001.559,148325588.93
2021-09-20T00:00:01.696Z,-USD,000001.648,000001.649,000001.552,1449634.65,0000001.57,148542076.12
2021-09-20T01:00:01.876Z,-USD,000001.622,000001.646,000001.531,1688739.51,000001.541,139043227.04
2021-09-20T02:00:02.151Z,-USD,000001.631,000001.646,000001.531,1723667.61,000001.552,139119393.54
2021-09-20T03:00:02.274Z,-USD,000001.633,000001.646,000001.489,1978823.94,000001.491,139449106.4
2021-09-20T04:00:02.153Z,-USD,0000001.62,000001.646,000001.456,2414181.21,000001.479,139907790.41
2021-09-20T05:00:01.965Z,-USD,000001.623,000001.646,000001.456,2575253.03,000001.484,140096407.2
2021-09-20T06:00:01.919Z,-USD,000001.637,000001.646,000001.456,2608951.77,000001.487,140160121.04
2021-09-20T07:00:02.042Z,-USD,000001.635,000001.646,000001.456,2638609.44,0000001.47,140219371.35
2021-09-20T08:00:02.121Z,-USD,0000001.64,000001.646,000001.419,2923349.64,0000001.43,140529802.13
2021-09-20T09:00:01.892Z,-USD,000001.645,000001.646,000001.419,3133885.65,000001.459,140757018.98
2021-09-20T10:00:01.701Z,-USD,000001.638,000001.641,000001.419,3252105.74,0000001.44,140895445.09
2021-09-20T11:00:02.361Z,-USD,0000001.63,0000001.63,000001.416,3376822.49,000001.424,141046755.79
2021-09-20T12:00:02.361Z,-USD,000001.591,000001.622,000001.359,3767247.02,000001.381,141530685.08
2021-09-20T13:00:02.403Z,-USD,000001.599,000001.622,000001.296,4489069.65,000001.381,142315121.42
2021-09-20T14:00:02.73Z,-USD,000001.616,000001.621,000001.296,4717618.77,000001.412,142628435.94
2021-09-20T15:00:01.832Z,-USD,000001.611,0000001.62,000001.296,4754635.67,000001.408,142770462.86
2021-09-20T16:00:02.357Z,-USD,000001.612,0000001.62,000001.296,4822725.73,000001.414,142903301.79
2021-09-20T17:00:02.536Z,-USD,000001.615,000001.618,000001.296,4922073.51,0000001.41,143030001.69
2021-09-20T18:00:02.544Z,-USD,000001.596,000001.618,000001.296,5018669.76,000001.418,143225790.77
2021-09-20T19:00:02.469Z,-USD,000001.608,000001.618,000001.296,5150630.64,0000001.37,143395224.41
2021-09-20T20:00:02.434Z,-USD,000001.593,000001.618,000001.296,5263356.46,000001.381,143536535.97
2021-09-20T21:00:02.46Z,-USD,000001.614,000001.617,000001.296,05353638.8,000001.363,143658133.0
2021-09-20T22:00:02.44Z,-USD,000001.601,000001.608,000001.296,5378281.14,000001.372,143717807.6
2021-09-20T23:00:02.52Z,-USD,000001.558,000001.576,000001.296,5263094.66,000001.355,143794083.01
2021-09-21T00:00:02.956Z,-USD,000001.572,000001.576,000001.296,5183265.03,000001.337,143930155.2
2021-09-21T01:00:02.191Z,-USD,0000001.54,000001.552,0000001.25,7568893.92,0000001.27,140641701.25
2021-09-21T02:00:01.777Z,-USD,0000001.55,000001.551,0000001.25,7945422.42,000001.325,141094387.94
2021-09-21T03:00:02.103Z,-USD,000001.488,000001.498,0000001.25,07747293.9,000001.345,141228345.28
2021-09-21T04:00:02.34Z,-USD,000001.475,000001.494,0000001.25,7370133.86,000001.333,141308213.5
2021-09-21T05:00:02.612Z,-USD,000001.483,000001.494,0000001.25,7213263.15,000001.314,141339969.23
2021-09-21T06:00:02.518Z,-USD,000001.487,000001.491,0000001.25,7237523.42,000001.317,141427214.89
2021-09-21T07:00:02.272Z,-USD,000001.471,0000001.48,0000001.25,07394912.6,000001.338,141645556.04
2021-09-21T08:00:02.419Z,-USD,000001.431,000001.462,0000001.25,7232857.31,000001.361,141798731.95
2021-09-21T09:00:02.545Z,-USD,000001.457,000001.462,0000001.25,7104745.34,0000001.38,141892807.59
2021-09-21T10:00:02.395Z,-USD,000001.439,000001.454,0000001.25,7020454.63,000001.366,141945528.41
2021-09-21T11:00:02.6Z,-USD,000001.422,000001.437,0000001.25,6951908.49,000001.385,142028239.67
2021-09-21T12:00:02.507Z,-USD,000001.377,000001.437,0000001.25,6475693.21,000001.384,142074019.26
2021-09-21T13:00:02.679Z,-USD,000001.382,000001.437,0000001.25,5815847.61,000001.382,142161696.11
2021-09-21T14:00:01.857Z,-USD,000001.413,000001.437,0000001.25,05632434.9,000001.377,142290698.62
2021-09-21T15:00:02.144Z,-USD,000001.405,000001.437,0000001.25,5597164.66,0000001.35,142398042.46
2021-09-21T16:00:02.617Z,-USD,000001.412,000001.437,0000001.25,6125825.71,000001.354,143059776.98
2021-09-21T17:00:03.462Z,-USD,000001.411,000001.422,0000001.25,6361681.74,000001.312,143421323.2
2021-09-21T18:00:01.824Z,-USD,000001.418,000001.419,0000001.25,06393546.7,000001.292,143649221.88
2021-09-21T19:00:02.438Z,-USD,000001.374,00000001.4,0000001.25,6417725.43,000001.289,143843178.25
2021-09-21T20:00:02.298Z,-USD,000001.382,00000001.4,0000001.25,6458002.05,0000001.29,144024108.41
2021-09-21T21:00:01.766Z,-USD,000001.362,00000001.4,0000001.23,6691438.78,000001.235,144380504.69
2021-09-21T22:00:02.225Z,-USD,000001.374,00000001.4,000001.187,7087758.26,000001.262,144835271.27
2021-09-21T23:00:02.124Z,-USD,000001.357,00000001.4,000001.187,07140946.0,000001.217,144964982.5
2021-09-22T00:00:02.323Z,-USD,000001.338,00000001.4,000001.187,7180030.07,000001.227,145141153.41
2021-09-22T01:00:02.686Z,-USD,000001.269,00000001.4,000001.187,04617272.8,000001.215,135614316.78
2021-09-22T02:00:01.838Z,-USD,000001.324,00000001.4,000001.187,04373778.3,000001.273,135819842.8
2021-09-22T03:00:02.496Z,-USD,000001.344,00000001.4,000001.187,4330991.27,000001.268,135911673.08
2021-09-22T04:00:01.855Z,-USD,000001.331,00000001.4,000001.187,4435946.81,000001.259,136095319.06
2021-09-22T05:00:01.961Z,-USD,000001.314,00000001.4,000001.187,4507503.39,0000001.25,136199087.81
2021-09-22T06:00:02.356Z,-USD,000001.319,00000001.4,000001.187,4474322.11,000001.275,136253808.46
2021-09-22T07:00:02.359Z,-USD,000001.339,00000001.4,000001.187,04317772.3,00000001.3,136314488.12
2021-09-22T08:00:02.458Z,-USD,000001.363,00000001.4,000001.187,4226214.49,000001.314,136376378.16
2021-09-22T09:00:03.657Z,-USD,000001.384,00000001.4,000001.187,4152310.07,000001.306,136397345.35
2021-09-22T10:00:01.805Z,-USD,0000001.37,00000001.4,000001.187,4143961.75,0000001.31,136441062.09
2021-09-22T11:00:02.368Z,-USD,000001.386,00000001.4,000001.187,4120842.64,000001.306,136500502.24
2021-09-22T12:00:02.378Z,-USD,000001.384,00000001.4,000001.187,4354543.65,000001.288,136779784.48
2021-09-22T13:00:02.638Z,-USD,000001.375,000001.387,000001.187,4336299.26,000001.305,136849201.07
2021-09-22T14:00:01.835Z,-USD,000001.377,000001.377,000001.187,04334488.5,000001.315,136977135.85
2021-09-22T15:00:01.945Z,-USD,000001.348,000001.369,000001.187,4336462.78,000001.325,137085658.65
2021-09-22T16:00:02.268Z,-USD,000001.356,000001.361,000001.187,3804123.76,000001.358,137216964.89
2021-09-22T17:00:02.156Z,-USD,000001.314,0000001.38,000001.187,3617116.31,000001.378,137390576.09
2021-09-22T18:00:02.557Z,-USD,000001.294,000001.381,000001.187,3588284.36,000001.362,137601391.9
2021-09-22T19:00:02.158Z,-USD,000001.291,000001.399,000001.187,3562486.61,000001.363,137757890.44
2021-09-22T20:00:02.676Z,-USD,000001.285,000001.399,000001.187,3442498.28,000001.384,137825655.39
2021-09-22T21:00:01.933Z,-USD,000001.236,000001.403,000001.187,3192915.43,000001.403,137925805.46
2021-09-22T22:00:02.514Z,-USD,000001.261,000001.408,000001.197,02854446.0,000001.388,138041258.85
2021-09-22T23:00:02.005Z,-USD,000001.223,000001.418,000001.197,2890306.09,000001.414,138206822.77
2021-09-23T00:00:03.545Z,-USD,000001.228,000001.423,000001.197,2852956.28,000001.414,138345336.99
2021-09-23T01:00:02.49Z,-USD,000001.218,0000001.43,000001.211,2892192.01,000001.411,132066029.23
2021-09-23T02:00:02.357Z,-USD,000001.276,000001.435,000001.246,2808887.22,0000001.43,132188251.76
2021-09-23T03:00:02.712Z,-USD,000001.266,000001.435,000001.246,2774175.75,000001.426,132250156.19
2021-09-23T04:00:01.926Z,-USD,000001.262,000001.454,000001.246,2774277.06,000001.451,132436768.65
2021-09-23T05:00:02.221Z,-USD,000001.252,000001.459,000001.252,2792658.25,0000001.45,132550268.14
2021-09-23T06:00:02.32Z,-USD,000001.275,000001.459,000001.257,2807555.11,000001.439,132619900.28
2021-09-23T07:00:03.134Z,-USD,000001.304,000001.459,0000001.28,2770331.77,000001.452,132644059.71
2021-09-23T08:00:02.122Z,-USD,000001.317,000001.459,0000001.28,2744801.82,000001.453,132680097.36
2021-09-23T09:00:02.3Z,-USD,0000001.31,000001.459,0000001.28,2778433.03,0000001.43,132734428.72
2021-09-23T10:00:02.464Z,-USD,0000001.32,000001.459,0000001.28,2772109.14,000001.427,132771693.07
2021-09-23T11:00:05.825Z,-USD,0000001.31,000001.459,0000001.28,2769606.84,000001.407,132829854.02
2021-09-23T12:00:02.063Z,-USD,000001.292,000001.459,0000001.29,2528925.94,000001.388,132867239.4
2021-09-23T13:00:02.551Z,-USD,000001.307,000001.459,000001.302,2517685.87,0000001.39,132926653.67
2021-09-23T14:00:01.849Z,-USD,000001.318,000001.459,000001.312,2468121.55,000001.429,133004022.9
2021-09-23T15:00:02.469Z,-USD,000001.325,0000001.46,000001.325,2700799.97,000001.448,133345134.63
2021-09-23T16:00:01.835Z,-USD,000001.358,0000001.46,000001.353,2679616.32,000001.418,133455124.9
2021-09-23T17:00:02.388Z,-USD,000001.378,0000001.46,000001.354,2582307.19,000001.425,133531506.94
2021-09-23T18:00:01.982Z,-USD,000001.356,0000001.47,000001.356,2571064.04,000001.466,133730990.73
2021-09-23T19:00:01.805Z,-USD,000001.362,000001.475,000001.359,2490645.43,000001.474,133807155.27
2021-09-23T20:00:02.516Z,-USD,000001.383,0000001.48,000001.374,2510607.54,000001.471,133894785.35
2021-09-23T21:00:02.25Z,-USD,000001.404,0000001.48,000001.374,2541241.62,000001.467,134026801.95
2021-09-23T22:00:02.175Z,-USD,000001.391,000001.484,000001.377,2550949.66,000001.466,134150739.7
2021-09-23T23:00:01.951Z,-USD,000001.414,000001.484,000001.377,2459684.87,000001.463,134225726.63
2021-09-24T00:00:02.48Z,-USD,000001.412,000001.489,000001.377,2459786.31,000001.479,134363648.1
2021-09-24T01:00:02.228Z,-USD,000001.408,000001.489,000001.377,2362020.77,000001.457,126868824.55
2021-09-24T02:00:02.084Z,-USD,0000001.43,000001.489,000001.377,2304840.57,000001.445,126933936.87
2021-09-24T03:00:01.973Z,-USD,000001.429,000001.489,000001.377,2362513.46,000001.439,127053448.9
2021-09-24T04:00:02.45Z,-USD,000001.453,000001.489,000001.377,2229154.74,000001.432,127106702.92
2021-09-24T05:00:02.206Z,-USD,000001.449,000001.489,000001.377,2154879.53,000001.428,127147547.82
2021-09-24T06:00:02.643Z,-USD,000001.442,000001.489,000001.377,2146208.05,000001.423,127206887.69
2021-09-24T07:00:02.623Z,-USD,000001.451,000001.489,000001.377,2171443.78,000001.413,127256907.85
2021-09-24T08:00:01.884Z,-USD,000001.453,000001.489,000001.377,2259068.91,000001.439,127380146.29
2021-09-24T09:00:02.126Z,-USD,0000001.43,000001.489,000001.377,2241982.38,000001.415,127417187.96
2021-09-24T10:00:02.248Z,-USD,000001.422,000001.489,000001.316,2715431.22,000001.319,127928249.75
2021-09-24T11:00:02.663Z,-USD,000001.407,000001.489,000001.297,3044905.83,000001.306,128317579.16
2021-09-24T12:00:02.133Z,-USD,000001.385,000001.489,000001.254,3344053.89,000001.312,128652167.65
2021-09-24T13:00:02.817Z,-USD,000001.393,000001.489,000001.254,3476419.69,000001.289,128844206.92
2021-09-24T14:00:02.591Z,-USD,000001.427,000001.489,000001.254,3597140.85,000001.327,129041952.8
2021-09-24T15:00:02.124Z,-USD,000001.449,000001.489,000001.254,3489380.79,000001.343,129275294.59
2021-09-24T16:00:01.961Z,-USD,000001.419,000001.489,000001.254,3517879.39,000001.332,129414412.83
2021-09-24T17:00:02.316Z,-USD,000001.426,000001.489,000001.254,3565635.65,0000001.34,129538425.21
2021-09-24T18:00:02.431Z,-USD,000001.471,000001.489,000001.254,3449846.49,000001.321,129621648.42
2021-09-24T19:00:02.41Z,-USD,000001.473,000001.489,000001.254,3434594.56,000001.343,129682525.11
2021-09-24T20:00:01.732Z,-USD,0000001.47,000001.489,000001.254,3414691.01,000001.339,129750271.99
2021-09-24T21:00:02.101Z,-USD,0000001.47,000001.489,000001.254,3342607.95,000001.368,129810184.36
2021-09-24T22:00:02.204Z,-USD,000001.468,000001.489,000001.254,3272199.53,0000001.37,129863736.59
2021-09-24T23:00:01.997Z,-USD,000001.464,000001.489,000001.254,3484089.99,000001.362,130150914.99
2021-09-25T00:00:02.169Z,-USD,000001.484,000001.489,000001.254,3394690.01,000001.346,130199312.47
2021-09-25T01:00:02.578Z,-USD,000001.461,000001.469,000001.254,3440364.87,000001.367,124026065.72
2021-09-25T02:00:01.928Z,-USD,000001.445,000001.451,000001.254,3479763.16,000001.345,124131406.92
2021-09-25T03:00:01.987Z,-USD,000001.442,000001.451,000001.254,3400109.09,000001.337,124170475.66
2021-09-25T04:00:02.605Z,-USD,000001.433,0000001.45,000001.254,03400387.7,000001.357,124223993.6
2021-09-25T05:00:02.68Z,-USD,000001.429,0000001.45,000001.254,3413400.33,000001.349,124279568.34
2021-09-25T06:00:02.668Z,-USD,0000001.42,0000001.45,000001.254,3379431.76,000001.335,124303287.22
2021-09-25T07:00:01.846Z,-USD,000001.413,0000001.45,000001.254,3361268.26,000001.364,124335072.51
2021-09-25T08:00:01.884Z,-USD,000001.436,0000001.45,000001.254,3351546.85,000001.331,124448916.34
2021-09-25T09:00:02.034Z,-USD,000001.419,000001.419,000001.254,3446415.96,000001.328,124584817.34
2021-09-25T10:00:01.83Z,-USD,000001.316,000001.382,000001.254,3021525.61,000001.356,124667361.15
2021-09-25T11:00:02.586Z,-USD,000001.305,000001.382,000001.254,2699535.72,000001.355,124734364.5
2021-09-25T12:00:02.497Z,-USD,0000001.31,000001.382,000001.277,2419225.05,000001.346,124788792.95
2021-09-25T13:00:02.182Z,-USD,000001.297,000001.382,000001.277,2274707.42,000001.349,124838013.06
2021-09-25T14:00:02.678Z,-USD,000001.323,000001.382,000001.285,2153768.09,0000001.36,124914123.72
2021-09-25T15:00:02.678Z,-USD,000001.342,000001.382,000001.285,2068161.98,000001.341,125060475.77
2021-09-25T16:00:01.769Z,-USD,000001.331,000001.382,000001.285,02008151.9,000001.367,125140354.1
2021-09-25T17:00:02.512Z,-USD,000001.339,000001.382,000001.285,2025768.69,000001.355,125281075.69
2021-09-25T18:00:01.743Z,-USD,000001.323,000001.382,000001.285,2035108.81,000001.356,125376007.35
2021-09-25T19:00:01.831Z,-USD,000001.342,000001.382,000001.285,2133189.04,000001.337,125533319.03
2021-09-25T20:00:02.078Z,-USD,000001.343,000001.382,000001.285,02256698.3,000001.338,125724677.38
2021-09-25T21:00:02.047Z,-USD,000001.368,000001.382,000001.285,2315185.49,000001.336,125842424.88
2021-09-25T22:00:01.967Z,-USD,000001.374,000001.376,000001.285,2293052.21,000001.327,125873695.29
2021-09-25T23:00:02.555Z,-USD,000001.364,000001.376,000001.285,2050332.53,000001.333,125918682.92
2021-09-26T00:00:01.749Z,-USD,000001.345,000001.376,000001.285,2047844.39,000001.333,125964083.92
2021-09-26T01:00:01.825Z,-USD,000001.367,000001.376,000001.285,2023944.08,000001.309,120323823.32
2021-09-26T02:00:02.1Z,-USD,000001.348,000001.376,000001.285,1966950.53,00000001.3,120371530.58
2021-09-26T03:00:01.99Z,-USD,000001.337,000001.376,000001.277,01994049.6,000001.287,120437609.6
2021-09-26T04:00:02.515Z,-USD,000001.357,000001.376,000001.277,2002603.47,000001.295,120499680.65
2021-09-26T05:00:01.75Z,-USD,0000001.35,000001.376,000001.277,1981597.72,00000001.3,120534994.4
2021-09-26T06:00:02.535Z,-USD,000001.342,000001.411,000001.277,3008923.77,000001.371,121585545.45
2021-09-26T07:00:02.664Z,-USD,000001.359,000001.411,000001.277,3267117.96,000001.335,121875276.39
2021-09-26T08:00:02.631Z,-USD,000001.333,000001.411,000001.261,3467736.46,000001.283,122190902.72
2021-09-26T09:00:02.674Z,-USD,000001.331,000001.411,000001.255,3462434.46,0000001.27,122320598.8
2021-09-26T10:00:01.845Z,-USD,000001.357,000001.411,000001.255,3630705.34,000001.329,122571392.51
2021-09-26T11:00:01.798Z,-USD,000001.353,000001.411,000001.255,3644781.08,000001.314,122652204.14
2021-09-26T12:00:02.079Z,-USD,000001.345,000001.411,000001.255,3628672.43,0000001.33,122696645.91
2021-09-26T13:00:02.198Z,-USD,000001.348,000001.411,000001.255,3625291.83,000001.342,122738149.18
2021-09-26T14:00:02.218Z,-USD,000001.355,000001.411,000001.255,03596454.2,000001.338,122784047.24
2021-09-26T15:00:02.375Z,-USD,000001.338,000001.411,000001.255,3503067.54,000001.345,122837374.23
2021-09-26T16:00:02.518Z,-USD,000001.367,000001.411,000001.255,3486713.63,0000001.35,122901165.16
2021-09-26T17:00:02.496Z,-USD,000001.357,000001.411,000001.255,3404760.05,000001.333,122958895.62
2021-09-26T18:00:01.767Z,-USD,0000001.35,000001.411,000001.255,3379381.81,000001.341,123028970.08
2021-09-26T19:00:01.978Z,-USD,000001.339,000001.411,000001.255,03269865.4,000001.345,123076305.81
2021-09-26T20:00:02.12Z,-USD,000001.337,000001.411,000001.255,3147487.26,000001.349,123146119.29
2021-09-26T21:00:02.114Z,-USD,000001.329,000001.411,000001.255,3137728.01,000001.355,123254127.39
2021-09-26T22:00:02.208Z,-USD,000001.328,000001.411,000001.255,3139078.22,000001.351,123286072.66
2021-09-26T23:00:02.421Z,-USD,000001.337,000001.411,000001.255,3158427.29,000001.321,123350964.13
2021-09-27T00:00:02.585Z,-USD,000001.334,000001.411,000001.255,03214391.5,000001.326,123451607.01
2021-09-27T01:00:01.792Z,-USD,000001.314,000001.411,000001.255,3201005.06,000001.349,120359947.11
2021-09-27T02:00:01.815Z,-USD,000001.298,000001.411,000001.255,3238416.58,000001.368,120445017.62
2021-09-27T03:00:01.926Z,-USD,000001.283,000001.411,000001.255,3241156.38,000001.357,120513732.13
2021-09-27T04:00:02.541Z,-USD,000001.293,000001.411,000001.255,3225517.47,0000001.35,120560694.85
2021-09-27T05:00:02.144Z,-USD,00000001.3,000001.411,000001.255,3233685.63,000001.348,120603645.24
2021-09-27T06:00:02.117Z,-USD,000001.367,0000001.37,000001.255,2198299.55,000001.362,120627197.63
2021-09-27T07:00:02.227Z,-USD,000001.335,000001.376,000001.255,1954176.26,000001.347,120669509.68
2021-09-27T08:00:02.214Z,-USD,000001.281,000001.376,000001.255,1686182.03,000001.356,120717488.55
2021-09-27T09:00:02.262Z,-USD,000001.271,000001.376,000001.268,1591564.64,000001.352,120748429.56
2021-09-27T10:00:02.303Z,-USD,000001.329,000001.376,000001.303,01385191.9,000001.343,120792190.34
2021-09-27T11:00:01.866Z,-USD,000001.319,000001.376,000001.303,1329867.58,000001.354,120817417.15
2021-09-27T12:00:01.882Z,-USD,000001.334,000001.376,000001.303,1313268.65,000001.355,120847358.89
2021-09-27T13:00:02.11Z,-USD,000001.346,000001.376,000001.303,1330419.54,000001.336,120904848.36
2021-09-27T14:00:02.199Z,-USD,000001.344,000001.376,000001.303,1355815.99,000001.329,120974832.76
2021-09-27T15:00:02.738Z,-USD,000001.346,000001.376,000001.301,1375365.75,000001.302,121049306.79
2021-09-27T16:00:02.049Z,-USD,000001.352,000001.376,000001.295,1399730.25,000001.304,121136041.96
2021-09-27T17:00:02.063Z,-USD,000001.339,000001.376,000001.275,01411771.3,000001.284,121205632.93
2021-09-27T18:00:02.964Z,-USD,0000001.34,000001.376,000001.275,1425955.12,000001.282,121289915.23
2021-09-27T19:00:02.296Z,-USD,000001.342,000001.376,000001.275,1417678.77,000001.279,121328962.0
2021-09-27T20:00:02.256Z,-USD,000001.352,000001.376,000001.275,1414947.66,000001.292,121396756.16
2021-09-27T21:00:02.424Z,-USD,000001.355,000001.376,000001.267,1414574.57,000001.273,121503767.09
2021-09-27T22:00:02.669Z,-USD,0000001.35,000001.376,000001.266,1433956.08,000001.294,121555456.77
2021-09-27T23:00:01.766Z,-USD,000001.316,000001.376,000001.266,1447090.79,000001.296,121633052.94
2021-09-28T00:00:02.209Z,-USD,000001.326,000001.376,000001.259,1410506.71,000001.264,121697236.6
2021-09-28T01:00:02.458Z,-USD,000001.349,000001.376,000001.256,1391335.18,000001.272,114941344.31
2021-09-28T02:00:01.85Z,-USD,000001.369,000001.376,000001.256,1375003.73,000001.275,115009305.78
2021-09-28T03:00:01.975Z,-USD,000001.359,000001.376,000001.256,1352730.29,000001.274,115056287.84
2021-09-28T04:00:02.216Z,-USD,000001.352,000001.376,000001.256,1366879.43,000001.276,115116816.3
2021-09-28T05:00:01.939Z,-USD,000001.346,000001.376,000001.256,1352637.94,000001.282,115145517.12
2021-09-28T06:00:02.042Z,-USD,000001.364,000001.376,000001.256,1354810.65,000001.274,115171282.18
2021-09-28T07:00:02.341Z,-USD,000001.348,000001.375,000001.256,1356043.32,000001.268,115214777.75
2021-09-28T08:00:02.528Z,-USD,000001.351,000001.375,000001.239,1398457.82,000001.244,115305292.69
2021-09-28T09:00:02.378Z,-USD,000001.351,000001.375,000001.239,1431189.21,0000001.26,115368846.49
2021-09-28T10:00:02.386Z,-USD,000001.347,000001.361,000001.239,1415763.25,000001.261,115401634.97
2021-09-28T11:00:02.074Z,-USD,000001.357,000001.361,000001.239,1450091.32,000001.258,115457285.46
2021-09-28T12:00:02.338Z,-USD,000001.355,000001.361,000001.239,1460522.65,0000001.27,115497125.13
2021-09-28T13:00:02.449Z,-USD,000001.335,000001.344,000001.239,1461672.93,000001.254,115555930.75
2021-09-28T14:00:02.665Z,-USD,000001.324,000001.344,000001.239,1484634.24,0000001.26,115649162.72
2021-09-28T15:00:01.936Z,-USD,000001.305,000001.313,000001.235,1493035.18,000001.244,115731931.02
2021-09-28T16:00:02.569Z,-USD,000001.304,000001.307,000001.229,1484361.77,000001.231,115809634.55
2021-09-28T17:00:02.866Z,-USD,000001.283,000001.301,000001.221,01458467.1,000001.224,115854905.74
2021-09-28T18:00:02.31Z,-USD,000001.281,000001.301,000001.215,1646095.12,000001.221,116125235.45
2021-09-28T19:00:02.452Z,-USD,000001.282,000001.301,0000001.21,1716551.46,000001.222,116234885.5
2021-09-28T20:00:02.524Z,-USD,0000001.29,000001.301,0000001.21,1704287.75,000001.221,116290696.11
2021-09-28T21:00:02.277Z,-USD,000001.269,000001.301,0000001.21,1691226.59,000001.227,116384409.7
2021-09-28T22:00:01.703Z,-USD,000001.289,000001.301,0000001.21,1671735.76,000001.238,116416413.81
2021-09-28T23:00:02.446Z,-USD,000001.294,000001.297,0000001.21,1637725.19,000001.217,116460285.95
2021-09-29T00:00:02.799Z,-USD,000001.262,000001.286,000001.197,1667957.44,000001.204,116558851.95
2021-09-29T01:00:02.151Z,-USD,000001.274,000001.286,000001.193,1699149.91,000001.218,104871317.31
2021-09-29T02:00:01.875Z,-USD,000001.277,000001.286,000001.193,01678028.0,000001.221,104918810.96
2021-09-29T03:00:02.624Z,-USD,000001.271,000001.286,000001.193,1656002.45,000001.229,104944124.0
2021-09-29T04:00:02.225Z,-USD,000001.275,000001.286,000001.193,1638447.03,000001.243,104987029.69
2021-09-29T05:00:01.856Z,-USD,000001.281,000001.283,000001.193,1640708.62,000001.243,105019313.1
2021-09-29T06:00:02.48Z,-USD,000001.275,000001.279,000001.193,1628230.66,000001.245,105032786.0
2021-09-29T07:00:02.046Z,-USD,000001.271,000001.277,000001.193,1606060.61,0000001.26,105054246.92
2021-09-29T08:00:02.639Z,-USD,000001.244,000001.277,000001.193,1543450.24,000001.259,105079664.35
2021-09-29T09:00:02.32Z,-USD,000001.265,000001.277,000001.193,1495222.93,000001.254,105094835.88
2021-09-29T10:00:02.706Z,-USD,0000001.26,000001.277,000001.193,1506545.55,000001.243,105140458.64
2021-09-29T11:00:03.436Z,-USD,000001.259,000001.277,000001.193,1513451.36,000001.267,105201547.51
2021-09-29T12:00:02.427Z,-USD,000001.272,000001.277,000001.193,1502953.65,000001.266,105230933.9
2021-09-29T13:00:02.041Z,-USD,000001.257,000001.274,000001.193,1516419.46,000001.245,105303121.22
2021-09-29T14:00:02.192Z,-USD,000001.259,000001.274,000001.193,1463919.84,000001.253,105345521.52
2021-09-29T15:00:02.089Z,-USD,000001.242,000001.274,000001.193,01420593.2,000001.256,105384280.42
2021-09-29T16:00:01.756Z,-USD,000001.227,000001.274,000001.193,01414813.2,0000001.23,105455285.66
2021-09-29T17:00:02.569Z,-USD,000001.221,000001.274,000001.193,1452175.74,000001.224,105537908.68
2021-09-29T18:00:02.127Z,-USD,000001.219,000001.274,000001.193,1251293.66,000001.211,105607358.48
2021-09-29T19:00:01.734Z,-USD,000001.222,000001.274,000001.193,1193422.69,000001.214,105659182.9
2021-09-29T20:00:02.534Z,-USD,000001.224,000001.274,000001.193,1202084.15,000001.209,105726313.6
2021-09-29T21:00:02.245Z,-USD,000001.228,000001.274,000001.193,1195564.13,000001.207,105810943.3
2021-09-29T22:00:02.118Z,-USD,000001.234,000001.274,000001.193,1193964.54,0000001.21,105841148.99
2021-09-29T23:00:02.473Z,-USD,000001.217,000001.274,000001.193,1183782.27,000001.212,105879245.22
2021-09-30T20:00:24.953Z,-USD,000001.208,000001.335,000001.196,1886952.03,000001.311,101642078.37
2021-09-30T21:00:01.877Z,-USD,000001.207,000001.335,00000001.2,1900237.84,000001.305,101739589.29
2021-09-30T22:00:01.971Z,-USD,0000001.21,000001.335,000001.201,1904939.11,000001.317,101774473.52
2021-09-30T23:00:01.898Z,-USD,0000001.21,000001.335,0000001.21,01912892.3,000001.312,101820514.86
2021-10-01T00:00:02.236Z,-USD,000001.223,000001.335,000001.218,1939887.66,000001.308,101905998.78
2021-10-01T01:00:02.43Z,-USD,000001.246,000001.335,0000001.24,02074085.7,000001.312,97503639.83
2021-10-01T02:00:01.807Z,-USD,000001.258,000001.335,000001.241,02025200.2,000001.312,97527656.64
2021-10-01T03:00:02.143Z,-USD,000001.263,000001.335,000001.241,02053407.3,000001.295,97576860.69
2021-10-01T04:00:01.981Z,-USD,000001.271,000001.335,000001.241,2142886.33,000001.301,97715968.72
2021-10-01T05:00:01.806Z,-USD,000001.267,000001.335,000001.241,2211698.47,00000001.3,97811976.2
2021-10-01T06:00:01.719Z,-USD,000001.268,000001.335,000001.241,2216857.52,000001.319,97850837.85
2021-10-01T07:00:02.628Z,-USD,000001.272,000001.335,000001.241,2289602.35,000001.323,97952234.96
2021-10-01T08:00:02.645Z,-USD,000001.265,000001.337,000001.241,2283595.88,000001.335,97999817.13
2021-10-01T09:00:02.609Z,-USD,000001.255,0000001.35,000001.241,02299259.9,0000001.35,98033314.26
2021-10-01T10:00:02.404Z,-USD,000001.258,0000001.35,000001.241,2347475.06,000001.341,98095714.48
2021-10-01T11:00:02.164Z,-USD,000001.246,0000001.39,000001.245,2737938.85,000001.385,98500121.62
2021-10-01T12:00:02.314Z,-USD,000001.259,000001.414,000001.258,2890181.66,000001.401,98683720.12
2021-10-01T13:00:02.328Z,-USD,000001.273,000001.414,000001.266,2960133.65,000001.384,98809750.47
2021-10-01T14:00:02.419Z,-USD,000001.283,000001.414,000001.277,3008231.74,000001.393,98897918.46
2021-10-01T15:00:02.422Z,-USD,000001.295,000001.414,0000001.29,3033642.75,000001.405,99014338.58
2021-10-01T16:00:02.633Z,-USD,000001.308,000001.449,0000001.29,2991081.63,000001.449,99322984.01
2021-10-01T17:00:01.817Z,-USD,000001.312,0000001.47,0000001.29,3147428.91,000001.464,99596508.21
2021-10-01T18:00:02.137Z,-USD,000001.303,000001.482,000001.292,3169759.36,0000001.48,99808787.71
2021-10-01T19:00:02.528Z,-USD,0000001.33,000001.488,000001.292,3324540.91,0000001.48,100119357.28
2021-10-01T20:00:02.642Z,-USD,000001.316,000001.488,000001.292,3112333.99,000001.486,100175817.56
2021-10-01T21:00:01.797Z,-USD,000001.304,000001.491,000001.292,3191233.03,000001.489,100351265.07
2021-10-01T22:00:01.864Z,-USD,000001.314,000001.522,000001.292,3393976.95,000001.506,100588953.32
2021-10-01T23:00:01.744Z,-USD,000001.313,000001.542,000001.292,3739703.58,000001.501,100983242.93
2021-10-02T00:00:02.671Z,-USD,0000001.31,000001.542,000001.292,3794381.78,000001.524,101122089.01
2021-10-02T01:00:02.583Z,-USD,0000001.31,000001.542,000001.292,3879117.71,00000001.5,97271045.0
2021-10-02T02:00:01.75Z,-USD,000001.317,000001.542,000001.292,4034307.65,000001.513,97449415.37
2021-10-02T03:00:01.917Z,-USD,000001.295,000001.542,000001.294,4209802.91,000001.516,97674128.46
2021-10-02T04:00:02.267Z,-USD,000001.307,000001.544,000001.294,4381320.95,000001.511,97984744.33
2021-10-02T05:00:01.935Z,-USD,000001.298,000001.544,000001.294,4465593.11,000001.501,98164978.96
2021-10-02T06:00:02.018Z,-USD,000001.319,000001.544,000001.314,4518135.53,000001.512,98260557.48
2021-10-02T07:00:02.099Z,-USD,000001.323,000001.544,000001.315,04487620.0,000001.511,98327320.71
2021-10-02T08:00:01.754Z,-USD,000001.337,000001.544,000001.336,4584781.71,000001.533,98476248.71
2021-10-02T09:00:02.683Z,-USD,000001.347,000001.544,0000001.34,4654173.64,000001.512,98574895.23
2021-10-02T10:00:02.272Z,-USD,000001.341,000001.544,0000001.34,4728184.96,000001.533,98711608.09
2021-10-02T11:00:02.409Z,-USD,000001.385,000001.544,000001.376,4400171.95,000001.521,98790006.51
2021-10-02T12:00:02.429Z,-USD,000001.405,000001.544,000001.376,4405466.82,000001.521,98977588.44
2021-10-02T13:00:02.295Z,-USD,000001.385,000001.544,000001.376,04352762.3,000001.519,99050056.47
2021-10-02T14:00:02.394Z,-USD,000001.388,000001.551,000001.385,4457033.07,000001.534,99251855.88
2021-10-02T15:00:02.37Z,-USD,000001.408,000001.553,000001.408,4458025.58,0000001.55,99364210.6
2021-10-02T16:00:02.284Z,-USD,000001.449,000001.563,000001.441,4268492.18,000001.558,99478942.81
2021-10-02T17:00:01.853Z,-USD,000001.467,000001.565,000001.458,04078686.4,0000001.56,99565792.66
2021-10-02T18:00:01.996Z,-USD,000001.477,000001.567,000001.464,3979228.42,000001.563,99676202.3
2021-10-02T19:00:03.21Z,-USD,0000001.48,000001.568,000001.464,3747611.56,000001.562,99754387.13
2021-10-02T20:00:02.449Z,-USD,000001.484,000001.575,000001.464,3797229.94,0000001.57,99860610.61
2021-10-02T21:00:02.484Z,-USD,000001.494,000001.575,000001.491,3802698.74,000001.556,100049327.78
2021-10-02T22:00:02.619Z,-USD,000001.508,000001.575,000001.491,3656171.21,000001.557,100133322.17
2021-10-02T23:00:02.232Z,-USD,000001.506,000001.575,000001.491,3331484.38,000001.544,100205474.76
2021-10-03T00:00:02.159Z,-USD,000001.525,000001.575,000001.491,3557786.13,000001.509,100568771.67
2021-10-03T01:00:02.643Z,-USD,000001.506,000001.575,000001.469,03500430.0,000001.487,97216380.54
2021-10-03T02:00:02.455Z,-USD,000001.514,000001.575,000001.469,3478792.25,000001.506,97374496.3
2021-10-03T03:00:02.212Z,-USD,000001.516,000001.575,000001.469,3451920.93,000001.508,97575476.59
2021-10-03T04:00:02.056Z,-USD,000001.507,000001.575,000001.469,03224765.0,000001.526,97657294.98
2021-10-03T05:00:02.271Z,-USD,000001.507,000001.575,000001.469,3156913.31,0000001.54,97774530.1
2021-10-03T06:00:01.704Z,-USD,000001.511,000001.575,000001.469,3160646.77,000001.554,97867697.14
2021-10-03T07:00:02.137Z,-USD,000001.512,000001.575,000001.469,3140692.98,000001.544,97915023.26
2021-10-03T08:00:01.747Z,-USD,000001.534,000001.575,000001.469,3038114.94,000001.529,97960252.33
2021-10-03T09:00:02.23Z,-USD,000001.522,000001.575,000001.469,2933221.77,000001.536,98000361.02
2021-10-03T10:00:01.83Z,-USD,000001.528,000001.575,000001.469,2910047.68,000001.509,98066542.29
2021-10-03T11:00:02.311Z,-USD,000001.521,000001.575,000001.469,2910340.65,000001.506,98146775.37
2021-10-03T12:00:02.605Z,-USD,000001.524,000001.575,000001.469,2820558.82,000001.539,98242350.48
2021-10-03T13:00:02.294Z,-USD,000001.519,000001.575,000001.469,2810737.18,000001.533,98306596.64
2021-10-03T14:00:02.107Z,-USD,000001.534,000001.575,000001.469,2672120.18,000001.549,98368893.45
2021-10-03T15:00:01.771Z,-USD,000001.553,000001.575,000001.469,2618154.62,000001.534,98426715.21
2021-10-03T16:00:02.635Z,-USD,000001.556,000001.575,000001.469,2569308.52,000001.518,98494499.54
2021-10-03T17:00:02.595Z,-USD,000001.563,000001.575,000001.469,02563618.1,000001.527,98573870.17
2021-10-03T18:00:02.164Z,-USD,000001.565,000001.575,000001.469,2544608.52,000001.537,98666312.19
2021-10-03T19:00:02.339Z,-USD,000001.561,000001.575,000001.469,2615947.75,000001.545,98814706.46
2021-10-03T20:00:02.394Z,-USD,0000001.57,000001.574,000001.469,02618798.7,000001.545,98934909.71
2021-10-03T21:00:02.153Z,-USD,000001.555,000001.565,000001.469,2556400.82,000001.535,99050462.03
2021-10-03T22:00:02.068Z,-USD,000001.557,000001.565,000001.469,02574142.0,000001.507,99152348.6
2021-10-03T23:00:01.757Z,-USD,000001.535,000001.556,000001.469,02567778.4,000001.528,99230011.88
2021-10-04T00:00:01.766Z,-USD,000001.504,000001.556,000001.469,2288566.95,000001.547,99304513.51
2021-10-04T01:00:01.911Z,-USD,000001.478,000001.626,000001.474,2869412.96,000001.598,97047431.17
2021-10-04T02:00:02.161Z,-USD,000001.501,000001.626,00000001.5,3512655.15,000001.601,97851969.11
2021-10-04T03:00:02.437Z,-USD,000001.508,000001.626,000001.502,3517097.41,000001.557,98056919.08
2021-10-04T04:00:02.577Z,-USD,000001.527,000001.626,000001.502,03644852.4,000001.548,98264073.59
2021-10-04T05:00:02.206Z,-USD,000001.541,000001.626,000001.502,3751888.88,000001.552,98488234.03
2021-10-04T06:00:02.478Z,-USD,000001.555,000001.666,000001.502,4737208.61,000001.642,99566566.37
2021-10-04T07:00:02.295Z,-USD,000001.541,00000001.7,000001.502,5639058.99,000001.676,100515935.52
2021-10-04T08:00:02.455Z,-USD,000001.527,00000001.7,000001.502,06075553.1,000001.655,100996941.18
2021-10-04T09:00:02.365Z,-USD,000001.528,00000001.7,000001.502,6447940.14,000001.629,101411562.21
2021-10-04T10:00:02.176Z,-USD,000001.511,00000001.7,000001.503,6626396.65,000001.646,101663686.07
2021-10-04T11:00:02.405Z,-USD,000001.509,00000001.7,000001.504,6678542.95,000001.622,101787656.33
2021-10-04T12:00:02.181Z,-USD,000001.533,00000001.7,000001.504,6844878.31,000001.609,102049453.77
2021-10-04T13:00:03.229Z,-USD,000001.534,00000001.7,000001.504,7067062.11,000001.644,102336790.55
2021-10-04T14:00:02.249Z,-USD,000001.548,00000001.7,000001.504,7151130.27,000001.642,102486188.18
2021-10-04T15:00:02.514Z,-USD,000001.537,00000001.7,000001.504,7583809.37,000001.572,102971827.19
2021-10-04T16:00:01.811Z,-USD,0000001.52,00000001.7,000001.504,7929879.54,000001.581,103389774.6
2021-10-04T17:00:01.975Z,-USD,000001.526,00000001.7,000001.504,8076261.23,00000001.6,103611503.27
2021-10-04T18:00:02.628Z,-USD,000001.541,00000001.7,000001.504,8138100.97,000001.602,103765557.64
2021-10-04T19:00:02.19Z,-USD,000001.548,00000001.7,000001.504,8175007.27,0000001.62,103957803.18
2021-10-04T20:00:02.612Z,-USD,000001.547,00000001.7,000001.504,8282154.35,000001.614,104178322.63
2021-10-04T21:00:02.314Z,-USD,000001.534,00000001.7,000001.504,8407380.94,000001.589,104421008.99
2021-10-04T22:00:02.616Z,-USD,000001.508,00000001.7,000001.508,8452434.56,000001.579,104566256.93
2021-10-04T23:00:01.945Z,-USD,000001.532,00000001.7,000001.523,8614208.28,000001.559,104806903.64
2021-10-05T00:00:01.829Z,-USD,000001.551,00000001.7,000001.523,8622139.99,000001.568,104889277.64
2021-10-05T01:00:01.97Z,-USD,000001.598,00000001.7,000001.523,7964659.56,0000001.57,101789353.14
2021-10-05T02:00:02.235Z,-USD,000001.595,00000001.7,000001.523,7267068.53,000001.559,101868270.54
2021-10-05T03:00:02.364Z,-USD,000001.562,00000001.7,000001.523,7267189.39,000001.568,102068580.67
2021-10-05T04:00:02.384Z,-USD,000001.547,00000001.7,000001.523,7169742.24,000001.572,102180692.88
2021-10-05T05:00:01.837Z,-USD,000001.559,00000001.7,000001.529,7010698.44,000001.557,102239514.16
2021-10-05T06:00:01.692Z,-USD,000001.639,00000001.7,000001.529,5941547.22,0000001.58,102266030.45
2021-10-05T07:00:02.624Z,-USD,000001.674,000001.674,000001.529,05068230.2,000001.595,102332988.44
2021-10-05T08:00:02.359Z,-USD,000001.662,000001.664,000001.529,4636294.17,000001.603,102394628.13
2021-10-05T09:00:02.454Z,-USD,000001.633,000001.657,000001.529,4327667.78,0000001.59,102481691.95
2021-10-05T10:00:02.347Z,-USD,000001.657,000001.657,000001.529,4169886.42,000001.595,102580451.81
2021-10-05T11:00:02.138Z,-USD,0000001.62,000001.657,000001.529,4160673.42,000001.596,102688874.01
2021-10-05T12:00:02.334Z,-USD,000001.606,000001.657,000001.529,3905573.98,000001.603,102727327.83
2021-10-05T13:00:02.277Z,-USD,000001.646,000001.657,000001.529,3707720.86,000001.602,102795364.46
2021-10-05T14:00:02.345Z,-USD,000001.644,000001.657,000001.529,3629158.31,000001.608,102859542.56
2021-10-05T15:00:02.507Z,-USD,000001.577,000001.627,000001.529,3381338.69,000001.572,103110294.61
2021-10-05T16:00:02.682Z,-USD,000001.587,000001.627,000001.551,3175576.42,000001.565,103306979.11
2021-10-05T17:00:02.625Z,-USD,000001.601,000001.627,000001.551,3479148.74,000001.612,103832491.64
2021-10-05T18:00:02.044Z,-USD,000001.606,0000001.69,000001.551,4663053.51,000001.675,105170888.1
2021-10-05T19:00:02.356Z,-USD,000001.619,000001.692,000001.551,5049703.21,000001.676,105758440.92
2021-10-05T20:00:02.651Z,-USD,000001.618,000001.708,000001.551,5115862.12,000001.696,106037462.75
2021-10-05T21:00:01.92Z,-USD,000001.588,000001.712,000001.551,5140543.89,000001.683,106304338.75
2021-10-05T22:00:02.228Z,-USD,000001.581,0000001.72,000001.551,5171830.72,000001.713,106479274.56
2021-10-05T23:00:02.554Z,-USD,000001.558,000001.724,000001.551,05187328.4,000001.696,106740677.16
2021-10-06T00:00:02.48Z,-USD,000001.568,000001.724,000001.551,5317342.11,000001.688,106946929.09
2021-10-06T01:00:03.848Z,-USD,000001.574,000001.754,000001.553,5926371.65,000001.721,102890250.37
2021-10-06T02:00:02.558Z,-USD,0000001.56,000001.754,000001.553,6170012.27,000001.709,103210888.64
2021-10-06T03:00:02.558Z,-USD,000001.566,000001.754,000001.553,6204552.56,000001.689,103447140.05
2021-10-06T04:00:02.525Z,-USD,000001.573,000001.754,000001.553,6161194.78,000001.678,103521148.34
2021-10-06T05:00:02.242Z,-USD,000001.561,000001.754,000001.553,6336484.15,000001.665,103750955.85
2021-10-06T06:00:02.1Z,-USD,000001.576,000001.754,000001.553,6655766.61,000001.657,104094813.41
2021-10-06T07:00:01.857Z,-USD,000001.588,000001.754,000001.553,6738376.23,000001.647,104244382.73
2021-10-06T08:00:01.881Z,-USD,000001.598,000001.754,000001.553,6862006.88,000001.614,104429260.31
2021-10-06T09:00:01.785Z,-USD,000001.589,000001.754,000001.547,7585648.12,000001.564,105253945.76
2021-10-06T10:00:01.918Z,-USD,000001.595,000001.754,000001.544,7674129.39,000001.565,105428621.67
2021-10-06T11:00:02.583Z,-USD,000001.598,000001.754,000001.544,7657084.33,000001.575,105518595.73
2021-10-06T12:00:02.527Z,-USD,000001.599,000001.754,000001.544,7895508.97,000001.582,105796996.37
2021-10-06T13:00:02.795Z,-USD,00000001.6,000001.754,000001.544,7983928.45,0000001.61,105952106.98
2021-10-06T14:00:02.037Z,-USD,000001.605,000001.754,000001.544,8155877.52,000001.653,106188354.72
2021-10-06T15:00:01.789Z,-USD,0000001.57,000001.754,000001.544,8809594.42,000001.695,107097266.77
2021-10-06T16:00:02.198Z,-USD,000001.565,000001.754,000001.544,9053215.29,000001.702,107533013.61
2021-10-06T17:00:02.432Z,-USD,000001.617,000001.754,000001.544,08787673.6,000001.692,107794749.34
2021-10-06T18:00:02.61Z,-USD,000001.679,000001.754,000001.544,7694589.24,000001.699,108040085.94
2021-10-06T19:00:02.044Z,-USD,000001.678,000001.754,000001.544,7276448.14,000001.672,108207899.24
2021-10-06T20:00:02.302Z,-USD,000001.696,000001.754,000001.544,7083877.38,000001.667,108297001.54
2021-10-06T21:00:02.267Z,-USD,000001.686,000001.754,000001.544,07045956.7,000001.636,108534593.98
2021-10-06T22:00:02.387Z,-USD,000001.717,000001.754,000001.544,7056906.27,0000001.63,108711968.34
2021-10-06T23:00:02.252Z,-USD,000001.703,000001.754,000001.544,06917927.3,000001.642,108838062.47
2021-10-07T00:00:02.344Z,-USD,000001.697,000001.754,000001.544,6905971.44,000001.649,109028254.48
2021-10-07T01:00:02.619Z,-USD,000001.725,000001.726,000001.544,6283410.12,0000001.63,98488580.31
2021-10-07T02:00:01.765Z,-USD,000001.714,000001.718,000001.544,6212881.38,0000001.62,98752123.02
2021-10-07T03:00:01.924Z,-USD,0000001.69,0000001.71,000001.544,6186007.44,000001.625,98948712.06
2021-10-07T04:00:01.977Z,-USD,000001.681,0000001.71,000001.544,6219315.79,000001.616,99065473.34
2021-10-07T05:00:01.982Z,-USD,000001.662,0000001.71,000001.544,6202897.49,000001.642,99268753.72
2021-10-07T06:00:02.06Z,-USD,000001.658,0000001.71,000001.544,5915857.16,000001.632,99328839.6
2021-10-07T07:00:02.06Z,-USD,000001.643,0000001.71,000001.544,6026587.36,0000001.62,99586067.34
2021-10-07T08:00:01.954Z,-USD,000001.616,0000001.71,000001.544,5927847.91,000001.662,99671799.94
2021-10-07T09:00:02.462Z,-USD,000001.568,0000001.71,000001.544,5204563.71,000001.666,99773821.43
2021-10-07T10:00:01.882Z,-USD,000001.564,0000001.71,000001.558,5102479.67,0000001.65,99845480.98
2021-10-07T11:00:02.552Z,-USD,000001.579,0000001.71,000001.575,5097094.02,000001.624,99935590.89
2021-10-07T12:00:02.381Z,-USD,0000001.58,0000001.71,000001.578,04854190.2,000001.642,100017963.27
2021-10-07T13:00:02.003Z,-USD,000001.609,0000001.71,000001.596,4903438.88,000001.635,100171672.05
2021-10-07T14:00:02.354Z,-USD,0000001.66,0000001.71,000001.596,04696638.1,000001.654,100239242.37
2021-10-07T15:00:02.174Z,-USD,000001.693,0000001.71,000001.596,3982022.33,000001.612,100403303.36
2021-10-07T16:00:02.337Z,-USD,000001.706,0000001.71,000001.596,3681165.91,000001.608,100533201.9
2021-10-07T17:00:02.827Z,-USD,0000001.69,000001.705,000001.591,3534168.45,000001.613,100644203.44
2021-10-07T18:00:02.286Z,-USD,000001.705,000001.705,000001.591,3361952.89,000001.608,100731132.02
2021-10-07T19:00:02.466Z,-USD,0000001.67,0000001.68,000001.591,3275826.88,000001.613,100808756.08
2021-10-07T20:00:02.612Z,-USD,000001.664,000001.679,000001.591,3421063.64,000001.628,101037878.66
2021-10-07T21:00:02.671Z,-USD,000001.637,000001.679,000001.591,3236663.24,000001.641,101087612.16
2021-10-07T22:00:02.414Z,-USD,000001.629,000001.679,000001.591,3312151.78,000001.642,101341012.61
2021-10-07T23:00:01.81Z,-USD,000001.642,000001.679,000001.591,3364274.95,000001.649,101517958.09
2021-10-08T00:00:02.056Z,-USD,000001.646,000001.679,000001.591,3402519.85,000001.662,101747531.15
2021-10-08T01:00:02.337Z,-USD,000001.626,000001.681,000001.591,03652681.3,000001.657,95606664.96
2021-10-08T02:00:02.461Z,-USD,000001.618,000001.681,000001.591,3754514.46,000001.665,95968356.95
2021-10-08T03:00:02.42Z,-USD,000001.625,000001.681,000001.591,3971583.79,000001.647,96379904.25
2021-10-08T04:00:02.64Z,-USD,000001.612,000001.681,000001.591,3967491.56,000001.646,96533738.41
2021-10-08T05:00:02.097Z,-USD,000001.639,000001.681,000001.591,03911414.9,000001.666,96639920.73
2021-10-08T06:00:02.779Z,-USD,000001.634,000001.681,000001.591,4056943.89,000001.668,96845752.44
2021-10-08T07:00:01.68Z,-USD,000001.616,000001.681,000001.591,3850165.49,000001.678,96896945.26
2021-10-08T08:00:02.649Z,-USD,0000001.66,000001.694,000001.591,3875570.46,0000001.69,97006582.76
2021-10-08T09:00:01.806Z,-USD,000001.665,000001.716,000001.591,4177939.24,000001.713,97411598.67
2021-10-08T10:00:02.664Z,-USD,000001.653,000001.723,000001.591,4326532.27,000001.706,97639662.25
2021-10-08T11:00:02.738Z,-USD,000001.629,000001.727,000001.591,4625900.49,000001.709,98021745.24
2021-10-08T12:00:01.729Z,-USD,000001.643,000001.727,000001.591,4734250.83,000001.698,98212238.02
2021-10-08T13:00:01.748Z,-USD,000001.635,000001.727,000001.591,4929412.09,000001.683,98568663.9
2021-10-08T14:00:01.788Z,-USD,000001.655,000001.727,000001.591,5057260.65,000001.688,98756471.6
2021-10-08T15:00:01.932Z,-USD,000001.609,000001.727,000001.591,5117212.33,000001.718,98981057.78
2021-10-08T16:00:01.733Z,-USD,0000001.61,000001.732,000001.591,5203809.68,00000001.7,99199969.38
2021-10-08T17:00:02.074Z,-USD,000001.614,000001.732,000001.604,5261449.51,000001.711,99365617.48
2021-10-08T18:00:02.349Z,-USD,000001.609,000001.732,000001.604,5286000.32,00000001.7,99478152.84
2021-10-08T19:00:02.991Z,-USD,000001.616,000001.732,000001.616,05283714.6,0000001.71,99554597.33
2021-10-08T20:00:02.668Z,-USD,000001.634,000001.732,000001.621,5276976.61,00000001.7,99774294.54
2021-10-08T21:00:01.935Z,-USD,000001.639,000001.732,000001.621,5611987.13,000001.681,100165017.19
2021-10-08T22:00:02.123Z,-USD,000001.643,000001.732,000001.621,5587672.88,000001.684,100394051.84
2021-10-08T23:00:02.58Z,-USD,000001.654,000001.732,000001.634,5539345.83,000001.692,100519777.93
2021-10-09T00:00:01.744Z,-USD,0000001.68,000001.732,000001.634,5506935.73,000001.697,100736347.89
2021-10-09T01:00:01.779Z,-USD,000001.662,000001.732,000001.634,05325620.2,000001.684,95842221.69
2021-10-09T02:00:01.757Z,-USD,000001.671,000001.732,000001.634,5141808.77,000001.661,96014433.14
2021-10-09T03:00:01.973Z,-USD,000001.645,000001.732,000001.634,4756616.63,000001.672,96086841.01
2021-10-09T04:00:02.461Z,-USD,0000001.65,000001.732,000001.645,4742237.95,000001.685,96182433.82
2021-10-09T05:00:02.076Z,-USD,0000001.67,000001.732,000001.649,4810201.99,000001.695,96370876.84
2021-10-09T06:00:02.058Z,-USD,0000001.67,000001.732,000001.653,4692789.63,000001.687,96444314.24
2021-10-09T07:00:01.978Z,-USD,000001.681,000001.732,000001.653,04716179.2,000001.693,96523381.39
2021-10-09T08:00:01.965Z,-USD,000001.691,000001.732,000001.653,04642593.9,000001.698,96568972.96
2021-10-09T09:00:01.831Z,-USD,000001.715,000001.732,000001.653,4325813.89,000001.682,96641460.2
2021-10-09T10:00:01.974Z,-USD,000001.711,000001.732,000001.653,4183489.24,000001.695,96728331.71
2021-10-09T11:00:02.63Z,-USD,000001.716,000001.732,000001.653,3828940.29,000001.698,96767924.0
2021-10-09T12:00:02.557Z,-USD,000001.693,000001.732,000001.653,3706679.52,0000001.67,96824789.52
2021-10-09T13:00:02.488Z,-USD,000001.686,000001.732,000001.653,3448793.92,000001.676,96923429.5
2021-10-09T14:00:02.565Z,-USD,000001.691,000001.732,000001.653,3453151.77,000001.697,97114021.25
2021-10-09T15:00:02.382Z,-USD,000001.723,000001.732,000001.653,3294293.14,000001.686,97200390.02
2021-10-09T16:00:01.741Z,-USD,000001.701,000001.721,000001.653,3245693.56,0000001.69,97365514.49
2021-10-09T17:00:02.433Z,-USD,000001.713,0000001.72,000001.653,3286680.58,0000001.68,97564296.32
2021-10-09T18:00:01.824Z,-USD,000001.708,0000001.72,000001.653,3278227.93,000001.694,97664342.6
2021-10-09T19:00:02.075Z,-USD,000001.718,0000001.72,000001.653,3368011.51,000001.696,97830385.84
2021-10-09T20:00:01.879Z,-USD,000001.703,000001.707,000001.653,3214817.18,000001.684,97897704.9
2021-10-09T21:00:02.673Z,-USD,000001.683,000001.704,000001.653,2886383.03,000001.682,97995676.74
2021-10-09T22:00:02.583Z,-USD,000001.681,000001.704,000001.653,2733017.69,000001.688,98032634.26
2021-10-09T23:00:02.295Z,-USD,000001.699,000001.704,000001.653,2739337.23,000001.691,98190636.05
2021-10-10T00:00:02.547Z,-USD,00000001.7,000001.718,000001.653,2716034.69,000001.717,98369445.29
2021-10-10T01:00:02.553Z,-USD,000001.689,000001.723,000001.653,2635612.27,000001.688,94629308.26
2021-10-10T02:00:02.552Z,-USD,000001.664,000001.723,000001.653,2649770.01,000001.689,94814039.86
2021-10-10T03:00:01.861Z,-USD,000001.673,000001.723,000001.665,2704832.57,000001.691,94941803.39
2021-10-10T04:00:01.882Z,-USD,000001.686,000001.723,000001.665,2676563.98,000001.696,95008543.67
2021-10-10T05:00:02.18Z,-USD,000001.696,000001.723,000001.665,2619222.76,000001.707,95140548.72
2021-10-10T06:00:02.301Z,-USD,000001.686,000001.723,000001.665,2599736.93,000001.694,95193368.86
2021-10-10T07:00:02.218Z,-USD,000001.697,000001.723,000001.665,2566503.62,000001.699,95249330.19
2021-10-10T08:00:02.251Z,-USD,00000001.7,000001.723,000001.665,2567427.52,000001.686,95286524.44
2021-10-10T09:00:02.179Z,-USD,000001.682,000001.723,000001.665,2525042.88,000001.695,95315793.49
2021-10-10T10:00:02.269Z,-USD,000001.699,000001.723,000001.665,2482130.92,000001.674,95361360.06
2021-10-10T11:00:02.648Z,-USD,000001.701,000001.723,000001.665,2466132.12,000001.667,95389117.7
2021-10-10T12:00:07.664Z,-USD,000001.672,000001.723,000001.656,02504866.4,000001.669,95482195.45
2021-10-10T13:00:02.71Z,-USD,000001.678,000001.723,000001.652,2460597.07,000001.657,95534176.01
2021-10-10T14:00:01.793Z,-USD,000001.696,000001.723,000001.646,2404371.89,0000001.66,95667656.07
2021-10-10T15:00:02.025Z,-USD,000001.688,000001.723,000001.646,2426223.79,000001.667,95775964.65
2021-10-10T16:00:02.139Z,-USD,000001.686,000001.723,000001.646,02303447.8,000001.669,95818809.17
2021-10-10T17:00:02.385Z,-USD,000001.681,000001.723,000001.646,2126386.73,000001.656,95873780.31
2021-10-10T18:00:02.252Z,-USD,000001.691,000001.723,000001.629,2303374.57,000001.646,96118208.98
2021-10-10T19:00:02.349Z,-USD,000001.695,000001.723,000001.629,2220988.26,000001.646,96202491.56
2021-10-10T20:00:02.364Z,-USD,000001.677,000001.723,000001.629,2212685.19,000001.645,96270522.18
2021-10-10T21:00:02.48Z,-USD,000001.683,000001.723,000001.628,2279272.18,000001.628,96426611.92
2021-10-10T22:00:02.666Z,-USD,000001.681,000001.723,000001.582,2458924.56,000001.607,96641646.12
2021-10-10T23:00:02.191Z,-USD,0000001.69,000001.723,000001.582,2388004.74,0000001.61,96728039.09
2021-10-11T00:00:02.154Z,-USD,0000001.72,000001.723,000001.574,2308577.61,000001.582,96831974.51
2021-10-11T01:00:02.527Z,-USD,000001.692,000001.712,000001.558,2352184.62,000001.592,94779221.15
2021-10-11T02:00:02.635Z,-USD,000001.687,000001.712,000001.558,2243263.73,000001.611,94847902.28
2021-10-11T03:00:02.558Z,-USD,000001.688,000001.712,000001.558,2153441.33,000001.615,94884932.41
2021-10-11T04:00:01.875Z,-USD,000001.693,000001.712,000001.558,2145993.54,000001.623,94953187.0
2021-10-11T05:00:02.204Z,-USD,000001.705,000001.708,000001.558,2065593.87,000001.637,94997539.01
2021-10-11T06:00:02.139Z,-USD,000001.699,000001.706,000001.558,02054581.6,000001.624,95040830.93
2021-10-11T07:00:02.069Z,-USD,000001.699,00000001.7,000001.558,2093271.62,000001.619,95132545.17
2021-10-11T08:00:02.235Z,-USD,000001.688,000001.696,000001.558,2082520.98,000001.637,95159677.27
2021-10-11T09:00:02.208Z,-USD,000001.694,000001.695,000001.558,2104376.78,000001.634,95212948.51
2021-10-11T10:00:02.067Z,-USD,000001.671,000001.676,000001.558,2096075.38,000001.624,95247426.21
2021-10-11T11:00:02.16Z,-USD,000001.666,000001.676,000001.558,2126182.75,00000001.6,95305707.15
2021-10-11T12:00:02.145Z,-USD,000001.669,000001.676,000001.558,2106291.81,0000001.59,95378951.87
2021-10-11T13:00:02.285Z,-USD,000001.659,000001.676,000001.558,2167255.58,000001.593,95491465.44
2021-10-11T14:00:02.568Z,-USD,000001.663,000001.676,000001.558,2142679.06,000001.597,95601153.89
2021-10-11T15:00:01.913Z,-USD,000001.664,000001.671,000001.558,2127969.73,000001.593,95697741.07
2021-10-11T16:00:02.399Z,-USD,000001.669,0000001.67,000001.558,2136346.97,000001.584,95750970.81
2021-10-11T17:00:02.792Z,-USD,000001.653,000001.658,000001.558,2149428.87,000001.581,95813266.74
2021-10-11T18:00:02.105Z,-USD,000001.645,000001.658,000001.558,1959925.57,000001.574,95868531.18
2021-10-11T19:00:02.186Z,-USD,000001.648,000001.658,000001.558,02041822.6,000001.562,96034141.79
2021-10-11T20:00:02.657Z,-USD,0000001.64,000001.658,000001.541,02129540.1,000001.541,96190334.88
2021-10-11T21:00:01.781Z,-USD,000001.627,000001.652,000001.512,2213436.39,000001.532,96430751.6
2021-10-11T22:00:02.029Z,-USD,000001.606,000001.652,000001.512,2094281.06,000001.548,96533846.08
2021-10-11T23:00:02.517Z,-USD,000001.609,000001.652,000001.512,2132312.04,000001.558,96658261.87
2021-10-12T00:00:01.841Z,-USD,0000001.58,000001.652,000001.512,2098605.88,000001.562,96722029.91
2021-10-12T01:00:02.656Z,-USD,0000001.59,000001.652,000001.512,2064466.56,000001.524,94936343.89
2021-10-12T02:00:02.318Z,-USD,000001.609,000001.652,000001.512,2108352.74,0000001.53,95049542.11
2021-10-12T03:00:01.942Z,-USD,000001.613,000001.652,000001.501,2202165.65,000001.507,95180662.23
2021-10-12T04:00:02.146Z,-USD,000001.622,000001.652,000001.476,2335825.36,000001.494,95380704.77
2021-10-12T05:00:02.04Z,-USD,000001.634,000001.646,000001.476,2365638.25,000001.517,95455494.65
2021-10-12T06:00:02.041Z,-USD,000001.624,000001.646,000001.476,2411085.36,000001.518,95543641.72
2021-10-12T07:00:02.005Z,-USD,000001.617,000001.646,000001.476,2350480.13,000001.502,95579228.31
2021-10-12T08:00:02.023Z,-USD,0000001.64,000001.646,000001.476,2380888.74,000001.512,95633030.41
2021-10-12T09:00:01.857Z,-USD,000001.635,000001.637,000001.476,2383287.57,000001.512,95689429.24
2021-10-12T10:00:02.173Z,-USD,000001.621,000001.627,000001.456,2448215.42,0000001.46,95788339.45
2021-10-12T11:00:02.102Z,-USD,000001.597,000001.603,000001.453,2545160.56,000001.475,95954336.57
2021-10-12T12:00:04.158Z,-USD,000001.587,000001.603,000001.453,2563022.57,000001.484,96041847.14
2021-10-12T13:00:02.162Z,-USD,000001.592,000001.603,000001.447,2546839.72,000001.456,96140498.26
2021-10-12T14:00:02.326Z,-USD,000001.595,000001.596,000001.447,2562559.75,000001.506,96258810.05
2021-10-12T15:00:02.526Z,-USD,000001.591,000001.593,000001.447,2690163.88,000001.501,96479968.18
2021-10-12T16:00:02.687Z,-USD,000001.588,000001.591,000001.447,2887435.18,000001.522,96730188.84
2021-10-12T17:00:02.293Z,-USD,000001.575,000001.586,000001.447,2931188.91,0000001.53,96836813.3
2021-10-12T18:00:02.619Z,-USD,000001.571,000001.574,000001.447,2974522.92,000001.505,96938146.55
2021-10-12T19:00:01.827Z,-USD,000001.561,000001.566,000001.447,2912426.81,000001.515,97039393.43
2021-10-12T20:00:02.18Z,-USD,000001.536,000001.564,000001.447,2878184.85,000001.508,97169138.0
2021-10-12T21:00:02.512Z,-USD,000001.527,000001.564,000001.447,02746494.2,000001.537,97282255.2
2021-10-12T22:00:02.088Z,-USD,000001.546,000001.564,000001.447,2701680.53,000001.539,97332487.75
2021-10-12T23:00:02.493Z,-USD,000001.555,000001.563,000001.447,2639893.05,000001.544,97389852.66
2021-10-13T00:00:01.744Z,-USD,000001.562,000001.562,000001.447,2645913.16,000001.535,97461153.16
2021-10-13T01:00:02.208Z,-USD,000001.524,000001.558,000001.447,2579373.52,000001.553,94665761.37
2021-10-13T02:00:02.689Z,-USD,000001.533,000001.559,000001.447,2513358.71,000001.547,94713170.9
2021-10-13T03:00:01.885Z,-USD,000001.505,000001.559,000001.447,02443303.3,000001.552,94773767.83
2021-10-13T04:00:01.985Z,-USD,000001.495,000001.559,000001.447,2263103.13,000001.548,94793768.95
2021-10-13T05:00:02.285Z,-USD,000001.517,000001.559,000001.447,2295473.08,000001.546,94902011.06
2021-10-13T06:00:02.133Z,-USD,0000001.52,000001.559,000001.447,02330687.1,000001.503,95023867.0
2021-10-13T07:00:02.124Z,-USD,000001.504,000001.559,000001.447,2419182.84,000001.506,95148268.09
2021-10-13T08:00:02.214Z,-USD,000001.511,000001.559,000001.447,2430064.47,000001.496,95214018.72
2021-10-13T09:00:02.105Z,-USD,000001.514,000001.559,000001.447,2455954.97,000001.509,95297207.63
2021-10-13T10:00:02.579Z,-USD,000001.463,000001.559,000001.447,02392194.1,000001.524,95340868.6
2021-10-13T11:00:02.093Z,-USD,000001.476,000001.559,000001.447,2285290.68,000001.517,95389598.56
2021-10-13T12:00:02.298Z,-USD,000001.487,000001.559,000001.447,2250215.48,000001.531,95442500.58
2021-10-13T13:00:01.833Z,-USD,000001.457,000001.559,000001.457,2242655.23,000001.548,95533069.09
2021-10-13T14:00:01.99Z,-USD,000001.507,000001.559,000001.487,2165287.96,000001.525,95575475.24
2021-10-13T15:00:02.007Z,-USD,000001.508,000001.559,000001.487,2059648.91,000001.526,95691467.86
2021-10-13T16:00:02.355Z,-USD,000001.522,000001.559,000001.489,1856659.31,000001.539,95742018.76
2021-10-13T17:00:01.918Z,-USD,0000001.53,000001.559,000001.489,1819094.15,000001.532,95814916.13
2021-10-13T18:00:02.304Z,-USD,000001.505,000001.559,000001.489,1795312.99,000001.538,95887422.43
2021-10-13T19:00:02.617Z,-USD,000001.511,000001.559,000001.489,1843796.41,000001.534,96033478.47
2021-10-13T20:00:02.707Z,-USD,0000001.51,000001.559,000001.489,1781710.21,000001.548,96101186.25
2021-10-13T21:00:02.185Z,-USD,000001.537,000001.562,000001.489,1803972.65,000001.556,96237107.38
2021-10-13T22:00:02.473Z,-USD,0000001.54,000001.582,000001.489,1829105.59,000001.569,96313319.25
2021-10-13T23:00:01.978Z,-USD,0000001.54,000001.589,000001.489,1883106.69,000001.588,96424483.45
2021-10-14T00:00:02.046Z,-USD,000001.534,0000001.59,000001.489,1903630.33,000001.583,96514311.24
2021-10-14T01:00:05.243Z,-USD,000001.556,0000001.59,000001.489,1921129.22,000001.571,94606930.35
2021-10-14T02:00:03.006Z,-USD,000001.547,0000001.59,000001.489,1917770.88,000001.577,94652506.9
2021-10-14T03:00:02.7Z,-USD,000001.552,0000001.59,000001.489,1918242.91,000001.587,94712166.32
2021-10-14T04:00:02.047Z,-USD,000001.547,000001.595,000001.489,1941546.26,000001.589,94755133.97
2021-10-14T05:00:02.507Z,-USD,000001.546,000001.595,000001.489,01924092.9,000001.589,94846054.94
2021-10-14T06:00:02.568Z,-USD,000001.493,000001.595,000001.489,1865354.93,000001.578,94909914.73
2021-10-14T07:00:02.595Z,-USD,000001.505,000001.595,000001.491,1785987.47,000001.583,94954287.79
2021-10-14T08:00:02.577Z,-USD,000001.499,000001.595,000001.499,1781119.45,000001.587,95015724.47
2021-10-14T09:00:02.551Z,-USD,000001.505,000001.595,000001.504,1721428.87,000001.584,95039949.3
2021-10-14T10:00:01.905Z,-USD,000001.523,000001.595,000001.511,1730266.53,000001.591,95091490.14
2021-10-14T11:00:02.068Z,-USD,0000001.52,000001.595,000001.511,01724797.3,000001.586,95134939.33
2021-10-14T12:00:02.265Z,-USD,000001.542,000001.635,000001.511,1822162.25,0000001.63,95315256.17
2021-10-14T13:00:02.14Z,-USD,000001.546,000001.645,000001.511,1928837.17,000001.624,95482120.83
2021-10-14T14:00:02.068Z,-USD,000001.524,000001.645,000001.511,2030654.35,000001.627,95625942.01
2021-10-14T15:00:02.441Z,-USD,000001.526,0000001.65,000001.521,2017417.39,000001.641,95740583.92
2021-10-14T16:00:04.16Z,-USD,0000001.54,0000001.65,000001.528,02145338.7,000001.629,95908168.4
2021-10-14T17:00:02.106Z,-USD,000001.533,0000001.65,000001.529,02163553.9,000001.609,96004700.59
2021-10-14T18:00:02.311Z,-USD,000001.538,0000001.65,000001.531,2239075.84,000001.618,96148760.29
2021-10-14T19:00:02.462Z,-USD,000001.534,0000001.65,000001.533,2200772.39,000001.629,96254575.68
2021-10-14T20:00:07.559Z,-USD,0000001.55,0000001.65,000001.541,2224144.22,000001.608,96345144.93
2021-10-14T21:00:10.523Z,-USD,000001.557,0000001.65,000001.552,2227129.22,000001.602,96484687.28
2021-10-14T22:00:14.151Z,-USD,000001.566,0000001.65,000001.563,2191045.55,000001.615,96524572.04
2021-10-14T23:00:12.339Z,-USD,000001.588,0000001.65,000001.563,2136335.42,000001.613,96582314.58
2021-10-15T00:00:17.239Z,-USD,000001.586,0000001.65,000001.563,02102061.0,000001.614,96636415.97
2021-10-15T01:00:12.464Z,-USD,000001.571,0000001.65,000001.563,2123615.95,000001.584,93767430.84
2021-10-15T02:00:12.334Z,-USD,000001.572,0000001.65,000001.568,2204460.14,0000001.59,93894261.97
2021-10-15T03:00:11.185Z,-USD,000001.589,0000001.65,000001.571,02264840.3,000001.603,94014204.09
2021-10-15T04:00:22.641Z,-USD,000001.589,0000001.65,000001.571,2331487.86,000001.594,94123675.14
2021-10-15T05:00:10.149Z,-USD,000001.586,0000001.65,000001.571,2354085.93,00000001.6,94236912.25
2021-10-15T06:00:07.409Z,-USD,000001.579,0000001.65,000001.571,2433205.39,000001.606,94380089.75
2021-10-15T07:00:03.474Z,-USD,000001.583,0000001.65,000001.571,2425907.27,000001.597,94434415.5
2021-10-15T08:00:03.829Z,-USD,000001.588,0000001.65,000001.571,2419016.24,000001.592,94472922.04
2021-10-15T09:00:02.657Z,-USD,000001.583,0000001.65,000001.531,2631947.36,0000001.54,94708672.51
2021-10-15T10:00:02.516Z,-USD,000001.586,0000001.65,000001.519,2815695.86,000001.542,94948071.79
2021-10-15T11:00:04.493Z,-USD,000001.584,0000001.65,000001.519,2889817.86,000001.546,95063916.85
2021-10-15T12:00:04.313Z,-USD,000001.639,0000001.65,000001.519,2823166.71,000001.558,95177171.26
2021-10-15T13:00:03.096Z,-USD,000001.628,0000001.65,000001.519,2870991.96,000001.553,95391170.17
2021-10-15T14:00:08.91Z,-USD,000001.633,0000001.65,000001.519,2841195.46,000001.554,95505167.43
2021-10-15T15:00:10.762Z,-USD,000001.645,000001.645,000001.519,02858650.2,000001.552,95643701.88
2021-10-15T16:00:10.703Z,-USD,000001.634,000001.635,000001.519,2802893.82,000001.556,95747959.74
2021-10-15T17:00:09.903Z,-USD,000001.608,000001.635,000001.519,2855053.89,000001.561,95896923.23
2021-10-15T18:00:08.961Z,-USD,000001.618,000001.635,000001.519,3124984.02,000001.585,96310755.6
2021-10-15T19:00:02.023Z,-USD,000001.633,000001.635,000001.519,3378013.18,000001.595,96669744.28
2021-10-15T20:00:02.445Z,-USD,000001.613,0000001.62,000001.519,3591920.65,000001.616,96974421.61
2021-10-15T21:00:02.621Z,-USD,000001.602,000001.629,000001.519,4003030.85,000001.625,97524522.24
2021-10-15T22:00:01.816Z,-USD,000001.618,000001.631,000001.519,4289749.78,000001.608,97851957.54
2021-10-15T23:00:02.561Z,-USD,000001.615,000001.631,000001.519,4376510.59,000001.601,97996396.42
2021-10-16T00:00:01.776Z,-USD,0000001.62,000001.631,000001.519,4471090.39,000001.609,98144301.16
2021-10-16T01:00:10.841Z,-USD,000001.587,000001.632,000001.519,4576002.29,000001.609,95528234.22
2021-10-16T02:00:11.121Z,-USD,000001.588,000001.632,000001.519,4606704.46,000001.612,95686811.84
2021-10-16T03:00:11.374Z,-USD,000001.602,000001.636,000001.519,4697633.65,000001.632,95896624.92
2021-10-16T04:00:23.43Z,-USD,000001.599,000001.638,000001.519,4774153.94,000001.621,96120612.07
2021-10-16T05:00:09.936Z,-USD,000001.599,000001.638,000001.519,4898718.27,000001.616,96325236.47
2021-10-16T06:00:10.923Z,-USD,000001.608,000001.638,000001.519,4855534.98,000001.633,96422345.37
2021-10-16T07:00:08.629Z,-USD,000001.595,000001.645,000001.519,5042995.39,000001.632,96662099.36
2021-10-16T08:00:02.213Z,-USD,000001.591,000001.645,000001.519,5130127.36,000001.636,96788073.6
2021-10-16T09:00:02.128Z,-USD,000001.538,000001.654,000001.519,5041335.65,000001.654,96934928.79
2021-10-16T10:00:02.706Z,-USD,000001.538,0000001.66,000001.528,4954645.45,000001.658,97088275.02
2021-10-16T11:00:03.731Z,-USD,000001.545,000001.684,000001.541,4975388.73,000001.684,97229105.55
2021-10-16T12:00:02.202Z,-USD,000001.556,000001.735,000001.541,5348411.18,000001.713,97710987.71
2021-10-16T13:00:11.501Z,-USD,0000001.55,000001.766,000001.541,5941141.96,000001.694,98523088.89
2021-10-16T14:00:11.199Z,-USD,000001.548,000001.766,000001.541,6266485.98,000001.715,98959021.81
2021-10-16T15:00:17.788Z,-USD,000001.545,000001.766,000001.545,6360149.39,000001.718,99191258.71
2021-10-16T16:00:11.248Z,-USD,000001.554,000001.766,000001.545,6694726.12,000001.723,99628457.11
2021-10-16T17:00:10.684Z,-USD,000001.558,000001.766,000001.558,6882603.74,000001.718,99965388.41
2021-10-16T18:00:10.018Z,-USD,000001.587,000001.766,000001.587,6771223.57,000001.713,100269988.87
2021-10-16T19:00:11.792Z,-USD,000001.593,000001.766,0000001.59,6593110.15,0000001.72,100456046.44
2021-10-16T20:00:10.055Z,-USD,000001.615,000001.766,000001.594,6452673.68,000001.715,100614409.15
2021-10-16T21:00:02.455Z,-USD,000001.626,000001.766,000001.594,6185062.62,000001.731,100897024.45
2021-10-16T22:00:02.416Z,-USD,000001.609,000001.766,000001.594,6104795.43,000001.728,101144001.36
2021-10-16T23:00:02.255Z,-USD,000001.604,000001.766,000001.596,6315202.28,000001.741,101496668.13
2021-10-17T00:00:01.695Z,-USD,000001.612,000001.766,000001.603,6514918.08,000001.711,101845774.86
2021-10-17T01:00:11.042Z,-USD,000001.611,000001.766,000001.603,6714162.33,000001.684,100176422.32
2021-10-17T02:00:11.159Z,-USD,000001.615,000001.766,000001.607,06710005.0,000001.691,100330426.3
2021-10-17T03:00:11.036Z,-USD,000001.636,000001.766,000001.615,6618719.88,000001.676,100453315.86
2021-10-17T04:00:42.256Z,-USD,000001.617,000001.766,000001.615,6258042.39,000001.676,100519938.76
2021-10-17T05:00:08.356Z,-USD,000001.617,000001.766,000001.615,6374343.15,000001.678,100636239.52
2021-10-17T06:00:09.229Z,-USD,000001.639,000001.766,000001.623,6314512.42,000001.663,100707493.33
2021-10-17T07:00:09.424Z,-USD,000001.637,000001.766,000001.623,6169898.38,000001.668,100762373.56
2021-10-17T08:00:08.545Z,-USD,000001.636,000001.766,000001.635,6109764.59,0000001.66,100832583.86
2021-10-17T09:00:09.307Z,-USD,0000001.66,000001.766,0000001.65,5995743.56,000001.672,100870335.23
2021-10-17T10:00:09.766Z,-USD,000001.662,000001.766,000001.654,5921629.82,000001.685,100951946.33
2021-10-17T11:00:10.085Z,-USD,000001.688,000001.766,000001.654,5831635.01,000001.685,101005541.92
2021-10-17T12:00:08.446Z,-USD,000001.717,000001.766,000001.654,5418836.36,000001.674,101061531.21
2021-10-17T13:00:11.507Z,-USD,000001.696,000001.752,000001.654,4688599.58,000001.671,101150219.47
2021-10-17T14:00:09.855Z,-USD,000001.725,000001.752,000001.654,4335095.82,000001.678,101237068.34
2021-10-17T15:00:09.417Z,-USD,000001.721,000001.752,000001.654,4208250.62,000001.682,101347315.09
2021-10-17T16:00:08.9Z,-USD,000001.737,000001.752,000001.638,4049491.22,000001.643,101634525.75
2021-10-17T17:00:02.403Z,-USD,000001.725,000001.752,000001.638,3782113.87,000001.655,101704366.47
2021-10-17T18:00:03.747Z,-USD,000001.717,000001.752,000001.638,3583789.15,000001.655,101791615.5
2021-10-17T19:00:01.935Z,-USD,000001.727,000001.752,000001.638,3491417.07,0000001.66,101892508.85
2021-10-17T20:00:02.498Z,-USD,000001.719,000001.752,000001.624,3481242.67,000001.631,102038838.62
2021-10-17T21:00:02.149Z,-USD,000001.734,000001.752,000001.548,3741940.27,000001.583,102580013.42
2021-10-17T22:00:02.532Z,-USD,000001.725,000001.752,000001.548,3698052.02,000001.628,102775437.51
2021-10-17T23:00:01.82Z,-USD,0000001.75,000001.751,000001.548,3483874.94,000001.629,102927198.94
2021-10-18T00:00:08.546Z,-USD,000001.719,000001.722,000001.548,3282694.14,000001.639,103074056.23
2021-10-18T01:00:02.724Z,-USD,000001.682,000001.697,000001.548,3076494.49,000001.648,101656161.47
2021-10-18T02:00:01.902Z,-USD,000001.684,0000001.69,000001.548,03057166.0,000001.647,101782456.84
2021-10-18T03:00:01.983Z,-USD,000001.675,000001.688,000001.548,3042167.15,000001.642,101894513.85
2021-10-18T04:00:02.164Z,-USD,000001.675,000001.688,000001.548,03053051.7,000001.629,101967805.52
2021-10-18T05:00:01.742Z,-USD,000001.676,000001.688,000001.548,3033940.06,000001.631,102065623.37
2021-10-18T06:00:01.777Z,-USD,000001.661,000001.688,000001.548,3035224.75,000001.628,102143403.66
2021-10-18T07:00:01.706Z,-USD,000001.667,000001.688,000001.548,3074706.31,000001.629,102231917.74
2021-10-18T08:00:02.552Z,-USD,000001.659,000001.688,000001.548,3066209.91,000001.623,102295557.41
2021-10-18T09:00:02.451Z,-USD,000001.671,000001.688,000001.548,3065144.53,000001.615,102330868.86
2021-10-18T10:00:02.248Z,-USD,000001.682,000001.688,000001.548,3069444.36,000001.601,102417311.17
2021-10-18T11:00:02.559Z,-USD,0000001.68,000001.686,000001.548,3123783.22,0000001.61,102525990.79
2021-10-18T12:00:02.461Z,-USD,000001.668,000001.684,000001.548,3125813.04,000001.598,102584175.39
2021-10-18T13:00:02.581Z,-USD,000001.672,000001.684,000001.548,3108128.52,000001.587,102656075.94
2021-10-18T14:00:01.943Z,-USD,000001.674,000001.684,000001.548,3084155.34,0000001.61,102717746.44
2021-10-18T15:00:02.116Z,-USD,000001.677,000001.684,000001.548,3049168.11,000001.607,102797249.08
2021-10-18T16:00:02.353Z,-USD,000001.642,0000001.66,000001.548,02880214.3,000001.599,102911881.09
2021-10-18T17:00:01.827Z,-USD,000001.651,0000001.66,000001.548,2881556.74,000001.584,102985680.77
2021-10-18T18:00:02.355Z,-USD,000001.652,0000001.66,000001.548,2860460.21,000001.589,103046917.7
2021-10-18T19:00:02.229Z,-USD,000001.653,000001.659,000001.548,2821636.27,0000001.59,103112386.02
2021-10-18T20:00:02.515Z,-USD,000001.627,000001.652,000001.548,2755862.55,000001.592,103193850.19
2021-10-18T21:00:01.852Z,-USD,000001.578,000001.652,000001.569,2312146.59,000001.604,103290121.91
2021-10-18T22:00:02.585Z,-USD,0000001.62,000001.652,000001.569,2205417.39,000001.612,103382811.01
2021-10-18T23:00:01.997Z,-USD,000001.622,000001.652,000001.569,02159864.2,000001.615,103491379.31
2021-10-19T00:00:02.07Z,-USD,000001.636,000001.652,000001.569,2118188.28,000001.631,103604369.24
2021-10-19T01:00:02.499Z,-USD,000001.646,000001.652,000001.569,2059129.73,000001.619,102267513.94
2021-10-19T02:00:01.899Z,-USD,000001.641,000001.648,000001.569,1984953.06,000001.634,102328597.44
2021-10-19T03:00:02.276Z,-USD,000001.644,000001.646,000001.569,1952836.65,000001.637,102397781.71
2021-10-19T04:00:02.483Z,-USD,0000001.63,000001.647,000001.569,1930339.82,000001.645,102448836.01
2021-10-19T05:00:01.823Z,-USD,000001.632,000001.649,000001.569,1910876.76,000001.636,102528525.79
2021-10-19T06:00:02.691Z,-USD,000001.629,000001.649,000001.569,1867488.67,000001.637,102561745.4
2021-10-19T07:00:01.891Z,-USD,000001.627,000001.649,000001.569,1844473.01,000001.621,102626821.81
2021-10-19T08:00:01.966Z,-USD,000001.621,000001.649,000001.569,1805148.44,000001.626,102651318.6
2021-10-19T09:00:02.439Z,-USD,000001.612,000001.649,000001.569,1804936.15,000001.628,102687457.52
2021-10-19T10:00:02.336Z,-USD,000001.597,000001.649,000001.569,01756054.0,000001.618,102723813.2
2021-10-19T11:00:02.348Z,-USD,000001.606,000001.649,000001.569,1690111.96,000001.626,102767061.97
2021-10-19T12:00:02.418Z,-USD,000001.598,000001.649,000001.569,1680484.72,0000001.63,102815476.37
2021-10-19T13:00:02.461Z,-USD,000001.588,000001.649,000001.569,1661937.29,000001.632,102868870.62
2021-10-19T14:00:02.569Z,-USD,0000001.61,000001.649,000001.577,1673656.81,000001.617,102941930.97
2021-10-19T15:00:01.94Z,-USD,000001.604,000001.649,000001.577,1726783.63,000001.608,103075738.96
2021-10-19T16:00:02.246Z,-USD,00000001.6,000001.649,000001.577,01674468.5,000001.599,103140423.63
2021-10-19T17:00:02.619Z,-USD,000001.583,000001.649,000001.577,1656825.72,000001.617,103193840.04
2021-10-19T18:00:02.691Z,-USD,000001.587,000001.649,000001.577,1750188.79,000001.628,103347725.5
2021-10-19T19:00:02.283Z,-USD,000001.591,000001.649,000001.577,1813769.71,000001.609,103476837.01
2021-10-19T20:00:02.68Z,-USD,000001.591,000001.649,000001.584,1845156.55,000001.598,103589683.64
2021-10-19T21:00:02.531Z,-USD,000001.598,000001.649,000001.581,01840473.6,000001.586,103681207.08
2021-10-19T22:00:02.312Z,-USD,000001.617,000001.649,000001.581,1818012.39,000001.598,103754538.11
2021-10-19T23:00:02.548Z,-USD,000001.618,000001.649,000001.581,1765955.95,000001.609,103823746.07
2021-10-20T00:00:02.423Z,-USD,000001.633,000001.649,000001.581,1706769.16,000001.605,103866177.67
2021-10-20T01:00:02.584Z,-USD,000001.621,000001.649,000001.581,01676921.3,000001.594,98762728.38
2021-10-20T02:00:02.668Z,-USD,000001.639,000001.649,000001.581,1733304.45,000001.589,98878896.82
2021-10-20T03:00:02.542Z,-USD,000001.638,000001.649,000001.581,01722524.4,000001.589,98938388.03
2021-10-20T04:00:02.569Z,-USD,000001.647,000001.648,000001.581,01701734.2,000001.585,98965914.44
2021-10-20T05:00:01.718Z,-USD,000001.639,000001.644,000001.581,1661940.13,000001.589,99006224.64
2021-10-20T06:00:02.82Z,-USD,000001.636,000001.644,000001.578,1689268.78,000001.583,99067786.78
2021-10-20T07:00:02.601Z,-USD,000001.619,000001.644,000001.578,1650428.66,000001.592,99092708.34
2021-10-20T08:00:02.315Z,-USD,000001.628,000001.644,000001.578,1692763.99,00000001.6,99159528.49
2021-10-20T09:00:02.178Z,-USD,000001.628,000001.644,000001.578,1688161.88,000001.592,99198973.94
2021-10-20T10:00:02.107Z,-USD,0000001.62,000001.644,000001.578,1712191.15,000001.597,99251943.58
2021-10-20T11:00:04.304Z,-USD,000001.626,000001.644,000001.578,1713808.76,0000001.61,99296831.59
2021-10-20T12:00:01.956Z,-USD,000001.627,000001.644,000001.578,1718851.87,000001.612,99349972.7
2021-10-20T13:00:01.795Z,-USD,000001.628,000001.642,000001.578,1708030.11,000001.628,99392659.21
2021-10-20T14:00:02.204Z,-USD,000001.615,0000001.64,000001.578,1739523.56,000001.635,99497111.47
2021-10-20T15:00:02.133Z,-USD,000001.608,000001.673,000001.578,1875986.23,0000001.66,99767292.72
2021-10-20T16:00:02.191Z,-USD,000001.599,000001.685,000001.578,2128974.31,000001.676,100085176.48
2021-10-20T17:00:01.752Z,-USD,000001.616,000001.696,000001.578,02284248.4,000001.687,100294479.16
2021-10-20T18:00:02.711Z,-USD,000001.627,000001.696,000001.578,2237302.04,0000001.68,100401762.74
2021-10-20T19:00:02.04Z,-USD,0000001.61,000001.698,000001.578,2253216.58,000001.694,100546134.12
2021-10-20T20:00:01.881Z,-USD,000001.595,00000001.9,000001.578,4126978.64,000001.889,102536905.7
2021-10-20T21:00:02.216Z,-USD,000001.587,00000002.0,000001.578,7132150.95,000001.915,105628931.98
2021-10-20T22:00:02.297Z,-USD,000001.597,00000002.0,000001.578,8581289.87,000001.878,107151838.58
2021-10-20T23:00:01.822Z,-USD,000001.609,00000002.0,000001.578,9149644.82,000001.843,107788748.04
2021-10-21T00:00:02.66Z,-USD,000001.606,00000002.0,000001.578,9557267.53,000001.852,108243174.45
2021-10-21T01:00:02.187Z,-USD,000001.589,00000002.0,000001.578,10117507.02,000001.844,101704034.75
2021-10-21T02:00:02.795Z,-USD,000001.589,00000002.0,000001.578,10442342.74,0000001.83,102141249.23
2021-10-21T03:00:02.201Z,-USD,0000001.59,00000002.0,000001.578,10749846.56,000001.833,102508864.48
2021-10-21T04:00:02.146Z,-USD,000001.582,00000002.0,000001.578,10976998.17,000001.831,102765984.65
2021-10-21T05:00:02.629Z,-USD,000001.587,00000002.0,000001.578,11192842.05,000001.825,103019023.22
2021-10-21T06:00:02.524Z,-USD,000001.582,00000002.0,000001.582,11444494.49,000001.839,103332947.44
2021-10-21T07:00:02.385Z,-USD,0000001.59,00000002.0,000001.589,11538677.83,000001.818,103453733.32
2021-10-21T08:00:02.232Z,-USD,000001.601,00000002.0,000001.589,11561447.75,000001.821,103540881.13
2021-10-21T09:00:02.008Z,-USD,000001.593,00000002.0,000001.589,11610584.06,000001.835,103629524.96
2021-10-21T10:00:01.763Z,-USD,000001.595,00000002.0,000001.594,11707356.55,000001.845,103780331.9
2021-10-21T11:00:02.084Z,-USD,000001.608,00000002.0,000001.604,11765643.58,0000001.85,103882682.53
2021-10-21T12:00:01.931Z,-USD,000001.611,00000002.0,000001.611,12258281.84,000001.798,104428859.84
2021-10-21T13:00:01.776Z,-USD,000001.629,00000002.0,000001.624,12443532.14,000001.815,104659204.89
2021-10-21T14:00:02.654Z,-USD,000001.634,00000002.0,000001.632,12560009.98,000001.814,104879754.59
2021-10-21T15:00:01.791Z,-USD,0000001.66,00000002.0,000001.657,12742616.8,000001.784,105345089.26
2021-10-21T16:00:02.014Z,-USD,000001.677,00000002.0,000001.666,12858796.58,000001.768,105764362.55
2021-10-21T17:00:02.369Z,-USD,000001.687,00000002.0,000001.666,12967357.19,000001.744,106084360.19
2021-10-21T18:00:02.593Z,-USD,000001.679,00000002.0,000001.676,13082559.72,000001.758,106318716.77
2021-10-21T19:00:02.51Z,-USD,000001.692,00000002.0,000001.689,13132303.65,000001.774,106498491.15
2021-10-21T20:00:02.655Z,-USD,000001.883,00000002.0,000001.738,11395692.35,000001.788,106786740.04
2021-10-21T21:00:01.929Z,-USD,000001.909,000001.929,000001.738,8490118.44,000001.812,107004010.8
2021-10-21T22:00:02.08Z,-USD,0000001.88,000001.884,000001.738,7184826.45,000001.809,107165237.72
2021-10-21T23:00:02.468Z,-USD,000001.842,000001.865,000001.738,6704404.15,000001.801,107320738.91
2021-10-22T00:00:02.626Z,-USD,0000001.85,000001.865,000001.738,6396462.55,000001.795,107467014.25
2021-10-22T01:00:09.309Z,-USD,000001.845,000001.865,000001.738,5925764.72,000001.843,104778096.52
2021-10-22T02:00:07.275Z,-USD,000001.831,000001.864,000001.738,5706223.38,000001.846,104999557.9
2021-10-22T03:00:02.234Z,-USD,000001.833,000001.864,000001.738,5491510.33,000001.851,105147968.19
2021-10-22T04:00:01.852Z,-USD,000001.832,000001.877,000001.738,5420523.56,000001.863,105335059.33
2021-10-22T05:00:02.652Z,-USD,000001.827,000001.877,000001.738,5362114.33,000001.844,105540667.86
2021-10-22T06:00:02.402Z,-USD,000001.844,000001.877,000001.738,5219713.65,000001.831,105704584.59
2021-10-22T07:00:02.05Z,-USD,000001.819,000001.877,000001.738,5209110.47,000001.823,105811950.33
2021-10-22T08:00:01.781Z,-USD,000001.817,000001.877,000001.738,5188841.63,000001.837,105879125.44
2021-10-22T09:00:02.57Z,-USD,000001.832,000001.877,000001.738,5177918.03,000001.851,105959200.15
2021-10-22T10:00:02.161Z,-USD,000001.844,000001.877,000001.738,05116696.4,000001.848,106045123.12
2021-10-22T11:00:02.351Z,-USD,0000001.85,000001.877,000001.738,5078831.63,000001.859,106109506.13
2021-10-22T12:00:01.743Z,-USD,000001.803,000001.906,000001.738,04812457.9,000001.899,106392854.19
2021-10-22T13:00:02.639Z,-USD,000001.815,000001.906,000001.738,4755202.99,0000001.88,106561449.15
2021-10-22T14:00:02.466Z,-USD,000001.811,000001.906,000001.738,4715182.84,000001.824,106752626.82
2021-10-22T15:00:01.819Z,-USD,000001.784,000001.906,000001.738,4493224.61,000001.819,106985700.44
2021-10-22T16:00:01.939Z,-USD,000001.766,000001.906,000001.741,4192694.45,000001.812,107113339.95
2021-10-22T17:00:02.393Z,-USD,000001.743,000001.906,000001.743,4044996.28,000001.818,107279297.53
2021-10-22T18:00:02.025Z,-USD,000001.761,000001.906,0000001.76,3910982.67,000001.799,107379557.84
2021-10-22T19:00:02.161Z,-USD,000001.776,000001.906,000001.774,3866091.29,000001.811,107515823.76
2021-10-22T20:00:02.173Z,-USD,000001.793,000001.906,000001.775,3679891.54,000001.825,107614011.65
2021-10-22T21:00:02.418Z,-USD,000001.808,000001.906,000001.775,3660713.25,000001.832,107813218.27
2021-10-22T22:00:02.198Z,-USD,000001.811,000001.906,000001.775,3573348.53,000001.808,107891082.78
2021-10-22T23:00:02.568Z,-USD,00000001.8,000001.906,000001.775,3528074.41,000001.818,107996793.62
2021-10-23T00:00:02.446Z,-USD,000001.801,000001.906,000001.775,3447662.05,000001.835,108068335.26
2021-10-23T01:00:02.283Z,-USD,000001.844,000001.906,000001.775,3359149.73,000001.842,105678685.07
2021-10-23T02:00:02.096Z,-USD,000001.844,000001.906,000001.775,3192859.28,000001.836,105742364.21
2021-10-23T03:00:02.102Z,-USD,000001.853,000001.906,000001.775,3141252.84,000001.838,105832343.37
2021-10-23T04:00:02.17Z,-USD,000001.871,000001.906,000001.775,3013608.28,000001.839,105893618.77
2021-10-23T05:00:02.322Z,-USD,0000001.85,000001.906,000001.775,2874900.87,000001.837,105962323.13
2021-10-23T06:00:02.227Z,-USD,000001.831,000001.906,000001.775,2772440.09,000001.822,106018413.62
2021-10-23T07:00:02.1Z,-USD,000001.823,000001.906,000001.775,2751121.24,000001.826,106103650.51
2021-10-23T08:00:01.833Z,-USD,000001.839,000001.906,000001.775,2721898.62,000001.819,106143876.45
2021-10-23T09:00:01.76Z,-USD,000001.851,000001.906,000001.775,2646781.57,0000001.82,106162156.24
2021-10-23T10:00:02.585Z,-USD,000001.852,000001.906,000001.775,2643261.65,000001.809,106228742.95
2021-10-23T11:00:01.767Z,-USD,000001.862,000001.906,000001.775,2652911.73,000001.795,106308760.01
2021-10-23T12:00:02.463Z,-USD,000001.899,000001.901,000001.775,2533728.69,000001.817,106467395.64
2021-10-23T13:00:02.387Z,-USD,000001.884,000001.884,000001.775,2415368.86,000001.821,106522194.45
2021-10-23T14:00:02.271Z,-USD,000001.825,000001.849,000001.775,2268311.96,000001.819,106565633.78
2021-10-31T18:00:08.706Z,-USD,000002.929,00000003.5,0000002.42,55447280.7,000002.571,251978910.38
2021-10-31T19:00:01.791Z,-USD,000002.818,00000003.5,0000002.42,54693542.68,000002.507,253049241.64
2021-10-31T20:00:01.778Z,-USD,0000002.85,00000003.5,0000002.42,54322819.71,000002.572,254263756.02
2021-10-31T21:00:02.684Z,-USD,000002.864,00000003.5,0000002.42,53862902.14,000002.562,255204212.17
2021-10-31T22:00:01.709Z,-USD,000002.909,00000003.5,0000002.42,51046382.87,000002.574,256018231.66
2021-10-31T23:00:03.094Z,-USD,0000002.95,00000003.5,0000002.42,45284630.58,000002.537,256629513.19
2021-11-01T00:00:04.868Z,-USD,0000003.05,00000003.5,0000002.42,39621513.04,000002.571,257232852.24
2021-11-01T01:00:04.338Z,-USD,000003.108,00000003.5,0000002.42,36599918.24,000002.606,254940247.7
2021-11-01T02:00:03.854Z,-USD,00000003.2,000003.282,0000002.42,32158235.61,00000002.6,256169539.16
2021-11-01T03:00:03.703Z,-USD,000003.073,000003.127,0000002.42,29920159.72,000002.515,257209925.5
2021-11-01T04:00:13.388Z,-USD,000002.977,000002.997,000002.414,29300029.96,000002.427,258462111.05
2021-11-01T05:00:07.284Z,-USD,000002.849,000002.987,000002.365,28280965.69,000002.463,259056510.34
2021-11-01T06:00:06.049Z,-USD,000002.875,000002.987,000002.365,26149739.03,000002.457,259254829.35
2021-11-01T07:00:06.388Z,-USD,000002.896,000002.987,000002.365,25307054.09,000002.462,259440437.07
2021-11-01T08:00:02.266Z,-USD,000002.828,000002.863,000002.365,24616101.71,000002.526,259675683.77
2021-11-01T09:00:01.782Z,-USD,000002.766,0000002.77,000002.365,23498122.15,000002.496,259857308.62
2021-11-01T10:00:02.202Z,-USD,000002.677,000002.721,000002.365,22766277.88,000002.492,260044957.99
2021-11-01T11:00:03.213Z,-USD,000002.691,000002.694,000002.365,22065356.06,000002.592,260431148.94
2021-11-01T12:00:02.513Z,-USD,0000002.61,000002.681,000002.365,22991385.21,000002.538,262198338.45
2021-11-01T13:00:02.256Z,-USD,000002.533,000002.742,000002.365,22331598.5,000002.691,263009086.46
2021-11-01T14:00:02.194Z,-USD,000002.514,0000002.78,000002.365,21428708.86,000002.719,264467524.08
2021-11-01T15:00:02.248Z,-USD,000002.477,0000002.78,000002.365,20676926.82,000002.646,265211738.85
2021-11-01T16:00:01.801Z,-USD,000002.514,0000002.78,000002.365,19510445.49,000002.635,265763109.54
2021-11-01T17:00:03.98Z,-USD,000002.493,0000002.78,000002.365,18864433.07,000002.582,266220513.6
2021-11-01T18:00:02.944Z,-USD,000002.576,0000002.78,000002.365,18257418.28,000002.546,266715245.69
2021-11-01T19:00:02.167Z,-USD,000002.483,0000002.78,000002.365,17799830.85,0000002.56,267318853.5
2021-11-01T20:00:02.283Z,-USD,000002.578,0000002.78,000002.365,16879802.01,000002.603,267628505.42
2021-11-01T21:00:02.427Z,-USD,000002.546,0000002.78,000002.365,16540473.2,000002.532,268193349.38
2021-11-01T22:00:02.478Z,-USD,000002.562,0000002.78,000002.365,16083022.58,000002.543,268550986.38
2021-11-01T23:00:03.419Z,-USD,000002.533,0000002.78,000002.365,16044150.37,000002.583,269119654.45
2021-11-02T00:00:01.929Z,-USD,000002.583,0000002.78,000002.365,16159980.64,000002.618,269842546.37
2021-11-02T01:00:01.873Z,-USD,000002.594,000002.911,000002.365,18234061.45,000002.822,270911827.98
2021-11-02T02:00:01.986Z,-USD,000002.591,0000003.09,000002.365,19391012.16,000003.065,273310291.15
2021-11-02T03:00:01.903Z,-USD,000002.424,0000003.09,000002.365,19798214.07,0000002.85,275996423.61
2021-11-02T04:00:02.082Z,-USD,000002.424,0000003.09,000002.365,21015805.01,000002.862,277214014.55
2021-11-02T05:01:03.096Z,-USD,000002.453,0000003.09,000002.428,21542779.52,000002.822,278510887.89
2021-11-02T06:00:02.166Z,-USD,000002.453,0000003.09,000002.428,22110007.77,000002.845,279078116.14
2021-11-02T07:00:01.91Z,-USD,000002.466,0000003.09,000002.461,22473590.89,000002.868,279636285.59
2021-11-02T08:00:01.852Z,-USD,000002.517,0000003.09,000002.461,23037922.93,000002.841,280424978.03
2021-11-02T09:00:01.775Z,-USD,0000002.49,0000003.09,000002.461,23961096.84,000002.977,281534965.68
2021-11-02T10:00:01.714Z,-USD,000002.489,000003.272,000002.461,26492444.07,000003.253,284270388.32
2021-11-02T11:00:04.183Z,-USD,000002.582,000003.272,000002.461,28638910.38,000003.073,286786172.2
2021-11-02T12:00:01.711Z,-USD,000002.526,000003.272,000002.517,27801355.27,000003.116,287717933.53
2021-11-02T13:00:02.582Z,-USD,000002.693,000003.272,000002.517,29029818.08,000002.984,289757000.46
2021-11-02T14:00:02.686Z,-USD,000002.715,000003.272,000002.517,28541153.52,0000002.94,290721420.25
2021-11-02T15:00:02.009Z,-USD,000002.651,000003.272,000002.517,28920291.72,000002.985,291862317.21
2021-11-02T16:00:02.22Z,-USD,0000002.64,000003.272,000002.517,29227440.4,000002.952,292726896.95
2021-11-02T17:00:03.37Z,-USD,000002.582,000003.272,000002.517,29649877.41,000002.896,293580785.05
2021-11-02T18:00:02.126Z,-USD,0000002.54,000003.272,000002.517,30155639.73,000002.932,294586512.0
2021-11-02T19:00:02.42Z,-USD,000002.556,000003.272,000002.517,30426914.53,000002.952,295458263.28
2021-11-02T20:00:01.771Z,-USD,000002.603,000003.272,000002.517,30945369.1,000003.002,296285189.57
2021-11-02T21:00:01.886Z,-USD,000002.533,000003.272,000002.517,31612053.4,000003.094,297518168.03
2021-11-02T22:00:02.016Z,-USD,000002.538,000003.272,000002.535,32145599.85,000002.992,298435383.43
2021-11-02T23:00:02.751Z,-USD,000002.585,000003.272,000002.569,32932420.23,000003.121,299811406.84
2021-11-03T00:00:02.489Z,-USD,000002.602,000003.272,000002.575,33268982.81,000003.116,300830248.47
2021-11-03T01:00:02.616Z,-USD,000002.832,000003.272,000002.776,31797033.3,000002.976,294100624.99
2021-11-03T02:00:02.352Z,-USD,000003.045,000003.272,000002.779,30563652.05,000002.888,295345832.28
2021-11-03T03:00:02.521Z,-USD,000002.846,000003.272,000002.779,28965751.71,000002.887,296336948.0
2021-11-03T04:00:02.703Z,-USD,000002.868,000003.272,000002.779,28586657.83,000002.883,297209416.92
2021-11-03T05:00:03.72Z,-USD,000002.822,000003.272,000002.778,28323555.11,000002.785,298212273.7
2021-11-03T06:00:02.825Z,-USD,000002.846,000003.272,000002.778,28163834.77,000002.842,298623723.61
2021-11-03T07:00:01.666Z,-USD,000002.876,000003.272,000002.778,27918111.5,000002.866,298936912.42
2021-11-03T08:00:02.667Z,-USD,000002.857,000003.272,000002.778,27361109.5,000002.851,299207914.85
2021-11-03T09:00:02.682Z,-USD,000002.983,000003.272,000002.778,26653440.72,000002.832,299576950.35
2021-11-03T10:00:02.489Z,-USD,0000003.23,000003.258,000002.778,24169533.28,000002.855,299867595.51
2021-11-03T11:00:04.508Z,-USD,000003.079,000003.218,000002.778,22144116.53,000002.858,300321151.83
2021-11-03T12:00:01.942Z,-USD,000003.142,000003.218,000002.778,21567017.45,000002.907,300700434.82
2021-11-03T13:00:01.863Z,-USD,000002.989,000003.218,000002.721,20392481.46,0000002.79,301535023.41
2021-11-03T14:00:01.998Z,-USD,000002.948,000003.218,000002.721,20041506.01,000002.784,302165318.42
2021-11-03T15:00:02.207Z,-USD,000002.991,000003.218,000002.721,20710676.78,000002.866,303951595.94
2021-11-03T16:00:01.68Z,-USD,000002.953,000003.218,000002.721,20576568.97,000002.861,304693477.76
2021-11-03T17:00:03.277Z,-USD,000002.903,000003.218,000002.721,20652952.84,000002.905,305623203.43
2021-11-03T18:00:01.882Z,-USD,0000002.94,000003.218,000002.721,20348739.7,000002.859,306317879.38
2021-11-03T19:00:02.278Z,-USD,000002.969,000003.218,000002.721,20503518.1,000002.906,307393637.6
2021-11-03T20:00:02.568Z,-USD,000003.002,000003.218,000002.721,20507564.48,000002.855,308179061.95
2021-11-03T21:00:01.933Z,-USD,000003.085,000003.218,000002.721,19813076.77,000002.849,308718717.71
