Coin on file:	ETC
Created by:	chris
Created on:	09/18/2021T03:00:1631948402Z

Recorded,Currency,Open,High,Low,Volume,Last,Volume30day
2021-09-18T03:00:02.659Z,-USD,000057.373,000059.003,000055.727,189829.80054032,000056.604,11060364.88631732
2021-09-18T04:00:01.983Z,-USD,0000058.03,000059.003,000055.727,186288.2997737,000057.108,11064236.21853457
2021-09-18T05:00:02.052Z,-USD,000058.218,000059.003,000055.727,176886.41293607,000057.493,11068706.97484407
2021-09-18T06:00:02.083Z,-USD,000058.448,000059.003,000055.727,176773.91355165,000057.965,11074323.67741219
2021-09-18T07:00:02.385Z,-USD,000058.503,000059.003,000055.727,177255.16690534,000057.901,11080049.66333683
2021-09-18T08:00:02.626Z,-USD,000058.037,000059.003,000055.727,175885.79243845,0000057.81,11082795.70041637
2021-09-18T09:00:01.852Z,-USD,000058.606,000058.748,000055.727,174576.48322283,000057.999,11091509.39273398
2021-09-18T10:00:01.968Z,-USD,0000057.45,000058.367,000055.727,173439.39614831,0000057.81,11101443.08653108
2021-09-18T11:00:02.344Z,-USD,000056.681,000058.367,000055.727,155019.47574852,0000057.75,11103862.95241439
2021-09-18T12:00:02.46Z,-USD,000056.584,000058.367,000055.727,144647.25693038,000057.263,11108297.58921091
2021-09-18T13:00:02.675Z,-USD,000056.935,000058.367,000055.727,144241.32759742,000057.465,11118153.77578212
2021-09-18T14:00:01.88Z,-USD,000056.584,000058.367,000055.727,145066.29062243,000057.538,11125217.89463442
2021-09-18T14:27:57.952Z,-USD,000057.249,000058.367,000055.727,141349.88229723,000057.808,11128980.12005845
2021-09-18T14:28:37.246Z,-USD,000057.249,000058.367,000055.727,141850.70447767,000057.857,11129480.94223889
2021-09-18T14:31:17.504Z,-USD,000057.249,000058.367,000055.727,142160.04129273,000057.837,11129790.27905395
2021-09-18T15:00:02.118Z,-USD,000057.249,000058.367,000055.727,146893.17336525,000057.719,11134523.41112647
2021-09-18T16:00:02.322Z,-USD,0000057.17,000058.367,000055.727,145533.111498,0000057.44,11137995.88108399
2021-09-18T17:00:02.107Z,-USD,000057.367,000058.367,000055.727,148775.8792351,000057.083,11145689.86626857
2021-09-18T18:00:07.221Z,-USD,000056.662,000058.367,000055.727,143758.34356794,0000057.33,11148921.32865788
2021-09-18T19:00:01.787Z,-USD,000056.668,000058.367,000055.727,137528.25061286,000057.248,11152862.39247642
2021-09-18T20:00:02.515Z,-USD,000057.052,000058.367,000055.727,135856.22676834,000057.189,11156309.82596479
2021-09-18T21:00:02.121Z,-USD,000056.375,000058.367,000055.727,147028.5337932,0000056.71,11174087.09630506
2021-09-18T22:00:02.335Z,-USD,000056.799,000058.367,000055.727,142326.27456752,000056.731,11177415.58592479
2021-09-18T23:00:01.768Z,-USD,000056.233,000058.367,000055.727,139197.15546525,000056.872,11181409.27976839
2021-09-19T00:00:02.394Z,-USD,000056.697,000058.367,000055.727,141956.99138408,0000057.24,11188629.30838379
2021-09-19T01:00:02.002Z,-USD,000056.654,000058.367,000056.314,140489.20490796,000056.625,10768216.86576265
2021-09-19T02:00:02.019Z,-USD,000056.666,000058.367,000056.021,150742.03481444,000056.756,10781107.27400898
2021-09-19T03:00:02.664Z,-USD,000056.604,000058.367,000056.021,153727.27484457,000056.718,10785365.74447042
2021-09-19T04:00:02.654Z,-USD,0000057.11,000058.367,000056.021,152312.53025406,000056.415,10787802.65952081
2021-09-19T05:00:02.407Z,-USD,000057.547,000058.367,000056.021,151426.73651322,000056.617,10791387.8063273
2021-09-19T06:00:02.187Z,-USD,000057.913,000058.367,000056.021,148564.48420118,000056.785,10794220.34690737
2021-09-19T07:00:02.005Z,-USD,000057.909,000058.367,000056.021,146066.56506593,000056.785,10797365.71171129
2021-09-19T08:00:02.143Z,-USD,000057.821,000058.367,000056.021,146424.13176845,000056.834,10800505.33713901
2021-09-19T09:00:01.925Z,-USD,000057.988,0000058.14,000056.021,140381.86741345,000057.064,10803162.55795475
2021-09-19T10:00:01.868Z,-USD,000057.873,000058.073,000056.021,135767.64991556,000056.856,10808463.21975517
2021-09-19T11:00:02.48Z,-USD,000057.746,0000058.02,000056.021,136424.23533053,000056.597,10811553.89700978
2021-09-19T12:00:02.523Z,-USD,000057.454,000057.986,000055.471,144049.24278162,000055.831,10823680.11530106
2021-09-19T13:00:02.684Z,-USD,000057.296,000057.986,0000055.44,138096.95985389,000055.866,10828229.99593692
2021-09-19T14:00:02.607Z,-USD,000057.573,000057.986,0000055.44,139888.70632997,000055.936,10836357.38427292
2021-09-19T15:00:02.684Z,-USD,000057.713,000057.799,0000055.44,136930.09570566,000056.193,10842773.44019148
2021-09-19T16:00:02.634Z,-USD,000057.557,0000057.71,0000055.44,136682.81808982,000056.143,10845943.18248234
2021-09-19T17:00:02.62Z,-USD,000056.992,000057.339,0000055.44,135879.77334181,000056.058,10852944.92291891
2021-09-19T18:00:01.7Z,-USD,000057.262,000057.339,0000055.44,139189.82807718,000055.792,10859389.050582
2021-09-19T19:00:01.839Z,-USD,000057.221,000057.338,0000055.44,138631.13040798,0000056.17,10862752.9173658
2021-09-19T20:00:01.841Z,-USD,000057.309,000057.338,0000055.44,137916.23060976,000055.814,10865498.36543415
2021-09-19T21:00:02.299Z,-USD,000056.698,000057.338,0000055.44,123157.24557602,000056.232,10868493.98696795
2021-09-19T22:00:02.24Z,-USD,000056.691,000057.338,0000055.44,126659.24488265,000055.884,10875332.41411597
2021-09-19T23:00:02.396Z,-USD,0000056.96,000057.338,0000054.81,133565.42432914,000054.996,10886226.25735169
2021-09-20T00:00:01.696Z,-USD,000057.184,000057.207,0000054.81,132913.34344427,000055.358,10892801.23513659
2021-09-20T01:00:01.876Z,-USD,000056.556,000057.134,000054.061,141118.52562836,00000054.3,10658215.68012771
2021-09-20T02:00:02.151Z,-USD,000056.696,000057.134,000054.061,135865.01306509,000054.991,10665731.69506662
2021-09-20T03:00:02.274Z,-USD,000056.719,000057.134,000052.957,160049.25931957,000053.164,10694130.29252669
2021-09-20T04:00:02.153Z,-USD,000056.358,000057.134,000052.529,185997.58261846,00000052.8,10722514.69085415
2021-09-20T05:00:01.965Z,-USD,000056.642,000057.134,000052.217,194742.67011652,000053.209,10734849.88981695
2021-09-20T06:00:01.919Z,-USD,00000056.8,000057.134,000052.217,196766.74228268,000053.154,10739714.67792675
2021-09-20T07:00:02.042Z,-USD,0000056.84,000057.134,000052.217,198640.52924989,000052.727,10744728.89048364
2021-09-20T08:00:02.121Z,-USD,000056.859,000057.098,000051.272,212008.42877626,000051.655,10761239.55465197
2021-09-20T09:00:01.892Z,-USD,000057.077,000057.098,000051.272,216388.29603846,000052.385,10768313.54272991
2021-09-20T10:00:01.701Z,-USD,000056.876,000056.911,000051.272,218479.69193057,000051.603,10775760.521244
2021-09-20T11:00:02.361Z,-USD,0000056.56,0000056.56,0000050.95,229026.65729882,000051.004,10789295.6275998
2021-09-20T12:00:02.361Z,-USD,000055.765,000056.426,000048.264,275246.53981049,000049.475,10847744.06817108
2021-09-20T13:00:02.403Z,-USD,000055.854,000056.426,000047.227,307873.55600213,000049.191,10884835.51457689
2021-09-20T14:00:02.73Z,-USD,000055.906,000056.426,000047.227,320871.89577178,00000050.3,10905956.21344943
2021-09-20T15:00:01.832Z,-USD,000056.158,000056.426,000047.227,330251.89225741,00000050.0,10921741.75038539
2021-09-20T16:00:02.357Z,-USD,000056.134,000056.426,000047.227,343154.26666829,000050.659,10937815.81808618
2021-09-20T17:00:02.536Z,-USD,000056.042,000056.426,000047.227,345730.49194714,000050.303,10947406.32426054
2021-09-20T18:00:02.544Z,-USD,0000055.72,000056.426,000047.227,346223.68514958,000050.861,10954334.78928499
2021-09-20T19:00:02.469Z,-USD,000056.209,000056.303,000047.227,352989.62153494,0000049.58,10964470.79164008
2021-09-20T20:00:02.434Z,-USD,000055.693,000056.282,000047.227,362895.80071508,000049.918,10977112.6240617
2021-09-20T21:00:02.46Z,-USD,000056.222,000056.282,000047.227,369126.35786479,0000049.27,10986357.03356944
2021-09-20T22:00:02.44Z,-USD,000055.877,000056.143,000047.227,366879.64682984,000049.598,10990930.278448
2021-09-20T23:00:02.52Z,-USD,000054.942,000055.521,000047.227,361967.45481325,000049.376,10996919.33647288
2021-09-21T00:00:02.956Z,-USD,000055.382,000055.412,000047.227,373368.9284674,000049.009,11014916.82988638
2021-09-21T01:00:02.191Z,-USD,000054.323,000055.022,000046.171,397458.93467189,000047.095,10851756.84644094
2021-09-21T02:00:01.777Z,-USD,000054.977,000054.994,000046.171,409771.93542001,000049.092,10871162.70582715
2021-09-21T03:00:02.103Z,-USD,000053.132,000053.557,000046.171,395504.87068982,000049.708,10885409.15027632
2021-09-21T04:00:02.34Z,-USD,00000052.7,000053.382,000046.171,377704.97294209,000049.137,10896064.21075297
2021-09-21T05:00:02.612Z,-USD,000053.165,000053.374,000046.171,378377.09470859,000048.357,10908876.02706257
2021-09-21T06:00:02.518Z,-USD,000053.141,0000053.22,000046.171,386935.63740973,00000048.7,10922345.0078558
2021-09-21T07:00:02.272Z,-USD,0000052.76,000053.035,000046.171,388651.68616483,000049.168,10929048.96395752
2021-09-21T08:00:02.419Z,-USD,000051.853,0000052.45,000046.171,381574.05686014,000049.798,10938558.16352707
2021-09-21T09:00:02.545Z,-USD,000052.309,000052.347,000046.171,383538.7652402,0000050.09,10947544.53790355
2021-09-21T10:00:02.395Z,-USD,000051.716,000052.231,000046.171,391424.55227583,000049.633,10964500.50404141
2021-09-21T11:00:02.6Z,-USD,0000050.99,000051.246,000046.171,387664.39509853,000050.077,10972649.58806002
2021-09-21T12:00:02.507Z,-USD,000049.397,000051.246,000046.171,342393.16605089,000049.874,10985974.6576248
2021-09-21T13:00:02.679Z,-USD,000049.318,000051.246,000046.171,321632.61802352,000049.611,11002157.51507235
2021-09-21T14:00:01.857Z,-USD,000050.296,000051.246,000046.171,309759.63374327,000049.704,11011388.59527881
2021-09-21T15:00:02.144Z,-USD,000049.983,000051.246,000046.171,304918.31060527,0000048.81,11022555.4728865
2021-09-21T16:00:02.617Z,-USD,000050.637,000050.989,000046.171,296111.49707306,000049.555,11029936.46025415
2021-09-21T17:00:03.462Z,-USD,0000050.36,000050.954,000046.171,295884.23705131,000048.379,11038937.03935054
2021-09-21T18:00:01.824Z,-USD,000050.826,000050.882,000046.171,313554.02727486,0000047.69,11063563.2849923
2021-09-21T19:00:02.438Z,-USD,000049.636,000050.547,000046.171,319246.06764033,0000047.81,11079367.82746103
2021-09-21T20:00:02.298Z,-USD,000049.975,000050.547,000046.171,315893.51573148,000047.779,11088658.0723125
2021-09-21T21:00:01.766Z,-USD,000049.316,000050.547,0000046.17,327607.92977719,000046.377,11109660.09446512
2021-09-21T22:00:02.225Z,-USD,000049.569,000050.547,000044.947,361266.84528095,000046.841,11147843.32844693
2021-09-21T23:00:02.124Z,-USD,000049.372,000050.437,000044.947,376215.40716883,000045.131,11168814.83759016
2021-09-22T00:00:02.323Z,-USD,000049.073,000050.437,000044.708,380036.78050356,000045.741,11190608.94290926
2021-09-22T01:00:02.686Z,-USD,000047.095,000050.437,000044.708,355256.28345009,000045.632,10914846.1184425
2021-09-22T02:00:01.838Z,-USD,000049.077,000050.437,000044.708,349030.27482203,000047.295,10928011.482688
2021-09-22T03:00:02.496Z,-USD,000049.616,000050.437,000044.708,340940.62673194,000047.254,10934159.01035182
2021-09-22T04:00:01.855Z,-USD,000049.175,000050.437,000044.708,341063.80713599,000047.151,10944944.09120662
2021-09-22T05:00:01.961Z,-USD,000048.352,000050.437,000044.708,334949.06979999,000046.768,10951639.28492102
2021-09-22T06:00:02.356Z,-USD,000048.813,000050.437,000044.708,330143.949841,000047.421,10960305.23634472
2021-09-22T07:00:02.359Z,-USD,0000049.25,000050.437,000044.708,330753.03149596,000047.868,10967746.35925835
2021-09-22T08:00:02.458Z,-USD,000049.824,000050.437,000044.708,326271.35152627,0000048.25,10972633.60990366
2021-09-22T09:00:03.657Z,-USD,000050.175,000050.437,000044.708,321562.14066337,000047.969,10977130.7583064
2021-09-22T10:00:01.805Z,-USD,000049.699,000050.437,000044.708,321933.00680594,000048.209,10994379.01121347
2021-09-22T11:00:02.368Z,-USD,000050.096,000050.437,000044.708,318843.55336537,000048.039,10999310.68966823
2021-09-22T12:00:02.378Z,-USD,000049.838,000050.437,000044.708,312511.28707309,000047.475,11006299.92334581
2021-09-22T13:00:02.638Z,-USD,000049.563,000050.032,000044.708,312366.28204859,00000048.1,11022346.89999846
2021-09-22T14:00:01.835Z,-USD,000049.727,000049.795,000044.708,314247.95098634,000048.423,11033471.69993552
2021-09-22T15:00:01.945Z,-USD,000048.781,000049.795,000044.708,313870.9096603,0000048.48,11044328.34826679
2021-09-22T16:00:02.268Z,-USD,000049.599,000049.795,000044.708,321644.62848755,000049.607,11059495.23896775
2021-09-22T17:00:02.156Z,-USD,000048.377,000050.363,000044.708,329680.68428999,000050.295,11076444.46818817
2021-09-22T18:00:02.557Z,-USD,0000047.66,000050.521,000044.708,317589.11861337,000049.907,11088960.5067984
2021-09-22T19:00:02.158Z,-USD,000047.773,000051.047,000044.708,318593.24228176,000050.012,11105791.902583
2021-09-22T20:00:02.676Z,-USD,0000047.66,000051.047,000044.708,317598.74168602,000050.418,11114098.0932569
2021-09-22T21:00:01.933Z,-USD,000046.393,000051.047,000044.708,306100.60216259,0000050.83,11123605.93071394
2021-09-22T22:00:02.514Z,-USD,000046.775,000051.115,000044.708,277996.98763417,000050.865,11133644.7982382
2021-09-22T23:00:02.005Z,-USD,000045.182,000051.323,000044.708,266342.86972417,000051.282,11143270.52686871
2021-09-23T00:00:03.545Z,-USD,000045.854,0000051.33,000044.904,259710.65275712,000051.223,11158156.82085461
2021-09-23T01:00:02.49Z,-USD,000045.721,000051.599,000045.449,259961.25799229,000050.451,10812717.71985416
2021-09-23T02:00:02.357Z,-USD,000047.363,000051.599,000046.596,253748.72944216,000051.013,10819581.49396741
2021-09-23T03:00:02.712Z,-USD,000047.208,000051.599,000046.596,253378.89280578,000050.991,10825359.15649307
2021-09-23T04:00:01.926Z,-USD,000047.153,000051.599,000046.596,251742.03552022,000051.527,10834515.34595668
2021-09-23T05:00:02.221Z,-USD,000046.829,000051.599,000046.823,248062.41882928,000051.122,10837587.76214174
2021-09-23T06:00:02.32Z,-USD,000047.478,000051.599,000046.915,243159.78679724,000050.759,10841305.29186105
2021-09-23T07:00:03.134Z,-USD,000047.949,000051.599,000047.182,238723.38027102,000051.194,10844309.47834144
2021-09-23T08:00:02.122Z,-USD,000048.255,000051.599,000047.182,238953.67837833,0000051.24,10849410.31716003
2021-09-23T09:00:02.3Z,-USD,000047.941,000051.599,000047.182,243246.99718053,000050.651,10858218.61387837
2021-09-23T10:00:02.464Z,-USD,000048.366,000051.599,000047.182,229412.16538313,000050.578,10861621.33567094
2021-09-23T11:00:05.825Z,-USD,000048.133,000051.599,000047.182,235536.67715003,000050.318,10872674.6252097
2021-09-23T12:00:02.063Z,-USD,000047.497,000051.599,000047.477,235253.92640991,000049.724,10879373.61434716
2021-09-23T13:00:02.551Z,-USD,000048.036,000051.599,0000047.95,226186.48132541,000049.907,10886354.81939154
2021-09-23T14:00:01.849Z,-USD,0000048.44,000051.599,0000048.25,223911.41368265,000050.685,10895241.02200961
2021-09-23T15:00:02.469Z,-USD,000048.538,000051.599,000048.525,219232.35947701,000051.068,10901419.62874187
2021-09-23T16:00:01.835Z,-USD,0000049.63,000051.599,000049.465,212289.50828058,000050.258,10909802.17451367
2021-09-23T17:00:02.388Z,-USD,000050.282,000051.599,000049.465,202265.15700431,000050.444,10916535.37825165
2021-09-23T18:00:01.982Z,-USD,00000049.9,000051.599,0000049.49,210193.71601456,000051.338,10937006.78237415
2021-09-23T19:00:01.805Z,-USD,000050.006,000051.599,0000049.49,200630.78961275,000051.123,10944355.549615
2021-09-23T20:00:02.516Z,-USD,000050.457,000051.599,0000049.49,200574.74082679,0000051.09,10952527.91104002
2021-09-23T21:00:02.25Z,-USD,000050.857,000051.599,0000049.49,199734.78293829,000050.855,10961290.65561797
2021-09-23T22:00:02.175Z,-USD,000050.835,000051.599,0000049.49,200379.61078398,0000050.86,10971940.40528432
2021-09-23T23:00:01.951Z,-USD,000051.248,000051.599,0000049.49,194834.01088494,0000051.16,10975975.85468168
2021-09-24T00:00:02.48Z,-USD,0000051.25,000051.599,0000049.49,198296.86279495,000051.347,10994322.3015833
2021-09-24T01:00:02.228Z,-USD,000050.351,0000051.88,0000049.49,188425.9416,000050.906,10744264.81848155
2021-09-24T02:00:02.084Z,-USD,000051.065,0000051.88,0000049.49,189071.05724478,000050.499,10751800.4644813
2021-09-24T03:00:01.973Z,-USD,000051.015,0000051.88,0000049.49,187385.67791057,000050.367,10755864.1281161
2021-09-24T04:00:02.45Z,-USD,000051.555,0000051.88,0000049.49,182489.80906797,000050.157,10760128.50619292
2021-09-24T05:00:02.206Z,-USD,000051.129,0000051.88,0000049.49,183710.95551076,000050.157,10764447.06330908
2021-09-24T06:00:02.643Z,-USD,00000050.8,0000051.88,0000049.49,187715.39454022,000050.061,10772140.48011373
2021-09-24T07:00:02.623Z,-USD,000051.196,0000051.88,0000049.49,186719.37901044,000049.697,10774149.65106434
2021-09-24T08:00:01.884Z,-USD,000051.252,0000051.88,0000049.49,187319.41922444,000050.476,10779855.43009693
2021-09-24T09:00:02.126Z,-USD,000050.571,0000051.88,0000049.49,183003.32830788,000049.909,10784359.71575723
2021-09-24T10:00:02.248Z,-USD,0000050.51,0000051.88,000045.998,206057.33913874,000046.013,10810800.94171289
2021-09-24T11:00:02.663Z,-USD,000050.253,0000051.88,000045.267,217502.98494233,000045.693,10833303.8303324
2021-09-24T12:00:02.133Z,-USD,000049.768,0000051.88,000044.119,237381.6128391,000045.957,10859875.22089872
2021-09-24T13:00:02.817Z,-USD,000049.875,0000051.88,000044.119,243561.8961068,000045.359,10873106.02630895
2021-09-24T14:00:02.591Z,-USD,000050.748,0000051.88,000044.119,250136.51724479,000046.495,10888496.02701761
2021-09-24T15:00:02.124Z,-USD,000051.067,0000051.88,000044.119,257029.93868371,000047.109,10901681.16113804
2021-09-24T16:00:01.961Z,-USD,000050.191,0000051.88,000044.119,255618.86119806,000046.664,10908547.92956879
2021-09-24T17:00:02.316Z,-USD,000050.535,0000051.88,000044.119,254398.13410931,000047.015,10914053.29899172
2021-09-24T18:00:02.431Z,-USD,000051.332,0000051.88,000044.119,239705.10195316,000046.615,10919977.95255056
2021-09-24T19:00:02.41Z,-USD,000051.223,0000051.88,000044.119,237375.84452054,000047.013,10924856.17618153
2021-09-24T20:00:01.732Z,-USD,000051.083,0000051.88,000044.119,232529.89573554,000047.183,10928179.63549223
2021-09-24T21:00:02.101Z,-USD,000050.874,0000051.88,000044.119,232757.58497482,000048.018,10937170.02687879
2021-09-24T22:00:02.204Z,-USD,000050.866,0000051.88,000044.119,229847.47753253,000048.148,10944935.70835151
2021-09-24T23:00:01.997Z,-USD,000051.128,0000051.88,000044.119,232830.88666608,000048.119,10951934.23506022
2021-09-25T00:00:02.169Z,-USD,000051.337,0000051.88,000044.119,219507.77389257,000047.716,10956948.65657186
2021-09-25T01:00:02.578Z,-USD,000050.925,000051.112,000044.119,223634.45647767,000048.322,10644073.27396199
2021-09-25T02:00:01.928Z,-USD,000050.527,000050.837,000044.119,232524.36642125,000049.196,10660418.24997954
2021-09-25T03:00:01.987Z,-USD,0000050.42,000050.837,000044.119,237948.12247669,000047.967,10669963.9879286
2021-09-25T04:00:02.605Z,-USD,000050.161,000050.837,000044.119,241500.44339738,000048.189,10677694.83719989
2021-09-25T05:00:02.68Z,-USD,000050.111,000050.837,000044.119,242207.34071952,000048.192,10682718.38365487
2021-09-25T06:00:02.668Z,-USD,000050.079,000050.837,000044.119,239119.41993726,000047.702,10687334.96193277
2021-09-25T07:00:01.846Z,-USD,000049.697,000050.837,000044.119,241115.39062433,0000048.26,10691440.36076566
2021-09-25T08:00:01.884Z,-USD,000050.397,000050.837,000044.119,238071.06662791,000047.343,10694833.27385578
2021-09-25T09:00:02.034Z,-USD,0000049.88,000049.892,000044.119,249810.38211047,000047.343,10710268.21694469
2021-09-25T10:00:01.83Z,-USD,000046.009,000049.666,000044.119,230186.2011121,000047.941,10717266.52904046
2021-09-25T11:00:02.586Z,-USD,000045.602,000049.666,000044.119,211229.24992672,000047.789,10720727.54744462
2021-09-25T12:00:02.497Z,-USD,000045.859,000049.666,000045.078,191259.04756484,000047.236,10727238.32762213
2021-09-25T13:00:02.182Z,-USD,000045.463,000049.666,000045.078,185978.06138223,00000047.2,10735693.17809264
2021-09-25T14:00:02.678Z,-USD,000046.468,000049.666,00000046.2,182895.63149928,0000047.49,10747553.02586382
2021-09-25T15:00:02.678Z,-USD,000047.104,000049.666,00000046.2,175824.64084089,0000046.83,10753579.24918802
2021-09-25T16:00:01.769Z,-USD,000046.613,000049.666,00000046.2,175210.69267543,000047.455,10759830.67734464
2021-09-25T17:00:02.512Z,-USD,000046.971,000049.666,00000046.2,180170.97727907,000047.273,10770330.50371911
2021-09-25T18:00:01.743Z,-USD,000046.742,000049.666,00000046.2,181846.14322062,000047.284,10777888.11484817
2021-09-25T19:00:01.831Z,-USD,000046.919,000049.666,00000046.2,182564.40602818,0000047.02,10783500.46565829
2021-09-25T20:00:02.078Z,-USD,0000047.26,000049.666,00000046.2,186567.74124395,000047.594,10790846.07376738
2021-09-25T21:00:02.047Z,-USD,000048.057,000049.666,00000046.2,183084.39415664,000047.448,10796357.2850974
2021-09-25T22:00:01.967Z,-USD,000048.191,000049.666,00000046.2,182885.12304578,000047.369,10803895.85047428
2021-09-25T23:00:02.555Z,-USD,000048.078,000049.666,00000046.2,181687.16363822,000047.446,10809710.54403166
2021-09-26T00:00:01.749Z,-USD,0000047.76,000049.666,00000046.2,181337.83316547,000047.391,10814358.64178108
2021-09-26T01:00:01.825Z,-USD,0000048.37,000049.666,00000046.2,182688.33125849,000046.714,10597276.78568256
2021-09-26T02:00:02.1Z,-USD,000049.165,000049.195,00000046.2,175085.14289151,000046.457,10606133.5223686
2021-09-26T03:00:01.99Z,-USD,000047.959,000048.625,000045.825,172315.57185072,000046.318,10612705.8402414
2021-09-26T04:00:02.515Z,-USD,000048.188,000048.625,000045.825,170096.19092359,000046.447,10618208.00858556
2021-09-26T05:00:01.75Z,-USD,0000048.15,000048.345,00000045.8,169981.50060943,000046.384,10623129.96472638
2021-09-26T06:00:02.535Z,-USD,000047.701,000048.326,00000045.8,167938.65314785,000046.171,10625728.40794291
2021-09-26T07:00:02.664Z,-USD,0000048.27,000048.326,00000045.8,167288.47027434,000045.873,10629266.03735672
2021-09-26T08:00:02.631Z,-USD,000047.349,000048.326,000044.368,181910.61245963,00000044.9,10647162.76677749
2021-09-26T09:00:02.674Z,-USD,000047.414,000048.326,0000044.04,182423.23976767,000044.698,10663580.06061609
2021-09-26T10:00:01.845Z,-USD,000047.982,000048.166,0000044.04,188031.27567996,000046.911,10675715.1851825
2021-09-26T11:00:01.798Z,-USD,000047.778,000047.808,0000044.04,189453.96691226,000046.613,10680607.15858328
2021-09-26T12:00:02.079Z,-USD,000047.183,000047.769,0000044.04,189322.46661758,000046.823,10686980.66053336
2021-09-26T13:00:02.198Z,-USD,000047.191,000047.769,0000044.04,185626.38441387,000047.146,10691932.26706874
2021-09-26T14:00:02.218Z,-USD,000047.295,000047.769,0000044.04,178417.79321385,000047.013,10696438.54832829
2021-09-26T15:00:02.375Z,-USD,000046.827,000047.769,0000044.04,182938.47225891,000047.309,10707004.79583078
2021-09-26T16:00:02.518Z,-USD,000047.481,000047.744,0000044.04,182752.97331979,000047.492,10713000.80535902
2021-09-26T17:00:02.496Z,-USD,000047.226,0000047.76,0000044.04,176912.21534741,000047.223,10717671.5995286
2021-09-26T18:00:01.767Z,-USD,000047.171,0000047.76,0000044.04,173654.14305797,000047.266,10721969.03836822
2021-09-26T19:00:01.978Z,-USD,000047.081,0000047.76,0000044.04,171442.42552138,000047.355,10725359.73060043
2021-09-26T20:00:02.12Z,-USD,000047.674,0000047.76,0000044.04,168146.61625806,000047.318,10729445.35591614
2021-09-26T21:00:02.114Z,-USD,000047.447,000047.885,0000044.04,165940.18309413,000047.738,10732717.91756223
2021-09-26T22:00:02.208Z,-USD,000047.372,000047.912,0000044.04,160706.02506739,000047.839,10735018.24711312
2021-09-26T23:00:02.421Z,-USD,000047.582,0000048.32,0000044.04,160693.98605195,000046.875,10740822.59765227
2021-09-27T00:00:02.585Z,-USD,000047.367,0000048.32,0000044.04,161800.03908873,000047.207,10746574.12253413
2021-09-27T01:00:01.792Z,-USD,000046.829,0000048.32,0000044.04,157409.10285309,000047.943,10477815.83912919
2021-09-27T02:00:01.815Z,-USD,000046.393,000048.392,0000044.04,160630.89383008,0000048.32,10489856.4497142
2021-09-27T03:00:01.926Z,-USD,0000046.28,000048.412,0000044.04,160024.51716452,000048.054,10495827.75425661
2021-09-27T04:00:02.541Z,-USD,000046.474,000048.412,0000044.04,158371.11165487,000047.721,10499673.74969055
2021-09-27T05:00:02.144Z,-USD,000046.403,000048.412,0000044.04,157966.28145525,000047.602,10504191.60920409
2021-09-27T06:00:02.117Z,-USD,000046.085,000048.412,0000044.04,158518.67154238,000047.697,10507441.87381166
2021-09-27T07:00:02.227Z,-USD,000045.967,000048.412,0000044.04,158065.56468486,000047.109,10510451.16258827
2021-09-27T08:00:02.214Z,-USD,000044.819,000048.412,0000044.04,145006.23108541,000047.337,10515384.03409986
2021-09-27T09:00:02.262Z,-USD,000044.719,000048.412,000044.633,131869.54579737,000047.332,10518581.86943592
2021-09-27T10:00:02.303Z,-USD,000047.035,000048.412,000046.395,123389.00229679,000046.832,10522195.95050175
2021-09-27T11:00:01.866Z,-USD,000046.542,000048.412,000046.438,122881.44818559,000047.339,10526655.66354013
2021-09-27T12:00:01.882Z,-USD,000046.841,000048.412,000046.438,119482.12605283,000047.402,10529553.44960865
2021-09-27T13:00:02.11Z,-USD,000047.237,000048.412,000046.438,118912.35783708,0000047.09,10533938.63633228
2021-09-27T14:00:02.199Z,-USD,0000047.04,000048.412,000046.438,118249.47538887,000046.756,10537779.78673962
2021-09-27T15:00:02.738Z,-USD,000047.397,000048.412,000046.304,117216.12186072,000046.333,10547518.60340557
2021-09-27T16:00:02.049Z,-USD,0000047.51,000048.412,000046.264,118199.25451364,000046.675,10554333.86681122
2021-09-27T17:00:02.063Z,-USD,000047.226,000048.412,00000045.8,125659.74978029,000046.067,10566425.41233135
2021-09-27T18:00:02.964Z,-USD,000047.243,000048.412,00000045.8,130666.0815289,0000046.23,10575726.88291958
2021-09-27T19:00:02.296Z,-USD,000047.307,000048.412,00000045.8,132992.42640405,000046.251,10581443.32894253
2021-09-27T20:00:02.256Z,-USD,000047.425,000048.412,00000045.8,131726.98284005,000046.231,10584433.99066976
2021-09-27T21:00:02.424Z,-USD,0000047.73,000048.412,000045.723,141145.18975314,000045.843,10596967.36353938
2021-09-27T22:00:02.669Z,-USD,000047.815,000048.412,000045.723,146760.56447185,000046.634,10604907.28704892
2021-09-27T23:00:01.766Z,-USD,000046.699,000048.412,000045.723,146265.3636373,0000046.54,10610253.75353369
2021-09-28T00:00:02.209Z,-USD,000047.182,000048.412,000045.318,151715.75646121,0000045.39,10621384.2420178
2021-09-28T01:00:02.458Z,-USD,000047.917,000048.412,000045.228,152480.14061256,000045.531,10445910.11969252
2021-09-28T02:00:01.85Z,-USD,000048.399,000048.412,000045.192,149044.67370127,000046.002,10454467.51247919
2021-09-28T03:00:01.975Z,-USD,000048.131,0000048.17,000045.192,152239.05260487,000045.946,10463574.94524291
2021-09-28T04:00:02.216Z,-USD,0000047.78,000047.934,000045.192,152126.21143851,000046.051,10467311.36842916
2021-09-28T05:00:01.939Z,-USD,000047.662,000047.934,000045.192,151072.45814136,000046.131,10470776.0032617
2021-09-28T06:00:02.042Z,-USD,000047.703,000047.934,000045.192,151383.32761993,000045.847,10474395.69049531
2021-09-28T07:00:02.341Z,-USD,000047.102,000047.839,000045.192,154006.98926643,000045.707,10479988.64006888
2021-09-28T08:00:02.528Z,-USD,000047.242,000047.839,000045.105,156029.42802192,000045.372,10486925.1511855
2021-09-28T09:00:02.378Z,-USD,000047.364,000047.839,000045.096,157184.9443043,000045.461,10491506.8149523
2021-09-28T10:00:02.386Z,-USD,000046.911,000047.496,000045.096,156821.43386616,000045.604,10494528.27343163
2021-09-28T11:00:02.074Z,-USD,0000047.37,000047.494,000045.096,156768.17465078,000045.576,10498936.76503157
2021-09-28T12:00:02.338Z,-USD,0000047.35,000048.746,000045.096,179334.3201841,000047.552,10524479.05742969
2021-09-28T13:00:02.449Z,-USD,00000047.1,000048.746,000045.096,194131.18567729,000046.415,10543582.18146773
2021-09-28T14:00:02.665Z,-USD,000046.714,000048.746,000045.096,212235.9722793,000046.204,10565533.24808264
2021-09-28T15:00:01.936Z,-USD,000046.399,000048.746,000045.096,217125.42747946,000045.646,10580171.52457403
2021-09-28T16:00:02.569Z,-USD,000046.682,000048.746,000045.096,217274.82669972,000045.372,10587126.60516102
2021-09-28T17:00:02.866Z,-USD,000046.139,000048.746,000045.073,213818.22368138,000045.149,10595786.07956611
2021-09-28T18:00:02.31Z,-USD,000046.136,000048.746,0000044.88,211921.45847842,000045.195,10603173.33936833
2021-09-28T19:00:02.452Z,-USD,000046.278,000048.746,000044.846,213180.45085791,000045.507,10610135.80839742
2021-09-28T20:00:02.524Z,-USD,000046.197,000048.746,000044.846,213839.35397769,000045.435,10613852.53986283
2021-09-28T21:00:02.277Z,-USD,000045.771,000048.746,000044.846,210655.99294422,000045.898,10623228.56116906
2021-09-28T22:00:01.703Z,-USD,000046.645,000048.746,000044.846,212540.45539305,000046.203,10632989.43150569
2021-09-28T23:00:02.446Z,-USD,000046.533,000048.746,000044.846,213485.67120277,000045.466,10639283.88745728
2021-09-29T00:00:02.799Z,-USD,00000045.4,000048.746,000044.846,219604.62260922,0000045.07,10656521.36892767
2021-09-29T01:00:02.151Z,-USD,00000045.6,000048.746,0000044.69,223453.05798959,000045.409,10405689.00928915
2021-09-29T02:00:01.875Z,-USD,000046.033,000048.746,0000044.69,221733.66429642,000045.402,10412528.80824933
2021-09-29T03:00:02.624Z,-USD,000045.911,000048.746,0000044.69,219825.68521713,000045.611,10419708.30347267
2021-09-29T04:00:02.225Z,-USD,000046.102,000048.746,0000044.69,219584.35106814,000045.913,10423230.83056291
2021-09-29T05:00:01.856Z,-USD,000046.145,000048.746,0000044.69,226013.99147106,000046.117,10433115.06082523
2021-09-29T06:00:02.48Z,-USD,000045.834,000048.746,0000044.69,227728.27108316,000046.134,10438488.83742565
2021-09-29T07:00:02.046Z,-USD,0000045.71,000048.746,0000044.69,226737.91703417,000046.476,10443033.51849103
2021-09-29T08:00:02.639Z,-USD,000045.406,000048.746,0000044.69,227511.01988548,000046.416,10450762.64408361
2021-09-29T09:00:02.32Z,-USD,000045.545,000048.746,0000044.69,227486.91948475,000046.298,10455311.54227267
2021-09-29T10:00:02.706Z,-USD,000045.583,000048.746,0000044.69,229385.69192106,0000046.17,10460259.54104445
2021-09-29T11:00:03.436Z,-USD,0000045.61,000048.746,0000044.69,232819.30052699,000046.739,10468068.52316425
2021-09-29T12:00:02.427Z,-USD,000047.523,000047.607,0000044.69,212440.33097162,000046.419,10473359.76141394
2021-09-29T13:00:02.041Z,-USD,000046.446,000047.229,0000044.69,198711.05226259,000046.173,10478604.03105415
2021-09-29T14:00:02.192Z,-USD,000046.193,000046.846,0000044.69,183936.77987799,000046.389,10485782.04451949
2021-09-29T15:00:02.089Z,-USD,000045.664,000046.846,0000044.69,173263.90819018,000046.422,10489756.76965505
2021-09-29T16:00:01.756Z,-USD,000045.317,000046.846,0000044.69,173196.5840432,000045.564,10496640.2631607
2021-09-29T17:00:02.569Z,-USD,000045.128,000046.846,0000044.69,168177.99453077,000045.575,10500270.21270951
2021-09-29T18:00:02.127Z,-USD,000045.202,000046.846,0000044.69,166389.78791991,0000045.12,10505871.77800855
2021-09-29T19:00:01.734Z,-USD,000045.477,000046.846,0000044.69,164825.27516948,000045.112,10511276.82694439
2021-09-29T20:00:02.534Z,-USD,000045.548,000046.846,0000044.69,163876.55670225,000044.971,10514251.31280068
2021-09-29T21:00:02.245Z,-USD,000045.919,000046.846,000044.669,167118.19485323,000045.049,10526671.52903492
2021-09-29T22:00:02.118Z,-USD,000046.246,000046.846,000044.669,160622.71842845,000045.193,10529930.72294677
2021-09-29T23:00:02.473Z,-USD,000045.417,000046.846,000044.669,156294.95256299,000045.421,10532413.03515697
2021-09-30T20:00:24.953Z,-USD,000045.023,000047.292,000044.669,113329.9929707,000046.588,10204776.23403856
2021-09-30T21:00:01.877Z,-USD,0000045.03,000047.292,00000044.9,103682.17441249,000046.411,10207597.24553277
2021-09-30T22:00:01.971Z,-USD,000045.161,000047.292,000045.033,106383.77742412,0000046.89,10213514.01832147
2021-09-30T23:00:01.898Z,-USD,000045.332,000047.292,000045.204,107870.62303697,000046.832,10217458.69797084
2021-10-01T00:00:02.236Z,-USD,000045.526,000047.292,000045.289,109415.16985222,000047.054,10221612.59712396
2021-10-01T01:00:02.43Z,-USD,000046.229,000047.432,000045.852,111591.42347364,000047.092,9630855.82055449
2021-10-01T02:00:01.807Z,-USD,000046.669,000047.432,000045.852,109650.42142829,000047.219,9637663.13815345
2021-10-01T03:00:02.143Z,-USD,0000046.76,000047.432,000045.852,111578.7486442,000046.838,9644351.27969079
2021-10-01T04:00:01.981Z,-USD,000047.105,000047.432,000045.852,110203.4896587,000046.845,9649131.84758751
2021-10-01T05:00:01.806Z,-USD,000046.901,000047.432,000045.852,105070.55306818,000046.826,9650848.24105239
2021-10-01T06:00:01.719Z,-USD,000046.833,000047.432,000045.852,106098.60052048,000047.112,9654610.01516351
2021-10-01T07:00:02.628Z,-USD,000046.635,000047.432,000045.852,112081.58421735,000047.083,9662769.61595379
2021-10-01T08:00:02.645Z,-USD,000046.491,000047.945,000045.852,117275.12136728,000047.858,9672993.59450909
2021-10-01T09:00:02.609Z,-USD,000046.161,000048.434,000045.968,119069.77675979,000048.434,9679641.89023314
2021-10-01T10:00:02.404Z,-USD,000046.272,000048.521,000045.993,123058.7918375,000048.284,9686411.10261664
2021-10-01T11:00:02.164Z,-USD,000046.048,0000052.04,000046.025,147865.11584795,000051.673,9713602.403302
2021-10-01T12:00:02.314Z,-USD,000046.346,0000052.48,000046.025,175681.8419344,000051.984,9743029.7789307
2021-10-01T13:00:02.328Z,-USD,000046.751,0000052.48,000046.025,188873.85239612,000051.018,9763392.13081918
2021-10-01T14:00:02.419Z,-USD,000046.292,0000052.48,000046.025,199484.65720394,000050.504,9780223.28371007
2021-10-01T15:00:02.422Z,-USD,000046.307,0000052.48,000046.105,217932.69616537,000050.761,9802153.40285031
2021-10-01T16:00:02.633Z,-USD,000046.495,0000052.48,000046.105,226189.23840995,000050.884,9814272.17877214
2021-10-01T17:00:01.817Z,-USD,000046.411,0000052.48,000046.269,238166.19223619,000051.038,9830246.04191407
2021-10-01T18:00:02.137Z,-USD,000046.578,0000052.48,000046.269,256057.9596707,000051.248,9851920.49346538
2021-10-01T19:00:02.528Z,-USD,000047.186,0000052.48,000046.269,258634.53069162,00000051.3,9859290.12898143
2021-10-01T20:00:02.642Z,-USD,000046.587,0000052.48,000046.269,271717.45078213,000051.492,9878589.44803003
2021-10-01T21:00:01.797Z,-USD,000046.422,0000052.48,000046.401,291156.69074796,000051.655,9900838.86861891
2021-10-01T22:00:01.864Z,-USD,000046.869,000052.524,0000046.59,301359.6935575,000051.943,9916958.47508831
2021-10-01T23:00:01.744Z,-USD,000046.839,000052.524,0000046.59,313755.48346975,000051.552,9933299.44464993
2021-10-02T00:00:02.671Z,-USD,000047.028,000052.524,0000046.59,315763.78073788,0000051.93,9939465.69410227
2021-10-02T01:00:02.583Z,-USD,000046.995,000055.199,0000046.59,371944.73582545,000053.752,9446824.09262563
2021-10-02T02:00:01.75Z,-USD,000047.288,000055.199,0000046.59,382710.03239033,000053.629,9464355.97972015
2021-10-02T03:00:01.917Z,-USD,000046.803,000055.199,0000046.59,395475.71521747,000053.504,9483909.81742326
2021-10-02T04:00:02.267Z,-USD,000046.883,000055.199,000046.667,404275.3921819,000053.014,9497399.27770505
2021-10-02T05:00:01.935Z,-USD,000046.801,000055.199,000046.667,409415.26909167,000053.156,9504251.29059723
2021-10-02T06:00:02.018Z,-USD,000047.111,000055.199,000046.863,409932.8493748,000053.337,9508794.89117731
2021-10-02T07:00:02.099Z,-USD,000047.083,000055.199,000046.937,409790.77746138,000053.477,9516563.43074181
2021-10-02T08:00:01.754Z,-USD,000047.908,000055.199,000047.891,405577.22601948,000053.634,9522564.25728099
2021-10-02T09:00:02.683Z,-USD,000048.461,000055.199,000048.124,409162.8316953,000053.326,9532787.92121693
2021-10-02T10:00:02.272Z,-USD,000048.316,000055.199,000048.265,409244.07181507,000053.555,9539641.26994586
2021-10-02T11:00:02.409Z,-USD,000051.819,000055.199,000050.194,385170.14411147,000053.218,9543440.75518767
2021-10-02T12:00:02.429Z,-USD,000051.978,000055.199,000050.194,360043.24718987,0000053.42,9549558.80661362
2021-10-02T13:00:02.295Z,-USD,000051.013,000055.199,000050.194,358797.65936364,00000053.5,9566178.56926852
2021-10-02T14:00:02.394Z,-USD,000050.449,000055.199,000050.194,377584.70543045,000054.152,9601930.63045417
2021-10-02T15:00:02.37Z,-USD,000050.811,000055.199,000050.711,368897.5859326,000054.321,9615105.97021988
2021-10-02T16:00:02.284Z,-USD,00000051.0,000055.199,000050.779,366819.91949592,000054.057,9625108.31082928
2021-10-02T17:00:01.853Z,-USD,000051.167,000055.199,000050.863,360137.38865676,000054.792,9635344.78766937
2021-10-02T18:00:01.996Z,-USD,0000051.23,000055.199,000050.948,352735.97492086,000054.331,9648686.24328144
2021-10-02T19:00:03.21Z,-USD,000051.282,000055.199,000051.195,353062.76813062,000054.668,9656338.2978612
2021-10-02T20:00:02.449Z,-USD,000051.497,000055.199,000051.195,339241.69371437,000054.864,9661871.28815995
2021-10-02T21:00:02.484Z,-USD,000051.687,000055.199,000051.195,324136.21837252,000054.244,9669026.38385541
2021-10-02T22:00:02.619Z,-USD,000052.106,000055.199,000051.195,313021.15918487,000054.417,9674037.47717118
2021-10-02T23:00:02.232Z,-USD,000051.647,000055.199,000051.195,303190.8358982,0000054.17,9680576.23775968
2021-10-03T00:00:02.159Z,-USD,0000051.92,000055.199,000051.195,315869.69972498,000053.334,9699319.75022834
2021-10-03T01:00:02.643Z,-USD,000053.986,000054.949,000051.879,270783.93584966,000052.575,9137586.1278378
2021-10-03T02:00:02.455Z,-USD,000053.644,000054.949,000051.879,269152.85817522,000052.801,9153134.43638208
2021-10-03T03:00:02.212Z,-USD,000053.487,000054.949,000051.879,260325.44213216,0000053.01,9163781.68379108
2021-10-03T04:00:02.056Z,-USD,00000053.0,000054.949,000051.879,250773.71320103,000053.423,9168079.21314997
2021-10-03T05:00:02.271Z,-USD,000053.139,000054.949,000051.879,247385.64186518,000053.284,9171266.67732607
2021-10-03T06:00:01.704Z,-USD,000053.353,000054.949,000051.879,250686.14629552,000053.887,9179227.73690525
2021-10-03T07:00:02.137Z,-USD,000053.451,000054.949,000051.879,248155.48769552,000053.717,9184409.6944115
2021-10-03T08:00:01.747Z,-USD,000053.509,000054.949,000051.879,245937.54918247,0000053.38,9188183.54990206
2021-10-03T09:00:02.23Z,-USD,000053.271,000054.949,000051.879,238955.45571325,000053.433,9191300.14103946
2021-10-03T10:00:01.83Z,-USD,000053.532,000054.949,000051.879,238490.41068996,000052.959,9197680.77922741
2021-10-03T11:00:02.311Z,-USD,000053.118,000054.949,000051.879,239228.4679771,000053.052,9202541.69721657
2021-10-03T12:00:02.605Z,-USD,000053.419,000055.078,000051.879,256149.33314172,000054.052,9225268.97342455
2021-10-03T13:00:02.294Z,-USD,000053.492,000055.078,000051.879,250161.68625608,000054.012,9235921.28535095
2021-10-03T14:00:02.107Z,-USD,000054.137,000055.078,000051.879,227264.49405612,000054.241,9248741.38861957
2021-10-03T15:00:01.771Z,-USD,000054.413,000055.078,000051.879,225918.64263241,000054.069,9260751.93083659
2021-10-03T16:00:02.635Z,-USD,000054.126,000055.078,000051.879,224241.25180051,000053.484,9269307.47224025
2021-10-03T17:00:02.595Z,-USD,000054.858,000055.078,000051.879,225557.06858063,000053.908,9280833.09961116
2021-10-03T18:00:02.164Z,-USD,000054.394,000055.078,000051.879,224202.25350473,000054.466,9292442.02263013
2021-10-03T19:00:02.339Z,-USD,000054.678,000055.078,000051.879,234678.19701883,000054.535,9310708.19607976
2021-10-03T20:00:02.394Z,-USD,000054.916,000055.078,000051.879,235520.50464374,000054.254,9317065.53008125
2021-10-03T21:00:02.153Z,-USD,000054.261,000055.078,000051.879,237098.40130759,000053.959,9325711.80895977
2021-10-03T22:00:02.068Z,-USD,000054.398,000055.078,000051.879,243941.73205543,000053.296,9337525.14630066
2021-10-03T23:00:01.757Z,-USD,000054.107,000055.078,000051.879,244366.14213225,000053.642,9344653.37155319
2021-10-04T00:00:01.766Z,-USD,000053.199,000055.078,000051.879,230939.13483769,000053.669,9349872.02787557
2021-10-04T01:00:01.911Z,-USD,000052.447,000055.078,000052.301,221687.97083685,000052.931,8957915.77015447
2021-10-04T02:00:02.161Z,-USD,000052.785,000055.078,000052.541,221974.04446716,000052.852,8973701.84141987
2021-10-04T03:00:02.437Z,-USD,00000053.0,000055.078,000052.156,220767.44853051,000052.205,8983118.67133956
2021-10-04T04:00:02.577Z,-USD,000053.418,000055.078,000051.659,228585.39331106,000051.811,8995239.6451869
2021-10-04T05:00:02.206Z,-USD,00000053.3,000055.078,0000051.31,237552.66827062,000051.953,9007498.88461466
2021-10-04T06:00:02.478Z,-USD,0000053.89,000055.078,0000051.31,233301.8003873,000051.985,9011134.80269963
2021-10-04T07:00:02.295Z,-USD,000053.683,000055.078,0000051.31,237626.04677955,0000051.92,9020612.43440355
2021-10-04T08:00:02.455Z,-USD,000053.366,000055.078,0000051.31,238914.56703302,0000052.29,9025664.15595305
2021-10-04T09:00:02.365Z,-USD,000053.345,000055.078,0000051.31,241813.78734402,000051.995,9031758.25781957
2021-10-04T10:00:02.176Z,-USD,000053.039,000055.078,0000051.31,242019.22693827,000052.272,9038271.24518365
2021-10-04T11:00:02.405Z,-USD,000053.122,000055.078,0000051.31,246481.53643853,000052.038,9047819.87561142
2021-10-04T12:00:02.181Z,-USD,000054.027,00000054.9,0000051.07,238328.19641928,000051.538,9062809.84214946
2021-10-04T13:00:03.229Z,-USD,000053.956,00000054.9,0000051.07,238743.99651957,000051.963,9073345.53788249
2021-10-04T14:00:02.249Z,-USD,000054.238,00000054.9,0000051.07,248946.89333177,000052.599,9096313.92837717
2021-10-04T15:00:02.514Z,-USD,000054.089,00000054.9,0000051.07,251981.54343109,0000051.31,9111315.35074103
2021-10-04T16:00:01.811Z,-USD,000053.473,00000054.9,000050.452,254100.2314168,000051.298,9122692.04139089
2021-10-04T17:00:01.975Z,-USD,0000053.88,00000054.9,000050.452,258308.1506193,000052.046,9137758.81916204
2021-10-04T18:00:02.628Z,-USD,000054.638,00000054.9,000050.452,257999.63191707,000052.386,9149338.52779437
2021-10-04T19:00:02.19Z,-USD,000054.458,000054.605,000050.452,251325.85167629,000052.389,9160697.82038247
2021-10-04T20:00:02.612Z,-USD,000054.299,000054.446,000050.452,252429.02758657,000052.282,9168212.71706637
2021-10-04T21:00:02.314Z,-USD,000053.891,000054.072,000050.452,254706.48494435,000052.212,9179047.18192042
2021-10-04T22:00:02.616Z,-USD,000053.257,000054.072,000050.452,250583.23879944,000052.376,9186683.27589407
2021-10-04T23:00:01.945Z,-USD,000053.646,000054.072,000050.452,251400.15631093,000052.265,9194661.6003397
2021-10-05T00:00:01.829Z,-USD,000053.647,0000053.82,000050.452,258355.01894812,000052.554,9206813.17002889
2021-10-05T01:00:01.97Z,-USD,000052.796,000054.745,000050.452,282577.14241247,000054.259,8764721.33213909
2021-10-05T02:00:02.235Z,-USD,000052.749,000054.745,000050.452,281364.23418177,0000053.51,8779205.94900891
2021-10-05T03:00:02.364Z,-USD,000052.247,000054.745,000050.452,282141.95597421,000053.452,8789172.03489983
2021-10-05T04:00:02.384Z,-USD,000051.746,000054.745,000050.452,274258.5328154,000053.449,8793607.60656575
2021-10-05T05:00:01.837Z,-USD,000051.961,000054.745,000050.452,268332.73985359,000052.991,8799754.89995682
2021-10-05T06:00:01.692Z,-USD,000051.916,000054.745,000050.452,271982.00615002,000053.431,8807018.40256529
2021-10-05T07:00:02.624Z,-USD,000051.783,000054.745,000050.452,268297.11390965,000053.462,8812815.54331236
2021-10-05T08:00:02.359Z,-USD,000052.469,000054.745,000050.452,265214.44310426,000053.493,8815189.8623802
2021-10-05T09:00:02.454Z,-USD,000052.113,000054.745,000050.452,262002.69783503,000053.569,8817668.81103616
2021-10-05T10:00:02.347Z,-USD,000052.293,000054.745,000050.452,262924.99729332,000053.859,8825252.50602693
2021-10-05T11:00:02.138Z,-USD,000052.016,000054.745,000050.452,260402.93664537,000053.609,8832263.84466352
2021-10-05T12:00:02.334Z,-USD,000051.457,000054.745,000050.452,248971.08533722,0000053.57,8835952.08393937
2021-10-05T13:00:02.277Z,-USD,000051.917,000054.745,000050.452,249530.86953001,000053.322,8847431.80980511
2021-10-05T14:00:02.345Z,-USD,000052.761,000054.745,000050.452,237307.2542114,000053.645,8857635.86598708
2021-10-05T15:00:02.507Z,-USD,000051.331,000054.745,000050.452,248893.46456775,000052.933,8884267.95279647
2021-10-05T16:00:02.682Z,-USD,000051.488,000054.745,0000051.33,250080.02607176,000052.989,8897838.21457273
2021-10-05T17:00:02.625Z,-USD,0000052.05,000054.745,000051.608,247499.21502761,000053.271,8909202.98222726
2021-10-05T18:00:02.044Z,-USD,000052.395,000054.745,000051.982,243908.6215178,000053.362,8917274.27129105
2021-10-05T19:00:02.356Z,-USD,000052.406,000054.745,000051.982,246122.32518792,000053.791,8930950.75094666
2021-10-05T20:00:02.651Z,-USD,000052.348,000054.745,000051.982,255684.05147139,0000054.26,8947979.50471126
2021-10-05T21:00:01.92Z,-USD,000052.229,000054.745,000051.982,275877.42754945,000054.344,8978845.84433936
2021-10-05T22:00:02.228Z,-USD,000052.421,000054.765,000051.982,280832.43651369,000054.643,8991470.01155727
2021-10-05T23:00:02.554Z,-USD,000052.194,000054.843,0000052.17,283426.45982932,0000054.17,9001991.55606074
2021-10-06T00:00:02.48Z,-USD,000052.548,000054.843,000052.234,279172.45921381,000054.353,9010055.66938561
2021-10-06T01:00:03.848Z,-USD,000054.329,000054.843,000052.508,252955.30137204,000053.671,8393647.25839264
2021-10-06T02:00:02.558Z,-USD,00000053.5,000054.843,000052.508,253833.87080472,000053.505,8406975.16819947
2021-10-06T03:00:02.558Z,-USD,000053.506,000054.843,000052.508,251587.38832168,000053.612,8414660.6225519
2021-10-06T04:00:02.525Z,-USD,0000053.52,000054.843,000052.508,262452.38065251,000053.512,8429900.75539103
2021-10-06T05:00:02.242Z,-USD,000053.034,000054.843,000052.508,274174.67397058,000053.338,8447819.05045804
2021-10-06T06:00:02.1Z,-USD,000053.352,000054.843,000052.508,276787.17981324,000053.506,8457645.59547469
2021-10-06T07:00:01.857Z,-USD,0000053.45,000054.843,000052.508,275512.77443999,000053.542,8462243.49826926
2021-10-06T08:00:01.881Z,-USD,000053.424,000054.843,000052.508,287398.84447497,000052.877,8476420.60312502
2021-10-06T09:00:01.785Z,-USD,000053.593,000054.843,00000051.1,301446.14155246,000051.588,8493074.34163373
2021-10-06T10:00:01.918Z,-USD,000053.959,000054.843,00000051.1,300416.6757655,000051.528,8499661.6907154
2021-10-06T11:00:02.583Z,-USD,000053.655,000054.843,00000051.1,301567.78095653,000051.848,8507774.10269822
2021-10-06T12:00:02.527Z,-USD,000053.561,000054.843,00000051.1,304716.87944522,000051.896,8514521.37837577
2021-10-06T13:00:02.795Z,-USD,000053.328,000054.843,00000051.1,307468.90858968,000054.419,8529127.48794237
2021-10-06T14:00:02.037Z,-USD,0000053.62,000055.965,00000051.1,348888.39393316,0000054.84,8580380.78626906
2021-10-06T15:00:01.789Z,-USD,000052.882,000055.965,00000051.1,344755.36342886,000055.364,8603681.33148354
2021-10-06T16:00:02.198Z,-USD,0000052.99,00000056.0,00000051.1,346972.25174952,000055.753,8618758.70462628
2021-10-06T17:00:02.432Z,-USD,0000053.26,00000056.0,00000051.1,347962.52680776,000055.643,8631067.05911849
2021-10-06T18:00:02.61Z,-USD,000053.363,00000056.0,00000051.1,350224.95911389,000055.058,8641486.61823757
2021-10-06T19:00:02.044Z,-USD,000053.777,00000056.0,00000051.1,357618.23618841,000054.838,8662508.32148255
2021-10-06T20:00:02.302Z,-USD,000054.259,00000056.0,00000051.1,348008.77651237,000054.875,8671681.3402592
2021-10-06T21:00:02.267Z,-USD,000054.384,00000056.0,00000051.1,328122.82630517,0000054.25,8681015.16284219
2021-10-06T22:00:02.387Z,-USD,000054.577,00000056.0,00000051.1,331368.54199361,000054.347,8697112.93371544
2021-10-06T23:00:02.252Z,-USD,000054.268,00000056.0,00000051.1,335650.70998283,000054.486,8711515.3370889
2021-10-07T00:00:02.344Z,-USD,000054.345,00000056.0,00000051.1,350386.29983258,000054.796,8734358.17486942
2021-10-07T01:00:02.619Z,-USD,000053.674,00000056.0,00000051.1,360075.31844667,0000054.12,7572702.51433041
2021-10-07T02:00:01.765Z,-USD,000053.535,00000056.0,00000051.1,368064.36046983,000053.797,7594029.03493383
2021-10-07T03:00:01.924Z,-USD,000053.603,00000056.0,00000051.1,373886.68022573,000053.978,7607514.89726093
2021-10-07T04:00:01.977Z,-USD,000053.451,00000056.0,00000051.1,372686.16716409,000053.628,7621631.56565248
2021-10-07T05:00:01.982Z,-USD,000053.311,00000056.0,00000051.1,367492.90436553,000054.021,7634629.3342883
2021-10-07T06:00:02.06Z,-USD,000053.461,00000056.0,00000051.1,364288.61696348,000054.057,7641079.63022453
2021-10-07T07:00:02.06Z,-USD,000053.435,00000056.0,00000051.1,366253.40994078,000053.735,7647537.34691727
2021-10-07T08:00:01.954Z,-USD,000052.867,00000056.0,00000051.1,364216.44018321,000055.288,7660285.98001256
2021-10-07T09:00:02.462Z,-USD,000051.491,00000056.0,000051.133,358355.49696358,000055.241,7670689.80295794
2021-10-07T10:00:01.882Z,-USD,0000051.51,00000056.0,000051.315,361847.60148712,000054.604,7680472.64259316
2021-10-07T11:00:02.552Z,-USD,000051.757,00000056.0,000051.659,362194.09922411,000054.149,7688921.92349016
2021-10-07T12:00:02.381Z,-USD,000051.732,00000056.0,000051.697,364093.18419125,000054.694,7697645.0563581
2021-10-07T13:00:02.003Z,-USD,000054.399,00000056.0,000053.051,359692.36592848,0000054.11,7709685.14182908
2021-10-07T14:00:02.354Z,-USD,000054.919,00000056.0,000053.051,320516.36576759,000055.001,7721513.80796055
2021-10-07T15:00:02.174Z,-USD,000055.327,00000056.0,000053.051,326983.27227861,000053.647,7749724.06998681
2021-10-07T16:00:02.337Z,-USD,000055.695,000055.851,000053.051,326914.91945339,0000053.98,7764878.25070838
2021-10-07T17:00:02.827Z,-USD,000055.662,000055.738,000053.051,335693.64825286,0000054.66,7786085.12478224
2021-10-07T18:00:02.286Z,-USD,000054.999,000055.738,000053.051,336021.75291871,000054.162,7799939.91031351
2021-10-07T19:00:02.466Z,-USD,0000054.82,000055.738,000053.051,324531.48235227,000054.116,7806955.59044114
2021-10-07T20:00:02.612Z,-USD,000054.891,000055.738,000053.051,327814.20426174,000054.274,7818543.76224458
2021-10-07T21:00:02.671Z,-USD,000054.348,000055.738,000053.051,325448.9258225,000054.681,7825960.10267717
2021-10-07T22:00:02.414Z,-USD,000054.338,000055.738,000053.051,317503.17047747,000054.631,7833662.92813106
2021-10-07T23:00:01.81Z,-USD,000054.528,000055.738,000053.051,314854.96728901,000054.265,7845625.30664567
2021-10-08T00:00:02.056Z,-USD,000054.806,000055.738,000053.051,302667.88165284,000054.226,7856427.47738057
2021-10-08T01:00:02.337Z,-USD,000054.019,000055.738,000053.051,288397.24967983,000054.485,7088800.42345976
2021-10-08T02:00:02.461Z,-USD,000053.809,000055.738,000053.237,272245.35754519,0000054.26,7093926.35213601
2021-10-08T03:00:02.42Z,-USD,000053.952,000055.738,000053.237,275130.47068205,000053.526,7110339.85197538
2021-10-08T04:00:02.64Z,-USD,000053.525,000055.738,0000053.15,268733.91425008,000053.622,7117830.40415152
2021-10-08T05:00:02.097Z,-USD,0000054.01,000055.738,0000053.15,259304.9046099,000053.719,7121414.00404889
2021-10-08T06:00:02.779Z,-USD,000054.044,000055.738,0000053.15,257133.05690499,000053.883,7125658.37370947
2021-10-08T07:00:01.68Z,-USD,0000053.66,000055.738,0000053.15,255732.1599961,000054.058,7130874.54394886
2021-10-08T08:00:02.649Z,-USD,000055.229,000055.738,0000053.15,247441.12395321,000054.306,7135165.22081487
2021-10-08T09:00:01.806Z,-USD,000055.225,000055.441,0000053.15,243488.69907932,00000055.0,7141620.665448
2021-10-08T10:00:02.664Z,-USD,000054.706,000055.248,0000053.15,237526.00118749,000054.545,7145500.76194656
2021-10-08T11:00:02.738Z,-USD,000054.228,000055.248,0000053.15,233888.61443187,000054.697,7150387.93070625
2021-10-08T12:00:01.729Z,-USD,000054.638,000055.248,0000053.15,231633.94726907,000054.387,7156798.15017035
2021-10-08T13:00:01.748Z,-USD,0000054.13,000055.248,0000053.15,227382.20365733,000054.023,7164591.795755
2021-10-08T14:00:01.788Z,-USD,000054.997,000055.248,0000053.15,227059.442205,000053.808,7176081.84842981
2021-10-08T15:00:01.932Z,-USD,000053.683,000055.248,0000053.15,206600.09647503,000054.487,7184112.10749107
2021-10-08T16:00:01.733Z,-USD,000054.141,000055.248,0000053.15,199683.77405533,000054.216,7192824.54425985
2021-10-08T17:00:02.074Z,-USD,000054.728,000055.098,0000053.15,185265.22627802,000054.313,7198883.14120269
2021-10-08T18:00:02.349Z,-USD,000054.146,000055.098,0000053.15,176325.53563923,000054.132,7203841.10163654
2021-10-08T19:00:02.991Z,-USD,000054.094,000055.098,0000053.15,176321.1367833,000054.269,7210858.89816541
2021-10-08T20:00:02.668Z,-USD,000054.331,000055.098,0000053.15,168755.70799165,000054.079,7215277.07453274
2021-10-08T21:00:01.935Z,-USD,000054.642,000055.098,0000053.15,173100.26433903,000053.457,7226513.80855602
2021-10-08T22:00:02.123Z,-USD,000054.618,000055.098,0000053.15,172764.26158327,000053.784,7233940.65914516
2021-10-08T23:00:02.58Z,-USD,000054.265,000055.098,0000053.15,167550.70448803,000053.926,7240741.91139374
2021-10-09T00:00:01.744Z,-USD,0000054.32,000055.098,0000053.15,162675.47599517,000053.627,7246774.41842595
2021-10-09T01:00:01.779Z,-USD,000054.433,000055.098,0000053.15,164097.02212652,000053.875,6819059.72734353
2021-10-09T02:00:01.757Z,-USD,000054.306,000055.098,0000053.15,164241.21243784,000053.518,6824417.08278305
2021-10-09T03:00:01.973Z,-USD,000053.478,000055.098,0000053.15,150534.87983558,000053.855,6827785.89628221
2021-10-09T04:00:02.461Z,-USD,000053.679,000055.098,000053.198,148848.52825655,000054.045,6832930.05893491
2021-10-09T05:00:02.076Z,-USD,000053.725,000055.098,000053.198,149816.93245687,000054.241,6837388.87872018
2021-10-09T06:00:02.058Z,-USD,000053.953,000055.098,000053.198,147978.59279355,000054.083,6839754.73963986
2021-10-09T07:00:01.978Z,-USD,000054.107,000055.098,000053.198,146778.04192319,000054.238,6844123.81624989
2021-10-09T08:00:01.965Z,-USD,0000054.36,000055.098,000053.198,145171.63316229,000054.396,6846478.19684581
2021-10-09T09:00:01.831Z,-USD,000055.065,000055.067,000053.198,140588.15074805,000053.999,6848315.28496146
2021-10-09T10:00:01.974Z,-USD,000054.426,0000054.95,000053.198,139794.27707537,000054.148,6851442.72275277
2021-10-09T11:00:02.63Z,-USD,000054.654,0000056.15,000053.198,143722.5827313,000055.941,6860245.64888789
2021-10-09T12:00:02.557Z,-USD,000054.338,000057.458,000053.198,172511.95806129,000056.235,6895655.64886292
2021-10-09T13:00:02.488Z,-USD,000054.076,000057.458,000053.198,173581.65199248,000056.407,6904483.11909237
2021-10-09T14:00:02.565Z,-USD,000053.819,000057.458,000053.198,171594.97324909,000056.771,6913800.79581131
2021-10-09T15:00:02.382Z,-USD,000054.397,000057.458,000053.198,183957.55986618,000056.396,6934195.12214082
2021-10-09T16:00:01.741Z,-USD,000054.257,000057.458,000053.198,189368.15235841,000056.468,6948311.97981358
2021-10-09T17:00:02.433Z,-USD,000054.331,000057.458,000053.198,196823.67435556,0000056.41,6961825.20739551
2021-10-09T18:00:01.824Z,-USD,000054.102,000057.458,000053.198,201094.11056123,000056.545,6971162.96594949
2021-10-09T19:00:02.075Z,-USD,000054.219,000057.458,000053.198,201517.86629582,000056.517,6978524.85733593
2021-10-09T20:00:01.879Z,-USD,0000054.08,000057.458,000053.198,200621.83786534,000056.152,6982117.19342088
2021-10-09T21:00:02.673Z,-USD,000053.448,000057.458,000053.198,197154.12024659,000056.077,6989853.65537423
2021-10-09T22:00:02.583Z,-USD,000053.786,000057.458,000053.198,192595.37052574,000056.213,6992743.17647207
2021-10-09T23:00:02.295Z,-USD,000053.855,000057.458,000053.198,190055.72441637,000055.886,6997088.03859202
2021-10-10T00:00:02.547Z,-USD,000053.683,000057.458,000053.198,191895.5494782,000055.541,7004933.65525522
2021-10-10T01:00:02.553Z,-USD,000054.066,000057.458,000053.336,205305.79604838,000054.718,6703283.07915642
2021-10-10T02:00:02.552Z,-USD,0000053.52,000057.458,000053.336,215105.35198984,000054.647,6718464.38600208
2021-10-10T03:00:01.861Z,-USD,0000053.87,000057.458,000053.737,215891.96576664,000054.773,6723014.73109006
2021-10-10T04:00:01.882Z,-USD,000054.024,000057.458,000053.832,216149.76047991,000055.296,6728214.53622725
2021-10-10T05:00:02.18Z,-USD,000054.263,000057.458,000053.832,216451.10208732,000055.787,6732716.57661552
2021-10-10T06:00:02.301Z,-USD,000054.048,000057.458,000053.832,216236.43024224,000055.559,6735017.78428245
2021-10-10T07:00:02.218Z,-USD,000054.274,000057.458,000053.832,215616.66170587,000056.264,6738593.82193825
2021-10-10T08:00:02.251Z,-USD,000054.501,000057.458,000053.832,216930.78860212,000055.752,6742591.05709144
2021-10-10T09:00:02.179Z,-USD,0000053.96,000057.458,000053.832,220425.60167763,000055.799,6747586.36727853
2021-10-10T10:00:02.269Z,-USD,000054.229,000057.458,000054.057,219524.74788281,000055.262,6749814.85151985
2021-10-10T11:00:02.648Z,-USD,000056.384,000057.458,000054.124,227068.25673011,000055.167,6767994.34556456
2021-10-10T12:00:07.664Z,-USD,000056.459,000056.961,000054.124,202094.70895835,000055.137,6776750.29411097
2021-10-10T13:00:02.71Z,-USD,000056.442,000056.961,000054.124,202791.22961539,000054.811,6786190.07608084
2021-10-10T14:00:01.793Z,-USD,000056.782,000056.961,000054.124,198217.7496859,000054.821,6790897.39837342
2021-10-10T15:00:02.025Z,-USD,000056.419,000056.961,000054.124,181996.32547441,000054.851,6795343.89508386
2021-10-10T16:00:02.139Z,-USD,000056.433,000056.961,000054.124,171355.45656562,000055.063,6798815.45665698
2021-10-10T17:00:02.385Z,-USD,000056.428,000056.809,000054.124,165109.21707103,000054.878,6805827.73174266
2021-10-10T18:00:02.252Z,-USD,000056.558,000056.809,000054.124,162460.30799001,000054.613,6812515.62050903
2021-10-10T19:00:02.349Z,-USD,0000056.56,000056.591,000054.124,160922.54203351,000054.578,6818374.40795771
2021-10-10T20:00:02.364Z,-USD,000056.209,0000056.35,000054.124,160401.74118115,000054.665,6821834.38687193
2021-10-10T21:00:02.48Z,-USD,000056.094,0000056.35,000054.124,161653.40542934,000054.467,6830413.34990432
2021-10-10T22:00:02.666Z,-USD,000056.208,0000056.35,000052.717,178018.92134593,000053.481,6849667.00657313
2021-10-10T23:00:02.191Z,-USD,000055.943,0000056.35,000052.717,177017.9581809,000053.684,6853592.70886967
2021-10-11T00:00:02.154Z,-USD,0000055.61,0000056.35,000052.692,177812.35614595,000053.021,6861687.50310563
2021-10-11T01:00:02.527Z,-USD,000054.679,0000056.35,000052.159,169707.61984746,000053.453,6662251.32821903
2021-10-11T02:00:02.635Z,-USD,000054.609,0000056.35,000052.159,158235.31814743,000053.564,6665920.35308931
2021-10-11T03:00:02.558Z,-USD,000054.743,0000056.35,000052.159,158286.47289479,000053.878,6670420.68517456
2021-10-11T04:00:01.875Z,-USD,000055.144,0000056.35,000052.159,160763.80522176,000054.579,6678246.62604721
2021-10-11T05:00:02.204Z,-USD,000055.756,0000056.35,000052.159,159217.74122292,000054.433,6681074.29909922
2021-10-11T06:00:02.139Z,-USD,000055.546,0000056.35,000052.159,157865.11631458,0000054.12,6681991.68580533
2021-10-11T07:00:02.069Z,-USD,000056.191,000056.236,000052.159,155563.67493514,000054.209,6683465.2222799
2021-10-11T08:00:02.235Z,-USD,000055.999,000056.039,000052.159,154563.59227816,000054.782,6687957.16776288
2021-10-11T09:00:02.208Z,-USD,000055.878,000055.879,000052.159,160241.22334676,000054.762,6696974.55303416
2021-10-11T10:00:02.067Z,-USD,000055.108,000055.303,000052.159,160847.00992062,000054.445,6699768.99232433
2021-10-11T11:00:02.16Z,-USD,000055.112,000055.303,000052.159,145193.93879471,000054.058,6702581.71904322
2021-10-11T12:00:02.145Z,-USD,000055.134,000055.303,000052.159,145000.98679734,000053.982,6710920.51013564
2021-10-11T13:00:02.285Z,-USD,0000054.87,000055.303,000052.159,140059.09662909,000054.002,6715391.10359379
2021-10-11T14:00:02.568Z,-USD,000054.855,000055.303,000052.159,140171.37038229,0000054.38,6720239.65888755
2021-10-11T15:00:01.913Z,-USD,000054.832,000055.303,000052.159,149078.98280708,000054.904,6734107.80969287
2021-10-11T16:00:02.399Z,-USD,000055.041,000055.303,000052.159,154821.08126918,000054.475,6742863.51872451
2021-10-11T17:00:02.792Z,-USD,000054.837,000055.303,000052.159,156557.71211605,000054.362,6751499.37984802
2021-10-11T18:00:02.105Z,-USD,000054.564,000055.303,000052.159,155834.11734681,000054.128,6757515.29058842
2021-10-11T19:00:02.186Z,-USD,000054.594,000055.303,000052.159,156044.11145475,000053.926,6763525.46807525
2021-10-11T20:00:02.657Z,-USD,000054.516,000055.303,000052.159,159043.6139965,000053.553,6769993.72143169
2021-10-11T21:00:01.781Z,-USD,000054.489,000055.303,000052.159,159554.39708577,000053.226,6783042.49932469
2021-10-11T22:00:02.029Z,-USD,000053.393,000055.303,000052.159,155645.8721064,000053.654,6794514.09351045
2021-10-11T23:00:02.517Z,-USD,000053.636,000055.303,000052.159,156060.31687017,000053.737,6798762.80260402
2021-10-12T00:00:01.841Z,-USD,000052.906,000055.303,000052.159,157205.12097214,000053.934,6808028.75747075
2021-10-12T01:00:02.656Z,-USD,000053.393,000055.303,0000052.75,166206.52358945,000053.104,6644965.34859366
2021-10-12T02:00:02.318Z,-USD,000053.517,000055.303,0000052.75,168772.97515618,000053.362,6651215.00161361
2021-10-12T03:00:01.942Z,-USD,000053.892,000055.303,000052.376,172316.44377285,0000052.61,6659504.8058783
2021-10-12T04:00:02.146Z,-USD,000054.579,000055.303,000051.899,177681.49416535,000052.284,6672406.60369973
2021-10-12T05:00:02.04Z,-USD,000054.466,000055.303,000051.899,181123.50609539,000052.826,6678677.70301844
2021-10-12T06:00:02.041Z,-USD,000054.171,000055.303,000051.899,185848.50800176,000052.917,6684323.59163093
2021-10-12T07:00:02.005Z,-USD,000054.255,000055.303,000051.899,190524.40343042,000052.403,6690700.67170629
2021-10-12T08:00:02.023Z,-USD,000054.766,000055.303,000051.899,190463.411968,000052.524,6694912.03840269
2021-10-12T09:00:01.857Z,-USD,000054.863,0000055.24,000051.899,186619.9289952,000052.523,6700069.98586675
2021-10-12T10:00:02.173Z,-USD,000054.532,0000055.24,000051.064,198011.56060246,000051.326,6714265.60809155
2021-10-12T11:00:02.102Z,-USD,000054.013,0000055.24,000050.927,204535.63565008,000051.567,6723704.26707768
2021-10-12T12:00:04.158Z,-USD,000053.905,0000055.24,000050.927,201767.36416916,000051.906,6729193.46212864
2021-10-12T13:00:02.162Z,-USD,000054.008,0000055.24,000050.927,205396.50045589,000051.475,6737269.93953296
2021-10-12T14:00:02.326Z,-USD,000054.378,0000055.24,000050.927,211152.95116086,000052.568,6747929.43666017
2021-10-12T15:00:02.526Z,-USD,000054.921,000054.934,000050.927,209988.49748668,0000051.85,6760606.66737154
2021-10-12T16:00:02.687Z,-USD,000054.532,000054.715,000050.927,219501.58596396,000052.527,6778856.00120107
2021-10-12T17:00:02.293Z,-USD,000054.325,000054.568,000050.927,215990.09334757,000052.828,6783974.96474278
2021-10-12T18:00:02.619Z,-USD,000054.094,000054.281,000050.927,214840.41054872,000052.041,6788834.054396
2021-10-12T19:00:01.827Z,-USD,000053.878,000054.281,000050.927,211009.54490993,000052.364,6791133.8218384
2021-10-12T20:00:02.18Z,-USD,000053.502,000053.981,000050.927,207302.47001176,000052.087,6794007.87498042
2021-10-12T21:00:02.512Z,-USD,000053.097,000053.981,000050.927,206096.7033116,000052.452,6805619.38530631
2021-10-12T22:00:02.088Z,-USD,000053.575,000053.981,000050.927,196310.95847528,000052.422,6807333.34863707
2021-10-12T23:00:02.493Z,-USD,0000053.64,000053.981,000050.927,195404.48283073,00000052.8,6810685.88883474
2021-10-13T00:00:01.744Z,-USD,000053.908,000053.944,000050.927,191849.35422409,000052.652,6816520.1070951
2021-10-13T01:00:02.208Z,-USD,000053.135,000053.513,000050.927,176858.97635309,0000053.09,6420824.36361204
2021-10-13T02:00:02.689Z,-USD,000053.387,000053.453,000050.927,173625.26660535,000052.915,6423345.86399661
2021-10-13T03:00:01.885Z,-USD,000052.578,000053.354,000050.927,168484.76981302,000053.146,6426545.68514475
2021-10-13T04:00:01.985Z,-USD,000052.353,000053.462,000050.927,161522.80141998,000052.972,6432446.75015829
2021-10-13T05:00:02.285Z,-USD,000052.839,000053.462,000050.927,158910.54681193,000052.853,6436108.05523997
2021-10-13T06:00:02.133Z,-USD,00000052.9,000053.462,000050.927,161686.98828048,000051.881,6444605.71676106
2021-10-13T07:00:02.124Z,-USD,000052.388,000053.462,000050.927,164465.6652814,0000051.93,6453673.89209046
2021-10-13T08:00:02.214Z,-USD,000052.487,000053.462,000050.927,166869.49046072,000051.449,6460284.07765916
2021-10-13T09:00:02.105Z,-USD,0000052.58,000053.462,000050.927,164024.00373225,000051.659,6462603.24944511
2021-10-13T10:00:02.579Z,-USD,000051.389,000053.462,000050.927,152398.61673238,000051.899,6465485.37077494
2021-10-13T11:00:02.093Z,-USD,000051.535,000053.462,000051.131,147252.52693401,000051.825,6469456.95305027
2021-10-13T12:00:02.298Z,-USD,000051.855,000053.462,000051.131,147771.33979306,000052.094,6475465.90251231
2021-10-13T13:00:01.833Z,-USD,000051.505,000053.462,0000051.38,142712.14781007,000052.095,6478551.84303383
2021-10-13T14:00:01.99Z,-USD,000052.533,000053.462,0000051.38,138865.22790244,000051.574,6485385.6501436
2021-10-13T15:00:02.007Z,-USD,000052.029,000053.462,000051.321,133486.76635,000052.052,6492693.42449438
2021-10-13T16:00:02.355Z,-USD,000052.505,000053.462,000051.321,119516.36181316,000052.122,6496995.65694856
2021-10-13T17:00:01.918Z,-USD,0000052.78,000053.462,000051.321,118561.84367148,0000052.28,6501040.83232794
2021-10-13T18:00:02.304Z,-USD,000052.187,000053.462,000051.321,122230.38401477,000052.368,6509563.5612297
2021-10-13T19:00:02.617Z,-USD,000052.279,000053.462,000051.321,125939.88150445,000052.333,6515627.92138143
2021-10-13T20:00:02.707Z,-USD,000052.116,000053.462,000051.321,130552.76214334,000052.556,6523175.40668978
2021-10-13T21:00:02.185Z,-USD,000052.578,000053.462,000051.321,131401.70910597,000052.862,6535541.15683006
2021-10-13T22:00:02.473Z,-USD,000052.473,000053.462,000051.321,134198.60143866,000053.031,6540036.03938629
2021-10-13T23:00:01.978Z,-USD,000052.719,000053.552,000051.321,136282.12003286,000053.486,6545468.56927708
2021-10-14T00:00:02.046Z,-USD,000052.668,000053.552,000051.321,135187.65457425,000053.358,6550278.63169199
2021-10-14T01:00:05.243Z,-USD,000053.171,000053.582,000051.321,137641.660349,000053.112,6341011.45176234
2021-10-14T02:00:03.006Z,-USD,000052.915,000053.873,000051.321,143035.75669395,000053.799,6349022.9612245
2021-10-14T03:00:02.7Z,-USD,000053.166,000053.873,000051.321,144609.66957263,000053.504,6353680.55257967
2021-10-14T04:00:02.047Z,-USD,000052.988,000053.961,000051.321,148898.59278231,000053.793,6363879.75305967
2021-10-14T05:00:02.507Z,-USD,000052.884,000053.961,000051.321,149708.80666476,000053.596,6368305.93061725
2021-10-14T06:00:02.568Z,-USD,000051.554,000053.961,000051.321,144424.44821767,000053.496,6371698.63258624
2021-10-14T07:00:02.595Z,-USD,0000051.91,000053.961,000051.321,139673.3539242,000053.337,6375842.24166278
2021-10-14T08:00:02.577Z,-USD,000051.395,000053.961,000051.321,134544.85774923,000053.282,6377332.90909959
2021-10-14T09:00:02.551Z,-USD,000051.562,000053.961,000051.321,134512.16729545,000053.484,6379590.97966006
2021-10-14T10:00:01.905Z,-USD,000051.832,000053.961,000051.321,133334.50826349,000053.457,6381293.43102588
2021-10-14T11:00:02.068Z,-USD,000051.829,000053.961,000051.321,131347.68633379,000053.407,6383382.76233418
2021-10-14T12:00:02.265Z,-USD,000052.098,000054.941,000051.321,141892.07602718,000054.706,6399841.01887546
2021-10-14T13:00:02.14Z,-USD,000052.139,000054.941,000051.321,145141.80735325,000054.313,6406174.76096862
2021-10-14T14:00:02.068Z,-USD,000051.546,000054.941,000051.321,149700.73739303,000054.384,6417581.72124921
2021-10-14T15:00:02.441Z,-USD,000052.141,000054.941,000051.951,150036.24146023,000054.541,6425220.12922352
2021-10-14T16:00:04.16Z,-USD,000052.097,000054.941,000051.951,162023.48970884,000054.441,6441514.66200396
2021-10-14T17:00:02.106Z,-USD,000052.205,000054.941,000052.194,167146.06566444,000054.219,6450774.21522035
2021-10-14T18:00:02.311Z,-USD,000052.433,000054.941,000052.241,164820.77281089,000054.391,6457034.78750914
2021-10-14T19:00:02.462Z,-USD,000052.325,000054.941,000052.241,164747.25170851,000054.481,6462893.17299462
2021-10-14T20:00:07.559Z,-USD,000052.521,000054.941,000052.412,163305.25562265,000054.426,6468994.12727595
2021-10-14T21:00:10.523Z,-USD,000052.838,000054.941,000052.838,158415.29400279,000054.181,6476502.45039422
2021-10-14T22:00:14.151Z,-USD,000053.001,000054.941,000052.964,161283.46085196,000054.422,6484825.73421145
2021-10-14T23:00:12.339Z,-USD,000053.505,000054.941,000052.982,161301.43158011,000054.321,6489251.63554839
2021-10-15T00:00:17.239Z,-USD,000053.408,000054.941,000052.982,161964.12272402,000054.394,6494718.37010721
2021-10-15T01:00:12.464Z,-USD,000053.184,000054.941,000052.982,168755.8930273,000053.558,6331108.74418133
2021-10-15T02:00:12.334Z,-USD,000053.719,000054.941,0000053.18,177553.09767089,000053.418,6347910.34991294
2021-10-15T03:00:11.185Z,-USD,000053.508,000054.941,0000053.18,185630.53965623,000054.745,6360634.35166329
2021-10-15T04:00:22.641Z,-USD,000053.781,00000056.9,0000053.18,235323.43422337,000055.584,6420529.10632161
2021-10-15T05:00:10.149Z,-USD,000053.533,00000056.9,0000053.18,253163.45303189,000055.847,6442798.96857444
2021-10-15T06:00:07.409Z,-USD,000053.498,00000056.9,0000053.18,261115.44346577,000055.683,6454098.69822029
2021-10-15T07:00:03.474Z,-USD,000053.376,00000056.9,0000053.18,277206.62644822,0000054.94,6474341.94499751
2021-10-15T08:00:03.829Z,-USD,000053.248,00000056.9,0000053.18,283891.74648264,000054.386,6482539.89461086
2021-10-15T09:00:02.657Z,-USD,0000053.48,00000056.9,000052.848,312061.74753127,000053.043,6512937.9474903
2021-10-15T10:00:02.516Z,-USD,000053.419,00000056.9,000052.541,322466.75433505,000053.304,6525065.79243351
2021-10-15T11:00:04.493Z,-USD,000053.423,00000056.9,000052.541,328181.03893783,0000053.32,6532884.49715655
2021-10-15T12:00:04.313Z,-USD,000054.685,00000056.9,000052.541,322993.5768833,000053.373,6544126.08892142
2021-10-15T13:00:03.096Z,-USD,000054.336,00000056.9,000052.541,322795.68024026,000053.183,6550271.71993663
2021-10-15T14:00:08.91Z,-USD,000054.444,00000056.9,000052.541,319772.02470001,000053.719,6558755.19890554
2021-10-15T15:00:10.762Z,-USD,000054.519,00000056.9,000052.541,321276.97371632,000053.623,6567870.14224584
2021-10-15T16:00:10.703Z,-USD,000054.601,00000056.9,000052.541,311500.72887796,000053.777,6574639.4404689
2021-10-15T17:00:09.903Z,-USD,000054.156,00000056.9,000052.541,315990.63103656,000054.496,6588074.10307018
2021-10-15T18:00:08.961Z,-USD,000054.379,00000056.9,000052.541,320799.56639287,000054.718,6599124.21106922
2021-10-15T19:00:02.023Z,-USD,000054.516,00000056.9,000052.541,324688.03927846,000054.895,6608922.68350524
2021-10-15T20:00:02.445Z,-USD,000054.488,00000056.9,000052.541,329603.17592729,000054.785,6619883.15209696
2021-10-15T21:00:02.621Z,-USD,0000054.17,00000056.9,000052.541,342909.83084862,000055.261,6640693.06479695
2021-10-15T22:00:01.816Z,-USD,000054.474,00000056.9,000052.541,346999.74201276,000054.616,6653106.82285295
2021-10-15T23:00:02.561Z,-USD,000054.288,00000056.9,000052.541,351510.81345435,000054.488,6662099.71690699
2021-10-16T00:00:01.776Z,-USD,000054.453,00000056.9,000052.541,356846.42486585,0000054.27,6672923.0145225
2021-10-16T01:00:10.841Z,-USD,000053.625,00000056.9,000052.541,358231.74076915,0000054.37,6475730.65109143
2021-10-16T02:00:11.121Z,-USD,000053.406,00000056.9,000052.541,350664.65348916,000054.166,6485061.01966216
2021-10-16T03:00:11.374Z,-USD,000054.858,00000056.9,000052.541,344155.87238218,000054.526,6491205.14497687
2021-10-16T04:00:23.43Z,-USD,000055.609,000055.988,000052.541,290541.47530689,000054.066,6497796.10766457
2021-10-16T05:00:09.936Z,-USD,000055.846,000055.988,000052.541,281244.02601758,000054.045,6510607.44708384
2021-10-16T06:00:10.923Z,-USD,000055.774,000055.988,000052.541,277306.18491266,000054.308,6517944.61066344
2021-10-16T07:00:08.629Z,-USD,000054.846,000055.443,000052.541,260030.71566642,000054.126,6520760.46387325
2021-10-16T08:00:02.213Z,-USD,0000054.37,000055.443,000052.541,256844.23579304,000054.027,6525762.3317616
2021-10-16T09:00:02.128Z,-USD,000052.985,000055.443,000052.541,229637.26593597,000054.828,6529411.08744244
2021-10-16T10:00:02.706Z,-USD,0000053.24,000055.443,000052.871,222264.7518381,000054.762,6533740.64138393
2021-10-16T11:00:03.731Z,-USD,000053.277,000055.443,000053.062,216341.95424493,000054.853,6535610.80728283
2021-10-16T12:00:02.202Z,-USD,000053.388,000055.443,000053.062,207370.73498214,000055.158,6538467.55962342
2021-10-16T13:00:11.501Z,-USD,0000053.16,000055.443,000053.099,216648.81666515,000053.895,6553291.92521733
2021-10-16T14:00:11.199Z,-USD,000053.642,000055.443,000053.325,214481.30383542,000054.389,6559794.28186882
2021-10-16T15:00:17.788Z,-USD,000053.682,000055.443,000053.513,209784.55678093,000054.348,6564052.28163033
2021-10-16T16:00:11.248Z,-USD,000053.748,000055.443,000053.513,208988.96770983,000054.327,6570002.60779428
2021-10-16T17:00:10.684Z,-USD,00000054.5,000055.443,000053.606,207730.22477934,000054.711,6582206.38104915
2021-10-16T18:00:10.018Z,-USD,000054.709,000055.443,000053.606,211572.2053731,000055.057,6597151.80599244
2021-10-16T19:00:11.792Z,-USD,000054.884,000055.443,000053.606,210414.31485357,000054.639,6606058.26478073
2021-10-16T20:00:10.055Z,-USD,000054.804,000055.443,000053.606,204775.48814396,000054.452,6611066.60639892
2021-10-16T21:00:02.455Z,-USD,000055.352,000055.443,000053.606,190510.31607537,00000054.5,6617627.53443118
2021-10-16T22:00:02.416Z,-USD,000054.641,0000055.36,000053.606,184631.54039868,000054.168,6624120.93953883
2021-10-16T23:00:02.255Z,-USD,000054.499,0000055.36,000053.606,179451.82561509,000054.307,6627943.1701396
2021-10-17T00:00:01.695Z,-USD,000054.278,0000055.36,000053.606,174905.16701661,000054.013,6634342.19655929
2021-10-17T01:00:11.042Z,-USD,000054.448,0000055.36,000053.524,171049.85058181,000054.193,6450035.08107358
2021-10-17T02:00:11.159Z,-USD,000054.247,0000055.36,000053.524,164081.59846511,000054.376,6452364.18468266
2021-10-17T03:00:11.036Z,-USD,000054.566,0000055.36,000053.524,165182.20679436,0000054.26,6459421.25126567
2021-10-17T04:00:42.256Z,-USD,000053.959,0000055.36,000053.524,150016.07509269,000054.451,6463975.67404432
2021-10-17T05:00:08.356Z,-USD,000053.959,0000055.36,000053.524,156399.41242043,000054.309,6470359.01137206
2021-10-17T06:00:09.229Z,-USD,000054.308,0000055.36,000053.524,154570.938348,000053.944,6475571.2546787
2021-10-17T07:00:09.424Z,-USD,000054.098,0000055.36,000053.524,157083.9964021,000054.106,6480951.52647336
2021-10-17T08:00:08.545Z,-USD,000054.039,0000055.36,000053.524,163067.08856364,000053.961,6491846.64212041
2021-10-17T09:00:09.307Z,-USD,000054.868,0000055.36,000053.524,160634.81109927,000054.172,6493070.87326399
2021-10-17T10:00:09.766Z,-USD,000054.834,0000055.36,000053.524,158331.81176817,000054.251,6495087.74549911
2021-10-17T11:00:10.085Z,-USD,000054.852,0000055.36,000053.524,158437.32102524,000054.162,6497063.57507305
2021-10-17T12:00:08.446Z,-USD,000055.082,0000055.36,000053.524,157364.6697739,0000053.92,6498852.67706406
2021-10-17T13:00:11.507Z,-USD,000053.838,000055.302,000053.524,151681.24420058,000053.893,6508042.50055959
2021-10-17T14:00:09.855Z,-USD,000054.436,000055.302,000053.524,149269.78069508,000053.955,6512140.28219359
2021-10-17T15:00:09.417Z,-USD,000054.313,000055.302,000053.524,149994.45141065,000053.746,6517198.30349458
2021-10-17T16:00:08.9Z,-USD,000054.441,000055.302,000053.032,158473.90557634,000053.336,6531835.87214864
2021-10-17T17:00:02.403Z,-USD,000054.736,000055.302,000053.032,151888.38621431,000053.299,6537115.27953751
2021-10-17T18:00:03.747Z,-USD,000055.089,000055.096,000053.032,140550.60797012,000053.315,6540734.33207534
2021-10-17T19:00:01.935Z,-USD,000054.725,000054.778,000053.032,136570.99369333,000053.475,6545649.91736151
2021-10-17T20:00:02.498Z,-USD,000054.447,000054.671,000052.797,138688.03242187,000052.887,6552774.96390814
2021-10-17T21:00:02.149Z,-USD,000054.501,000054.671,000050.557,164159.84398408,000051.556,6585058.72159153
2021-10-17T22:00:02.532Z,-USD,000054.167,000054.671,000050.557,166720.70972552,000052.564,6593962.85596956
2021-10-17T23:00:01.82Z,-USD,000054.333,000054.671,000050.557,170875.28903727,000052.964,6601834.30580108
2021-10-18T00:00:08.546Z,-USD,000054.144,000054.671,000050.557,170483.94231207,0000053.05,6608238.86921661
2021-10-18T01:00:02.724Z,-USD,000054.135,000054.671,000050.557,171178.30676114,000053.352,6479341.12411803
2021-10-18T02:00:01.902Z,-USD,000054.337,000054.671,000050.557,180079.67085129,000053.402,6490487.92511359
2021-10-18T03:00:01.983Z,-USD,000054.227,000054.671,000050.557,178383.35654814,000053.111,6495837.94782993
2021-10-18T04:00:02.164Z,-USD,000054.451,000054.671,000050.557,178218.66174698,000052.841,6500218.46540722
2021-10-18T05:00:01.742Z,-USD,000054.321,0000054.46,000050.557,175841.42173249,000053.013,6504246.15867215
2021-10-18T06:00:01.777Z,-USD,000053.925,000054.429,000050.557,173232.66952773,000052.976,6507052.09582837
2021-10-18T07:00:01.706Z,-USD,000054.096,000054.429,000050.557,170296.63655951,000052.906,6509297.37395865
2021-10-18T08:00:02.552Z,-USD,000053.892,000054.429,000050.557,164341.02578281,000052.616,6514242.09537329
2021-10-18T09:00:02.451Z,-USD,000054.174,000054.429,000050.557,186221.66143391,000052.655,6537336.4550996
2021-10-18T10:00:02.248Z,-USD,000054.316,000054.354,000050.557,201398.23731452,000052.784,6554522.75397734
2021-10-18T11:00:02.559Z,-USD,000054.221,000054.317,000050.557,213325.555061,000053.288,6568424.46774997
2021-10-18T12:00:02.461Z,-USD,000053.848,000054.083,000050.557,217290.34094957,000052.625,6574201.68601198
2021-10-18T13:00:02.581Z,-USD,000053.895,000054.083,000050.557,217121.83427285,000052.577,6583206.48372358
2021-10-18T14:00:01.943Z,-USD,000053.965,000053.965,000050.557,244343.11320328,000052.972,6614618.13276299
2021-10-18T15:00:02.116Z,-USD,000053.791,000053.918,000050.557,257111.90463443,000052.691,6632396.49814938
2021-10-18T16:00:02.353Z,-USD,000053.255,000053.765,000050.557,250426.31574385,000052.394,6640302.92580908
2021-10-18T17:00:01.827Z,-USD,0000053.33,000053.765,000050.557,258943.84036017,000052.167,6654555.27049003
2021-10-18T18:00:02.355Z,-USD,000053.315,000053.765,000050.557,263903.25995119,000052.113,6662685.31413651
2021-10-18T19:00:02.229Z,-USD,000053.522,000053.765,000050.557,263815.67724049,0000052.16,6667513.69640466
2021-10-18T20:00:02.515Z,-USD,000052.861,000053.765,000050.557,263507.86073927,000052.261,6674413.94698635
2021-10-18T21:00:01.852Z,-USD,000051.381,000053.765,000051.309,236681.05896675,000052.386,6679781.74816826
2021-10-18T22:00:02.585Z,-USD,000052.506,000053.765,000051.819,232071.3395926,000052.398,6684176.17531746
2021-10-18T23:00:01.997Z,-USD,000052.884,000053.765,000051.819,231992.70673076,000052.551,6692007.73182412
2021-10-19T00:00:02.07Z,-USD,000053.077,000053.765,000051.819,228745.64937616,000052.405,6695063.77061231
2021-10-19T01:00:02.499Z,-USD,000053.376,000053.765,000051.819,223582.75856049,000052.318,6570002.86145276
2021-10-19T02:00:01.899Z,-USD,000053.265,000053.765,000051.819,218665.309057,0000052.89,6576578.58590378
2021-10-19T03:00:02.276Z,-USD,000053.127,000053.765,000051.819,217178.5375887,000052.684,6580078.04382421
2021-10-19T04:00:02.483Z,-USD,000052.884,000053.765,000051.819,220427.44557774,000053.363,6587728.82962677
2021-10-19T05:00:01.823Z,-USD,0000053.03,000053.765,000051.819,222435.89731377,000053.032,6593740.59867636
2021-10-19T06:00:02.691Z,-USD,000052.946,000053.765,000051.819,222265.89792655,000052.984,6596377.46611248
2021-10-19T07:00:01.891Z,-USD,000052.915,000053.765,000051.819,223422.69048001,000052.518,6599934.34234219
2021-10-19T08:00:01.966Z,-USD,000052.588,000053.765,000051.819,223035.98363448,000052.926,6604356.07124577
2021-10-19T09:00:02.439Z,-USD,000052.576,000053.765,000051.819,204490.56348915,000053.163,6609810.54659879
2021-10-19T10:00:02.336Z,-USD,000052.797,000053.549,000051.819,190614.15460597,0000052.75,6612271.55646024
2021-10-19T11:00:02.348Z,-USD,000053.315,000053.456,000051.819,178282.22996386,000052.686,6613813.53072387
2021-10-19T12:00:02.418Z,-USD,000052.696,000053.456,000051.819,175495.50843286,000052.821,6616856.8171335
2021-10-19T13:00:02.461Z,-USD,000052.611,000053.456,000051.819,171725.36013037,000052.872,6622150.88865484
2021-10-19T14:00:02.569Z,-USD,000052.865,000053.456,000051.819,150868.1880352,000052.606,6632635.82501137
2021-10-19T15:00:01.94Z,-USD,000052.564,000053.456,000051.762,141112.60994808,000052.447,6640643.05407897
2021-10-19T16:00:02.246Z,-USD,000052.382,000053.456,000051.762,139421.52673664,000052.245,6646778.74115268
2021-10-19T17:00:02.619Z,-USD,000052.201,000053.456,000051.762,129201.17261783,000052.552,6650833.88337349
2021-10-19T18:00:02.691Z,-USD,000051.981,000053.456,000051.762,127031.15540678,000052.629,6656784.75105292
2021-10-19T19:00:02.283Z,-USD,000052.102,000053.456,000051.762,127960.83818611,000052.418,6662534.5467226
2021-10-19T20:00:02.68Z,-USD,000052.212,000053.456,000051.762,130270.2898189,000052.183,6671808.71011983
2021-10-19T21:00:02.531Z,-USD,000052.305,000053.456,000051.762,137179.75908599,000052.277,6684128.4810094
2021-10-19T22:00:02.312Z,-USD,000052.409,000053.456,000051.762,138452.06430598,000052.478,6689695.98976612
2021-10-19T23:00:02.548Z,-USD,000052.536,000053.456,000051.762,137660.81658219,000053.046,6696773.19470804
2021-10-20T00:00:02.423Z,-USD,000052.434,000053.456,000051.762,144959.05714405,000052.907,6707099.09639061
2021-10-20T01:00:02.584Z,-USD,000052.335,000053.456,000051.762,144919.02287464,000052.648,6341545.5127352
2021-10-20T02:00:02.668Z,-USD,000052.943,000053.456,000051.762,148149.89699757,000052.474,6351443.78737558
2021-10-20T03:00:02.542Z,-USD,000052.681,000053.456,000051.762,153076.98757323,0000052.43,6359786.40957264
2021-10-20T04:00:02.569Z,-USD,000053.346,000053.417,000051.762,149995.63039935,000052.319,6364449.20418083
2021-10-20T05:00:01.718Z,-USD,000053.061,000053.187,000051.762,147940.78868222,000052.431,6368298.32762696
2021-10-20T06:00:02.82Z,-USD,000052.953,000053.187,000051.762,152624.9762309,000052.389,6375655.56131404
2021-10-20T07:00:02.601Z,-USD,000052.605,000053.187,000051.762,152834.63481184,0000052.31,6379593.58968663
2021-10-20T08:00:02.315Z,-USD,000052.898,000053.187,000051.762,150283.99991021,000052.421,6381265.31468858
2021-10-20T09:00:02.178Z,-USD,0000053.06,000053.173,000051.762,148722.37869883,000052.633,6385401.81151565
2021-10-20T10:00:02.107Z,-USD,000052.748,000053.173,000051.762,150071.68118893,000052.718,6388962.40935935
2021-10-20T11:00:04.304Z,-USD,000052.659,000053.173,000051.762,150194.11602398,000052.702,6390675.21828045
2021-10-20T12:00:01.956Z,-USD,000052.809,000053.173,000051.762,149973.96923266,000052.827,6393550.98246843
2021-10-20T13:00:01.795Z,-USD,000052.844,000053.378,000051.762,161458.83400977,000053.364,6410333.45513407
2021-10-20T14:00:02.204Z,-USD,000052.666,000054.202,000051.762,171046.60234101,000054.181,6430397.76250824
2021-10-20T15:00:02.133Z,-USD,000052.451,000055.103,000052.083,234444.91862968,000054.762,6501846.32408527
2021-10-20T16:00:02.191Z,-USD,000052.214,000055.103,000052.083,254938.53879965,000054.929,6529166.97076021
2021-10-20T17:00:01.752Z,-USD,000052.601,000055.474,000052.083,284320.22008281,000055.088,6561790.51237251
2021-10-20T18:00:02.711Z,-USD,000052.616,000055.474,000052.083,288586.59356835,000055.004,6571991.04877206
2021-10-20T19:00:02.04Z,-USD,000052.415,000055.474,000052.083,292278.48982634,000055.337,6581441.65950558
2021-10-20T20:00:01.881Z,-USD,0000052.15,00000055.5,000052.083,294383.35364732,000055.318,6593472.18636875
2021-10-20T21:00:02.216Z,-USD,000052.231,00000055.5,000052.196,297761.38955572,000055.141,6608509.02718457
2021-10-20T22:00:02.297Z,-USD,000052.511,000055.541,000052.252,299869.16695571,000055.297,6616186.70333931
2021-10-20T23:00:01.822Z,-USD,000053.016,000055.541,000052.252,300538.635872,000055.117,6624735.07652447
2021-10-21T00:00:02.66Z,-USD,000052.915,000055.765,000052.252,302448.32608325,000055.457,6636203.91658659
2021-10-21T01:00:02.187Z,-USD,000052.611,000056.834,000052.252,332718.05644589,000056.316,6294197.13849144
2021-10-21T02:00:02.795Z,-USD,000052.513,0000057.15,000052.252,352412.18502376,000056.165,6323787.40717542
2021-10-21T03:00:02.201Z,-USD,000052.423,0000057.15,000052.252,372824.71206851,000056.007,6352711.02486132
2021-10-21T04:00:02.146Z,-USD,000052.339,0000057.15,000052.252,377131.27107655,000056.013,6361618.67518173
2021-10-21T05:00:02.629Z,-USD,000052.483,0000057.15,000052.252,379614.04740947,000056.015,6368096.78015344
2021-10-21T06:00:02.524Z,-USD,000052.413,0000057.15,0000052.31,377992.68898831,000056.101,6373603.29934979
2021-10-21T07:00:02.385Z,-USD,000052.369,0000057.15,000052.323,379566.43174319,000055.858,6379146.59344477
2021-10-21T08:00:02.232Z,-USD,0000052.43,0000057.15,0000052.43,383004.57210586,0000056.05,6384199.87891558
2021-10-21T09:00:02.008Z,-USD,000052.673,0000057.15,000052.596,386204.23971069,000056.555,6391731.72531258
2021-10-21T10:00:01.763Z,-USD,000052.751,0000057.28,0000052.63,394623.56700701,000057.195,6403571.95803956
2021-10-21T11:00:02.084Z,-USD,0000052.67,000057.842,0000052.63,410218.82962057,000057.729,6420840.32135993
2021-10-21T12:00:01.931Z,-USD,000052.863,0000058.98,000052.839,458635.96856322,000056.705,6472197.62565553
2021-10-21T13:00:01.776Z,-USD,000053.258,0000058.98,000053.218,459582.43933553,0000057.94,6489871.95879552
2021-10-21T14:00:02.654Z,-USD,0000054.25,000059.984,000054.016,478420.77725188,0000059.09,6529173.94624234
2021-10-21T15:00:01.791Z,-USD,000054.876,000059.984,000054.217,458208.18105273,000057.292,6580663.43568072
2021-10-21T16:00:02.014Z,-USD,000054.926,000059.984,0000054.67,472159.9073782,000056.722,6621266.19772752
2021-10-21T17:00:02.369Z,-USD,000055.107,000059.984,0000054.67,453225.06010893,000056.152,6635016.00377895
2021-10-21T18:00:02.593Z,-USD,000055.053,000059.984,0000054.67,460415.88252015,000056.073,6652359.29783893
2021-10-21T19:00:02.51Z,-USD,000055.401,000059.984,0000054.67,463595.97250862,000056.086,6665216.8078964
2021-10-21T20:00:02.655Z,-USD,000055.306,000059.984,0000054.67,464703.39062887,000056.096,6678144.72357453
2021-10-21T21:00:01.929Z,-USD,000055.191,000059.984,000055.056,465804.22497908,000056.236,6694246.05449255
2021-10-21T22:00:02.08Z,-USD,000055.218,000059.984,000055.056,473365.51453918,0000056.58,6709606.1137391
2021-10-21T23:00:02.468Z,-USD,000055.191,000059.984,0000055.11,478967.56950121,00000055.8,6723645.42347035
2021-10-22T00:00:02.626Z,-USD,000055.551,000059.984,0000055.23,490231.9941212,000055.321,6746411.76396669
2021-10-22T01:00:09.309Z,-USD,000056.311,000059.984,0000055.23,477564.00514427,0000056.38,6512162.3713898
2021-10-22T02:00:07.275Z,-USD,000056.171,000059.984,0000055.23,474958.53098578,000056.277,6539528.27841123
2021-10-22T03:00:02.234Z,-USD,000056.057,000059.984,0000055.23,464225.80486929,00000056.5,6557218.89080611
2021-10-22T04:00:01.852Z,-USD,000055.919,000059.984,0000055.23,470532.44828574,0000056.96,6572433.66098117
2021-10-22T05:00:02.652Z,-USD,0000055.97,000059.984,0000055.23,470110.61730065,000056.723,6578516.36473679
2021-10-22T06:00:02.402Z,-USD,000056.084,000059.984,0000055.23,470824.9523861,000056.714,6584713.31155245
2021-10-22T07:00:02.05Z,-USD,000055.824,000059.984,0000055.23,472928.11311186,000055.979,6592352.07600102
2021-10-22T08:00:01.781Z,-USD,000055.994,000059.984,0000055.23,473659.26296485,000056.306,6598208.12083463
2021-10-22T09:00:02.57Z,-USD,000056.591,000059.984,0000055.23,469599.39870118,000056.754,6601776.87912676
2021-10-22T10:00:02.161Z,-USD,000057.182,000059.984,0000055.23,461012.28409189,000056.415,6604830.2806998
2021-10-22T11:00:02.351Z,-USD,000057.777,000059.984,0000055.23,451980.6308878,000056.266,6613498.96821529
2021-10-22T12:00:01.743Z,-USD,0000056.84,000059.984,0000055.23,403966.64183386,000056.614,6616694.93657931
2021-10-22T13:00:02.639Z,-USD,000058.069,000059.984,0000055.23,392276.62614669,000056.468,6622832.63150003
2021-10-22T14:00:02.466Z,-USD,000058.864,000059.377,0000055.23,368889.35779571,000055.472,6639481.38384365
2021-10-22T15:00:01.819Z,-USD,000057.237,000057.695,0000054.16,345532.03160078,000054.908,6666523.25874647
2021-10-22T16:00:01.939Z,-USD,000056.708,000057.216,0000054.16,325004.93385268,000054.371,6687000.8189476
2021-10-22T17:00:02.393Z,-USD,000056.169,000057.051,000053.512,330464.60228602,000054.494,6705821.29675668
2021-10-22T18:00:02.025Z,-USD,000056.056,000057.051,000053.512,322043.59716995,000054.015,6714859.8265142
2021-10-22T19:00:02.161Z,-USD,000056.139,000057.051,000053.512,315329.36249941,000054.189,6720933.59702373
2021-10-22T20:00:02.173Z,-USD,000056.175,000057.051,000053.512,312787.08475961,000054.443,6731549.82178624
2021-10-22T21:00:02.418Z,-USD,000056.267,000057.051,000053.512,313683.9467708,000054.466,6748737.39640947
2021-10-22T22:00:02.198Z,-USD,0000056.53,000057.051,000053.512,313159.52238978,000054.005,6763105.49025522
2021-10-22T23:00:02.568Z,-USD,00000055.8,000057.051,000053.512,313198.57417757,0000054.45,6777939.31267064
2021-10-23T00:00:02.446Z,-USD,0000055.28,000057.051,000053.512,300505.37192759,000054.449,6788310.61962338
2021-10-23T01:00:02.283Z,-USD,0000056.46,000057.051,000053.512,289850.53456183,000054.686,6603741.97583962
2021-10-23T02:00:02.096Z,-USD,000056.215,000057.051,000053.512,264834.92262771,000054.509,6606185.8539045
2021-10-23T03:00:02.102Z,-USD,000056.496,000057.051,000053.512,261307.78594103,000054.898,6620298.43860238
2021-10-23T04:00:02.17Z,-USD,000057.027,000057.027,000053.512,252935.4771151,000054.962,6627218.97787956
2021-10-23T05:00:02.322Z,-USD,000056.778,0000056.89,000053.512,263846.0224256,000055.178,6644143.27074749
2021-10-23T06:00:02.227Z,-USD,000056.752,0000056.89,000053.512,261416.05510394,000055.031,6647833.69452879
2021-10-23T07:00:02.1Z,-USD,000056.099,000056.773,000053.512,257822.83770666,0000055.29,6652567.5772275
2021-10-23T08:00:01.833Z,-USD,000056.328,000056.773,000053.512,258833.40761755,000055.034,6658747.44412107
2021-10-23T09:00:01.76Z,-USD,000056.752,000056.752,000053.512,258813.68690309,000055.107,6662292.9935884
2021-10-23T10:00:02.585Z,-USD,000056.458,000056.663,000053.512,261258.76420057,0000054.62,6667791.68566165
2021-10-23T11:00:01.767Z,-USD,000056.272,000056.663,000053.512,257325.80636592,000054.265,6672539.75378396
2021-10-23T12:00:02.463Z,-USD,000056.584,000056.663,000053.512,261086.72233758,000054.982,6679643.01507598
2021-10-23T13:00:02.387Z,-USD,000056.487,000056.546,000053.512,259315.08050325,000054.915,6683988.13075728
2021-10-23T14:00:02.271Z,-USD,000055.417,000055.472,000053.512,249599.16198025,000054.878,6690869.38046646
2021-10-31T18:00:08.706Z,-USD,000052.484,000058.759,000051.676,748252.65963958,000053.941,8688877.77839807
2021-10-31T19:00:01.791Z,-USD,000052.896,000058.759,000051.676,764428.46643038,000053.919,8710210.1786229
2021-10-31T20:00:01.778Z,-USD,000052.954,000058.759,000051.676,772447.13157588,000053.801,8723614.08881835
2021-10-31T21:00:02.684Z,-USD,000052.806,000058.759,000051.676,821481.99457161,000053.754,8786243.92927853
2021-10-31T22:00:01.709Z,-USD,000052.596,000058.759,000051.676,823706.57230826,000054.409,8797342.50397747
2021-10-31T23:00:03.094Z,-USD,000052.389,000058.759,000052.192,812374.72168409,000054.164,8806296.64990321
2021-11-01T00:00:04.868Z,-USD,000052.906,000058.759,000052.192,810772.06231116,000054.338,8819494.34577977
2021-11-01T01:00:04.338Z,-USD,000052.932,000058.759,000052.192,801235.05870251,000054.556,8521094.50807961
2021-11-01T02:00:03.854Z,-USD,000052.636,000058.759,000052.192,797189.34582339,000054.045,8529091.00618357
2021-11-01T03:00:03.703Z,-USD,00000057.2,000058.748,000052.192,647571.54098199,0000053.43,8552166.77603346
2021-11-01T04:00:13.388Z,-USD,000056.126,000056.424,000052.192,514459.07821759,000052.817,8565101.84883073
2021-11-01T05:00:07.284Z,-USD,000055.658,000055.757,000052.192,484248.38415609,000053.206,8575954.23192897
2021-11-01T06:00:06.049Z,-USD,000054.956,000055.733,000052.192,452415.0655579,000053.232,8581534.6691847
2021-11-01T07:00:06.388Z,-USD,000054.599,000055.733,000052.192,444072.93924388,000053.504,8585226.96474357
2021-11-01T08:00:02.266Z,-USD,000055.212,000055.212,000052.192,439631.83073765,000054.433,8590268.896252
2021-11-01T09:00:01.782Z,-USD,000054.007,000055.183,000052.192,430385.04491031,000054.329,8597518.6200118
2021-11-01T10:00:02.202Z,-USD,000053.997,000055.183,000052.192,423103.52674507,000054.518,8602133.73896993
2021-11-01T11:00:03.213Z,-USD,000053.433,000055.183,000052.192,409863.53560782,000054.299,8608140.00330226
2021-11-01T12:00:02.513Z,-USD,000053.132,000055.183,000052.192,399169.47694929,000053.912,8615224.89327146
2021-11-01T13:00:02.256Z,-USD,000053.723,000055.183,000052.192,380627.91739269,000053.841,8626030.01697676
2021-11-01T14:00:02.194Z,-USD,000053.313,000055.183,000052.342,360419.61985983,0000054.14,8641085.87500043
2021-11-01T15:00:02.248Z,-USD,000053.292,000055.183,000052.342,361968.31153245,0000053.64,8669473.68734812
2021-11-01T16:00:01.801Z,-USD,000053.475,000055.183,000052.342,368793.76616598,000053.825,8704283.46335826
2021-11-01T17:00:03.98Z,-USD,000053.789,000055.183,000052.342,364274.87111816,0000053.52,8722373.10014716
2021-11-01T18:00:02.944Z,-USD,000053.847,000055.183,000052.342,362719.32363177,000053.286,8735687.99522134
2021-11-01T19:00:02.167Z,-USD,000053.935,000055.183,000052.342,353814.30784123,000053.203,8748159.99566279
2021-11-01T20:00:02.283Z,-USD,000053.809,000055.183,000052.342,352543.86469534,000053.849,8760495.99030332
2021-11-01T21:00:02.427Z,-USD,000053.813,000055.183,000052.342,301172.60860484,000053.364,8771580.94863334
2021-11-01T22:00:02.478Z,-USD,000054.467,000055.183,000052.342,296990.25708458,000053.521,8778732.59468492
2021-11-01T23:00:03.419Z,-USD,000054.268,000055.183,000052.342,302370.69788504,0000053.78,8792743.91324461
2021-11-02T00:00:01.929Z,-USD,000054.399,000055.183,000052.342,301472.98663899,000053.779,8805096.3014693
2021-11-02T01:00:01.873Z,-USD,00000054.7,000054.862,000052.342,303182.38248809,000053.351,8593457.65273361
2021-11-02T02:00:01.986Z,-USD,000054.089,000054.862,000052.342,303550.33049766,000053.497,8601724.91159356
2021-11-02T03:00:01.903Z,-USD,000052.709,000054.862,000052.342,281149.60250645,0000053.45,8616583.61666017
2021-11-02T04:00:02.082Z,-USD,000052.709,000054.862,000052.342,297474.34982997,000053.737,8632908.36398369
2021-11-02T05:01:03.096Z,-USD,0000053.21,000054.862,000052.977,292664.2988687,000054.063,8643255.74013406
2021-11-02T06:00:02.166Z,-USD,0000053.21,000054.862,000052.977,297153.39929996,0000053.98,8647744.84056532
2021-11-02T07:00:01.91Z,-USD,000053.586,000054.862,0000053.02,295248.14569031,000054.074,8649540.30640735
2021-11-02T08:00:01.852Z,-USD,000054.376,000054.862,0000053.02,294005.46239776,000053.699,8653344.62174663
2021-11-02T09:00:01.775Z,-USD,000054.352,000054.862,0000053.02,290623.74234934,0000053.78,8657193.08135719
2021-11-02T10:00:01.714Z,-USD,000054.597,000054.621,0000053.02,292329.65072813,000054.536,8663711.90547796
2021-11-02T11:00:04.183Z,-USD,000054.269,000054.881,0000053.02,292795.59680702,000054.412,8670132.04341554
2021-11-02T12:00:01.711Z,-USD,000053.973,000054.881,0000053.02,294536.12756552,000054.174,8678831.65867141
2021-11-02T13:00:02.582Z,-USD,000053.918,000054.881,0000053.02,288946.0403702,000054.145,8684033.53463095
2021-11-02T14:00:02.686Z,-USD,0000054.12,000054.881,0000053.02,282481.63062133,000054.559,8692687.41901997
2021-11-02T15:00:02.009Z,-USD,0000053.73,000054.881,0000053.02,266470.68014055,000054.339,8705512.05607983
2021-11-02T16:00:02.22Z,-USD,0000053.89,000054.937,0000053.02,249428.25926481,000054.828,8722813.25427947
2021-11-02T17:00:03.37Z,-USD,0000053.52,000055.828,0000053.02,268258.69121046,000054.886,8759856.60827204
2021-11-02T18:00:02.126Z,-USD,000053.294,000055.828,0000053.02,276768.78426145,000054.731,8781572.35819123
2021-11-02T19:00:02.42Z,-USD,000053.199,000055.828,000053.029,278488.11417481,000054.767,8795739.32457387
2021-11-02T20:00:01.771Z,-USD,000053.883,000055.828,000053.176,273302.28826018,000054.672,8803088.67296305
2021-11-02T21:00:01.886Z,-USD,000053.464,000055.828,000053.176,280643.53920712,0000054.44,8821272.37131322
2021-11-02T22:00:02.016Z,-USD,000053.478,000055.828,000053.192,282325.88110671,000054.382,8830230.9214711
2021-11-02T23:00:02.751Z,-USD,000053.788,000055.828,000053.192,279129.87693312,0000054.69,8840994.64578705
2021-11-03T00:00:02.489Z,-USD,0000053.84,000055.828,000053.192,286300.36704367,000055.145,8860550.85938197
2021-11-03T01:00:02.616Z,-USD,0000053.38,000055.828,000053.262,281456.2234716,0000055.32,8616408.63055501
2021-11-03T02:00:02.352Z,-USD,000053.493,000055.828,000053.262,287535.3856026,000055.122,8630758.93194849
2021-11-03T03:00:02.521Z,-USD,000053.456,000055.828,000053.262,282196.67724126,000055.038,8640253.52852604
2021-11-03T04:00:02.703Z,-USD,000053.682,000055.828,000053.546,274660.75563319,000054.758,8649396.54359094
2021-11-03T05:00:03.72Z,-USD,000054.063,000056.833,000053.581,298934.00874247,000056.333,8683659.96842092
2021-11-03T06:00:02.825Z,-USD,000054.007,000057.166,000053.581,345914.15812805,000055.771,8735191.59383852
2021-11-03T07:00:01.666Z,-USD,000054.106,000057.166,000053.581,363545.1934651,000055.606,8754714.99631352
2021-11-03T08:00:02.667Z,-USD,000053.673,000057.166,000053.581,368377.66102532,000055.952,8763318.4900285
2021-11-03T09:00:02.682Z,-USD,000053.734,000057.166,0000053.65,376565.37468026,000055.899,8775231.83760103
2021-11-03T10:00:02.489Z,-USD,000054.561,000057.166,0000054.12,382450.20099896,000056.409,8787637.74976277
2021-11-03T11:00:04.508Z,-USD,000054.444,000057.166,0000054.12,383325.91083173,000055.844,8795229.27757565
2021-11-03T12:00:01.942Z,-USD,000054.206,000057.166,000054.121,383578.41813371,000055.614,8803906.36419486
2021-11-03T13:00:01.863Z,-USD,000054.184,000057.166,000053.322,412972.82263985,0000054.03,8838567.08037148
2021-11-03T14:00:01.998Z,-USD,000054.573,000057.166,000053.259,428861.94738748,000053.742,8863178.05774051
2021-11-03T15:00:02.207Z,-USD,000054.395,000057.166,000053.259,438093.85998399,0000053.89,8886380.68264617
2021-11-03T16:00:01.68Z,-USD,0000054.87,000057.166,000053.259,436722.69476629,000054.178,8901195.06065378
2021-11-03T17:00:03.277Z,-USD,000054.985,000057.166,000053.259,410601.90565988,000053.854,8916354.6143169
2021-11-03T18:00:01.882Z,-USD,0000054.73,000057.166,000053.259,406550.46545094,000054.283,8929648.11418747
2021-11-03T19:00:02.278Z,-USD,000054.768,000057.166,000053.259,422770.92290562,000055.519,8960014.36036498
2021-11-03T20:00:02.568Z,-USD,000054.674,000057.166,000053.259,434798.659183,0000055.35,8979436.48777927
2021-11-03T21:00:01.933Z,-USD,000054.432,000057.166,000053.259,429473.94679516,000055.563,8992467.73768215
