Coin on file:	ETH
Created by:	chris
Created on:	09/18/2021T03:00:1631948402Z

Recorded,Currency,Open,High,Low,Volume,Last,Volume30day
2021-09-18T03:00:02.659Z,-USD,0003559.34,0003585.65,0003350.06,165110.86445574,0003419.52,5520588.0315373
2021-09-18T04:00:01.983Z,-USD,0003563.76,0003585.65,0003350.06,165887.80294885,0003451.25,5525229.29200225
2021-09-18T05:00:02.052Z,-USD,00003578.2,0003585.65,0003350.06,168775.87685618,0003482.04,5532125.72467729
2021-09-18T06:00:02.083Z,-USD,0003561.96,0003575.78,0003350.06,170819.39612979,0003511.67,5537375.49415399
2021-09-18T07:00:02.385Z,-USD,0003565.69,0003575.78,0003350.06,172251.28520445,0003495.04,5542446.98959976
2021-09-18T08:00:02.626Z,-USD,0003520.98,0003542.78,0003350.06,171773.04185303,0003502.12,5546909.805169
2021-09-18T09:00:01.852Z,-USD,0003531.04,0003542.78,0003350.06,172684.35832222,0003514.42,5550884.85197114
2021-09-18T10:00:01.968Z,-USD,00003506.3,0003531.98,0003350.06,174800.82094056,0003518.09,5555836.2267518
2021-09-18T11:00:02.344Z,-USD,0003461.16,00003543.0,0003350.06,169211.33774278,00003523.5,5561147.6629979
2021-09-18T12:00:02.46Z,-USD,0003449.28,00003543.0,0003350.06,166277.98534311,0003493.72,5565766.31901295
2021-09-18T13:00:02.675Z,-USD,0003455.94,00003543.0,0003350.06,162112.71107268,0003489.77,5571637.78799555
2021-09-18T14:00:01.88Z,-USD,0003450.65,00003543.0,0003350.06,158747.97314428,0003480.41,5577417.34392797
2021-09-18T14:27:57.952Z,-USD,0003476.21,00003543.0,0003350.06,152837.55357255,00003484.5,5579280.56845988
2021-09-18T14:28:37.246Z,-USD,0003476.21,00003543.0,0003350.06,152902.05033752,0003485.98,5579345.06522485
2021-09-18T14:31:17.504Z,-USD,0003476.21,00003543.0,0003350.06,153010.09347362,0003484.96,5579453.10836095
2021-09-18T15:00:02.118Z,-USD,0003476.21,00003543.0,0003350.06,155201.35865031,00003483.1,5581644.37353764
2021-09-18T16:00:02.322Z,-USD,0003451.97,00003543.0,0003350.06,153723.75905746,0003474.45,5586058.38141786
2021-09-18T17:00:02.107Z,-USD,0003458.66,00003543.0,0003350.06,153543.9562651,0003444.04,5593164.08788463
2021-09-18T18:00:07.221Z,-USD,0003410.42,00003543.0,0003350.06,152269.32085141,0003455.86,5600073.61248078
2021-09-18T19:00:01.787Z,-USD,0003398.99,00003543.0,0003350.06,136052.13462423,0003449.59,5605395.99440412
2021-09-18T20:00:02.515Z,-USD,0003424.85,00003543.0,0003350.06,133245.28025856,0003442.96,5611103.60235033
2021-09-18T21:00:02.121Z,-USD,0003376.17,00003543.0,0003350.06,135025.26405018,0003399.37,5620476.94897678
2021-09-18T22:00:02.335Z,-USD,0003407.83,00003543.0,0003366.94,132193.63920446,0003388.98,5624973.26781537
2021-09-18T23:00:01.768Z,-USD,0003374.04,00003543.0,0003366.94,129695.8092462,0003416.44,5629856.31373337
2021-09-19T00:00:02.394Z,-USD,00003400.0,00003543.0,0003369.53,129371.89628645,0003436.96,5635154.81317867
2021-09-19T01:00:02.002Z,-USD,0003408.22,00003543.0,00003377.0,127416.32518629,0003405.17,5466173.61474926
2021-09-19T02:00:02.019Z,-USD,0003409.87,00003543.0,00003375.0,126742.92973574,0003415.58,5470559.19211346
2021-09-19T03:00:02.664Z,-USD,0003419.62,00003543.0,00003375.0,126235.33478744,0003421.17,5473624.73442285
2021-09-19T04:00:02.654Z,-USD,0003451.32,00003543.0,00003375.0,123979.95703149,0003413.49,5476012.38067496
2021-09-19T05:00:02.407Z,-USD,0003480.62,00003543.0,00003375.0,120170.86508176,0003411.58,5479097.51933391
2021-09-19T06:00:02.187Z,-USD,0003510.76,00003543.0,00003375.0,117077.33731245,00003428.5,5481312.62792696
2021-09-19T07:00:02.005Z,-USD,0003495.83,00003543.0,00003375.0,114573.00873793,0003430.83,5483828.78650856
2021-09-19T08:00:02.143Z,-USD,00003502.5,00003543.0,00003375.0,113253.28521462,0003441.06,5486982.83146768
2021-09-19T09:00:01.925Z,-USD,0003514.66,00003543.0,00003375.0,111255.40411126,0003443.45,5488940.21821451
2021-09-19T10:00:01.868Z,-USD,0003517.73,00003543.0,00003375.0,108085.80743429,00003426.1,5490777.33833383
2021-09-19T11:00:02.48Z,-USD,00003523.8,0003537.36,00003375.0,104886.43217865,0003407.41,5492832.22380492
2021-09-19T12:00:02.523Z,-USD,0003497.22,00003519.9,0003303.18,110050.90828659,0003328.97,5502648.08561389
2021-09-19T13:00:02.684Z,-USD,0003489.12,00003507.0,0003303.18,110389.40999939,0003338.26,5508827.87508406
2021-09-19T14:00:02.607Z,-USD,0003481.62,0003492.09,0003303.18,108356.91896327,0003352.23,5512583.3899944
2021-09-19T15:00:02.684Z,-USD,0003481.18,0003490.33,0003303.18,107624.96684009,0003346.56,5516069.717719
2021-09-19T16:00:02.634Z,-USD,00003475.0,0003490.33,0003303.18,106474.37860276,0003363.79,5519343.80901761
2021-09-19T17:00:02.62Z,-USD,0003442.59,0003460.82,0003303.18,102761.98607158,0003356.34,5522741.07475478
2021-09-19T18:00:01.7Z,-USD,0003454.24,0003457.22,0003303.18,100248.54144272,0003341.86,5527136.32429473
2021-09-19T19:00:01.839Z,-USD,0003449.73,0003457.22,0003303.18,98300.43199769,0003360.28,5530502.6903691
2021-09-19T20:00:01.841Z,-USD,0003445.82,0003457.22,0003303.18,95594.73348098,0003336.98,5533566.56419476
2021-09-19T21:00:02.299Z,-USD,0003396.63,0003457.22,0003303.18,89358.471313,0003360.06,5536644.09321467
2021-09-19T22:00:02.24Z,-USD,0003388.39,0003457.22,0003303.18,87744.85393221,0003343.64,5539563.89977786
2021-09-19T23:00:02.396Z,-USD,0003418.79,0003457.22,00003278.0,92982.98972634,0003296.97,5549755.60497473
2021-09-20T00:00:01.696Z,-USD,0003436.59,0003457.22,00003278.0,93349.32896876,0003328.45,5555316.11753458
2021-09-20T01:00:01.876Z,-USD,00003405.2,0003457.22,0003259.03,98449.06573068,0003283.97,5456205.26274606
2021-09-20T02:00:02.151Z,-USD,00003416.8,0003457.22,0003259.03,100526.12963201,0003314.57,5462664.80885083
2021-09-20T03:00:02.274Z,-USD,0003420.47,0003457.22,0003210.97,112579.07142526,00003213.1,5477773.31145887
2021-09-20T04:00:02.153Z,-USD,0003413.83,0003457.22,0003156.07,129515.7637613,0003192.78,5497096.25926183
2021-09-20T05:00:01.965Z,-USD,0003412.31,0003457.22,0003156.07,137391.52196075,0003201.36,5508077.78435051
2021-09-20T06:00:01.919Z,-USD,0003425.07,0003457.22,0003156.07,139569.92972302,0003205.62,5512486.20696334
2021-09-20T07:00:02.042Z,-USD,0003435.89,0003457.22,0003156.07,143745.1424302,0003183.85,5519207.03606708
2021-09-20T08:00:02.121Z,-USD,0003441.11,0003453.53,00003100.0,157301.79508213,0003121.54,5535861.45355344
2021-09-20T09:00:01.892Z,-USD,0003442.76,0003450.02,00003100.0,167730.62786293,0003160.23,5548246.71248326
2021-09-20T10:00:01.701Z,-USD,0003423.93,0003430.68,00003100.0,173089.32639919,0003131.16,5555444.58250885
2021-09-20T11:00:02.361Z,-USD,0003408.39,00003408.4,00003100.0,182769.67541598,0003119.83,5567173.16099261
2021-09-20T12:00:02.361Z,-USD,0003326.34,0003384.12,00003010.0,211248.67184525,0003045.46,5605495.63797696
2021-09-20T13:00:02.403Z,-USD,0003339.78,0003384.12,0002911.81,259770.68971233,0003019.17,5660217.07701818
2021-09-20T14:00:02.73Z,-USD,0003352.94,0003384.12,0002911.81,289069.31367543,0003087.87,5693224.36144895
2021-09-20T15:00:01.832Z,-USD,00003343.2,0003384.12,0002911.81,306266.17866228,0003059.64,5713920.13124258
2021-09-20T16:00:02.357Z,-USD,0003363.98,0003379.12,0002911.81,322452.37169617,0003092.83,5733384.33853151
2021-09-20T17:00:02.536Z,-USD,0003357.28,0003379.12,0002911.81,336564.90773589,0003092.48,5750878.39941166
2021-09-20T18:00:02.544Z,-USD,0003343.81,0003379.12,0002911.81,342794.40070487,0003098.56,5761503.27992759
2021-09-20T19:00:02.469Z,-USD,00003363.1,0003367.75,0002911.81,360928.86335853,00003017.3,5783013.99721643
2021-09-20T20:00:02.434Z,-USD,0003337.69,0003364.65,0002911.81,389277.34452604,0003068.98,5814413.93521922
2021-09-20T21:00:02.46Z,-USD,0003359.07,0003364.65,0002911.81,403912.21658066,00003019.1,5832138.49169451
2021-09-20T22:00:02.44Z,-USD,0003343.87,0003359.31,0002911.81,410853.0761456,0003017.33,5841988.90199234
2021-09-20T23:00:02.52Z,-USD,0003298.48,0003346.58,0002911.81,416390.54438521,0002990.74,5857737.85693564
2021-09-21T00:00:02.956Z,-USD,00003328.7,0003346.58,0002911.81,434185.9663863,0002973.44,5881082.34205658
2021-09-21T01:00:02.191Z,-USD,0003284.42,0003318.75,00002805.1,472239.08421376,0002881.86,5830049.9804746
2021-09-21T02:00:01.777Z,-USD,0003312.67,0003315.95,00002805.1,494862.15081179,0002993.59,5859122.01397399
2021-09-21T03:00:02.103Z,-USD,0003206.18,00003218.6,00002805.1,492359.92939976,0003021.53,5872047.18631489
2021-09-21T04:00:02.34Z,-USD,0003186.93,00003218.6,00002805.1,481240.5800561,00002998.8,5880031.66826982
2021-09-21T05:00:02.612Z,-USD,0003200.08,00003218.6,00002805.1,478158.07280961,0002976.08,5887829.93547202
2021-09-21T06:00:02.518Z,-USD,0003202.94,0003212.19,00002805.1,480850.65608739,0002993.93,5894945.30749935
2021-09-21T07:00:02.272Z,-USD,0003183.72,0003201.79,00002805.1,479876.78156623,0003035.35,5900678.4036656
2021-09-21T08:00:02.419Z,-USD,0003125.23,0003176.82,00002805.1,468099.69719427,0003071.03,5905771.51452823
2021-09-21T09:00:02.545Z,-USD,0003156.56,0003176.82,00002805.1,461866.24411547,0003076.98,5911720.70537094
2021-09-21T10:00:02.395Z,-USD,00003131.7,0003176.82,00002805.1,459000.24513886,00003050.0,5916152.1225737
2021-09-21T11:00:02.6Z,-USD,00003121.5,0003129.81,00002805.1,452397.60541329,0003081.87,5921185.35319997
2021-09-21T12:00:02.507Z,-USD,0003040.45,0003123.76,00002805.1,419857.43658327,0003061.74,5926998.43818103
2021-09-21T13:00:02.679Z,-USD,0003022.74,0003123.76,00002805.1,376936.1027518,0003027.21,5938935.980194
2021-09-21T14:00:01.857Z,-USD,00003089.0,0003123.76,00002805.1,356164.08735839,0003029.14,5951199.22583313
2021-09-21T15:00:02.144Z,-USD,0003058.98,0003123.76,00002805.1,351525.34194547,0002990.37,5967138.98093496
2021-09-21T16:00:02.617Z,-USD,0003088.03,0003123.76,00002805.1,343833.45988332,0003030.99,5978903.36081524
2021-09-21T17:00:03.462Z,-USD,0003092.15,0003113.41,00002805.1,347078.74995335,0002944.69,5999576.71917677
2021-09-21T18:00:01.824Z,-USD,0003098.96,0003107.77,00002805.1,367392.21459465,00002895.4,6030531.69715919
2021-09-21T19:00:02.438Z,-USD,0003019.59,0003104.82,00002805.1,365850.77213117,0002902.34,6050563.83138943
2021-09-21T20:00:02.298Z,-USD,0003072.52,0003104.82,00002805.1,349711.27260788,0002890.75,6065913.53747875
2021-09-21T21:00:01.766Z,-USD,0003018.89,0003104.82,00002751.0,377161.4603811,0002765.81,6111243.59135791
2021-09-21T22:00:02.225Z,-USD,00003017.2,0003104.82,00002651.0,418677.22764444,0002825.47,6162276.32716293
2021-09-21T23:00:02.124Z,-USD,0002993.15,0003104.82,00002651.0,431368.72678383,0002717.44,6190793.32219174
2021-09-22T00:00:02.323Z,-USD,0002976.36,0003104.82,00002651.0,441442.36922003,00002758.3,6224157.65093476
2021-09-22T01:00:02.686Z,-USD,00002882.0,0003104.82,00002651.0,417362.27436168,0002770.95,6076489.16716821
2021-09-22T02:00:01.838Z,-USD,0002992.49,0003104.82,00002651.0,419067.31386239,0002865.53,6107316.84958213
2021-09-22T03:00:02.496Z,-USD,0003017.01,0003104.82,00002651.0,417720.141766,0002864.76,6118830.9552911
2021-09-22T04:00:01.855Z,-USD,0002998.64,0003104.82,00002651.0,422807.38034964,0002870.32,6131911.73671664
2021-09-22T05:00:01.961Z,-USD,0002975.31,0003104.82,00002651.0,424381.72846509,0002843.54,6141252.44927791
2021-09-22T06:00:02.356Z,-USD,0002994.73,0003104.82,00002651.0,424783.04872909,0002870.84,6148766.60138933
2021-09-22T07:00:02.359Z,-USD,0003038.11,0003104.82,00002651.0,426775.4061201,0002925.89,6156482.20679463
2021-09-22T08:00:02.458Z,-USD,00003073.5,0003104.82,00002651.0,429432.04469389,0002945.17,6164284.48715751
2021-09-22T09:00:03.657Z,-USD,0003076.69,0003104.82,00002651.0,427385.13046486,0002929.14,6168133.04571863
2021-09-22T10:00:01.805Z,-USD,0003050.81,0003104.82,00002651.0,426433.22669684,0002944.98,6171634.01498331
2021-09-22T11:00:02.368Z,-USD,0003081.72,0003089.98,00002651.0,425217.88305192,0002930.45,6175477.52743169
2021-09-22T12:00:02.378Z,-USD,0003062.66,0003084.87,00002651.0,425023.51376198,0002896.39,6181068.97839867
2021-09-22T13:00:02.638Z,-USD,0003023.48,0003059.62,00002651.0,419050.15873419,0002919.11,6187052.89407745
2021-09-22T14:00:01.835Z,-USD,0003032.08,0003059.62,00002651.0,418419.64434374,0002950.38,6198676.64794031
2021-09-22T15:00:01.945Z,-USD,0002989.97,0003059.62,00002651.0,412170.93541942,0002935.11,6208379.38086577
2021-09-22T16:00:02.268Z,-USD,00003035.3,0003048.26,00002651.0,419378.15785109,0003006.09,6227394.52434835
2021-09-22T17:00:02.156Z,-USD,0002943.86,00003049.0,00002651.0,414860.15058306,0003044.24,6243508.42766984
2021-09-22T18:00:02.557Z,-USD,0002897.39,00003055.0,00002651.0,398208.24235994,0003017.58,6257871.44032682
2021-09-22T19:00:02.158Z,-USD,00002898.7,0003090.83,00002651.0,403324.87071576,0003017.94,6282934.87977017
2021-09-22T20:00:02.676Z,-USD,00002887.1,0003090.83,00002651.0,403685.84939777,0003023.84,6298706.47976128
2021-09-22T21:00:01.933Z,-USD,0002766.04,0003090.83,00002651.0,364197.70716192,0003029.39,6305486.77440534
2021-09-22T22:00:02.514Z,-USD,0002819.73,0003090.83,0002716.18,320960.4835418,0003037.34,6312342.9913997
2021-09-22T23:00:02.005Z,-USD,0002723.72,0003090.83,0002720.18,299631.67796429,0003073.06,6319694.11165228
2021-09-23T00:00:03.545Z,-USD,0002765.33,0003090.83,0002738.24,271469.30694924,0003075.01,6324776.3721571
2021-09-23T01:00:02.49Z,-USD,0002774.87,0003097.96,0002757.02,256373.3915333,0003043.29,6170251.05892702
2021-09-23T02:00:02.357Z,-USD,0002869.97,0003097.96,0002831.07,231437.91988609,0003069.46,6176134.37463148
2021-09-23T03:00:02.712Z,-USD,0002860.52,0003097.96,0002831.07,226547.95216212,0003079.12,6182761.35974432
2021-09-23T04:00:01.926Z,-USD,00002868.2,0003124.24,0002831.07,224516.40113059,0003120.03,6193816.12411293
2021-09-23T05:00:02.221Z,-USD,0002843.88,0003136.41,0002843.81,225756.12245518,00003114.7,6204357.21279539
2021-09-23T06:00:02.32Z,-USD,0002874.08,0003137.13,0002854.42,221883.7051463,0003113.86,6208258.24390257
2021-09-23T07:00:03.134Z,-USD,0002931.09,0003140.23,0002882.55,220718.2190851,0003134.49,6214568.19461692
2021-09-23T08:00:02.122Z,-USD,0002943.46,0003148.25,0002882.55,217133.3306282,0003148.22,6218772.67194123
2021-09-23T09:00:02.3Z,-USD,0002928.09,00003150.0,0002882.55,217423.03534817,0003121.15,6222925.29305257
2021-09-23T10:00:02.464Z,-USD,0002946.25,00003150.0,0002882.55,217245.82321099,0003117.57,6226229.00895106
2021-09-23T11:00:05.825Z,-USD,0002930.74,00003150.0,0002882.55,220079.99102507,0003090.02,6232912.50538169
2021-09-23T12:00:02.063Z,-USD,0002895.27,00003150.0,0002882.55,220091.98551481,0003057.58,6238543.1518845
2021-09-23T13:00:02.551Z,-USD,0002920.63,00003150.0,0002913.47,220903.62000038,0003070.81,6245307.56855394
2021-09-23T14:00:01.849Z,-USD,0002950.79,00003150.0,00002927.8,216212.9791592,0003112.42,6252248.88581961
2021-09-23T15:00:02.469Z,-USD,0002935.44,00003150.0,0002935.44,214886.34287156,0003136.31,6260617.17993505
2021-09-23T16:00:01.835Z,-USD,0003008.85,00003150.0,0002971.79,203640.63680916,0003095.34,6268554.97533966
2021-09-23T17:00:02.388Z,-USD,0003043.97,00003150.0,0002971.79,194966.77625421,0003102.98,6275853.45304559
2021-09-23T18:00:01.982Z,-USD,0003017.58,0003182.34,0002971.79,200883.68716021,0003160.01,6296124.04911558
2021-09-23T19:00:01.805Z,-USD,0003014.33,0003182.34,0002971.79,184215.54306571,0003147.88,6304574.04614035
2021-09-23T20:00:02.516Z,-USD,00003025.4,0003182.34,00003008.0,173655.74233514,0003149.24,6309733.2080124
2021-09-23T21:00:02.25Z,-USD,0003027.72,0003182.34,0003013.99,172271.40244974,0003142.69,6315115.37993946
2021-09-23T22:00:02.175Z,-USD,0003035.86,0003182.34,0003030.01,169783.0897018,0003145.82,6319479.53856537
2021-09-23T23:00:01.951Z,-USD,0003071.22,0003182.34,0003035.83,167969.00493963,0003144.28,6325017.15113791
2021-09-24T00:00:02.48Z,-USD,0003078.42,0003182.34,0003035.83,166472.93986791,0003154.51,6328612.47167385
2021-09-24T01:00:02.228Z,-USD,0003044.92,0003182.34,0003035.83,163233.8233468,0003129.78,6194667.35837473
2021-09-24T02:00:02.084Z,-USD,0003071.23,0003182.34,0003043.28,162851.08890703,0003096.42,6200169.02025849
2021-09-24T03:00:01.973Z,-USD,0003078.37,0003182.34,0003043.28,161839.62721829,0003102.25,6205800.31377957
2021-09-24T04:00:02.45Z,-USD,0003120.77,0003182.34,0003043.28,155554.5888344,0003076.64,6210569.00100241
2021-09-24T05:00:02.206Z,-USD,0003115.22,0003182.34,0003043.28,150851.76540718,0003079.58,6216401.29790105
2021-09-24T06:00:02.643Z,-USD,00003115.0,0003182.34,0003040.18,154371.37434545,00003075.5,6223803.96328424
2021-09-24T07:00:02.623Z,-USD,00003136.0,0003182.34,0003040.18,154127.68259655,0003062.04,6229889.61826987
2021-09-24T08:00:01.884Z,-USD,0003147.99,0003182.34,0003040.18,158455.40712618,0003093.42,6238596.55607023
2021-09-24T09:00:02.126Z,-USD,0003120.45,0003182.34,00003040.0,159305.73956391,0003053.26,6243419.9080081
2021-09-24T10:00:02.248Z,-USD,0003114.07,0003182.34,0002860.02,195919.90234376,0002865.73,6283332.24328688
2021-09-24T11:00:02.663Z,-USD,0003089.07,0003182.34,0002810.01,219671.72034832,0002838.76,6313762.00730575
2021-09-24T12:00:02.133Z,-USD,0003062.09,0003182.34,00002735.0,263639.33924445,0002833.47,6363411.08787848
2021-09-24T13:00:02.817Z,-USD,0003070.49,0003182.34,00002735.0,280305.34384979,0002801.92,6386816.90529999
2021-09-24T14:00:02.591Z,-USD,0003113.65,0003182.34,00002735.0,304332.235908,00002867.6,6417768.44102662
2021-09-24T15:00:02.124Z,-USD,0003136.41,0003182.34,00002735.0,332363.28262104,0002898.56,6454164.82843794
2021-09-24T16:00:01.961Z,-USD,0003093.74,0003182.34,00002735.0,343046.58685374,00002880.5,6472831.64177534
2021-09-24T17:00:02.316Z,-USD,0003102.73,0003182.34,00002735.0,350641.41397149,0002908.19,6487672.05685883
2021-09-24T18:00:02.431Z,-USD,0003165.15,0003175.46,00002735.0,342804.23635203,0002874.57,6500140.37699233
2021-09-24T19:00:02.41Z,-USD,0003148.75,0003164.35,00002735.0,343989.69463946,0002898.53,6509752.84312548
2021-09-24T20:00:01.732Z,-USD,0003149.47,0003164.35,00002735.0,347521.64796282,0002904.81,6518435.85994148
2021-09-24T21:00:02.101Z,-USD,0003142.33,0003164.35,00002735.0,357021.51130134,0002945.36,6533312.01169129
2021-09-24T22:00:02.204Z,-USD,0003146.36,0003164.35,00002735.0,361126.80051972,0002960.32,6541782.88020545
2021-09-24T23:00:01.997Z,-USD,0003141.88,0003160.48,00002735.0,362010.03939191,0002963.08,6548204.85108314
2021-09-25T00:00:02.169Z,-USD,0003154.42,0003160.48,00002735.0,364995.12823366,0002931.43,6554789.46180516
2021-09-25T01:00:02.578Z,-USD,0003128.61,0003140.26,00002735.0,366254.44304791,0002948.13,6420690.84671946
2021-09-25T02:00:01.928Z,-USD,0003098.94,00003118.0,00002735.0,368571.95279545,0002918.18,6428544.76634347
2021-09-25T03:00:01.987Z,-USD,0003103.43,00003118.0,00002735.0,368104.48325282,0002897.99,6433629.26734331
2021-09-25T04:00:02.605Z,-USD,0003076.33,00003118.0,00002735.0,367275.78567072,0002914.44,6437614.70448065
2021-09-25T05:00:02.68Z,-USD,0003081.02,00003118.0,00002735.0,364589.61976919,0002931.81,6440712.46996465
2021-09-25T06:00:02.668Z,-USD,0003074.96,00003118.0,00002735.0,360189.61992375,0002911.15,6443727.52363472
2021-09-25T07:00:01.846Z,-USD,0003060.45,00003118.0,00002735.0,356294.86621574,0002932.72,6445910.69451535
2021-09-25T08:00:01.884Z,-USD,00003090.0,0003114.73,00002735.0,350238.93709926,0002886.62,6448612.98167037
2021-09-25T09:00:02.034Z,-USD,0003058.57,0003063.66,00002735.0,358377.32590726,0002912.84,6461613.45804889
2021-09-25T10:00:01.83Z,-USD,00002861.6,00002984.0,00002735.0,326479.89100052,0002938.69,6469838.70158399
2021-09-25T11:00:02.586Z,-USD,0002835.72,00002984.0,00002735.0,300410.95948058,0002939.75,6474008.0948439
2021-09-25T12:00:02.497Z,-USD,0002829.64,00002984.0,0002770.72,254359.36001643,0002915.35,6477595.61799506
2021-09-25T13:00:02.182Z,-USD,0002807.16,00002984.0,0002770.72,236909.07739469,0002905.56,6483621.18786979
2021-09-25T14:00:02.678Z,-USD,0002864.65,00002984.0,0002800.01,211282.84462797,0002910.06,6489041.97043431
2021-09-25T15:00:02.678Z,-USD,0002900.04,00002984.0,0002800.01,181876.31945793,0002876.76,6495831.40952501
2021-09-25T16:00:01.769Z,-USD,0002879.27,00002984.0,0002800.01,172260.57782985,0002925.67,6504896.3674001
2021-09-25T17:00:02.512Z,-USD,0002908.21,00002984.0,0002800.01,168374.92372758,0002901.88,6515810.98705509
2021-09-25T18:00:01.743Z,-USD,0002884.29,00002984.0,0002800.01,161671.03900132,0002902.35,6521573.18508291
2021-09-25T19:00:01.831Z,-USD,0002895.07,00002984.0,0002800.01,157044.20485722,0002899.37,6526565.60836278
2021-09-25T20:00:02.078Z,-USD,00002904.9,00002984.0,0002800.01,155498.74810299,0002918.85,6533693.13904295
2021-09-25T21:00:02.047Z,-USD,0002946.39,00002984.0,0002800.01,146862.09459616,0002925.91,6539900.42689423
2021-09-25T22:00:01.967Z,-USD,0002960.52,00002970.3,0002800.01,144828.3643588,0002915.59,6546337.99658108
2021-09-25T23:00:02.555Z,-USD,0002960.09,0002968.85,0002800.01,145064.55984818,0002934.46,6553061.89638636
2021-09-26T00:00:01.749Z,-USD,0002930.59,0002968.85,0002800.01,145525.39110371,0002925.15,6560057.92181553
2021-09-26T01:00:01.825Z,-USD,0002946.05,0002968.85,0002800.01,145984.24183262,0002893.68,6397777.96668677
2021-09-26T02:00:02.1Z,-USD,0002913.24,0002968.85,0002800.01,142517.10613872,00002877.1,6402364.86098278
2021-09-26T03:00:01.99Z,-USD,0002899.18,0002968.85,0002800.01,146427.67181857,00002858.4,6411169.88677444
2021-09-26T04:00:02.515Z,-USD,00002914.2,0002968.85,0002800.01,146215.31249754,0002865.74,6414937.46211143
2021-09-26T05:00:01.75Z,-USD,0002931.25,0002968.85,0002800.01,147780.72881211,0002850.03,6419585.45929967
2021-09-26T06:00:02.535Z,-USD,0002909.98,0002968.85,0002800.01,147521.90160306,0002841.41,6422343.5694017
2021-09-26T07:00:02.664Z,-USD,0002932.99,0002968.85,0002800.01,149473.5438481,0002815.81,6426484.25168362
2021-09-26T08:00:02.631Z,-USD,0002889.04,0002968.85,0002741.75,163806.62361684,0002776.43,6443523.68734205
2021-09-26T09:00:02.674Z,-USD,0002908.74,0002968.85,0002741.34,160592.41038714,0002788.63,6453332.66597723
2021-09-26T10:00:01.845Z,-USD,0002940.93,0003029.01,0002741.34,171925.89269168,0002983.24,6472854.02095121
2021-09-26T11:00:01.798Z,-USD,0002941.28,0003029.01,0002741.34,176389.76190577,0002956.75,6481485.43679984
2021-09-26T12:00:02.079Z,-USD,0002914.31,0003029.01,0002741.34,177653.44110634,0002975.36,6486350.42186951
2021-09-26T13:00:02.198Z,-USD,0002905.77,00003030.0,0002741.34,179549.48244135,0003012.27,6494276.67392477
2021-09-26T14:00:02.218Z,-USD,0002905.33,00003030.0,0002741.34,181153.26607617,0003004.11,6501509.64664775
2021-09-26T15:00:02.375Z,-USD,0002874.09,0003041.58,0002741.34,181448.0274397,0003031.19,6508421.36632236
2021-09-26T16:00:02.518Z,-USD,0002923.79,0003057.61,0002741.34,180245.96878109,0003053.13,6516261.19751876
2021-09-26T17:00:02.496Z,-USD,0002901.26,0003075.44,0002741.34,176504.31147301,0003040.18,6523410.42727684
2021-09-26T18:00:01.767Z,-USD,0002900.54,0003075.44,0002741.34,174556.97291838,00003041.0,6527232.95838462
2021-09-26T19:00:01.978Z,-USD,0002899.95,0003075.44,0002741.34,174522.1626979,0003043.34,6532249.44660263
2021-09-26T20:00:02.12Z,-USD,0002918.89,0003075.44,0002741.34,170895.23532326,0003059.12,6535730.95609513
2021-09-26T21:00:02.114Z,-USD,0002922.67,0003101.36,0002741.34,170978.3265936,0003089.57,6542089.04541819
2021-09-26T22:00:02.208Z,-USD,0002915.66,0003101.36,0002741.34,167737.04322322,0003087.93,6545163.99212466
2021-09-26T23:00:02.421Z,-USD,0002935.61,0003117.48,0002741.34,167983.46526123,0003032.88,6552147.22627501
2021-09-27T00:00:02.585Z,-USD,0002923.91,0003117.48,0002741.34,168724.12151106,0003063.95,6559904.55356474
2021-09-27T01:00:01.792Z,-USD,0002898.82,0003145.77,0002741.34,172701.56422258,0003142.23,6498360.83842211
2021-09-27T02:00:01.815Z,-USD,0002877.64,00003164.0,0002741.34,179759.90631419,0003160.68,6509947.25254789
2021-09-27T03:00:01.926Z,-USD,0002858.47,0003168.03,0002741.34,180260.08897611,0003140.21,6519255.4272052
2021-09-27T04:00:02.541Z,-USD,0002868.31,0003168.03,0002741.34,181050.8646314,0003130.22,6523821.04463541
2021-09-27T05:00:02.144Z,-USD,0002849.07,0003168.03,0002741.34,181666.4929497,0003122.65,6529076.29693738
2021-09-27T06:00:02.117Z,-USD,0002841.04,0003168.03,0002741.34,184530.95176198,0003132.04,6534693.40992551
2021-09-27T07:00:02.227Z,-USD,0002817.02,0003168.03,0002741.34,187257.19953819,0003094.11,6541640.5817758
2021-09-27T08:00:02.214Z,-USD,0002774.95,0003168.03,0002741.34,176277.12654891,0003098.55,6547727.68362538
2021-09-27T09:00:02.262Z,-USD,0002787.85,0003168.03,0002781.34,169368.67163491,0003111.03,6550551.7631416
2021-09-27T10:00:02.303Z,-USD,0002983.05,0003168.03,0002931.38,154585.18333431,0003089.86,6555279.33190338
2021-09-27T11:00:01.866Z,-USD,0002953.74,0003168.03,0002953.67,148652.72797198,0003101.35,6557979.17773854
2021-09-27T12:00:01.882Z,-USD,0002975.49,0003168.03,0002975.49,147607.5029065,0003096.71,6561812.07242249
2021-09-27T13:00:02.11Z,-USD,0003011.93,0003168.03,0002983.14,146496.06661419,0003079.54,6568649.31474868
2021-09-27T14:00:02.199Z,-USD,00003004.2,0003168.03,0002992.56,144476.55568215,0003071.81,6573810.47872388
2021-09-27T15:00:02.738Z,-USD,0003031.02,0003168.03,0003013.07,147573.49178614,0003045.44,6583843.94629908
2021-09-27T16:00:02.049Z,-USD,0003054.85,0003168.03,0003013.07,146396.86072684,0003064.53,6590514.51515293
2021-09-27T17:00:02.063Z,-USD,0003037.55,0003168.03,00002983.7,151486.01224185,0003005.37,6602735.32413906
2021-09-27T18:00:02.964Z,-USD,0003038.51,0003168.03,00002983.7,156573.76959821,0003000.46,6611650.34081424
2021-09-27T19:00:02.296Z,-USD,00003043.7,0003168.03,00002983.7,158028.29792586,0002997.83,6618106.53612242
2021-09-27T20:00:02.256Z,-USD,0003059.46,0003168.03,00002983.7,159420.85402403,0002998.99,6622984.97487485
2021-09-27T21:00:02.424Z,-USD,0003089.07,0003168.03,0002953.36,163950.28752563,00002955.3,6633871.27102107
2021-09-27T22:00:02.669Z,-USD,0003087.27,0003168.03,0002946.38,166937.93647686,0002996.45,6639922.2386538
2021-09-27T23:00:01.766Z,-USD,00003020.9,0003168.03,0002946.38,169845.92256599,0003005.09,6649922.24700686
2021-09-28T00:00:02.209Z,-USD,0003059.92,0003168.03,00002925.0,172430.97766391,0002925.34,6660174.46578078
2021-09-28T01:00:02.458Z,-USD,0003137.86,0003168.03,0002905.68,170415.47750717,0002930.87,6579717.22659934
2021-09-28T02:00:01.85Z,-USD,0003162.53,0003168.03,00002896.0,169168.07404354,0002939.76,6590118.03161726
2021-09-28T03:00:01.975Z,-USD,00003142.0,00003151.0,00002896.0,164828.01582299,0002944.77,6595029.4749393
2021-09-28T04:00:02.216Z,-USD,00003132.7,00003151.0,00002896.0,166060.00812234,0002948.28,6600802.31052736
2021-09-28T05:00:01.939Z,-USD,0003122.59,00003151.0,00002896.0,164536.37280527,0002964.45,6604502.70177188
2021-09-28T06:00:02.042Z,-USD,0003132.27,00003151.0,00002896.0,162656.65552069,0002944.48,6608239.83411738
2021-09-28T07:00:02.341Z,-USD,0003092.81,0003138.91,00002896.0,159888.89282179,00002930.5,6612515.7257016
2021-09-28T08:00:02.528Z,-USD,0003092.32,0003138.91,0002883.46,160382.78263718,0002896.55,6619040.99836923
2021-09-28T09:00:02.378Z,-USD,0003111.75,0003138.91,00002877.4,164618.84390958,00002906.3,6626054.00976818
2021-09-28T10:00:02.386Z,-USD,0003092.08,0003129.48,00002877.4,163189.26266199,0002910.49,6629367.18827282
2021-09-28T11:00:02.074Z,-USD,0003101.49,0003129.48,00002877.4,164180.31967501,0002903.59,6633051.46870202
2021-09-28T12:00:02.338Z,-USD,0003094.34,0003129.48,00002877.4,166537.18357593,0002928.89,6639246.66301267
2021-09-28T13:00:02.449Z,-USD,0003076.55,0003129.48,00002877.4,163959.50684135,0002900.39,6643527.0238798
2021-09-28T14:00:02.665Z,-USD,0003070.96,0003129.48,00002877.4,169430.78973302,0002915.79,6654129.86958026
2021-09-28T15:00:01.936Z,-USD,0003051.62,00003065.0,00002845.0,182301.7097578,0002861.56,6677059.09960001
2021-09-28T16:00:02.569Z,-USD,0003061.24,0003063.92,00002840.0,185831.4921181,0002846.38,6687282.92394101
2021-09-28T17:00:02.866Z,-USD,0003011.12,00003030.0,0002812.29,185509.44586436,0002821.45,6699163.29353728
2021-09-28T18:00:02.31Z,-USD,0003000.65,0003029.72,00002804.4,186057.18859422,0002832.39,6708602.67450326
2021-09-28T19:00:02.452Z,-USD,0003001.75,0003029.72,00002804.4,187892.9516612,0002840.47,6716910.68372535
2021-09-28T20:00:02.524Z,-USD,0002994.61,0003029.72,00002804.4,190422.58560895,0002834.48,6724537.89851894
2021-09-28T21:00:02.277Z,-USD,0002955.92,0003029.72,00002804.4,189624.10016544,0002864.01,6734528.99922345
2021-09-28T22:00:01.703Z,-USD,0002997.25,0003029.72,00002804.4,188454.67762504,0002879.08,6739306.01596301
2021-09-28T23:00:02.446Z,-USD,0003004.32,0003007.39,00002804.4,184548.53888882,0002838.96,6745368.78228551
2021-09-29T00:00:02.799Z,-USD,0002926.27,0002971.16,00002782.6,185914.61654976,0002806.79,6757011.00627703
2021-09-29T01:00:02.151Z,-USD,0002933.12,0002971.16,00002782.6,188425.16610188,0002841.97,6548667.85850818
2021-09-29T02:00:01.875Z,-USD,0002938.22,0002971.16,00002782.6,184569.47942245,0002853.27,6555108.81512358
2021-09-29T03:00:02.624Z,-USD,0002940.48,0002971.16,00002782.6,184580.07226129,0002870.87,6560096.62902359
2021-09-29T04:00:02.225Z,-USD,0002949.67,0002971.16,00002782.6,187361.47370537,0002890.43,6568634.68120957
2021-09-29T05:00:01.856Z,-USD,0002962.25,0002967.91,00002782.6,189895.14136685,0002909.78,6574778.24195393
2021-09-29T06:00:02.48Z,-USD,0002945.17,0002959.53,00002782.6,190173.48265902,0002906.45,6578799.21150418
2021-09-29T07:00:02.046Z,-USD,0002932.08,0002959.53,00002782.6,188155.64527526,0002928.85,6581046.91983055
2021-09-29T08:00:02.639Z,-USD,0002895.09,0002959.53,00002782.6,183624.83109743,0002924.39,6583075.79316782
2021-09-29T09:00:02.32Z,-USD,0002908.75,0002959.53,00002782.6,180093.88147154,0002918.52,6586528.28938725
2021-09-29T10:00:02.706Z,-USD,0002910.12,0002959.53,00002782.6,181334.62363242,0002912.49,6591090.70161699
2021-09-29T11:00:03.436Z,-USD,0002902.69,0002959.53,00002782.6,184595.21962091,0002929.63,6598041.70360922
2021-09-29T12:00:02.427Z,-USD,0002926.99,0002959.53,00002782.6,185647.11991998,0002934.77,6605350.82647659
2021-09-29T13:00:02.041Z,-USD,0002900.01,0002959.53,00002782.6,190991.04611089,0002910.46,6614925.54379272
2021-09-29T14:00:02.192Z,-USD,0002915.46,00002950.6,00002782.6,189022.65588592,0002917.77,6623538.67529329
2021-09-29T15:00:02.089Z,-USD,0002863.36,00002950.6,00002782.6,171735.82224518,0002924.61,6629259.98024226
2021-09-29T16:00:01.756Z,-USD,0002845.13,00002950.6,00002782.6,176704.15411709,0002856.92,6644399.04307989
2021-09-29T17:00:02.569Z,-USD,0002821.33,00002950.6,00002782.6,172018.42738859,00002847.8,6651658.57156446
2021-09-29T18:00:02.127Z,-USD,0002830.78,00002950.6,00002782.6,172282.067886,0002814.45,6661273.06788785
2021-09-29T19:00:01.734Z,-USD,0002837.23,00002950.6,00002782.6,173522.20056903,0002820.28,6670928.92898055
2021-09-29T20:00:02.534Z,-USD,00002839.2,00002950.6,00002782.6,172171.35131391,0002808.35,6677123.03261428
2021-09-29T21:00:02.245Z,-USD,00002863.3,00002950.6,0002781.99,174985.59130762,00002821.7,6690013.38258141
2021-09-29T22:00:02.118Z,-USD,0002883.28,00002950.6,0002781.99,177565.31218348,0002821.75,6697341.7799229
2021-09-29T23:00:02.473Z,-USD,0002835.36,00002950.6,0002781.99,178973.88300672,0002838.74,6704841.84662011
2021-09-30T20:00:24.953Z,-USD,0002809.96,0003048.58,0002781.99,188014.77910093,0002993.47,6545009.32232574
2021-09-30T21:00:01.877Z,-USD,0002821.32,0003048.58,0002805.45,182297.8446755,0002972.58,6552115.89738542
2021-09-30T22:00:01.971Z,-USD,0002822.08,0003048.58,00002813.0,179946.35661202,0003004.98,6557107.77067366
2021-09-30T23:00:01.898Z,-USD,00002837.0,0003048.58,0002831.26,176189.18709271,0003004.87,6560925.07487998
2021-10-01T00:00:02.236Z,-USD,0002849.71,0003048.58,0002836.21,169691.37127978,0003001.43,6565260.58853559
2021-10-01T01:00:02.43Z,-USD,0002931.64,0003048.58,0002916.14,163926.93607344,0003022.63,6266016.23931616
2021-10-01T02:00:01.807Z,-USD,0002960.53,0003048.58,0002941.63,149160.1117722,0003020.37,6270274.74317664
2021-10-01T03:00:02.143Z,-USD,0002990.48,0003048.58,0002941.63,146157.12224497,0002990.37,6275271.58573116
2021-10-01T04:00:01.981Z,-USD,0003027.28,0003048.58,0002941.63,141175.47752021,0003002.24,6282364.18385287
2021-10-01T05:00:01.806Z,-USD,0003019.58,0003048.48,0002941.63,135594.29334929,0003000.89,6285508.24402567
2021-10-01T06:00:01.719Z,-USD,0003028.58,0003048.48,0002941.63,134015.1154446,00003017.4,6288576.04403459
2021-10-01T07:00:02.628Z,-USD,0003021.98,0003048.48,0002941.63,132246.61917181,0003025.81,6291663.55823347
2021-10-01T08:00:02.645Z,-USD,0003001.53,0003097.87,0002941.63,137696.23008714,0003093.17,6301403.72272772
2021-10-01T09:00:02.609Z,-USD,0002976.21,00003120.0,0002941.63,137757.96467458,0003118.88,6307192.88360732
2021-10-01T10:00:02.404Z,-USD,0002980.94,00003136.0,0002941.63,139473.96276605,0003114.45,6311393.73582981
2021-10-01T11:00:02.164Z,-USD,0002951.25,00003250.0,0002944.96,154053.20922898,0003203.89,6329431.3111301
2021-10-01T12:00:02.314Z,-USD,0002962.63,00003250.0,0002954.26,161745.31758679,0003234.94,6340297.38295917
2021-10-01T13:00:02.328Z,-USD,0003008.37,00003281.5,0002954.26,168738.0513543,0003223.02,6354525.18346315
2021-10-01T14:00:02.419Z,-USD,0002974.23,00003281.5,0002954.26,169714.15949191,0003202.97,6363627.63999928
2021-10-01T15:00:02.422Z,-USD,0002978.22,00003281.5,0002954.26,176788.25614737,0003210.13,6377213.83532571
2021-10-01T16:00:02.633Z,-USD,0002985.33,00003281.5,0002954.26,175413.02589445,0003234.27,6383849.14094078
2021-10-01T17:00:01.817Z,-USD,0002982.51,00003281.5,0002954.26,181043.68127876,0003273.73,6395883.57797364
2021-10-01T18:00:02.137Z,-USD,0002995.01,0003286.53,0002954.26,182746.49464655,00003276.9,6404329.74946056
2021-10-01T19:00:02.528Z,-USD,00003036.8,00003300.0,0002954.26,185773.10945949,0003292.47,6416027.6748081
2021-10-01T20:00:02.642Z,-USD,00002992.5,00003320.0,0002954.26,187842.72279444,0003296.11,6426300.20642469
2021-10-01T21:00:01.797Z,-USD,0002973.16,00003320.0,0002967.41,191551.33685807,0003291.56,6437183.58908082
2021-10-01T22:00:01.864Z,-USD,0003004.63,0003337.15,0002967.41,195916.6060555,0003321.76,6446551.58760524
2021-10-01T23:00:01.744Z,-USD,00003004.0,0003337.15,0002967.41,201199.10921302,0003285.11,6455607.6401693
2021-10-02T00:00:02.671Z,-USD,0003001.14,0003337.15,0002967.41,200962.57247299,0003311.23,6459836.53965967
2021-10-02T01:00:02.583Z,-USD,0003021.08,0003337.15,0002967.41,200918.9481758,00003283.4,6260776.67723447
2021-10-02T02:00:01.75Z,-USD,0003022.24,00003344.6,0002967.41,204323.1619908,0003296.54,6268481.72482447
2021-10-02T03:00:01.917Z,-USD,0002989.13,00003344.6,0002967.41,203609.9739291,0003292.22,6272723.43694003
2021-10-02T04:00:02.267Z,-USD,0003003.47,00003344.6,0002990.11,201678.71992216,0003269.67,6277915.94056086
2021-10-02T05:00:01.935Z,-USD,0003000.08,00003344.6,0002993.38,201678.60731511,0003271.68,6281067.08441626
2021-10-02T06:00:02.018Z,-USD,0003018.13,00003344.6,0003005.73,201491.60717815,0003282.07,6283921.38370875
2021-10-02T07:00:02.099Z,-USD,0003026.91,00003344.6,0003015.07,201076.55467164,0003283.91,6286598.83664483
2021-10-02T08:00:01.754Z,-USD,0003092.66,00003344.6,0003092.66,193491.10190419,0003283.47,6288727.13318024
2021-10-02T09:00:02.683Z,-USD,0003121.25,00003344.6,0003107.05,188854.7056262,0003289.67,6290099.77729192
2021-10-02T10:00:02.272Z,-USD,00003115.8,00003344.6,0003107.05,187073.00994677,0003302.77,6292300.45246152
2021-10-02T11:00:02.409Z,-USD,0003205.74,00003344.6,0003175.47,171028.90051928,0003287.39,6294820.97475107
2021-10-02T12:00:02.429Z,-USD,0003236.41,00003344.6,0003175.47,163245.0863461,0003295.85,6297444.22998495
2021-10-02T13:00:02.295Z,-USD,0003222.71,00003344.6,0003175.47,152703.39441954,0003303.86,6301254.16837698
2021-10-02T14:00:02.394Z,-USD,0003201.75,00003350.0,0003175.47,149814.95885798,0003314.73,6307390.38077817
2021-10-02T15:00:02.37Z,-USD,0003213.19,0003377.26,0003206.73,146726.82617629,0003367.62,6317932.07715782
2021-10-02T16:00:02.284Z,-USD,00003237.0,0003399.89,0003225.02,147249.18956161,0003388.23,6324997.83017855
2021-10-02T17:00:01.853Z,-USD,0003278.38,0003437.35,0003252.86,146999.37473064,0003430.16,6336980.50793376
2021-10-02T18:00:01.996Z,-USD,00003278.6,00003449.5,0003252.86,151332.85823735,0003431.31,6349573.87433417
2021-10-02T19:00:03.21Z,-USD,0003294.89,00003449.5,0003258.94,149135.89887066,0003445.28,6359079.504596
2021-10-02T20:00:02.449Z,-USD,00003299.2,0003464.67,0003258.94,148034.6351796,0003461.75,6368188.02355339
2021-10-02T21:00:02.484Z,-USD,0003292.59,0003469.95,0003258.94,143497.50534394,0003426.78,6374592.30137785
2021-10-02T22:00:02.619Z,-USD,0003326.52,0003469.95,0003258.94,141972.8397539,0003449.95,6382550.68624454
2021-10-02T23:00:02.232Z,-USD,0003288.51,0003469.95,0003258.94,138273.82991818,00003431.3,6387783.08908616
2021-10-03T00:00:02.159Z,-USD,00003311.2,0003469.95,0003258.94,144530.98617286,00003391.8,6398271.52771194
2021-10-03T01:00:02.643Z,-USD,0003294.64,0003469.95,0003258.94,146289.1628599,0003371.24,6122549.98483718
2021-10-03T02:00:02.455Z,-USD,00003297.0,0003469.95,0003258.94,144603.06482524,0003391.65,6128421.64935871
2021-10-03T03:00:02.212Z,-USD,0003292.11,0003469.95,0003258.94,147257.22322188,0003400.33,6135215.667597
2021-10-03T04:00:02.056Z,-USD,0003268.01,0003469.95,0003258.94,145877.72186565,0003404.61,6139091.30533399
2021-10-03T05:00:02.271Z,-USD,0003274.02,0003469.95,0003266.68,145713.65707288,0003398.91,6142072.9121785
2021-10-03T06:00:01.704Z,-USD,00003281.5,0003469.95,00003267.0,147905.86791099,0003416.61,6147079.77336783
2021-10-03T07:00:02.137Z,-USD,0003284.73,0003469.95,00003267.0,148834.14036729,0003412.73,6150689.43241162
2021-10-03T08:00:01.747Z,-USD,0003281.38,0003469.95,00003267.0,149534.9031128,0003395.76,6153508.62661731
2021-10-03T09:00:02.23Z,-USD,0003286.47,0003469.95,0003270.01,152146.15390929,00003395.3,6157490.98674573
2021-10-03T10:00:01.83Z,-USD,0003301.95,0003469.95,0003270.01,153941.53225983,0003385.73,6161523.24989829
2021-10-03T11:00:02.311Z,-USD,0003286.91,0003469.95,0003270.01,154040.47283255,0003388.95,6164139.27391317
2021-10-03T12:00:02.605Z,-USD,00003299.0,0003469.95,0003288.88,154477.50424169,0003416.88,6167191.00684604
2021-10-03T13:00:02.294Z,-USD,0003302.14,0003469.95,0003296.43,153633.85790559,0003412.49,6170175.96034547
2021-10-03T14:00:02.107Z,-USD,0003317.16,0003469.95,00003316.0,152446.56646099,0003439.42,6175137.84038043
2021-10-03T15:00:01.771Z,-USD,0003369.91,0003469.95,0003343.36,145305.52178728,00003425.4,6178562.32830073
2021-10-03T16:00:02.635Z,-USD,0003388.51,0003469.95,0003343.36,142459.6655121,0003405.34,6182809.97790105
2021-10-03T17:00:02.595Z,-USD,0003436.72,0003469.95,0003343.36,134105.08556124,0003423.81,6186451.9533979
2021-10-03T18:00:02.164Z,-USD,0003430.54,00003483.3,0003343.36,131045.41618722,0003457.18,6196188.26670384
2021-10-03T19:00:02.339Z,-USD,0003442.28,00003486.0,0003343.36,131127.54097552,0003467.38,6205680.15953538
2021-10-03T20:00:02.394Z,-USD,00003468.0,0003489.18,0003343.36,127553.99672053,0003472.78,6211171.21217459
2021-10-03T21:00:02.153Z,-USD,0003427.29,0003489.18,0003343.36,127323.72423463,00003432.5,6217182.42835009
2021-10-03T22:00:02.068Z,-USD,0003448.99,0003489.18,0003343.36,129153.77617488,0003395.37,6227064.49791769
2021-10-03T23:00:01.757Z,-USD,0003425.14,0003489.18,0003343.36,131105.71684402,0003408.29,6234250.57266014
2021-10-04T00:00:01.766Z,-USD,0003388.67,0003489.18,0003343.36,124223.52275004,0003418.94,6237976.28840291
2021-10-04T01:00:01.911Z,-USD,0003367.08,0003489.18,0003360.08,121588.9055658,0003377.27,6114201.70286735
2021-10-04T02:00:02.161Z,-USD,0003389.56,0003489.18,0003352.36,121833.52334617,0003376.93,6120281.6374717
2021-10-04T03:00:02.437Z,-USD,0003400.44,0003489.18,00003351.8,120648.27116513,0003358.66,6125840.08923083
2021-10-04T04:00:02.577Z,-USD,0003406.46,0003489.18,0003325.03,122911.62148264,0003339.97,6132000.22597158
2021-10-04T05:00:02.206Z,-USD,0003399.24,0003489.18,0003324.13,127635.40896785,00003354.2,6139689.81646169
2021-10-04T06:00:02.478Z,-USD,0003418.38,0003489.18,0003324.13,125171.24018894,0003365.13,6142286.78730216
2021-10-04T07:00:02.295Z,-USD,0003413.79,0003489.18,0003324.13,124482.50849351,00003353.0,6145163.38552111
2021-10-04T08:00:02.455Z,-USD,0003393.41,0003489.18,0003324.13,124592.3528468,0003364.55,6148072.02986283
2021-10-04T09:00:02.365Z,-USD,0003392.78,0003489.18,0003324.13,124222.91299755,00003346.4,6151693.70320051
2021-10-04T10:00:02.176Z,-USD,0003391.96,0003489.18,0003324.13,122745.24981063,0003351.88,6154268.47031382
2021-10-04T11:00:02.405Z,-USD,00003391.5,0003489.18,0003324.13,123305.98759246,0003347.63,6157450.73758626
2021-10-04T12:00:02.181Z,-USD,0003415.72,0003489.18,0003294.69,126176.34774235,0003316.29,6163378.33009862
2021-10-04T13:00:03.229Z,-USD,0003410.58,0003489.18,0003294.69,128365.09725005,0003347.29,6168540.26272728
2021-10-04T14:00:02.249Z,-USD,0003439.15,0003489.18,0003294.69,130643.97005079,0003381.74,6175786.64481096
2021-10-04T15:00:02.514Z,-USD,0003428.57,0003489.18,0003294.69,143994.31095391,0003311.33,6192579.26876483
2021-10-04T16:00:01.811Z,-USD,0003406.78,0003489.18,0003269.67,154373.45293806,0003318.74,6207173.67533527
2021-10-04T17:00:01.975Z,-USD,0003422.21,0003489.18,0003269.67,163035.30575318,00003366.2,6219497.26642655
2021-10-04T18:00:02.628Z,-USD,0003465.76,0003489.18,0003269.67,165558.40874285,0003412.42,6231923.61619159
2021-10-04T19:00:02.19Z,-USD,0003466.78,0003489.18,0003269.67,164617.30409885,0003421.82,6240322.9005957
2021-10-04T20:00:02.612Z,-USD,0003469.63,0003474.97,0003269.67,169296.5917163,0003413.88,6250477.76213909
2021-10-04T21:00:02.314Z,-USD,0003424.04,00003440.0,0003269.67,169288.17645051,0003384.02,6256673.56527622
2021-10-04T22:00:02.616Z,-USD,0003393.98,00003440.0,0003269.67,164324.09843107,00003394.6,6261428.25798705
2021-10-04T23:00:01.945Z,-USD,0003409.36,00003440.0,0003269.67,162670.48100636,0003374.08,6266916.54263025
2021-10-05T00:00:01.829Z,-USD,0003419.63,0003438.91,0003269.67,163746.76682343,0003384.84,6271723.16542718
2021-10-05T01:00:01.97Z,-USD,0003369.94,0003438.91,0003269.67,163157.04390148,0003409.28,6176118.00924557
2021-10-05T02:00:02.235Z,-USD,0003376.87,0003438.91,0003269.67,161655.93010542,0003390.09,6180642.25312875
2021-10-05T03:00:02.364Z,-USD,0003361.35,0003438.91,0003269.67,159718.50184619,0003389.97,6184277.21051357
2021-10-05T04:00:02.384Z,-USD,0003337.02,0003438.91,0003269.67,157684.80465715,0003385.71,6188388.40179984
2021-10-05T05:00:01.837Z,-USD,0003355.66,0003438.91,0003269.67,154234.66074587,0003368.26,6192612.32338878
2021-10-05T06:00:01.692Z,-USD,0003365.52,0003438.91,0003269.67,154814.10104876,0003386.84,6195813.29665365
2021-10-05T07:00:02.624Z,-USD,0003348.29,0003438.91,0003269.67,157373.01504048,0003384.37,6201209.86627302
2021-10-05T08:00:02.359Z,-USD,00003378.4,0003438.91,0003269.67,156360.15934342,0003393.18,6203349.49002278
2021-10-05T09:00:02.454Z,-USD,0003350.38,0003438.91,0003269.67,157398.36549283,0003418.15,6207795.3740791
2021-10-05T10:00:02.347Z,-USD,0003354.05,0003451.32,0003269.67,161940.21455704,0003450.14,6214879.66118469
2021-10-05T11:00:02.138Z,-USD,0003345.38,0003476.03,0003269.67,166649.95039553,0003437.39,6222806.51138452
2021-10-05T12:00:02.334Z,-USD,0003314.03,0003476.03,0003269.67,166902.40462772,0003448.24,6228989.84192011
2021-10-05T13:00:02.277Z,-USD,00003346.0,0003476.03,0003269.67,167500.65539916,0003454.46,6234729.78619168
2021-10-05T14:00:02.345Z,-USD,0003389.83,0003476.03,0003269.67,165550.41835975,0003458.03,6240235.297507
2021-10-05T15:00:02.507Z,-USD,0003319.69,0003476.03,0003269.67,159555.37860888,0003435.05,6251105.55382149
2021-10-05T16:00:02.682Z,-USD,0003323.67,0003476.03,00003312.4,150824.39922677,0003420.18,6256785.59105229
2021-10-05T17:00:02.625Z,-USD,0003363.46,0003476.03,0003335.51,143612.47506678,0003435.64,6261990.08913968
2021-10-05T18:00:02.044Z,-USD,0003412.52,0003476.03,0003356.33,135579.66105038,0003435.95,6266305.81867817
2021-10-05T19:00:02.356Z,-USD,0003422.36,0003476.03,0003356.33,135586.50256097,00003462.0,6274785.62693126
2021-10-05T20:00:02.651Z,-USD,0003417.65,00003499.0,0003356.33,136994.05998405,00003495.7,6286233.70409024
2021-10-05T21:00:01.92Z,-USD,00003383.4,0003534.74,0003356.33,149153.09153923,0003524.99,6304557.26253188
2021-10-05T22:00:02.228Z,-USD,0003397.06,0003543.07,0003356.33,156890.58441587,0003542.36,6317026.95926828
2021-10-05T23:00:02.554Z,-USD,0003373.59,0003547.88,0003365.34,163563.03951654,0003509.58,6329243.0138288
2021-10-06T00:00:02.48Z,-USD,00003386.9,0003547.88,0003365.34,163020.72924225,0003518.58,6333487.19304593
2021-10-06T01:00:03.848Z,-USD,0003407.01,0003547.88,0003365.36,162955.59248566,0003521.14,6227706.2647988
2021-10-06T02:00:02.558Z,-USD,0003387.84,0003547.88,0003365.36,164941.28889143,0003496.68,6234102.3942484
2021-10-06T03:00:02.558Z,-USD,0003389.66,0003547.88,0003365.36,165335.91961679,0003504.51,6237964.18440136
2021-10-06T04:00:02.525Z,-USD,0003388.32,0003547.88,0003365.36,165456.87012486,0003491.08,6242223.13016651
2021-10-06T05:00:02.242Z,-USD,0003369.14,0003547.88,0003365.91,166112.31858577,0003476.31,6247081.69096314
2021-10-06T06:00:02.1Z,-USD,0003384.39,0003547.88,00003380.0,168533.37411852,0003491.63,6252711.34332721
2021-10-06T07:00:01.857Z,-USD,00003385.1,0003547.88,0003381.09,165324.9251406,00003494.0,6254946.37185549
2021-10-06T08:00:01.881Z,-USD,0003389.35,0003547.88,0003381.09,168304.13541728,0003456.98,6260012.88411843
2021-10-06T09:00:01.785Z,-USD,0003418.56,0003547.88,00003357.0,174980.64511388,00003381.6,6271241.48496373
2021-10-06T10:00:01.918Z,-USD,0003450.25,0003547.88,0003342.16,175838.04946542,0003365.99,6279274.59280219
2021-10-06T11:00:02.583Z,-USD,0003438.24,0003547.88,0003342.16,173641.91843876,0003380.41,6284787.95082305
2021-10-06T12:00:02.527Z,-USD,00003447.0,0003547.88,0003342.16,173651.07992279,00003388.8,6291107.88247729
2021-10-06T13:00:02.795Z,-USD,0003455.29,0003547.88,0003342.16,179652.94360545,0003459.15,6302762.72062321
2021-10-06T14:00:02.037Z,-USD,0003459.02,00003625.0,0003342.16,204214.27516856,0003579.02,6332895.83136249
2021-10-06T15:00:01.789Z,-USD,0003431.92,00003625.0,0003342.16,204635.48452512,0003598.14,6344218.99479967
2021-10-06T16:00:02.198Z,-USD,0003419.18,0003632.44,0003342.16,222597.18955363,0003618.08,6367784.02400328
2021-10-06T17:00:02.432Z,-USD,0003435.83,0003632.44,0003342.16,233197.09990752,0003597.56,6383568.68486463
2021-10-06T18:00:02.61Z,-USD,00003435.2,0003632.44,0003342.16,238036.56792335,0003578.39,6392790.07114182
2021-10-06T19:00:02.044Z,-USD,0003460.01,0003632.44,0003342.16,238360.69039717,0003585.02,6401755.47033249
2021-10-06T20:00:02.302Z,-USD,0003493.04,0003632.44,0003342.16,234392.2575062,0003590.94,6409337.60506073
2021-10-06T21:00:02.267Z,-USD,0003526.57,0003632.44,0003342.16,224757.70007736,0003554.69,6417883.72677324
2021-10-06T22:00:02.387Z,-USD,0003539.72,0003632.44,0003342.16,220888.89482584,0003584.99,6426508.27882925
2021-10-06T23:00:02.252Z,-USD,0003512.33,0003632.44,0003342.16,215394.37478401,00003589.8,6433072.14039801
2021-10-07T00:00:02.344Z,-USD,0003517.26,0003632.44,0003342.16,218989.93286122,0003578.82,6440865.4355626
2021-10-07T01:00:02.619Z,-USD,0003525.74,0003632.44,0003342.16,224329.94374289,0003541.71,5969740.08378202
2021-10-07T02:00:01.765Z,-USD,0003496.04,0003632.44,0003342.16,230152.72654204,0003517.73,5981848.02050802
2021-10-07T03:00:01.924Z,-USD,0003504.04,0003632.44,0003342.16,233303.13264175,0003530.03,5988816.64267979
2021-10-07T04:00:01.977Z,-USD,0003488.82,0003632.44,0003342.16,234062.54754803,0003522.94,5993836.17568986
2021-10-07T05:00:01.982Z,-USD,0003474.88,0003632.44,0003342.16,233981.57180383,0003542.07,5998705.71373793
2021-10-07T06:00:02.06Z,-USD,0003493.96,0003632.44,0003342.16,232384.79512843,0003534.89,6002680.64361136
2021-10-07T07:00:02.06Z,-USD,0003491.54,0003632.44,0003342.16,233641.09495821,0003531.48,6006166.33354105
2021-10-07T08:00:01.954Z,-USD,0003457.63,0003632.44,0003342.16,235706.06765539,0003610.18,6013270.32015511
2021-10-07T09:00:02.462Z,-USD,0003381.13,0003632.44,0003342.16,229952.13885031,0003595.84,6018782.33758163
2021-10-07T10:00:01.882Z,-USD,0003364.49,0003632.44,0003353.69,226794.87115516,0003563.43,6023717.518799
2021-10-07T11:00:02.552Z,-USD,00003377.4,0003632.44,0003364.47,225302.40896245,0003554.04,6027685.80737544
2021-10-07T12:00:02.381Z,-USD,0003383.21,0003632.44,00003375.7,223374.55034836,0003579.64,6032100.39658567
2021-10-07T13:00:02.003Z,-USD,0003457.75,0003632.44,0003444.24,220640.01439897,0003565.35,6041060.40815719
2021-10-07T14:00:02.354Z,-USD,00003580.0,0003643.98,0003471.52,202649.98545375,0003628.64,6053338.54723632
2021-10-07T15:00:02.174Z,-USD,0003599.48,0003643.98,0003471.52,211764.48795706,00003561.0,6073879.41397463
2021-10-07T16:00:02.337Z,-USD,0003613.79,0003643.98,0003471.52,199271.20473529,0003582.25,6084919.9487036
2021-10-07T17:00:02.827Z,-USD,0003598.94,0003643.98,0003471.52,194607.60773759,0003596.33,6095818.01035007
2021-10-07T18:00:02.286Z,-USD,0003579.12,0003643.98,0003471.52,195278.40400277,0003608.79,6105634.41574442
2021-10-07T19:00:02.466Z,-USD,0003583.87,0003643.98,0003471.52,193334.30223788,0003593.33,6112719.15681294
2021-10-07T20:00:02.612Z,-USD,0003590.06,0003643.98,0003471.52,191690.75641288,0003600.15,6118708.35313655
2021-10-07T21:00:02.671Z,-USD,0003562.54,0003643.98,0003471.52,190329.43264545,0003624.63,6125879.94595919
2021-10-07T22:00:02.414Z,-USD,0003586.05,0003655.02,0003471.52,191138.89739962,0003633.45,6135270.07396225
2021-10-07T23:00:01.81Z,-USD,0003590.35,0003655.02,0003471.52,195316.51732931,0003607.58,6145996.97877479
2021-10-08T00:00:02.056Z,-USD,0003576.45,0003655.02,0003471.52,195514.12058298,0003586.49,6154016.63621898
2021-10-08T01:00:02.337Z,-USD,0003540.27,0003655.02,0003471.52,188660.27438871,00003607.0,5805904.89393334
2021-10-08T02:00:02.461Z,-USD,0003517.25,0003655.02,0003506.22,180634.02706994,0003610.31,5809870.23756612
2021-10-08T03:00:02.42Z,-USD,0003533.25,0003655.02,0003506.22,179606.13722128,0003571.43,5815813.50258884
2021-10-08T04:00:02.64Z,-USD,0003520.86,0003655.02,0003506.22,178568.32637783,0003573.36,5819788.50104188
2021-10-08T05:00:02.097Z,-USD,0003543.41,0003655.02,0003506.22,176827.47799473,0003571.26,5822902.74310379
2021-10-08T06:00:02.779Z,-USD,0003539.44,0003655.02,0003506.22,176161.11024254,0003582.51,5826238.73505706
2021-10-08T07:00:01.68Z,-USD,0003531.71,0003655.02,0003506.22,175539.97634357,0003580.73,5829095.27392362
2021-10-08T08:00:02.649Z,-USD,00003612.4,0003655.02,0003523.21,172726.61199051,0003602.31,5833563.16774462
2021-10-08T09:00:01.806Z,-USD,0003590.25,00003670.0,0003523.21,176583.65963909,0003663.07,5842734.02690917
2021-10-08T10:00:02.664Z,-USD,0003567.59,00003670.0,0003523.21,177578.35409061,00003631.4,5848707.29742064
2021-10-08T11:00:02.738Z,-USD,0003553.08,00003670.0,0003523.21,176646.84975355,0003637.37,5851719.36831033
2021-10-08T12:00:01.729Z,-USD,0003577.22,00003670.0,0003523.21,176119.50128644,0003615.75,5855641.30710473
2021-10-08T13:00:01.748Z,-USD,0003569.59,00003670.0,0003523.21,176317.40139847,0003599.35,5864766.40817894
2021-10-08T14:00:01.788Z,-USD,0003630.81,00003670.0,0003523.21,173354.80729261,0003597.69,5874181.85032521
2021-10-08T15:00:01.932Z,-USD,0003563.17,00003670.0,00003550.0,162340.16016761,00003652.5,5883826.74692397
2021-10-08T16:00:01.733Z,-USD,00003587.0,00003670.0,00003550.0,161623.1775667,0003618.79,5893931.11429995
2021-10-08T17:00:02.074Z,-USD,0003596.88,00003670.0,00003550.0,157616.90953218,0003628.98,5900838.00210507
2021-10-08T18:00:02.349Z,-USD,0003610.28,00003670.0,00003550.0,154127.04926021,0003627.74,5907260.74216806
2021-10-08T19:00:02.991Z,-USD,0003592.62,00003670.0,00003550.0,154132.08058811,0003624.88,5914260.73157108
2021-10-08T20:00:02.668Z,-USD,0003606.92,00003670.0,00003550.0,154253.34830028,0003626.38,5920580.23849881
2021-10-08T21:00:01.935Z,-USD,0003625.66,00003670.0,00003535.0,159098.9831108,0003554.66,5932487.88916854
2021-10-08T22:00:02.123Z,-USD,0003635.95,00003670.0,00003535.0,155268.83836858,0003578.08,5938103.5869384
2021-10-08T23:00:02.58Z,-USD,0003607.93,00003670.0,00003535.0,149546.55649476,0003580.05,5943071.11861969
2021-10-09T00:00:01.744Z,-USD,0003588.83,00003670.0,00003535.0,146512.39977068,0003564.99,5947911.17296139
2021-10-09T01:00:01.779Z,-USD,0003604.32,00003670.0,00003535.0,146440.18170574,0003577.91,5708136.25759767
2021-10-09T02:00:01.757Z,-USD,0003610.23,00003670.0,00003535.0,145813.13926191,0003559.81,5711473.51698897
2021-10-09T03:00:01.973Z,-USD,0003570.38,00003670.0,00003535.0,143602.89743689,0003574.53,5715227.08613396
2021-10-09T04:00:02.461Z,-USD,0003575.65,00003670.0,00003535.0,142571.61143803,0003581.47,5718167.09403321
2021-10-09T05:00:02.076Z,-USD,0003575.62,00003670.0,00003535.0,141687.34517612,00003586.7,5720400.03058231
2021-10-09T06:00:02.058Z,-USD,0003584.14,00003670.0,00003535.0,143696.03454857,0003587.43,5725752.42520148
2021-10-09T07:00:01.978Z,-USD,0003581.83,00003670.0,00003535.0,145070.98344156,0003603.19,5730003.42401804
2021-10-09T08:00:01.965Z,-USD,00003603.7,00003670.0,00003535.0,143865.23538896,0003605.01,5733252.14991319
2021-10-09T09:00:01.831Z,-USD,00003662.0,0003669.61,00003535.0,137573.24345832,0003583.52,5736130.05083579
2021-10-09T10:00:01.974Z,-USD,0003628.07,0003660.38,00003535.0,133752.05845681,0003594.91,5738355.85886254
2021-10-09T11:00:02.63Z,-USD,0003627.99,0003660.38,00003535.0,132854.56662935,0003608.56,5740456.22126281
2021-10-09T12:00:02.557Z,-USD,00003612.3,0003660.38,00003535.0,132565.2770817,0003596.51,5744022.80052927
2021-10-09T13:00:02.488Z,-USD,0003602.85,0003660.38,00003535.0,126067.75297143,0003603.68,5746641.37847549
2021-10-09T14:00:02.565Z,-USD,0003598.31,0003660.38,00003535.0,120902.09332275,0003621.84,5750890.92041331
2021-10-09T15:00:02.382Z,-USD,0003649.63,0003653.87,00003535.0,116604.8420077,0003617.73,5756341.86600396
2021-10-09T16:00:01.741Z,-USD,0003623.05,00003647.0,00003535.0,110073.86772226,0003602.94,5759855.83097115
2021-10-09T17:00:02.433Z,-USD,0003630.78,0003643.99,00003535.0,109441.69621158,0003589.37,5766078.82438212
2021-10-09T18:00:01.824Z,-USD,0003626.85,0003643.99,00003535.0,106977.69375088,0003592.66,5770060.81266629
2021-10-09T19:00:02.075Z,-USD,0003623.15,0003634.72,00003535.0,103633.7396939,0003596.36,5773726.83595129
2021-10-09T20:00:01.879Z,-USD,0003626.91,0003634.13,00003535.0,99965.45047914,0003584.74,5776433.64108124
2021-10-09T21:00:02.673Z,-USD,0003557.16,0003634.13,0003538.61,93161.09317285,0003579.16,5781673.66129121
2021-10-09T22:00:02.583Z,-USD,0003573.65,0003634.13,0003538.61,90573.77134868,0003590.13,5784596.26464947
2021-10-09T23:00:02.295Z,-USD,0003576.58,0003634.13,0003538.61,87858.53523675,0003588.25,5786738.85882245
2021-10-10T00:00:02.547Z,-USD,0003563.96,0003634.13,0003538.61,88692.16705488,0003575.63,5792411.13839304
2021-10-10T01:00:02.553Z,-USD,0003584.08,0003634.13,0003545.01,88961.56492102,0003570.96,5526112.78577384
2021-10-10T02:00:02.552Z,-USD,00003560.2,0003634.13,00003483.0,101043.90807704,0003510.98,5541475.68514881
2021-10-10T03:00:01.861Z,-USD,0003575.54,0003634.13,00003483.0,102647.51762238,0003527.22,5546841.28696298
2021-10-10T04:00:01.882Z,-USD,0003579.62,0003634.13,00003483.0,103336.93308001,0003543.14,5550458.8142022
2021-10-10T05:00:02.18Z,-USD,0003587.71,0003634.13,00003483.0,107000.4250001,0003570.46,5556351.09224247
2021-10-10T06:00:02.301Z,-USD,0003586.33,0003634.13,00003483.0,105585.97006646,0003566.74,5560297.59111995
2021-10-10T07:00:02.218Z,-USD,0003602.49,0003634.13,00003483.0,104396.35274245,0003598.46,5563401.5926613
2021-10-10T08:00:02.251Z,-USD,0003606.97,0003634.13,00003483.0,102734.30228119,0003581.89,5564954.39896355
2021-10-10T09:00:02.179Z,-USD,0003583.69,0003634.13,00003483.0,101677.90722655,0003589.24,5566789.38821268
2021-10-10T10:00:02.269Z,-USD,0003596.22,0003634.13,00003483.0,102405.33318628,0003573.72,5569743.30532794
2021-10-10T11:00:02.648Z,-USD,0003611.84,0003634.13,00003483.0,101539.26166892,0003568.53,5570967.26956272
2021-10-10T12:00:07.664Z,-USD,0003597.93,0003634.13,00003483.0,99492.7472501,00003564.0,5572500.62958432
2021-10-10T13:00:02.71Z,-USD,0003603.41,0003634.13,00003483.0,100151.39470692,0003542.19,5575770.95409507
2021-10-10T14:00:01.793Z,-USD,0003623.03,0003628.97,00003483.0,98688.71590815,0003549.08,5578534.73064343
2021-10-10T15:00:02.025Z,-USD,00003616.8,0003620.16,00003483.0,96747.74972093,0003554.47,5582124.31120595
2021-10-10T16:00:02.139Z,-USD,0003601.37,0003610.61,00003483.0,95437.11536497,0003559.14,5584266.97362027
2021-10-10T17:00:02.385Z,-USD,0003588.59,0003605.49,00003483.0,91775.66043975,0003548.53,5586833.73326082
2021-10-10T18:00:02.252Z,-USD,0003594.89,0003605.49,00003483.0,93266.01155617,0003523.05,5592310.17855627
2021-10-10T19:00:02.349Z,-USD,00003598.3,0003605.49,00003483.0,91844.84153302,00003527.6,5594520.69354556
2021-10-10T20:00:02.364Z,-USD,0003583.87,0003605.49,00003483.0,91411.58874231,0003533.02,5596821.36544247
2021-10-10T21:00:02.48Z,-USD,0003580.15,0003605.49,00003483.0,92868.43182105,0003514.87,5603552.34119595
2021-10-10T22:00:02.666Z,-USD,0003589.42,0003605.49,0003435.99,105246.7329171,0003463.81,5618801.09000313
2021-10-10T23:00:02.191Z,-USD,0003588.24,0003605.49,00003432.0,110471.576102,0003468.44,5626209.43741802
2021-10-11T00:00:02.154Z,-USD,00003575.2,0003605.49,0003406.44,112728.26705257,0003420.09,5634154.1338626
2021-10-11T01:00:02.527Z,-USD,0003568.39,0003605.49,0003373.45,120503.32951596,0003443.77,5513310.15884743
2021-10-11T02:00:02.635Z,-USD,0003507.02,0003605.49,0003373.45,111214.89304925,0003455.68,5519386.99916801
2021-10-11T03:00:02.558Z,-USD,0003526.65,0003605.49,0003373.45,109969.71134559,0003477.37,5523469.41425103
2021-10-11T04:00:01.875Z,-USD,0003530.61,0003605.49,0003373.45,114996.38895908,0003522.99,5532368.7573092
2021-10-11T05:00:02.204Z,-USD,00003571.4,0003605.49,0003373.45,114571.08044804,0003520.35,5537888.20494701
2021-10-11T06:00:02.139Z,-USD,0003568.13,0003605.49,0003373.45,113814.75379058,0003525.99,5540806.66473206
2021-10-11T07:00:02.069Z,-USD,0003597.41,0003602.99,0003373.45,113544.47146437,0003519.91,5543593.55181239
2021-10-11T08:00:02.235Z,-USD,0003583.03,0003599.15,0003373.45,117388.98057556,0003578.54,5548989.27755724
2021-10-11T09:00:02.208Z,-USD,0003591.21,00003625.0,0003373.45,123613.01733563,0003601.06,5557069.37674331
2021-10-11T10:00:02.067Z,-USD,0003573.87,00003625.0,0003373.45,124979.82104919,0003580.55,5561357.25694659
2021-10-11T11:00:02.16Z,-USD,0003567.64,00003625.0,0003373.45,127559.37960462,0003569.15,5565167.46765119
2021-10-11T12:00:02.145Z,-USD,0003564.96,00003625.0,0003373.45,131113.01842939,0003561.58,5570296.25306819
2021-10-11T13:00:02.285Z,-USD,0003544.84,00003625.0,0003373.45,131277.33015395,0003572.03,5573706.40520319
2021-10-11T14:00:02.568Z,-USD,0003550.66,00003625.0,0003373.45,134155.30189149,0003595.29,5579365.09035269
2021-10-11T15:00:01.913Z,-USD,0003551.14,00003625.0,0003373.45,137144.3997895,0003598.52,5585922.75483017
2021-10-11T16:00:02.399Z,-USD,0003559.55,00003625.0,0003373.45,140236.06035247,0003593.51,5591147.32122299
2021-10-11T17:00:02.792Z,-USD,0003547.76,00003625.0,0003373.45,143075.88535089,0003580.08,5596560.19158806
2021-10-11T18:00:02.105Z,-USD,0003524.15,00003625.0,0003373.45,143721.60644908,0003565.48,5602664.73642043
2021-10-11T19:00:02.186Z,-USD,00003529.1,00003625.0,0003373.45,146515.92495708,0003555.14,5607695.25151353
2021-10-11T20:00:02.657Z,-USD,0003529.64,00003625.0,0003373.45,151241.49334308,00003519.3,5614704.58414773
2021-10-11T21:00:01.781Z,-USD,0003514.86,00003625.0,0003373.45,157005.11477445,0003497.21,5627206.51512734
2021-10-11T22:00:02.029Z,-USD,0003456.63,00003625.0,0003373.45,147526.85658949,0003514.62,5633567.82424664
2021-10-11T23:00:02.517Z,-USD,0003467.01,00003625.0,0003373.45,145861.32490955,0003516.78,5638749.25840325
2021-10-12T00:00:01.841Z,-USD,0003414.75,00003625.0,0003373.45,142449.60839646,0003544.81,5643336.71594903
2021-10-12T01:00:02.656Z,-USD,0003443.86,00003625.0,00003435.1,137912.35114768,0003502.99,5517278.08511094
2021-10-12T02:00:02.318Z,-USD,0003451.47,00003625.0,0003451.47,136060.12051905,0003518.42,5521508.93443287
2021-10-12T03:00:01.942Z,-USD,0003479.36,00003625.0,0003464.25,136110.42876843,0003485.09,5525654.40104898
2021-10-12T04:00:02.146Z,-USD,00003520.1,00003625.0,00003450.0,133053.89142945,0003482.16,5531575.87107553
2021-10-12T05:00:02.04Z,-USD,00003521.0,00003625.0,00003450.0,131395.99610207,0003499.53,5535329.9754672
2021-10-12T06:00:02.041Z,-USD,0003527.23,00003625.0,00003450.0,133131.71487492,0003514.92,5539975.03802472
2021-10-12T07:00:02.005Z,-USD,0003520.93,00003625.0,00003450.0,134221.65376839,0003483.29,5543841.51794718
2021-10-12T08:00:02.023Z,-USD,0003578.83,00003625.0,00003450.0,132423.01542529,0003485.13,5547447.7567908
2021-10-12T09:00:01.857Z,-USD,0003602.54,0003621.96,00003450.0,127584.61161069,0003496.29,5550688.33602284
2021-10-12T10:00:02.173Z,-USD,0003580.85,00003609.5,0003422.06,131190.83544225,00003431.8,5558575.51832245
2021-10-12T11:00:02.102Z,-USD,00003561.4,00003609.5,0003416.44,133445.36467553,0003465.25,5564889.84445725
2021-10-12T12:00:04.158Z,-USD,0003559.49,00003609.5,0003416.44,133294.6184959,0003459.37,5569685.9275252
2021-10-12T13:00:02.162Z,-USD,0003571.02,00003609.5,0003403.51,138140.26609891,0003418.05,5577904.46711468
2021-10-12T14:00:02.326Z,-USD,0003592.02,0003603.67,0003403.51,150691.21042051,0003498.99,5596107.24761216
2021-10-12T15:00:02.526Z,-USD,0003597.81,0003603.43,0003403.51,162857.56181279,0003479.61,5614813.55076638
2021-10-12T16:00:02.687Z,-USD,0003594.52,00003600.9,0003403.51,170040.38954807,0003505.66,5627267.97482135
2021-10-12T17:00:02.293Z,-USD,0003577.13,00003584.8,0003403.51,174567.72448338,0003514.45,5637172.52218097
2021-10-12T18:00:02.619Z,-USD,0003565.04,0003575.73,0003403.51,176090.03031422,0003485.61,5644824.58153832
2021-10-12T19:00:01.827Z,-USD,0003552.37,0003575.73,0003403.51,177941.51385909,0003489.56,5651681.32331105
2021-10-12T20:00:02.18Z,-USD,0003516.17,00003549.0,0003403.51,178370.50936534,0003465.14,5659241.29340607
2021-10-12T21:00:02.512Z,-USD,0003492.56,00003549.0,0003403.51,176781.20534628,0003478.37,5670393.60694669
2021-10-12T22:00:02.088Z,-USD,0003517.98,00003549.0,0003403.51,175429.08702602,00003486.0,5675130.90789909
2021-10-12T23:00:02.493Z,-USD,0003511.85,00003549.0,0003403.51,176315.50254841,0003501.12,5681138.09636258
2021-10-13T00:00:01.744Z,-USD,00003542.2,00003549.0,0003403.51,176572.15872292,0003488.47,5686005.45636882
2021-10-13T01:00:02.208Z,-USD,0003503.34,00003549.0,0003403.51,175270.19915826,0003520.63,5477086.96056927
2021-10-13T02:00:02.689Z,-USD,0003516.76,00003549.0,0003403.51,186289.70291873,0003497.53,5492310.48333802
2021-10-13T03:00:01.885Z,-USD,0003483.06,00003549.0,0003403.51,190408.94100794,0003516.43,5500580.9943284
2021-10-13T04:00:01.985Z,-USD,00003487.3,00003549.0,0003403.51,187121.39971645,0003500.77,5503223.87281409
2021-10-13T05:00:02.285Z,-USD,0003498.18,00003549.0,0003403.51,186470.70157282,0003507.68,5506339.1715686
2021-10-13T06:00:02.133Z,-USD,0003511.26,00003549.0,0003403.51,187759.57618925,0003462.29,5512361.84472884
2021-10-13T07:00:02.124Z,-USD,00003480.7,00003549.0,0003403.51,189846.22873722,0003462.21,5518202.62188679
2021-10-13T08:00:02.214Z,-USD,0003482.75,00003549.0,0003403.51,190677.6025982,0003432.44,5522657.75558088
2021-10-13T09:00:02.105Z,-USD,0003498.85,00003549.0,0003403.51,192086.89453291,0003432.15,5527294.24864879
2021-10-13T10:00:02.579Z,-USD,00003440.0,00003549.0,0003403.51,188301.20549511,0003450.45,5531568.18321031
2021-10-13T11:00:02.093Z,-USD,0003462.56,00003549.0,0003403.51,184871.49847107,00003447.9,5534294.40216128
2021-10-13T12:00:02.298Z,-USD,0003457.61,00003549.0,0003403.51,182491.08949844,0003466.38,5536686.47003396
2021-10-13T13:00:01.833Z,-USD,0003417.87,00003549.0,0003413.27,177898.51484072,0003468.62,5540358.85365257
2021-10-13T14:00:01.99Z,-USD,0003496.56,00003549.0,0003413.27,164472.53811299,0003440.89,5545176.62028472
2021-10-13T15:00:02.007Z,-USD,0003486.25,0003531.84,0003412.45,162433.02065434,0003486.39,5561994.83757396
2021-10-13T16:00:02.355Z,-USD,0003504.49,0003531.84,0003412.45,156304.38446304,0003489.61,5568182.00267109
2021-10-13T17:00:01.918Z,-USD,0003513.37,0003531.84,0003412.45,151753.68566221,0003501.57,5573475.15499062
2021-10-13T18:00:02.304Z,-USD,0003486.58,0003531.84,0003412.45,150887.14482452,0003510.69,5580261.65746891
2021-10-13T19:00:02.617Z,-USD,00003487.4,0003536.29,0003412.45,151337.95009461,0003514.02,5588042.55499588
2021-10-13T20:00:02.707Z,-USD,0003464.98,0003536.29,0003412.45,151784.42312932,0003522.78,5595593.30398526
2021-10-13T21:00:02.185Z,-USD,0003478.61,0003586.47,0003412.45,153503.2381279,0003576.35,5608428.38501368
2021-10-13T22:00:02.473Z,-USD,0003485.52,00003588.0,0003412.45,153603.11841061,0003575.15,5613300.1517209
2021-10-13T23:00:01.978Z,-USD,0003499.54,00003608.2,0003412.45,155265.31107817,0003605.55,5620975.43067902
2021-10-14T00:00:02.046Z,-USD,0003490.17,0003614.48,0003412.45,158801.29689757,00003608.0,5629354.12819869
2021-10-14T01:00:05.243Z,-USD,00003523.9,0003633.22,0003412.45,163021.07022493,0003600.34,5487187.60526461
2021-10-14T02:00:03.006Z,-USD,0003498.09,0003649.73,0003412.45,159766.58731183,0003648.86,5499526.71062817
2021-10-14T03:00:02.7Z,-USD,0003516.87,0003658.19,0003412.45,163254.82581572,0003637.02,5510889.31797811
2021-10-14T04:00:02.047Z,-USD,0003501.58,0003658.19,0003412.45,167708.51808174,0003645.17,5517985.12070724
2021-10-14T05:00:02.507Z,-USD,0003508.28,0003658.19,0003412.45,170086.0014162,0003656.05,5523506.4114929
2021-10-14T06:00:02.568Z,-USD,00003452.3,0003663.85,0003412.45,167377.62261668,0003637.34,5526977.94421784
2021-10-14T07:00:02.595Z,-USD,0003461.81,0003663.85,0003412.45,165021.93615275,0003625.01,5530288.81518039
2021-10-14T08:00:02.577Z,-USD,0003428.86,0003663.85,0003412.45,162900.31599079,00003632.6,5532704.32938247
2021-10-14T09:00:02.551Z,-USD,0003427.19,0003663.85,0003412.45,160599.09909036,0003642.66,5534962.63388657
2021-10-14T10:00:01.905Z,-USD,0003449.63,0003663.85,0003412.45,158384.34050901,0003635.44,5537003.76492247
2021-10-14T11:00:02.068Z,-USD,0003449.79,0003663.85,0003412.45,158110.57650267,0003640.01,5539469.54406985
2021-10-14T12:00:02.265Z,-USD,00003469.1,0003748.75,0003412.45,170396.61104237,0003735.71,5554160.10941381
2021-10-14T13:00:02.14Z,-USD,00003469.9,00003760.0,0003412.45,177149.51588445,0003735.35,5564646.01020634
2021-10-14T14:00:02.068Z,-USD,0003442.65,0003788.54,0003412.45,189979.01384154,0003767.51,5582240.17164683
2021-10-14T15:00:02.441Z,-USD,0003487.26,0003807.32,0003479.24,197238.9043052,0003800.08,5606313.21455302
2021-10-14T16:00:04.16Z,-USD,0003486.14,0003821.97,0003480.95,214601.27231016,0003804.97,5629874.32037677
2021-10-14T17:00:02.106Z,-USD,0003493.02,0003828.84,0003492.75,230053.71129762,0003785.97,5650655.52604389
2021-10-14T18:00:02.311Z,-USD,0003511.16,0003828.84,0003509.38,229924.15139351,0003794.98,5657377.93038777
2021-10-14T19:00:02.462Z,-USD,00003511.5,0003828.84,0003509.38,233847.02278981,0003800.17,5669020.07313276
2021-10-14T20:00:07.559Z,-USD,0003521.76,0003828.84,0003520.39,233860.1525382,0003789.37,5676516.49281403
2021-10-14T21:00:10.523Z,-USD,0003574.58,0003828.84,0003567.86,226272.43109446,0003757.44,5681789.00274627
2021-10-14T22:00:14.151Z,-USD,0003572.19,0003828.84,0003572.19,224906.95215157,0003776.13,5685276.41558121
2021-10-14T23:00:12.339Z,-USD,0003604.47,0003828.84,0003581.63,220557.743512,0003786.08,5688700.78189971
2021-10-15T00:00:17.239Z,-USD,0003608.43,0003828.84,0003588.55,216546.64582866,0003789.82,5693097.20386106
2021-10-15T01:00:12.464Z,-USD,0003603.82,0003828.84,00003600.0,211853.78900764,0003763.58,5541574.69288184
2021-10-15T02:00:12.334Z,-USD,0003646.17,0003828.84,0003612.98,206177.90288286,0003748.96,5548379.44375589
2021-10-15T03:00:11.185Z,-USD,0003636.44,00003840.0,0003612.98,209476.21959635,0003831.46,5562879.32527815
2021-10-15T04:00:22.641Z,-USD,0003644.62,0003840.27,0003612.98,210868.01694978,0003819.83,5571359.41685189
2021-10-15T05:00:10.149Z,-USD,0003653.91,0003840.27,0003612.98,211641.96264545,0003823.93,5577688.40869218
2021-10-15T06:00:07.409Z,-USD,0003636.35,00003860.0,0003612.98,217171.71407115,0003849.81,5586608.39858002
2021-10-15T07:00:03.474Z,-USD,0003626.49,00003860.0,0003618.95,217828.9390434,0003827.26,5590634.00348339
2021-10-15T08:00:03.829Z,-USD,0003630.58,00003860.0,0003621.27,218903.11576993,0003807.45,5594082.19922448
2021-10-15T09:00:02.657Z,-USD,0003645.24,00003860.0,0003621.27,225216.76105227,0003763.99,5602666.93654147
2021-10-15T10:00:02.516Z,-USD,0003632.83,00003860.0,0003624.15,229423.2125663,0003781.71,5608882.53904518
2021-10-15T11:00:04.493Z,-USD,0003640.01,00003860.0,0003640.01,232936.21658284,0003782.06,5614889.51497956
2021-10-15T12:00:04.313Z,-USD,0003734.74,00003860.0,0003720.87,222834.6719739,0003779.17,5619512.60592324
2021-10-15T13:00:03.096Z,-USD,0003734.99,00003860.0,0003722.33,218820.87373372,0003770.01,5626032.38522428
2021-10-15T14:00:08.91Z,-USD,0003769.66,00003860.0,0003734.44,212872.55347369,0003818.73,5637686.77178722
2021-10-15T15:00:10.762Z,-USD,0003795.49,00003860.0,0003734.44,197548.5216255,00003809.2,5646493.5771864
2021-10-15T16:00:10.703Z,-USD,0003810.14,00003860.0,0003734.44,183466.88978614,0003789.34,5656045.27946949
2021-10-15T17:00:09.903Z,-USD,0003784.24,00003863.0,0003734.44,176536.49764475,0003857.47,5669743.01047614
2021-10-15T18:00:08.961Z,-USD,0003791.88,0003869.22,0003734.44,181354.0709216,00003860.0,5681219.03300089
2021-10-15T19:00:02.023Z,-USD,0003801.02,0003891.31,0003734.44,179796.21063519,0003876.85,5691341.06040728
2021-10-15T20:00:02.445Z,-USD,0003793.02,0003891.31,0003734.44,184016.99975404,0003848.99,5703180.2033623
2021-10-15T21:00:02.621Z,-USD,0003758.51,00003900.0,0003734.44,195817.0356023,0003880.71,5720130.09138841
2021-10-15T22:00:01.816Z,-USD,0003777.85,00003900.0,0003734.44,199021.9431503,0003839.94,5726756.10985822
2021-10-15T23:00:02.561Z,-USD,0003782.56,00003900.0,0003734.44,203047.46116212,0003848.96,5734258.99965558
2021-10-16T00:00:01.776Z,-USD,0003791.06,00003900.0,0003734.44,204578.75926995,0003865.17,5740148.50815023
2021-10-16T01:00:10.841Z,-USD,0003766.68,00003900.0,0003734.44,203553.99147166,00003842.5,5551453.53525697
2021-10-16T02:00:11.121Z,-USD,0003749.58,00003900.0,0003738.24,203710.9649239,0003833.78,5558397.67325032
2021-10-16T03:00:11.374Z,-USD,0003830.85,00003900.0,0003744.01,193742.50351104,0003854.48,5563094.05398532
2021-10-16T04:00:23.43Z,-USD,0003822.58,00003900.0,0003744.01,189253.4979476,0003840.52,5566959.27764722
2021-10-16T05:00:09.936Z,-USD,0003823.43,00003900.0,0003744.01,186623.5252349,0003837.61,5570741.10988091
2021-10-16T06:00:10.923Z,-USD,0003851.54,00003900.0,0003744.01,180466.0528507,0003855.35,5573454.37734126
2021-10-16T07:00:08.629Z,-USD,0003826.42,00003900.0,0003744.01,178623.5779343,0003848.09,5575583.8097109
2021-10-16T08:00:02.213Z,-USD,0003805.55,00003900.0,0003744.01,176985.17115129,0003851.56,5577415.09720656
2021-10-16T09:00:02.128Z,-USD,0003764.99,0003941.23,0003744.01,179583.61883102,0003939.21,5588579.35987452
2021-10-16T10:00:02.706Z,-USD,0003781.17,0003946.73,0003753.35,177800.49137925,0003932.04,5593027.38814284
2021-10-16T11:00:03.731Z,-USD,0003783.04,0003946.73,0003765.43,175330.58008521,0003936.57,5596619.81733778
2021-10-16T12:00:02.202Z,-USD,0003779.26,0003965.29,0003765.43,176667.67690095,0003963.43,5602513.79111928
2021-10-16T13:00:11.501Z,-USD,0003769.07,0003968.49,0003765.43,181363.78684363,0003908.06,5613724.81433275
2021-10-16T14:00:11.199Z,-USD,0003814.58,0003968.49,0003784.34,175605.21948771,0003914.32,5619724.56327135
2021-10-16T15:00:17.788Z,-USD,0003809.48,0003968.49,0003784.34,171923.01066167,0003900.05,5624866.83860709
2021-10-16T16:00:11.248Z,-USD,0003791.42,0003968.49,0003789.36,168142.95337198,0003906.63,5630659.77856855
2021-10-16T17:00:10.684Z,-USD,0003862.17,0003968.49,0003818.17,160757.90304311,0003893.92,5636968.74103377
2021-10-16T18:00:10.018Z,-USD,00003856.6,0003968.49,0003818.17,160189.24677137,0003866.08,5647873.04820798
2021-10-16T19:00:11.792Z,-USD,0003878.55,0003968.49,0003818.17,154632.48704023,0003863.64,5652323.98574518
2021-10-16T20:00:10.055Z,-USD,0003848.41,0003968.49,0003818.17,146931.60537553,00003840.6,5656554.7371332
2021-10-16T21:00:02.455Z,-USD,0003881.06,0003968.49,00003802.0,136691.08400298,0003832.92,5663156.42483221
2021-10-16T22:00:02.416Z,-USD,0003841.35,0003968.49,00003802.0,134530.43614886,00003815.0,5667879.87700856
2021-10-16T23:00:02.255Z,-USD,0003849.49,0003968.49,00003802.0,132201.44849478,00003824.3,5672767.17693366
2021-10-17T00:00:01.695Z,-USD,0003869.73,0003968.49,00003802.0,130574.92816273,0003825.01,5677117.79569064
2021-10-17T01:00:11.042Z,-USD,0003844.19,0003968.49,00003802.0,131748.49288725,0003840.79,5518487.69169831
2021-10-17T02:00:11.159Z,-USD,0003835.17,0003968.49,00003802.0,129885.54860951,0003848.49,5523528.51948943
2021-10-17T03:00:11.036Z,-USD,0003854.16,0003968.49,00003802.0,127389.45260966,0003850.63,5525710.84730061
2021-10-17T04:00:42.256Z,-USD,0003834.15,0003968.49,00003802.0,124351.87355473,0003879.85,5530307.76549302
2021-10-17T05:00:08.356Z,-USD,0003834.15,0003968.49,00003802.0,128202.67024357,0003875.72,5534158.56218186
2021-10-17T06:00:09.229Z,-USD,0003855.08,0003968.49,00003802.0,128123.62886925,0003857.96,5536775.88223266
2021-10-17T07:00:09.424Z,-USD,0003847.61,0003968.49,00003802.0,127804.34174638,0003874.54,5538580.42887695
2021-10-17T08:00:08.545Z,-USD,00003852.0,0003968.49,00003802.0,128461.31780957,0003882.88,5541124.89169508
2021-10-17T09:00:09.307Z,-USD,00003938.3,0003968.49,00003802.0,119137.33738052,00003888.4,5542952.4907403
2021-10-17T10:00:09.766Z,-USD,0003932.84,0003968.49,00003802.0,119168.53120625,00003892.8,5547419.33887954
2021-10-17T11:00:10.085Z,-USD,0003937.21,0003968.49,00003802.0,118025.92203916,0003885.69,5549843.9668188
2021-10-17T12:00:08.446Z,-USD,0003955.33,0003968.49,00003802.0,114235.92887136,0003866.79,5551973.80473701
2021-10-17T13:00:11.507Z,-USD,0003897.56,00003922.0,00003802.0,107038.45122472,0003852.86,5556085.7663831
2021-10-17T14:00:09.855Z,-USD,0003918.44,00003922.0,00003802.0,104200.74344527,0003858.07,5559154.17793516
2021-10-17T15:00:09.417Z,-USD,0003898.66,0003919.36,00003802.0,103005.69883359,0003851.48,5563100.38257202
2021-10-17T16:00:08.9Z,-USD,0003908.82,00003919.0,00003766.0,110326.97194523,00003795.0,5576199.34656047
2021-10-17T17:00:02.403Z,-USD,0003895.28,00003919.0,00003766.0,109313.59045825,00003807.8,5581549.6526273
2021-10-17T18:00:03.747Z,-USD,0003868.79,00003919.0,00003766.0,101776.55994693,0003804.19,5584873.26703695
2021-10-17T19:00:01.935Z,-USD,0003868.31,00003919.0,00003766.0,100632.62047697,0003809.95,5588195.29742072
2021-10-17T20:00:02.498Z,-USD,0003838.92,00003919.0,0003754.18,101100.11752308,0003766.57,5592892.94984533
2021-10-17T21:00:02.149Z,-USD,00003831.9,00003919.0,00003643.0,121591.53566942,0003703.28,5619980.60321196
2021-10-17T22:00:02.532Z,-USD,0003814.55,00003919.0,00003643.0,126296.26871106,0003766.01,5629445.59850985
2021-10-17T23:00:01.82Z,-USD,00003825.2,00003919.0,00003643.0,131725.93392904,00003829.8,5639714.34032574
2021-10-18T00:00:08.546Z,-USD,00003829.7,00003919.0,00003643.0,134443.00164819,0003845.25,5646846.2901743
2021-10-18T01:00:02.724Z,-USD,00003840.2,00003919.0,00003643.0,134664.63076877,0003874.62,5523782.69688269
2021-10-18T02:00:01.902Z,-USD,00003848.5,00003919.0,00003643.0,135091.44919092,0003879.33,5529268.21368966
2021-10-18T03:00:01.983Z,-USD,0003850.13,00003919.0,00003643.0,138497.22085253,0003861.57,5534866.27897789
2021-10-18T04:00:02.164Z,-USD,0003878.52,00003919.0,00003643.0,140747.78178367,0003852.03,5541661.0968876
2021-10-18T05:00:01.742Z,-USD,00003875.3,00003919.0,00003643.0,141260.29859687,00003862.9,5546067.55840586
2021-10-18T06:00:01.777Z,-USD,0003856.68,00003919.0,00003643.0,141950.27077678,0003875.57,5549350.3196543
2021-10-18T07:00:01.706Z,-USD,00003874.4,00003919.0,00003643.0,142899.75942711,0003861.87,5552100.33558232
2021-10-18T08:00:02.552Z,-USD,0003877.89,0003916.97,00003643.0,143120.38095153,00003835.5,5554868.61865723
2021-10-18T09:00:02.451Z,-USD,0003888.44,0003916.97,00003643.0,145581.30983849,0003821.78,5559167.64845881
2021-10-18T10:00:02.248Z,-USD,0003894.04,00003900.0,00003643.0,147764.14010448,00003797.7,5565806.39433783
2021-10-18T11:00:02.559Z,-USD,0003883.83,0003895.55,00003643.0,151931.96358938,0003786.97,5572425.3320882
2021-10-18T12:00:02.461Z,-USD,0003859.27,00003894.7,00003643.0,158004.45928975,00003739.6,5580760.04639083
2021-10-18T13:00:02.581Z,-USD,0003854.02,00003894.7,00003643.0,161598.87690138,0003726.16,5588321.03857697
2021-10-18T14:00:01.943Z,-USD,0003860.04,00003894.7,00003643.0,172679.18768523,0003805.18,5602477.36702059
2021-10-18T15:00:02.116Z,-USD,0003854.12,00003894.7,00003643.0,179223.48708185,00003792.1,5613097.55324298
2021-10-18T16:00:02.353Z,-USD,0003789.01,00003894.7,00003643.0,181355.40236837,0003761.53,5628299.56965263
2021-10-18T17:00:01.827Z,-USD,0003811.39,00003894.7,00003643.0,190422.30812024,0003729.39,5642617.36749713
2021-10-18T18:00:02.355Z,-USD,0003804.36,00003894.7,00003643.0,195023.78768885,0003731.17,5650534.76864385
2021-10-18T19:00:02.229Z,-USD,00003810.6,00003894.7,00003643.0,199696.99475715,0003729.74,5658552.90361893
2021-10-18T20:00:02.515Z,-USD,0003766.51,00003894.7,00003643.0,206320.11324746,0003746.08,5669870.86667175
2021-10-18T21:00:01.852Z,-USD,00003698.5,00003894.7,0003676.35,189389.29437364,0003735.85,5680012.33541854
2021-10-18T22:00:02.585Z,-USD,0003764.85,00003894.7,0003676.35,187597.72937619,00003743.6,5687756.20770616
2021-10-18T23:00:01.997Z,-USD,00003827.3,00003894.7,0003676.35,189518.33572738,0003747.37,5699894.26996305
2021-10-19T00:00:02.07Z,-USD,0003847.38,00003894.7,0003676.35,187411.6528872,0003746.66,5704944.48104339
2021-10-19T01:00:02.499Z,-USD,0003876.03,00003894.7,0003676.35,187334.25469172,00003751.4,5617816.60598849
2021-10-19T02:00:01.899Z,-USD,0003875.31,0003885.57,0003676.35,189431.03431983,0003783.27,5625533.92135811
2021-10-19T03:00:02.276Z,-USD,0003861.57,0003885.57,0003676.35,188475.69152065,00003789.3,5630007.09548111
2021-10-19T04:00:02.483Z,-USD,0003853.27,0003885.57,0003676.35,189486.55452734,0003828.22,5637905.98751945
2021-10-19T05:00:01.823Z,-USD,0003863.38,0003885.57,0003676.35,189781.04309491,0003817.57,5642500.84300288
2021-10-19T06:00:02.691Z,-USD,00003873.6,0003885.57,0003676.35,188926.84720848,0003823.22,5644953.92093131
2021-10-19T07:00:01.891Z,-USD,0003860.21,0003874.92,0003676.35,189697.92314855,0003786.94,5648458.34230411
2021-10-19T08:00:01.966Z,-USD,0003836.46,0003860.53,0003676.35,189484.64597692,0003808.68,5651052.46473029
2021-10-19T09:00:02.439Z,-USD,0003821.26,00003844.7,0003676.35,186976.75734048,0003806.49,5652803.07735676
2021-10-19T10:00:02.336Z,-USD,0003798.02,00003844.7,0003676.35,182958.18511605,0003792.33,5655455.32250863
2021-10-19T11:00:02.348Z,-USD,0003784.39,00003844.7,0003676.35,178793.99279966,0003789.55,5657882.86583426
2021-10-19T12:00:02.418Z,-USD,0003744.36,00003844.7,0003676.35,173639.13959731,0003798.43,5661161.5848264
2021-10-19T13:00:02.461Z,-USD,0003727.95,00003844.7,0003676.35,171173.86349518,0003797.28,5666321.98626429
2021-10-19T14:00:02.569Z,-USD,0003803.27,0003861.64,0003693.87,174704.99022186,0003812.86,5683892.79662839
2021-10-19T15:00:01.94Z,-USD,0003785.58,0003861.64,0003693.87,177975.66532733,0003801.95,5697830.47427408
2021-10-19T16:00:02.246Z,-USD,0003759.87,0003861.64,0003693.87,170128.07012144,0003778.91,5705144.70795276
2021-10-19T17:00:02.619Z,-USD,0003729.55,0003861.64,0003693.87,161095.00922712,0003802.93,5710384.10788752
2021-10-19T18:00:02.691Z,-USD,0003729.02,0003861.64,0003693.87,159330.76894529,0003812.06,5716609.80713119
2021-10-19T19:00:02.283Z,-USD,00003728.8,0003861.64,0003693.87,158106.71673519,0003807.84,5723325.07366683
2021-10-19T20:00:02.68Z,-USD,0003746.24,0003861.64,00003700.0,154647.79491234,0003821.32,5731316.03050846
2021-10-19T21:00:02.531Z,-USD,00003732.8,0003861.64,00003700.0,153512.29565499,0003807.75,5740213.45991316
2021-10-19T22:00:02.312Z,-USD,0003743.62,0003861.64,00003700.0,150877.41111229,0003812.36,5745332.20839992
2021-10-19T23:00:02.548Z,-USD,0003746.96,00003880.0,00003700.0,149228.48737054,0003876.48,5755795.54887023
2021-10-20T00:00:02.423Z,-USD,0003745.13,0003890.36,00003700.0,153977.83476726,0003879.14,5765596.88122251
2021-10-20T01:00:02.584Z,-USD,0003750.81,00003900.0,00003700.0,154055.05390489,0003872.43,5337659.80192311
2021-10-20T02:00:02.668Z,-USD,0003786.12,00003900.0,00003700.0,152766.62445063,00003859.0,5344134.50546172
2021-10-20T03:00:02.542Z,-USD,0003787.82,00003900.0,00003700.0,152127.8119834,0003849.52,5347940.74597379
2021-10-20T04:00:02.569Z,-USD,0003823.99,00003900.0,00003700.0,147864.25570327,0003845.88,5351569.33111544
2021-10-20T05:00:01.718Z,-USD,0003817.03,00003900.0,00003700.0,146727.9263205,0003858.42,5355017.30761161
2021-10-20T06:00:02.82Z,-USD,0003820.03,00003900.0,00003700.0,146816.47289805,0003843.69,5357564.65471265
2021-10-20T07:00:02.601Z,-USD,0003788.13,00003900.0,00003700.0,144949.82362584,00003836.7,5359189.52941967
2021-10-20T08:00:02.315Z,-USD,0003809.27,00003900.0,00003700.0,143498.65340514,0003859.16,5360320.80848594
2021-10-20T09:00:02.178Z,-USD,0003810.16,00003900.0,00003700.0,143966.43292948,0003851.05,5362620.20234164
2021-10-20T10:00:02.107Z,-USD,0003793.75,00003900.0,00003700.0,142717.65467566,0003872.24,5363960.60141265
2021-10-20T11:00:04.304Z,-USD,00003790.9,00003900.0,00003700.0,141849.66267348,0003854.79,5365503.89943296
2021-10-20T12:00:01.956Z,-USD,0003798.56,00003900.0,00003700.0,140946.97780101,00003862.8,5367922.20467767
2021-10-20T13:00:01.795Z,-USD,00003801.3,0003948.87,00003700.0,147367.01315702,0003938.89,5379490.73340473
2021-10-20T14:00:02.204Z,-USD,0003809.85,00004000.0,0003737.72,152854.55211464,00004000.0,5402643.58623692
2021-10-20T15:00:02.133Z,-USD,0003802.04,0004080.01,00003775.0,173212.98420601,0004048.89,5436830.7994377
2021-10-20T16:00:02.191Z,-USD,0003775.56,00004081.0,0003775.56,185887.26824611,0004080.43,5456865.06341274
2021-10-20T17:00:01.752Z,-USD,00003806.7,0004112.05,0003796.19,205930.90659872,0004079.28,5482149.62657176
2021-10-20T18:00:02.711Z,-USD,0003812.82,0004112.05,0003796.19,212819.52882114,0004078.16,5495206.29243695
2021-10-20T19:00:02.04Z,-USD,0003806.37,0004131.53,00003800.0,222221.45585469,0004124.69,5511358.57192057
2021-10-20T20:00:01.881Z,-USD,0003817.57,00004138.8,00003800.0,229073.51999763,0004103.82,5526288.49649559
2021-10-20T21:00:02.216Z,-USD,0003806.03,00004138.8,00003800.0,234469.74916296,0004106.62,5540478.85192884
2021-10-20T22:00:02.297Z,-USD,0003812.45,00004144.0,0003810.82,239644.47212887,0004118.91,5550752.58266643
2021-10-20T23:00:01.822Z,-USD,0003878.59,00004144.0,0003829.59,236225.56929289,00004127.0,5557889.91517898
2021-10-21T00:00:02.66Z,-USD,0003878.35,00004169.0,0003829.59,235707.67869183,0004159.58,5567102.0958023
2021-10-21T01:00:02.187Z,-USD,0003871.36,0004207.74,0003829.59,246026.73328905,00004189.3,5142179.87333766
2021-10-21T02:00:02.795Z,-USD,0003858.85,0004243.11,0003829.59,263820.06859822,0004197.03,5166431.983017
2021-10-21T03:00:02.201Z,-USD,0003848.61,0004243.11,0003829.59,281700.62911787,0004190.66,5188110.52974728
2021-10-21T04:00:02.146Z,-USD,0003846.14,0004243.11,0003829.59,287884.48624789,0004184.32,5197897.6870265
2021-10-21T05:00:02.629Z,-USD,0003858.51,0004243.11,0003829.59,290204.89203325,0004169.82,5203659.92562904
2021-10-21T06:00:02.524Z,-USD,0003842.23,0004243.11,00003830.5,291580.21707577,0004174.81,5207586.28185058
2021-10-21T07:00:02.385Z,-USD,00003839.1,0004243.11,0003836.14,295068.11447675,0004157.23,5212698.48778287
2021-10-21T08:00:02.232Z,-USD,0003859.38,0004243.11,0003846.45,296195.36228546,0004167.44,5214955.99179968
2021-10-21T09:00:02.008Z,-USD,0003852.36,0004243.11,0003846.45,297617.70920823,0004196.92,5218684.52820785
2021-10-21T10:00:01.763Z,-USD,0003868.94,00004300.0,0003849.75,305968.78117085,0004292.61,5228372.25526686
2021-10-21T11:00:02.084Z,-USD,0003854.76,0004319.99,0003849.75,315262.50021388,0004305.65,5239200.08056079
2021-10-21T12:00:01.931Z,-USD,0003863.01,0004374.95,0003860.67,342709.15314927,0004206.13,5269096.5182164
2021-10-21T13:00:01.776Z,-USD,0003934.49,0004374.95,00003929.0,349602.55657753,0004220.95,5287636.80619688
2021-10-21T14:00:02.654Z,-USD,0004003.98,0004374.95,0003992.76,334102.84568164,00004217.9,5298276.93684036
2021-10-21T15:00:01.791Z,-USD,0004048.93,0004374.95,0004009.45,323879.26512209,0004107.75,5319355.64306172
2021-10-21T16:00:02.014Z,-USD,0004081.62,0004374.95,0004010.22,331107.52892926,0004088.82,5346628.42370396
2021-10-21T17:00:02.369Z,-USD,0004077.68,0004374.95,0004010.22,318842.73730321,00004060.0,5359451.16372854
2021-10-21T18:00:02.593Z,-USD,0004076.99,0004374.95,0004010.22,314114.45689388,00004046.1,5367837.44999191
2021-10-21T19:00:02.51Z,-USD,0004122.31,0004374.95,0004010.22,305767.23830101,0004055.35,5375612.05084151
2021-10-21T20:00:02.655Z,-USD,0004102.39,0004374.95,0004010.22,300859.01506731,0004072.64,5385702.20191001
2021-10-21T21:00:01.929Z,-USD,0004108.58,0004374.95,0004010.22,295820.85273308,00004090.4,5394797.87812255
2021-10-21T22:00:02.08Z,-USD,0004117.03,0004374.95,0004010.22,290973.44255821,0004093.41,5400197.88565491
2021-10-21T23:00:02.468Z,-USD,0004127.36,0004374.95,0004010.22,290404.35885646,0004070.26,5406766.0512912
2021-10-22T00:00:02.626Z,-USD,0004161.83,0004374.95,0004010.22,286173.53292899,0004055.28,5411728.83154817
2021-10-22T01:00:09.309Z,-USD,0004189.36,0004374.95,0004010.22,280629.60840269,0004115.86,5151356.19436882
2021-10-22T02:00:07.275Z,-USD,0004198.16,0004374.95,0004010.22,268732.17125463,0004107.25,5163976.07257589
2021-10-22T03:00:02.234Z,-USD,0004194.85,0004374.95,0004010.22,251329.76933435,0004113.44,5167990.01614122
2021-10-22T04:00:01.852Z,-USD,0004185.28,0004374.95,0004010.22,248374.27933207,00004153.4,5174801.03512817
2021-10-22T05:00:02.652Z,-USD,0004167.39,0004374.95,0004010.22,248065.44133947,0004150.26,5180250.03998694
2021-10-22T06:00:02.402Z,-USD,0004175.93,0004374.95,0004010.22,246698.11816433,0004133.28,5182844.79483943
2021-10-22T07:00:02.05Z,-USD,0004157.18,0004374.95,0004010.22,243892.57932691,0004118.83,5185133.639903
2021-10-22T08:00:01.781Z,-USD,0004163.29,0004374.95,0004010.22,243923.03664465,0004138.44,5187398.90381234
2021-10-22T09:00:02.57Z,-USD,0004195.86,0004374.95,0004010.22,243840.60919359,00004148.2,5191034.69038638
2021-10-22T10:00:02.161Z,-USD,0004297.37,0004374.95,0004010.22,236336.60629108,0004126.16,5193262.67783394
2021-10-22T11:00:02.351Z,-USD,0004307.88,0004374.95,0004010.22,229151.74712855,0004113.55,5196888.44379858
2021-10-22T12:00:01.743Z,-USD,0004210.49,0004272.83,0004010.22,201267.68274142,0004126.49,5199026.09734952
2021-10-22T13:00:02.639Z,-USD,0004225.24,0004272.83,0004010.22,185707.57768605,0004138.89,5201926.02880343
2021-10-22T14:00:02.466Z,-USD,0004216.62,0004229.32,0004010.22,188013.15286593,0004061.98,5214963.57759484
2021-10-22T15:00:01.819Z,-USD,0004112.66,0004169.72,00003978.0,194560.70438227,0004023.54,5242669.05735011
2021-10-22T16:00:01.939Z,-USD,0004089.39,0004169.72,00003960.0,183901.27889205,00003970.2,5259141.7766234
2021-10-22T17:00:02.393Z,-USD,0004057.65,0004169.72,0003885.25,195473.46958137,0003974.75,5283512.55243738
2021-10-22T18:00:02.025Z,-USD,0004045.21,0004169.72,0003885.25,197982.70179152,0003936.08,5294385.50090837
2021-10-22T19:00:02.161Z,-USD,0004062.11,0004169.72,0003885.25,199071.18409787,0003958.35,5303285.33686346
2021-10-22T20:00:02.173Z,-USD,0004080.28,0004169.72,0003885.25,194908.47181679,0003982.12,5309236.6887961
2021-10-22T21:00:02.418Z,-USD,0004089.77,0004169.72,0003885.25,192881.04548105,0003976.26,5316280.43902425
2021-10-22T22:00:02.198Z,-USD,0004090.32,0004169.72,0003885.25,192468.03204378,0003949.64,5321338.53990758
2021-10-22T23:00:02.568Z,-USD,0004070.12,0004169.72,0003885.25,189404.77031224,0003967.96,5324710.00807876
2021-10-23T00:00:02.446Z,-USD,0004053.97,0004169.72,0003885.25,187478.63360173,0003970.19,5327738.2240438
2021-10-23T01:00:02.283Z,-USD,0004116.73,0004169.72,0003885.25,182034.33822208,0003999.69,5166959.81819429
2021-10-23T02:00:02.096Z,-USD,0004104.85,0004169.72,0003885.25,173330.1032908,0004009.01,5170866.58037033
2021-10-23T03:00:02.102Z,-USD,0004112.46,0004169.72,0003885.25,174724.01443172,0004028.24,5176257.82881966
2021-10-23T04:00:02.17Z,-USD,0004157.22,0004169.72,0003885.25,171266.49028284,0004023.82,5179629.69508505
2021-10-23T05:00:02.322Z,-USD,0004150.36,0004157.43,0003885.25,169364.30805915,0004038.83,5183143.32553431
2021-10-23T06:00:02.227Z,-USD,0004132.65,0004157.37,0003885.25,169655.12973074,0004014.15,5186016.18971052
2021-10-23T07:00:02.1Z,-USD,0004119.47,0004157.37,0003885.25,169232.17394711,0004028.99,5187886.21787298
2021-10-23T08:00:01.833Z,-USD,0004142.89,0004157.37,0003885.25,168419.66534706,0004016.19,5189495.253983
2021-10-23T09:00:01.76Z,-USD,0004146.04,0004154.24,0003885.25,166089.66302311,00004022.4,5190652.84251955
2021-10-23T10:00:02.585Z,-USD,0004122.42,00004145.9,0003885.25,166295.23443733,0003998.69,5193115.65621923
2021-10-23T11:00:01.767Z,-USD,0004111.66,00004145.9,0003885.25,166276.76928678,00003961.5,5196690.41150242
2021-10-23T12:00:02.463Z,-USD,0004125.93,00004145.9,0003885.25,169298.16220581,0004032.92,5201892.56259478
2021-10-23T13:00:02.387Z,-USD,0004138.71,00004145.9,0003885.25,169872.71473881,0004040.58,5205342.64409653
2021-10-23T14:00:02.271Z,-USD,0004063.23,0004066.62,0003885.25,159738.26115785,0004027.19,5208444.06623573
2021-10-31T18:00:08.706Z,-USD,0004303.22,0004395.99,00004168.1,145267.7138794,0004244.84,5153509.42038285
2021-10-31T19:00:01.791Z,-USD,0004324.53,0004395.99,00004168.1,148930.01985064,0004257.92,5161308.27706954
2021-10-31T20:00:01.778Z,-USD,00004339.0,0004395.99,00004168.1,150350.58610434,0004250.18,5167309.25395579
2021-10-31T21:00:02.684Z,-USD,0004311.96,0004395.99,00004168.1,150249.3095781,0004268.74,5172073.23652963
2021-10-31T22:00:01.709Z,-USD,0004286.32,0004395.99,00004168.1,153713.35987135,0004311.74,5180880.80687021
2021-10-31T23:00:03.094Z,-USD,0004289.29,0004395.99,00004168.1,150857.40480011,0004297.73,5186639.54051473
2021-11-01T00:00:04.868Z,-USD,0004325.55,0004395.99,00004168.1,148142.97012201,0004290.94,5191000.1684986
2021-11-01T01:00:04.338Z,-USD,00004386.3,0004395.99,00004168.1,146093.9025216,0004316.97,5054441.53139908
2021-11-01T02:00:03.854Z,-USD,0004366.18,0004393.73,00004168.1,144377.08369483,0004300.12,5059275.97600606
2021-11-01T03:00:03.703Z,-USD,00004366.8,0004384.86,00004168.1,151568.51410562,0004242.58,5072733.8706081
2021-11-01T04:00:13.388Z,-USD,0004373.23,0004384.86,00004168.1,154914.15321025,0004192.34,5080542.82660134
2021-11-01T05:00:07.284Z,-USD,0004369.76,0004376.87,00004151.0,161459.42790141,0004236.27,5091830.0223781
2021-11-01T06:00:06.049Z,-USD,00004331.1,0004336.17,00004151.0,159617.94363027,0004229.13,5095599.95592898
2021-11-01T07:00:06.388Z,-USD,0004320.87,00004334.9,00004151.0,159445.88049964,00004241.9,5099425.65330961
2021-11-01T08:00:02.266Z,-USD,0004319.22,0004331.81,00004151.0,163190.08929821,0004305.41,5105589.69378311
2021-11-01T09:00:01.782Z,-USD,00004274.5,00004342.0,00004151.0,161291.13297465,0004313.56,5109469.85009958
2021-11-01T10:00:02.202Z,-USD,0004262.01,0004348.14,00004151.0,162233.48994808,0004322.94,5114870.85663306
2021-11-01T11:00:03.213Z,-USD,0004253.91,0004348.14,00004151.0,159650.88583627,0004332.01,5117858.52301131
2021-11-01T12:00:02.513Z,-USD,0004209.74,0004359.08,00004151.0,156309.31195282,0004322.04,5122581.01717876
2021-11-01T13:00:02.256Z,-USD,0004189.98,00004375.0,00004151.0,153245.97756601,0004351.98,5129100.87069046
2021-11-01T14:00:02.194Z,-USD,0004207.38,0004379.73,00004151.0,153158.77612061,0004374.31,5136909.79798233
2021-11-01T15:00:02.248Z,-USD,0004207.94,0004385.16,00004151.0,155371.59414247,0004332.51,5147765.24904421
2021-11-01T16:00:01.801Z,-USD,00004218.0,0004385.16,00004151.0,155362.32675212,0004346.12,5153992.95914002
2021-11-01T17:00:03.98Z,-USD,0004239.11,0004385.16,00004151.0,158880.62590575,0004301.35,5163050.76937244
2021-11-01T18:00:02.944Z,-USD,0004243.36,0004385.16,00004151.0,160959.69473252,0004288.87,5169739.94437497
2021-11-01T19:00:02.167Z,-USD,0004253.65,0004385.16,00004151.0,158352.98812983,00004299.9,5174963.29922872
2021-11-01T20:00:02.283Z,-USD,0004251.91,0004385.16,00004151.0,163645.3546368,0004356.83,5186215.10131988
2021-11-01T21:00:02.427Z,-USD,0004268.92,0004385.16,00004151.0,170325.08808463,0004310.62,5197645.69048393
2021-11-01T22:00:02.478Z,-USD,0004308.99,0004385.16,00004151.0,167324.04266986,0004302.63,5203652.21004107
2021-11-01T23:00:03.419Z,-USD,0004296.68,0004385.16,00004151.0,166149.20325758,0004313.84,5208027.65314028
2021-11-02T00:00:01.929Z,-USD,0004290.31,0004385.16,00004151.0,165230.10599007,00004323.2,5211515.00967971
2021-11-02T01:00:01.873Z,-USD,0004319.93,0004385.16,00004151.0,165726.99827375,0004310.96,5095930.62271381
2021-11-02T02:00:01.986Z,-USD,0004296.74,0004385.16,00004151.0,168100.39263708,0004327.11,5103170.49657942
2021-11-02T03:00:01.903Z,-USD,0004194.82,0004385.16,00004151.0,151075.12885656,0004312.33,5108032.24294703
2021-11-02T04:00:02.082Z,-USD,0004194.82,0004385.16,00004151.0,154388.47315919,0004325.54,5111345.58724966
2021-11-02T05:01:03.096Z,-USD,0004228.44,0004385.16,0004202.02,146012.28999386,0004370.78,5117365.25813325
2021-11-02T06:00:02.166Z,-USD,0004228.44,0004385.16,0004202.02,149763.81509994,0004367.68,5121116.78323933
2021-11-02T07:00:01.91Z,-USD,0004243.52,0004391.42,0004243.52,150575.65478393,0004381.32,5125741.5632511
2021-11-02T08:00:01.852Z,-USD,0004306.01,0004391.42,0004265.37,148155.66615839,0004346.01,5129511.35418587
2021-11-02T09:00:01.775Z,-USD,0004313.71,0004391.42,0004265.37,147573.23756461,0004358.35,5132791.99059124
2021-11-02T10:00:01.714Z,-USD,0004320.71,0004443.98,0004265.37,149863.01982045,0004435.55,5140493.58399311
2021-11-02T11:00:04.183Z,-USD,0004332.29,0004481.74,0004265.37,159381.35444594,0004446.89,5152988.79874333
2021-11-02T12:00:01.711Z,-USD,0004318.44,0004481.74,0004265.37,160674.4434938,0004422.68,5159036.76062625
2021-11-02T13:00:02.582Z,-USD,0004349.31,0004481.74,0004265.37,161981.8033944,0004438.08,5166910.89491529
2021-11-02T14:00:02.686Z,-USD,0004379.22,0004493.07,0004265.37,164091.71601016,00004493.0,5176867.83238807
2021-11-02T15:00:02.009Z,-USD,0004332.35,00004498.0,0004265.37,163390.34994846,00004473.9,5187010.27268823
2021-11-02T16:00:02.22Z,-USD,0004353.35,00004524.2,0004265.37,176291.33154761,0004511.94,5206190.2993108
2021-11-02T17:00:03.37Z,-USD,0004298.68,00004524.2,0004265.37,179212.15638829,0004502.21,5218113.91330109
2021-11-02T18:00:02.126Z,-USD,0004286.61,00004524.2,0004265.37,181237.92177125,0004478.83,5226815.84432559
2021-11-02T19:00:02.42Z,-USD,0004298.02,00004524.2,0004280.21,187028.83426624,0004500.81,5237751.75567361
2021-11-02T20:00:01.771Z,-USD,0004368.44,0004524.99,0004280.21,189807.34690761,0004515.26,5252176.88689832
2021-11-02T21:00:01.886Z,-USD,0004310.87,0004533.49,0004280.21,191559.92171604,0004506.21,5265245.38353836
2021-11-02T22:00:02.016Z,-USD,0004298.83,0004533.49,0004287.32,196771.77226261,00004532.6,5276239.41625373
2021-11-02T23:00:02.751Z,-USD,0004307.96,0004562.48,0004287.32,205061.77382808,0004549.04,5288857.13750836
2021-11-03T00:00:02.489Z,-USD,0004322.89,0004604.99,0004287.32,217665.0496681,0004587.41,5304977.57343556
2021-11-03T01:00:02.616Z,-USD,0004314.34,0004638.36,00004301.6,225167.44736472,0004638.36,5157311.66700161
2021-11-03T02:00:02.352Z,-USD,0004324.09,00004643.9,0004302.39,228888.66753317,0004614.94,5168277.08653112
2021-11-03T03:00:02.521Z,-USD,0004311.44,00004643.9,0004302.39,232515.40414492,0004603.87,5176706.99651692
2021-11-03T04:00:02.703Z,-USD,0004323.67,00004643.9,0004319.71,237405.83276835,0004590.54,5185009.1839039
2021-11-03T05:00:03.72Z,-USD,0004366.35,00004643.9,0004334.08,238955.60149922,0004540.57,5192462.96562965
2021-11-03T06:00:02.825Z,-USD,0004369.71,00004643.9,0004334.08,242590.40815971,00004563.2,5199942.56281172
2021-11-03T07:00:01.666Z,-USD,00004380.1,00004643.9,0004334.08,241389.97990836,0004562.21,5203353.89506557
2021-11-03T08:00:02.667Z,-USD,0004345.02,00004643.9,0004334.08,242915.01139879,0004611.32,5208627.78412777
2021-11-03T09:00:02.682Z,-USD,0004354.52,00004643.9,0004343.71,243244.82574339,0004582.09,5212238.81190902
2021-11-03T10:00:02.489Z,-USD,0004430.87,00004643.9,0004413.83,238398.30797786,0004602.21,5215139.12637104
2021-11-03T11:00:04.508Z,-USD,0004446.89,00004643.9,0004413.83,230304.43108229,0004580.86,5219499.28588161
2021-11-03T12:00:01.942Z,-USD,0004415.94,00004643.9,0004415.94,228832.7691568,0004584.72,5224176.41937572
2021-11-03T13:00:01.863Z,-USD,00004440.0,00004643.9,0004439.99,230275.57903656,0004525.31,5233504.04402001
2021-11-03T14:00:01.998Z,-USD,0004493.53,00004643.9,0004459.67,231517.6064,0004492.23,5244758.13459502
2021-11-03T15:00:02.207Z,-USD,0004473.67,00004643.9,00004456.0,233968.90033999,0004517.64,5257207.20537401
2021-11-03T16:00:01.68Z,-USD,0004515.93,00004643.9,00004456.0,222265.11704683,00004550.8,5264779.92404178
2021-11-03T17:00:03.277Z,-USD,0004504.42,00004643.9,00004456.0,224646.28144304,0004517.53,5278968.53795801
2021-11-03T18:00:01.882Z,-USD,0004478.94,00004643.9,00004456.0,221775.26278197,0004551.34,5284797.01648224
2021-11-03T19:00:02.278Z,-USD,0004501.93,00004660.0,00004456.0,229595.10604851,0004650.64,5303597.08486484
2021-11-03T20:00:02.568Z,-USD,0004514.46,00004671.0,00004456.0,229866.51338743,0004630.01,5318469.9669112
2021-11-03T21:00:01.933Z,-USD,0004505.53,00004671.0,00004456.0,226336.26376892,0004619.96,5327987.71521959
