Coin on file:	FIL
Created by:	chris
Created on:	09/18/2021T03:00:1631948402Z

Recorded,Currency,Open,High,Low,Volume,Last,Volume30day
2021-09-18T03:00:02.659Z,-USD,00083.4099,00086.6952,000080.608,406244.979,00085.3126,13777862.732
2021-09-18T04:00:01.983Z,-USD,00083.8512,00086.6952,000080.608,0404208.55,00085.7693,13791783.335
2021-09-18T05:00:02.052Z,-USD,00084.5057,00086.6952,000080.608,405718.938,00086.2277,13802935.248
2021-09-18T06:00:02.083Z,-USD,00084.0996,00087.3515,000080.608,409588.585,00087.1381,13818359.903
2021-09-18T07:00:02.385Z,-USD,00084.2151,00087.3515,000080.608,402007.306,00086.1359,13827659.471
2021-09-18T08:00:02.626Z,-USD,00083.5827,00087.3515,000080.608,403246.703,00085.6953,13840541.882
2021-09-18T09:00:01.852Z,-USD,00083.9371,00087.3515,000080.608,395407.723,00085.6502,13851636.828
2021-09-18T10:00:01.968Z,-USD,00083.0564,00087.3515,000080.608,392529.995,00085.4261,13860977.182
2021-09-18T11:00:02.344Z,-USD,00081.6216,00087.3515,000080.608,367171.037,00085.7354,13866507.485
2021-09-18T12:00:02.46Z,-USD,00081.3348,00087.3515,000080.608,360166.208,00084.3241,13876368.373
2021-09-18T13:00:02.675Z,-USD,00081.9884,00087.3515,00081.4398,362390.635,00084.4178,13895944.693
2021-09-18T14:00:01.88Z,-USD,00081.9448,00087.3515,00081.6327,364721.861,00084.5375,13908787.324
2021-09-18T14:27:57.952Z,-USD,00082.4052,00087.3515,00081.6327,353688.724,00085.3919,13914316.291
2021-09-18T14:28:37.246Z,-USD,00082.4052,00087.3515,00081.6327,353969.089,00085.3591,13914596.656
2021-09-18T14:31:17.504Z,-USD,00082.4052,00087.3515,00081.6327,354365.505,000085.295,13914993.072
2021-09-18T15:00:02.118Z,-USD,00082.4052,00087.3515,00081.6327,362132.728,00085.2009,13922760.295
2021-09-18T16:00:02.322Z,-USD,00082.1633,00087.3515,00081.6327,362534.193,00085.0324,13932632.027
2021-09-18T17:00:02.107Z,-USD,000084.677,00087.3515,000082.652,337637.243,00084.1981,13943294.215
2021-09-18T18:00:07.221Z,-USD,00083.3327,00087.3515,000082.652,328856.439,00084.4008,13951599.756
2021-09-18T19:00:01.787Z,-USD,00085.0314,00087.3515,00083.7626,310728.582,00084.1746,13957046.448
2021-09-18T20:00:02.515Z,-USD,00084.0723,00087.3515,00083.5074,296949.939,000083.654,13963104.568
2021-09-18T21:00:02.121Z,-USD,000084.536,00087.3515,00082.6707,296701.952,00083.3523,13978117.059
2021-09-18T22:00:02.335Z,-USD,00084.4395,00087.3515,00082.6707,292245.649,00083.3809,13982473.426
2021-09-18T23:00:01.768Z,-USD,00085.4575,00087.3515,00082.6707,273494.985,00083.7291,13987690.536
2021-09-19T00:00:02.394Z,-USD,00085.8148,00087.3515,00082.6707,261045.111,00084.3744,13996464.368
2021-09-19T01:00:02.002Z,-USD,00085.7357,00087.3515,00082.6707,255002.981,00083.2627,13771140.379
2021-09-19T02:00:02.019Z,-USD,00085.8236,00087.3515,00082.6707,00260724.0,00083.5969,13792148.056
2021-09-19T03:00:02.664Z,-USD,00085.3728,00087.3515,00082.6707,251751.839,00083.4677,13795687.611
2021-09-19T04:00:02.654Z,-USD,00085.8058,00087.3515,00082.6707,242397.703,000083.735,13800323.511
2021-09-19T05:00:02.407Z,-USD,00086.1567,00087.3515,00082.6707,234184.252,00083.5034,13803369.864
2021-09-19T06:00:02.187Z,-USD,00087.2253,00087.2613,00082.6707,223656.824,00083.8566,13808137.769
2021-09-19T07:00:02.005Z,-USD,00086.3326,00086.3855,00082.6707,219116.181,00084.1219,13812813.973
2021-09-19T08:00:02.143Z,-USD,000085.733,000086.264,00082.6707,209190.557,00084.1695,13815774.804
2021-09-19T09:00:01.925Z,-USD,00085.5491,00086.1442,00082.6707,205135.768,00084.2651,13822974.133
2021-09-19T10:00:01.868Z,-USD,00085.4445,00086.1442,00082.6707,202086.527,00083.7989,13829100.666
2021-09-19T11:00:02.48Z,-USD,000085.729,00085.9789,00082.6707,200388.486,00083.3348,13833003.475
2021-09-19T12:00:02.523Z,-USD,000084.476,00085.9789,00081.5759,197706.653,00082.1042,13840384.845
2021-09-19T13:00:02.684Z,-USD,00084.5511,00085.9789,00081.5759,185386.636,00082.4199,13847362.396
2021-09-19T14:00:02.607Z,-USD,00084.6265,00085.9789,00081.5759,176495.215,00082.8837,13851317.12
2021-09-19T15:00:02.684Z,-USD,00085.2044,00085.8228,00081.5759,165624.655,00083.0697,13854878.687
2021-09-19T16:00:02.634Z,-USD,00085.1463,00085.8228,00081.5759,164217.868,00082.7489,13863192.332
2021-09-19T17:00:02.62Z,-USD,00084.0335,00085.1567,00081.5759,181840.753,00084.2549,13891173.672
2021-09-19T18:00:01.7Z,-USD,00084.2873,00085.1567,00081.5759,188756.447,00083.4216,13906578.7
2021-09-19T19:00:01.839Z,-USD,000084.176,00085.1567,00081.5759,193369.888,00084.2455,13916442.95
2021-09-19T20:00:01.841Z,-USD,00083.5759,00085.1567,00081.5759,192708.675,00083.7328,13921878.505
2021-09-19T21:00:02.299Z,-USD,0000083.22,00085.1567,00081.5759,182044.443,00084.2752,13926202.777
2021-09-19T22:00:02.24Z,-USD,00083.2308,00085.1567,00081.5759,0181569.93,00083.6927,13930163.203
2021-09-19T23:00:02.396Z,-USD,00083.9201,00085.1567,00081.5759,188464.174,00082.3356,13942187.447
2021-09-20T00:00:01.696Z,-USD,000084.322,00085.1567,00081.5759,189142.363,00083.4746,13951799.738
2021-09-20T01:00:01.876Z,-USD,00083.2044,00085.1567,00081.5759,189173.005,00082.1886,13541903.852
2021-09-20T02:00:02.151Z,-USD,00083.4624,00085.1567,00081.5759,181722.333,00083.0303,13555350.53
2021-09-20T03:00:02.274Z,-USD,00083.6541,00085.1567,00079.4387,202087.442,00079.9371,13579240.562
2021-09-20T04:00:02.153Z,-USD,00083.7263,00085.1567,00077.7233,220899.525,00080.0382,13602675.775
2021-09-20T05:00:01.965Z,-USD,00083.5164,00085.1567,00077.7233,234992.969,00080.2237,13619882.034
2021-09-20T06:00:01.919Z,-USD,00083.8833,00085.1567,00077.7233,244887.652,00079.8379,13634500.749
2021-09-20T07:00:02.042Z,-USD,00084.2201,00085.1567,00077.7233,251454.279,00080.5367,13645807.79
2021-09-20T08:00:02.121Z,-USD,00084.2474,00085.1567,00076.6161,280383.453,00077.4184,13677632.036
2021-09-20T09:00:01.892Z,-USD,00084.2651,00085.1567,00076.6161,283017.706,00078.8206,13687438.41
2021-09-20T10:00:01.701Z,-USD,00083.7989,00085.1567,00076.6161,282514.526,00078.1911,13693059.417
2021-09-20T11:00:02.361Z,-USD,00083.3379,00085.1567,00075.7914,297695.649,00076.1006,13712143.372
2021-09-20T12:00:02.361Z,-USD,00081.8766,00085.1567,00072.9271,0347390.67,00074.3131,13769321.799
2021-09-20T13:00:02.403Z,-USD,00082.3955,00085.1567,00071.4128,373094.715,000075.071,13801911.354
2021-09-20T14:00:02.73Z,-USD,00082.8315,00085.1567,00071.4128,393090.555,00076.0624,13825851.893
2021-09-20T15:00:01.832Z,-USD,00083.0273,00085.1567,00071.4128,405463.555,00075.3668,13841794.938
2021-09-20T16:00:02.357Z,-USD,00082.6699,00085.1567,00071.4128,415674.744,00075.8065,13860451.816
2021-09-20T17:00:02.536Z,-USD,00084.1186,00084.5193,00071.4128,434788.125,00076.8219,13907409.498
2021-09-20T18:00:02.544Z,-USD,00083.4931,00084.4901,00071.4128,441292.669,00076.9896,13929344.704
2021-09-20T19:00:02.469Z,-USD,00084.2186,00084.3904,00071.4128,454028.386,00075.3162,13951928.241
2021-09-20T20:00:02.434Z,-USD,00083.6658,00084.3904,00071.4128,473011.389,00076.6378,13976337.561
2021-09-20T21:00:02.46Z,-USD,00084.2052,00084.3512,00071.4128,485610.166,00075.9446,13993257.391
2021-09-20T22:00:02.44Z,-USD,00083.8139,00084.1786,00071.4128,497678.221,00076.4318,14009328.251
2021-09-20T23:00:02.52Z,-USD,00082.2387,00083.6586,00071.4128,494583.226,00076.0323,14018257.874
2021-09-21T00:00:02.956Z,-USD,00083.5974,00083.6586,00071.4128,0499380.02,00074.2834,14032641.899
2021-09-21T01:00:02.191Z,-USD,00082.2611,00083.1099,00070.0006,518523.406,00072.1382,13846368.388
2021-09-21T02:00:01.777Z,-USD,00082.9631,00083.0452,00070.0006,534197.901,00074.4506,13875759.759
2021-09-21T03:00:02.103Z,-USD,00079.8523,00080.7908,00070.0006,524854.107,00074.9499,13890073.255
2021-09-21T04:00:02.34Z,-USD,00079.8219,00080.7908,00070.0006,511566.695,000073.895,13900285.746
2021-09-21T05:00:02.612Z,-USD,000080.092,00080.7908,00070.0006,506731.616,00073.2438,13912604.47
2021-09-21T06:00:02.518Z,-USD,00079.8534,00080.7908,00070.0006,506468.413,00073.6089,13926937.24
2021-09-21T07:00:02.272Z,-USD,000080.494,00080.7908,00070.0006,504561.838,00074.0222,13936442.687
2021-09-21T08:00:02.419Z,-USD,00077.6947,00079.1166,00070.0006,0481824.31,00074.9215,13945517.942
2021-09-21T09:00:02.545Z,-USD,00078.7114,00079.0485,00070.0006,0484241.86,00074.7938,13957670.794
2021-09-21T10:00:02.395Z,-USD,00078.2262,00079.0485,00070.0006,497713.815,00075.0806,13976715.077
2021-09-21T11:00:02.6Z,-USD,00076.2918,00078.6717,00070.0006,493149.783,00075.2743,13991609.052
2021-09-21T12:00:02.507Z,-USD,00074.2334,00078.6717,00070.0006,451942.056,00075.6798,14007284.831
2021-09-21T13:00:02.679Z,-USD,00075.2054,00078.6717,00070.0006,432186.486,00074.5657,14020032.23
2021-09-21T14:00:01.857Z,-USD,00076.0033,00078.6717,00070.0006,423383.855,00074.6216,14035228.577
2021-09-21T15:00:02.144Z,-USD,00075.4078,00078.6717,00070.0006,421549.727,00073.3302,14049431.509
2021-09-21T16:00:02.617Z,-USD,00075.7592,00078.6717,00070.0006,419738.271,00074.7262,14066393.458
2021-09-21T17:00:03.462Z,-USD,00076.8425,00077.8135,00070.0006,389402.051,00000072.8,14082844.87
2021-09-21T18:00:01.824Z,-USD,00077.1375,00077.8135,00070.0006,381583.778,00072.1747,14096936.622
2021-09-21T19:00:02.438Z,-USD,00075.2685,00077.8135,00070.0006,00369368.2,00072.4891,14107988.157
2021-09-21T20:00:02.298Z,-USD,00076.6271,00077.8135,00070.0006,366467.889,00071.8377,14128731.93
2021-09-21T21:00:01.766Z,-USD,00076.0811,00077.8135,00070.0006,362262.165,000070.752,14141473.706
2021-09-21T22:00:02.225Z,-USD,00076.4228,00077.8135,00068.1691,373216.822,00071.7583,14168488.327
2021-09-21T23:00:02.124Z,-USD,00076.0399,00076.6231,00068.1691,377680.604,00068.8526,14181881.118
2021-09-22T00:00:02.323Z,-USD,000074.422,00076.6151,00068.1691,374651.489,00069.4173,14193228.762
2021-09-22T01:00:02.686Z,-USD,00072.3048,00076.6151,00068.1691,356469.661,00069.6086,13856783.916
2021-09-22T02:00:01.838Z,-USD,00074.4928,00076.6151,00068.1691,338737.092,00070.7191,13868539.864
2021-09-22T03:00:02.496Z,-USD,00074.8609,00076.6151,00068.1691,337262.271,00070.4997,13881134.264
2021-09-22T04:00:01.855Z,-USD,00073.7642,00076.6151,00068.1691,339597.213,00070.2107,13893692.774
2021-09-22T05:00:01.961Z,-USD,00073.2614,00076.6151,00068.1691,343814.642,000070.048,13910194.385
2021-09-22T06:00:02.356Z,-USD,000073.693,00076.6151,00068.1691,341395.594,000070.439,13922106.92
2021-09-22T07:00:02.359Z,-USD,00074.2065,00076.6151,00068.1691,343663.688,00071.1384,13934058.23
2021-09-22T08:00:02.458Z,-USD,00074.8746,00076.6151,00068.1691,345995.887,00071.4698,13945304.739
2021-09-22T09:00:03.657Z,-USD,00074.9857,00076.6151,00068.1691,339797.459,000070.869,13951287.286
2021-09-22T10:00:01.805Z,-USD,00075.1464,00076.6151,00068.1691,328015.382,00071.1982,13958646.787
2021-09-22T11:00:02.368Z,-USD,00075.3798,00076.6151,00068.1691,324006.736,00070.8289,13969419.313
2021-09-22T12:00:02.378Z,-USD,000075.745,00076.1156,00068.1691,314548.699,00070.1316,13975627.49
2021-09-22T13:00:02.638Z,-USD,000074.581,00075.1064,00068.1691,309795.512,00070.9972,13983973.479
2021-09-22T14:00:01.835Z,-USD,00074.6767,00075.1052,00068.1691,305734.363,000071.198,13994737.448
2021-09-22T15:00:01.945Z,-USD,00073.2853,00075.1052,00068.1691,307878.101,00071.2582,14011322.55
2021-09-22T16:00:02.268Z,-USD,00074.8221,000074.953,00068.1691,309443.562,00072.9356,14029762.568
2021-09-22T17:00:02.156Z,-USD,00072.8727,00074.3022,00068.1691,320379.713,00073.8818,14057025.471
2021-09-22T18:00:02.557Z,-USD,00072.2384,00074.3753,00068.1691,325820.095,00073.0413,14077558.485
2021-09-22T19:00:02.158Z,-USD,00072.4495,00075.0489,00068.1691,343947.361,00073.3429,14105869.366
2021-09-22T20:00:02.676Z,-USD,00071.7146,00075.0489,00068.1691,333787.885,00073.7677,14116376.653
2021-09-22T21:00:01.933Z,-USD,00070.7938,00075.0489,00068.1691,329648.348,00074.2767,14125038.372
2021-09-22T22:00:02.514Z,-USD,00071.6756,00075.0489,00068.3744,312924.289,00074.1392,14135321.687
2021-09-22T23:00:02.005Z,-USD,00069.2168,00075.0489,00068.3744,0311006.72,00074.6333,14146734.69
2021-09-23T00:00:03.545Z,-USD,00069.5223,00075.0489,00068.6475,307624.819,00074.4974,14154745.307
2021-09-23T01:00:02.49Z,-USD,00069.7906,00075.1283,00069.3413,313556.739,00074.3815,13772584.294
2021-09-23T02:00:02.357Z,-USD,00070.7563,00075.1877,00069.4596,314399.781,00074.9588,13785239.94
2021-09-23T03:00:02.712Z,-USD,00070.4029,00075.1877,00069.4596,311620.584,00074.6066,13795077.736
2021-09-23T04:00:01.926Z,-USD,00070.2698,00075.1877,00069.4596,307664.433,00075.1336,13803597.97
2021-09-23T05:00:02.221Z,-USD,000070.148,00000075.6,00069.7356,303752.693,00074.7379,13816603.086
2021-09-23T06:00:02.32Z,-USD,00070.4902,00000075.6,00069.7356,299760.205,00074.1688,13824143.323
2021-09-23T07:00:03.134Z,-USD,00071.2791,00000075.6,00069.7356,295243.869,00074.6083,13831546.095
2021-09-23T08:00:02.122Z,-USD,00071.5141,00000075.6,00069.7356,290508.548,000074.449,13838052.731
2021-09-23T09:00:02.3Z,-USD,00070.9392,00000075.6,00069.7356,297372.077,00073.6834,13850912.751
2021-09-23T10:00:02.464Z,-USD,00071.4455,00000075.6,00069.7356,297992.614,00073.5895,13858908.759
2021-09-23T11:00:05.825Z,-USD,000070.819,00000075.6,00069.7356,304529.668,00073.1686,13876191.006
2021-09-23T12:00:02.063Z,-USD,00070.0734,00000075.6,00070.0282,313123.621,00072.3022,13891011.925
2021-09-23T13:00:02.551Z,-USD,00070.9253,00000075.6,00070.6146,313688.016,00072.5036,13899939.101
2021-09-23T14:00:01.849Z,-USD,00071.2972,00000075.6,00071.0275,313777.783,00073.4488,13910862.357
2021-09-23T15:00:02.469Z,-USD,00071.2708,00000075.6,00071.2708,309711.816,00073.6031,13923278.868
2021-09-23T16:00:01.835Z,-USD,00072.8927,00000075.6,00071.8628,0306692.18,00073.1561,13938967.926
2021-09-23T17:00:02.388Z,-USD,000074.002,00000075.6,00071.8628,292871.048,000072.779,13952411.24
2021-09-23T18:00:01.982Z,-USD,00072.9221,00000075.6,00071.8628,290849.318,00074.3204,13970651.191
2021-09-23T19:00:01.805Z,-USD,00073.4444,00000075.6,00071.8628,274932.575,00074.3035,13983189.172
2021-09-23T20:00:02.516Z,-USD,00073.7402,00000075.6,00071.8628,269728.808,000074.187,13988376.149
2021-09-23T21:00:02.25Z,-USD,00074.3213,00000075.6,00071.8628,00278184.6,00073.8206,14005751.646
2021-09-23T22:00:02.175Z,-USD,00074.1157,00000075.6,00071.8628,274683.145,00074.1284,14012456.951
2021-09-23T23:00:01.951Z,-USD,00074.6492,00000075.6,00071.8628,278860.146,000073.982,14027861.386
2021-09-24T00:00:02.48Z,-USD,00074.5171,00000075.6,00071.8628,279562.949,00074.6821,14036603.057
2021-09-24T01:00:02.228Z,-USD,00074.2336,00000075.6,00071.8628,275307.448,00074.0278,13699468.745
2021-09-24T02:00:02.084Z,-USD,00075.0412,00000075.6,00071.8628,272907.642,00073.6725,13710071.055
2021-09-24T03:00:01.973Z,-USD,000074.617,00000075.6,00071.8628,267154.744,00073.2884,13713748.663
2021-09-24T04:00:02.45Z,-USD,00075.1757,00000075.6,00071.8628,262391.207,00072.8238,13717910.988
2021-09-24T05:00:02.206Z,-USD,00074.6773,00075.1554,00071.8628,256652.648,000072.772,13724938.76
2021-09-24T06:00:02.643Z,-USD,00074.1753,00074.9764,00071.8628,255902.738,00072.6645,13731531.415
2021-09-24T07:00:02.623Z,-USD,000074.699,00074.9764,00071.8628,251215.351,00072.2411,13734283.128
2021-09-24T08:00:01.884Z,-USD,00074.4761,00074.9764,00071.8628,256456.326,00073.1683,13746027.529
2021-09-24T09:00:02.126Z,-USD,000073.612,00074.9764,00071.5671,0254634.34,00071.8718,13757025.975
2021-09-24T10:00:02.248Z,-USD,00073.5215,00074.9764,00061.1497,353066.445,00062.7448,13863480.851
2021-09-24T11:00:02.663Z,-USD,000073.127,00074.9764,00061.1497,427569.687,00063.2163,13955297.665
2021-09-24T12:00:02.133Z,-USD,00072.3571,00074.9764,00060.2219,470691.095,00063.0798,14013207.017
2021-09-24T13:00:02.817Z,-USD,00072.5473,00074.9764,00060.2219,495283.267,00062.1687,14046717.933
2021-09-24T14:00:02.591Z,-USD,00073.4512,00074.9764,00060.2219,523005.602,000063.062,14085395.781
2021-09-24T15:00:02.124Z,-USD,00073.6171,00074.9764,00060.2219,564271.455,00063.5279,14139118.731
2021-09-24T16:00:01.961Z,-USD,00073.1224,00074.9764,00060.2219,584339.232,00062.6867,14174857.52
2021-09-24T17:00:02.316Z,-USD,00072.7693,00074.9764,00060.2219,599790.946,00062.9787,14203680.701
2021-09-24T18:00:02.431Z,-USD,00074.4135,00074.9764,00060.2219,0610436.57,00062.2882,14232783.393
2021-09-24T19:00:02.41Z,-USD,00074.3855,00074.9764,00060.2219,619045.468,00062.9721,14253799.116
2021-09-24T20:00:01.732Z,-USD,00074.1614,00074.9764,00060.2219,653892.242,00063.1816,14293838.297
2021-09-24T21:00:02.101Z,-USD,00073.8395,00074.9764,00060.2219,676912.976,00064.2149,14334466.764
2021-09-24T22:00:02.204Z,-USD,00074.1936,00074.9764,00060.2219,687299.304,00064.2515,14351263.588
2021-09-24T23:00:01.997Z,-USD,00073.9013,00074.9764,00060.2219,694308.305,00064.4218,14373649.554
2021-09-25T00:00:02.169Z,-USD,00074.6206,00074.9764,00060.2219,715502.346,00063.3667,14403645.748
2021-09-25T01:00:02.578Z,-USD,00074.0882,00000074.5,00060.2219,731836.845,00063.8836,14097329.959
2021-09-25T02:00:01.928Z,-USD,00073.7663,00073.7971,00060.2219,752671.994,00062.9698,14128783.466
2021-09-25T03:00:01.987Z,-USD,00073.2369,000073.647,00060.2219,774148.526,00062.6893,14153893.791
2021-09-25T04:00:02.605Z,-USD,00072.8505,00073.5789,00060.2219,788658.793,00062.9469,14172562.543
2021-09-25T05:00:02.68Z,-USD,00072.7365,00073.5789,00060.2219,803955.311,00063.3386,14194948.232
2021-09-25T06:00:02.668Z,-USD,00072.6428,00073.5789,00060.2219,810244.286,00063.3881,14207762.599
2021-09-25T07:00:01.846Z,-USD,00072.3231,00073.5789,00060.2219,813629.036,00063.6876,14214112.856
2021-09-25T08:00:01.884Z,-USD,00073.0921,00073.5789,00060.2219,814600.058,00062.3917,14226970.828
2021-09-25T09:00:02.034Z,-USD,00071.9388,00071.9388,00058.8449,854696.849,00061.1639,14277870.685
2021-09-25T10:00:01.83Z,-USD,00062.6753,00064.7471,00058.8449,785563.465,00062.1861,14315462.082
2021-09-25T11:00:02.586Z,-USD,000063.106,00064.6561,00058.8449,724233.711,00062.3735,14345585.238
2021-09-25T12:00:02.497Z,-USD,00062.8896,00064.6561,00058.8449,684544.118,00062.0455,14363746.897
2021-09-25T13:00:02.182Z,-USD,00062.3074,00064.6561,00058.8449,662611.784,00061.7074,14375497.058
2021-09-25T14:00:02.678Z,-USD,00063.1162,00064.6561,00058.8449,641474.167,00061.8923,14393153.965
2021-09-25T15:00:02.678Z,-USD,00063.5627,00064.6561,00058.8449,0615285.16,0000060.82,14420535.496
2021-09-25T17:00:02.512Z,-USD,00062.9716,00064.6561,00058.8449,601094.369,00061.0035,14470787.726
2021-09-25T18:00:01.743Z,-USD,00062.4568,00064.6561,00058.8449,594635.841,000060.853,14493460.741
2021-09-25T19:00:01.831Z,-USD,00062.8082,00064.6561,00058.8449,597907.327,00060.1204,14517896.759
2021-09-25T20:00:02.078Z,-USD,00063.3221,00064.6561,00058.8449,579866.912,000060.655,14540163.715
2021-09-25T21:00:02.047Z,-USD,00064.2673,00064.6561,00058.8449,553729.505,00060.2393,14554193.435
2021-09-25T22:00:01.967Z,-USD,00064.2832,00064.5274,00058.8449,0555088.83,00059.9941,14572357.903
2021-09-25T23:00:02.555Z,-USD,00064.3938,00064.3962,00058.8449,567961.773,00060.4939,14608141.42
2021-09-26T00:00:01.749Z,-USD,00063.3667,00063.9373,00058.8449,554831.175,00060.4876,14624573.699
2021-09-26T01:00:01.825Z,-USD,00063.8231,00063.9321,00057.9954,560872.996,00058.6615,14448049.025
2021-09-26T02:00:02.1Z,-USD,00062.9152,00063.9044,00055.9924,595864.097,00056.1418,14514520.954
2021-09-26T03:00:01.99Z,-USD,00062.6313,00063.9044,00054.6988,0631355.14,00056.1198,14575130.146
2021-09-26T04:00:02.515Z,-USD,00063.0114,00063.9044,00054.6988,0651377.35,00056.6658,14613759.777
2021-09-26T05:00:01.75Z,-USD,00063.3036,00063.9044,00054.6988,0652405.27,00056.7603,14637164.367
2021-09-26T06:00:02.535Z,-USD,00063.3884,00063.8441,00054.6988,660493.316,00056.6007,14658110.048
2021-09-26T07:00:02.664Z,-USD,00063.7115,00063.8441,00054.6988,681155.948,00055.8274,14685068.562
2021-09-26T08:00:02.631Z,-USD,000062.506,00063.2549,000050.007,783768.711,00051.7018,14800557.619
2021-09-26T09:00:02.674Z,-USD,00061.0678,00063.2549,000050.007,835168.276,00051.5918,14903081.706
2021-09-26T10:00:01.845Z,-USD,00062.1209,00063.2549,000050.007,868961.794,00055.2745,14974668.121
2021-09-26T11:00:01.798Z,-USD,00062.3312,00062.5263,000050.007,901917.564,00054.8772,15037384.418
2021-09-26T12:00:02.079Z,-USD,00061.9958,00062.5263,000050.007,932200.626,00055.2594,15085807.871
2021-09-26T13:00:02.198Z,-USD,00061.7348,000062.515,000050.007,957551.253,000055.867,15123367.035
2021-09-26T14:00:02.218Z,-USD,00061.7629,00062.0522,000050.007,982783.024,00055.5153,15165762.735
2021-09-26T15:00:02.375Z,-USD,00060.7132,000061.763,000050.007,1002250.389,00055.9516,15212724.1
2021-09-26T16:00:02.518Z,-USD,00061.3614,00061.4406,000050.007,1046676.302,00057.6704,15274600.808
2021-09-26T17:00:02.496Z,-USD,00060.9607,00061.1633,000050.007,1056544.999,00057.0419,15317178.948
2021-09-26T18:00:01.767Z,-USD,00060.6707,00061.0195,000050.007,1081411.046,0000059.08,15364716.868
2021-09-26T19:00:01.978Z,-USD,00060.1965,00060.9801,000050.007,1098604.414,00057.7161,15406333.509
2021-09-26T20:00:02.12Z,-USD,00060.6681,00060.9801,000050.007,1106776.182,00058.3378,15436864.098
2021-09-26T21:00:02.114Z,-USD,00060.2516,00060.9801,000050.007,1114183.22,00057.7859,15458331.15
2021-09-26T22:00:02.208Z,-USD,00060.1406,00060.9801,000050.007,1111763.579,00058.8165,15474157.228
2021-09-26T23:00:02.421Z,-USD,00060.5771,00060.8418,000050.007,1112186.499,00055.9361,15510157.434
2021-09-27T00:00:02.585Z,-USD,000060.467,00060.6987,000050.007,1140719.671,00055.7501,15555140.666
2021-09-27T01:00:01.792Z,-USD,00058.7785,00059.6805,000050.007,1148411.817,000057.303,15455665.835
2021-09-27T02:00:01.815Z,-USD,00056.0747,00059.6805,000050.007,1135932.186,00058.8853,15509312.068
2021-09-27T03:00:01.926Z,-USD,00056.1736,00059.6805,000050.007,1125014.758,00057.8256,15559018.533
2021-09-27T04:00:02.541Z,-USD,00056.7657,00059.6805,000050.007,1114542.938,00057.6526,15587088.765
2021-09-27T05:00:02.144Z,-USD,00056.7794,00059.6805,000050.007,1119008.601,00057.8464,15615671.197
2021-09-27T06:00:02.117Z,-USD,00056.4356,00059.6805,000050.007,1123184.896,00058.5024,15640052.535
2021-09-27T07:00:02.227Z,-USD,00055.8774,00059.6805,000050.007,1125855.021,00057.7886,15669896.991
2021-09-27T08:00:02.214Z,-USD,00051.7328,00059.6805,00050.3097,1036124.809,00058.3486,15695837.859
2021-09-27T09:00:02.262Z,-USD,00051.5065,00059.6805,00051.3951,956532.113,00058.3055,15719048.844
2021-09-27T10:00:02.303Z,-USD,00055.4597,00000062.4,00000053.9,967051.085,00060.6479,15800584.443
2021-09-27T11:00:01.866Z,-USD,00054.8604,00062.6104,00054.6011,953176.504,000062.119,15850183.894
2021-09-27T12:00:01.882Z,-USD,00055.4083,00062.8342,00054.6011,956585.514,00062.5331,15901235.424
2021-09-27T13:00:02.11Z,-USD,00055.9144,00062.8342,00054.6011,961539.191,00061.6766,15943743.201
2021-09-27T14:00:02.199Z,-USD,00055.5579,00062.8342,00054.6011,957205.859,00060.9416,15981765.798
2021-09-27T15:00:02.738Z,-USD,000056.096,00062.8342,00054.6886,952431.423,00059.7894,16023944.683
2021-09-27T16:00:02.049Z,-USD,00057.7324,00000063.2,00054.6886,927019.235,00062.3121,16060720.659
2021-09-27T17:00:02.063Z,-USD,00057.0711,00000063.2,00054.6886,947948.561,00061.1353,16123917.082
2021-09-27T18:00:02.964Z,-USD,00059.1607,00000063.2,00054.6886,924553.106,00061.2564,16149423.27
2021-09-27T19:00:02.296Z,-USD,00057.7718,00000063.2,00054.6886,911233.013,00060.6661,16176497.45
2021-09-27T20:00:02.256Z,-USD,00058.3111,00000063.2,00054.6886,904513.069,000060.675,16200193.855
2021-09-27T21:00:02.424Z,-USD,00057.8349,00000063.2,00054.6886,918202.045,00060.3976,16235294.736
2021-09-27T22:00:02.669Z,-USD,00058.6607,00000063.2,00054.6886,915364.142,00061.5899,16248473.75
2021-09-27T23:00:01.766Z,-USD,00055.6851,00000063.2,00054.6886,910176.535,000061.455,16279686.951
2021-09-28T00:00:02.209Z,-USD,00055.7938,00000063.2,00054.7475,894000.661,00058.9319,16308132.08
2021-09-28T01:00:02.458Z,-USD,00057.3173,00000063.2,000056.668,903180.631,00059.0113,16229938.134
2021-09-28T02:00:01.85Z,-USD,00058.8039,00000063.2,00057.3514,899816.797,0000058.87,16280446.203
2021-09-28T03:00:01.975Z,-USD,00057.7952,00000063.2,00057.3514,864390.749,00058.4745,16294487.333
2021-09-28T04:00:02.216Z,-USD,00057.7575,00000063.2,00057.4538,847014.155,00059.0159,16305618.491
2021-09-28T05:00:01.939Z,-USD,00057.8094,00000063.2,00057.5816,843662.958,00058.8541,16330402.826
2021-09-28T06:00:02.042Z,-USD,00058.6048,00000063.2,00057.5816,832800.226,00058.4289,16344018.744
2021-09-28T07:00:02.341Z,-USD,00057.7478,00000063.2,00057.5816,824699.557,00058.1094,16366287.373
2021-09-28T08:00:02.528Z,-USD,00058.1694,00000063.2,00056.6122,0821095.11,00057.0928,16388041.8
2021-09-28T09:00:02.378Z,-USD,00058.3817,00000063.2,00056.6122,813353.025,00057.7114,16403563.235
2021-09-28T10:00:02.386Z,-USD,000060.716,00000063.2,00056.6122,740091.229,000057.554,16411855.713
2021-09-28T11:00:02.074Z,-USD,00062.0706,00000063.2,00056.6122,699757.671,00057.3647,16421117.351
2021-09-28T12:00:02.338Z,-USD,00062.2913,00000063.2,00056.6122,660028.372,00057.9247,16432616.017
2021-09-28T13:00:02.449Z,-USD,00061.5448,00000063.2,00056.6122,628783.261,00057.3677,16443688.973
2021-09-28T14:00:02.665Z,-USD,00060.8483,00000063.2,00056.6122,610215.771,00057.7968,16463058.595
2021-09-28T15:00:01.936Z,-USD,00059.9665,00000063.2,00056.1198,594369.227,000056.697,16489715.046
2021-09-28T16:00:02.569Z,-USD,00062.3225,00062.9969,00055.5697,580355.972,00055.6217,16512673.01
2021-09-28T17:00:02.866Z,-USD,000061.247,00062.3061,00055.1589,546828.396,00055.3908,16541811.775
2021-09-28T18:00:02.31Z,-USD,00061.0396,00062.3061,00055.1282,544872.275,00055.6112,16565344.577
2021-09-28T19:00:02.452Z,-USD,00060.7415,00062.3061,00055.1282,547479.019,00056.0773,16595169.233
2021-09-28T20:00:02.524Z,-USD,00060.5668,00062.3061,00055.1282,535840.374,00055.6698,16607212.014
2021-09-28T21:00:02.277Z,-USD,00000060.3,00062.3061,00055.1282,513108.163,00056.1862,16619481.039
2021-09-28T22:00:01.703Z,-USD,00061.6164,00062.3061,00055.1282,506635.884,00056.3824,16626152.51
2021-09-28T23:00:02.446Z,-USD,00061.4587,00061.4587,00055.1282,491146.316,00056.4624,16641992.789
2021-09-29T00:00:02.799Z,-USD,00058.9884,00059.5819,00055.0731,527395.246,00055.3188,16706674.775
2021-09-29T01:00:02.151Z,-USD,000059.093,00059.5184,00055.0731,0499194.63,00056.6588,16586251.466
2021-09-29T02:00:01.875Z,-USD,00058.8862,00059.5184,00055.0731,469143.536,000056.551,16606425.299
2021-09-29T03:00:02.624Z,-USD,00058.4291,00059.5184,00055.0731,474979.501,00057.0076,16626593.745
2021-09-29T04:00:02.225Z,-USD,00059.0213,00059.5184,00055.0731,480175.189,00057.5782,16642605.35
2021-09-29T05:00:01.856Z,-USD,000058.793,00058.9755,00055.0731,472452.993,00057.2589,16659710.039
2021-09-29T06:00:02.48Z,-USD,00058.3215,00058.8961,00055.0731,468722.712,00057.4396,16669555.586
2021-09-29T07:00:02.046Z,-USD,00058.2255,00058.4438,00055.0731,452555.627,000057.825,16675654.545
2021-09-29T08:00:02.639Z,-USD,00057.1782,00058.3724,00055.0731,442064.015,000057.637,16687175.27
2021-09-29T09:00:02.32Z,-USD,000057.758,00058.3724,00055.0731,444996.726,00057.4695,16705444.771
2021-09-29T10:00:02.706Z,-USD,00057.5217,00058.3724,00055.0731,453848.396,00057.2269,16722591.165
2021-09-29T11:00:03.436Z,-USD,00057.3552,00058.3724,00055.0731,0466607.44,00058.0848,16744539.881
2021-09-29T12:00:02.427Z,-USD,00057.8416,00058.3725,00055.0731,470881.944,00058.2136,16760313.277
2021-09-29T13:00:02.041Z,-USD,000057.368,00058.5269,00055.0731,485395.828,00057.4522,16786100.181
2021-09-29T14:00:02.192Z,-USD,000057.624,00058.5269,00055.0731,0487336.79,00057.6788,16807493.425
2021-09-29T15:00:02.089Z,-USD,00056.7345,00058.5269,00055.0731,474977.809,00057.5376,16821544.768
2021-09-29T16:00:01.756Z,-USD,00055.6039,00058.5269,00055.0731,00470712.7,00057.4642,16840563.589
2021-09-29T17:00:02.569Z,-USD,00055.4168,00058.5269,00055.0731,00457938.3,00056.6767,16856580.205
2021-09-29T18:00:02.127Z,-USD,00055.5011,00058.5269,00055.0731,453157.218,00056.3729,16875387.025
2021-09-29T19:00:01.734Z,-USD,000055.959,00058.5269,00055.0731,435508.195,00056.1141,16888136.804
2021-09-29T20:00:02.534Z,-USD,00055.7999,00058.5269,00055.0731,433432.207,00056.1882,16897461.578
2021-09-29T21:00:02.245Z,-USD,00056.0734,00058.5269,00055.0731,434176.644,00055.9168,16910887.237
2021-09-29T22:00:02.118Z,-USD,00056.3879,00058.5269,00055.0731,435824.833,00056.3652,16918794.057
2021-09-29T23:00:02.473Z,-USD,00056.4063,00058.5269,00055.0731,431567.562,000056.671,16932136.064
2021-09-30T20:00:24.953Z,-USD,00056.1742,00061.1984,00055.5661,481411.229,00059.4138,16996101.837
2021-09-30T21:00:01.877Z,-USD,00055.8922,00061.1984,00055.7465,478236.872,00058.9593,17006771.431
2021-09-30T22:00:01.971Z,-USD,00056.3179,00061.1984,00055.8481,476850.619,00059.7384,17012914.568
2021-09-30T23:00:01.898Z,-USD,00056.6295,00061.1984,00056.4436,0468777.24,00059.5405,17018234.272
2021-10-01T00:00:02.236Z,-USD,00057.0067,00061.1984,00056.8267,467290.718,000060.105,17027034.577
2021-10-01T01:00:02.43Z,-USD,00058.1586,00061.3951,00057.7742,478483.958,00060.8297,16673505.198
2021-10-01T02:00:01.807Z,-USD,00059.3578,00061.3951,00058.3691,442076.569,00060.6968,16680112.438
2021-10-01T03:00:02.143Z,-USD,00059.4295,00061.3951,00058.3691,437110.991,00059.9605,16692758.147
2021-10-01T04:00:01.981Z,-USD,00059.6882,00061.3951,00058.3691,0424152.73,00059.9657,16703770.051
2021-10-01T05:00:01.806Z,-USD,00059.9899,00061.3951,00058.3691,400118.824,00059.9423,16713519.21
2021-10-01T06:00:01.719Z,-USD,000059.617,00061.3951,00058.3691,395565.193,00060.3819,16727548.08
2021-10-01T07:00:02.628Z,-USD,00059.0736,00061.3951,00058.3691,394779.855,00060.2385,16740704.487
2021-10-01T08:00:02.645Z,-USD,00058.9077,00061.3951,00058.3691,392179.398,00061.1913,16755524.809
2021-10-01T09:00:02.609Z,-USD,00058.6852,00061.6056,00058.4644,388851.432,000061.458,16772587.88
2021-10-01T10:00:02.404Z,-USD,00058.9511,00061.6056,00058.4644,379196.137,00061.5537,16780586.189
2021-10-01T11:00:02.164Z,-USD,00058.6028,00064.4711,000058.539,400129.666,00063.6283,16815664.372
2021-10-01T12:00:02.314Z,-USD,00059.2981,00064.4985,00058.5977,406352.186,00063.9315,16835885.831
2021-10-01T13:00:02.328Z,-USD,00059.5989,00064.8611,00058.5977,402852.769,00063.4649,16864760.48
2021-10-01T14:00:02.419Z,-USD,00059.2424,00064.8611,00058.5977,396544.828,000063.206,16881510.293
2021-10-01T15:00:02.422Z,-USD,00059.1095,00064.8611,00058.5977,373686.793,00063.3838,16909714.498
2021-10-01T16:00:02.633Z,-USD,00059.8209,00064.8611,00058.5977,370438.733,00064.2563,16930592.114
2021-10-01T17:00:01.817Z,-USD,00059.2187,00065.3952,00058.5977,383077.531,00065.1455,16965726.687
2021-10-01T18:00:02.137Z,-USD,00059.3955,00068.5237,00058.5977,438206.673,00068.1092,17035272.562
2021-10-01T19:00:02.528Z,-USD,00060.6619,00068.9459,00058.5977,459380.137,00068.3883,17068426.065
2021-10-01T20:00:02.642Z,-USD,00059.3974,00068.9459,00058.5977,474613.023,00068.8875,17092489.481
2021-10-01T21:00:01.797Z,-USD,00058.9325,00068.9459,00058.9248,484472.275,00068.2498,17113105.444
2021-10-01T22:00:01.864Z,-USD,00059.6947,00069.8546,00059.1679,501864.653,000069.508,17136839.402
2021-10-01T23:00:01.744Z,-USD,00059.5444,00072.0424,00059.1679,552640.826,00070.5275,17192650.406
2021-10-02T00:00:02.671Z,-USD,000060.031,00073.3385,00059.6422,0584285.46,00071.5186,17233216.461
2021-10-02T01:00:02.583Z,-USD,00060.7757,00073.3385,00059.6422,603168.647,00070.4651,17015311.183
2021-10-02T02:00:01.75Z,-USD,00060.6761,00073.3385,00059.6422,625410.217,00070.7064,17043979.267
2021-10-02T03:00:01.917Z,-USD,00059.9092,00073.3385,00059.6422,636481.326,00071.2465,17068020.746
2021-10-02T04:00:02.267Z,-USD,00060.0086,00073.3385,00059.7176,0662835.68,00071.8892,17105063.251
2021-10-02T05:00:01.935Z,-USD,00059.8443,00073.3385,00059.7214,693647.014,00070.7633,17145753.334
2021-10-02T06:00:02.018Z,-USD,000060.373,00073.3385,00059.9522,0695389.29,00070.5214,17161405.103
2021-10-02T07:00:02.099Z,-USD,00060.1053,00073.3385,00060.0034,697592.273,00071.1262,17177003.16
2021-10-02T08:00:01.754Z,-USD,00061.1446,00073.3385,00060.8585,696079.495,00071.0562,17190514.544
2021-10-02T09:00:02.683Z,-USD,00061.4902,00073.3385,00061.0549,706934.364,000069.336,17218057.874
2021-10-02T10:00:02.272Z,-USD,00061.6705,00073.3385,000061.385,717996.925,00069.3029,17237454.618
2021-10-02T11:00:02.409Z,-USD,0000063.55,00073.3385,00062.8184,0703893.91,000068.939,17258347.289
2021-10-02T12:00:02.429Z,-USD,00064.0217,00073.3385,00062.8184,697106.085,00069.7315,17271629.97
2021-10-02T13:00:02.295Z,-USD,00063.4353,00073.3385,00062.8184,694480.166,00069.5459,17297837.446
2021-10-02T14:00:02.394Z,-USD,00063.2165,00073.3385,00062.8184,709560.401,00070.6383,17329685.002
2021-10-02T15:00:02.37Z,-USD,00063.4583,00073.3385,00063.2506,714929.969,00070.9794,17363201.154
2021-10-02T16:00:02.284Z,-USD,00064.2606,00073.3385,00063.5851,732800.763,00071.6853,17401886.136
2021-10-02T17:00:01.853Z,-USD,00065.2044,00000074.0,00065.0801,759928.433,00073.4836,17464285.608
2021-10-02T18:00:01.996Z,-USD,00068.2139,00000074.0,00067.6823,724048.182,00072.6954,17498614.863
2021-10-02T19:00:03.21Z,-USD,000068.432,00000074.0,00067.9201,722121.472,000073.365,17529333.917
2021-10-02T20:00:02.449Z,-USD,000068.906,00000074.0,00067.9201,721080.302,00072.8828,17552205.343
2021-10-02T21:00:02.484Z,-USD,00068.2393,00000074.0,00068.2024,0717210.66,000072.673,17569035.283
2021-10-02T22:00:02.619Z,-USD,00069.6387,00000074.0,00068.3671,709335.505,00072.4927,17584866.679
2021-10-02T23:00:02.232Z,-USD,00070.8486,00000074.0,00068.3671,0676437.73,00071.5014,17608577.126
2021-10-03T00:00:02.159Z,-USD,00071.5107,00000074.0,00068.3671,671739.484,00069.9492,17643434.85
2021-10-03T01:00:02.643Z,-USD,00070.6293,00000074.0,00068.0328,657406.581,00068.4919,17444510.404
2021-10-03T02:00:02.455Z,-USD,00070.6773,00000074.0,00067.6629,667847.762,00069.1183,17483285.687
2021-10-03T03:00:02.212Z,-USD,00071.2018,00000074.0,00067.6629,667689.247,00069.2428,17507007.226
2021-10-03T04:00:02.056Z,-USD,00072.0217,00000074.0,00067.6629,645572.335,00070.0149,17522866.489
2021-10-03T05:00:02.271Z,-USD,000070.831,00000074.0,00067.6629,623248.268,00069.8169,17541124.001
2021-10-03T06:00:01.704Z,-USD,00070.6193,00000074.0,00067.6629,0619108.97,00070.3255,17552227.777
2021-10-03T07:00:02.137Z,-USD,00071.1442,00000074.0,00067.6629,613330.016,00070.0902,17561848.597
2021-10-03T08:00:01.747Z,-USD,00071.0313,00000074.0,00067.6629,614153.668,00069.6097,17576175.841
2021-10-03T09:00:02.23Z,-USD,00069.3453,00000074.0,00067.6629,601315.413,00069.3996,17591652.199
2021-10-03T10:00:01.83Z,-USD,00069.2829,00000074.0,00067.6629,598538.328,00069.0343,17607600.516
2021-10-03T11:00:02.311Z,-USD,00068.9578,00000074.0,00067.6629,00594178.9,00069.1491,17624014.758
2021-10-03T12:00:02.605Z,-USD,00069.6806,00000074.0,00067.6629,601348.562,00069.8878,17644828.069
2021-10-03T13:00:02.294Z,-USD,000069.493,00000074.0,00067.6629,588286.557,000069.755,17658293.748
2021-10-03T14:00:02.107Z,-USD,00070.6819,00000074.0,00067.6629,573109.907,00070.1262,17674148.0
2021-10-03T15:00:01.771Z,-USD,0000071.12,00000074.0,00067.6629,547521.033,00069.7369,17683127.747
2021-10-03T16:00:02.635Z,-USD,00071.4553,00000074.0,00067.6629,523481.372,00068.9656,17697123.972
2021-10-03T17:00:02.595Z,-USD,00073.7649,00073.7649,00067.6629,478154.202,00069.5799,17713811.645
2021-10-03T18:00:02.164Z,-USD,00072.6904,00073.4861,00067.6629,480512.185,00070.0358,17750620.63
2021-10-03T19:00:02.339Z,-USD,00073.3078,00073.4861,00067.6629,471349.548,00070.1503,17772216.801
2021-10-03T20:00:02.394Z,-USD,00072.9104,00073.4359,00067.6629,0460251.55,00070.2034,17783943.361
2021-10-03T21:00:02.153Z,-USD,000072.668,00073.4359,00067.6629,458221.091,00069.4129,17798825.455
2021-10-03T22:00:02.068Z,-USD,00072.2775,00072.8075,00067.6629,0460072.54,00068.4316,17816750.542
2021-10-03T23:00:01.757Z,-USD,0000071.27,00072.0016,00067.6629,453271.285,00068.9716,17833880.33
2021-10-04T00:00:01.766Z,-USD,00069.7072,00070.8686,00067.6629,434150.158,00069.1022,17849723.76
2021-10-04T01:00:01.911Z,-USD,00068.3024,00070.8686,00067.6629,416257.325,00068.5325,17105924.81
2021-10-04T02:00:02.161Z,-USD,00069.1397,00070.8686,00067.0001,401187.031,00067.8197,17129729.859
2021-10-04T03:00:02.437Z,-USD,00069.1031,00070.8686,00066.5464,395913.876,00066.7377,17147971.784
2021-10-04T04:00:02.577Z,-USD,00070.1241,00070.8686,00066.0578,402163.226,00066.4474,17170059.714
2021-10-04T05:00:02.206Z,-USD,00069.7342,00070.8686,00065.7008,407523.436,00067.0058,17193963.485
2021-10-04T06:00:02.478Z,-USD,00070.2926,00070.8686,00065.7008,403720.462,00067.1509,17200897.852
2021-10-04T07:00:02.295Z,-USD,00070.0433,00070.8686,00065.7008,407149.325,000066.979,17214036.041
2021-10-04T08:00:02.455Z,-USD,00069.5568,00070.8686,00065.7008,408224.303,00067.3462,17229393.525
2021-10-04T09:00:02.365Z,-USD,00069.2559,00070.8686,00065.7008,404575.381,00067.0088,17241108.934
2021-10-04T10:00:02.176Z,-USD,00069.2779,00070.8686,00065.7008,410010.159,00067.1495,17262664.474
2021-10-04T11:00:02.405Z,-USD,00069.0773,00070.8686,00065.7008,409451.291,00066.9127,17279032.437
2021-10-04T12:00:02.181Z,-USD,00069.8087,00070.8686,00065.7008,405900.664,00066.6888,17296214.723
2021-10-04T13:00:03.229Z,-USD,00069.6979,00070.8686,00065.7008,407298.632,00067.1918,17311071.66
2021-10-04T14:00:02.249Z,-USD,00070.2117,00070.8686,00065.7008,425283.994,00068.6608,17344512.747
2021-10-04T15:00:02.514Z,-USD,00069.7932,00070.8686,00065.7008,448484.523,00067.0205,17376608.052
2021-10-04T16:00:01.811Z,-USD,00069.0279,00070.8686,00065.7008,469357.361,00068.3227,17411394.581
2021-10-04T17:00:01.975Z,-USD,00069.5792,00070.8686,00065.7008,486945.328,00069.7588,17445545.981
2021-10-04T18:00:02.628Z,-USD,00070.2406,00070.8686,00065.7008,00477718.5,000069.844,17473182.978
2021-10-04T19:00:02.19Z,-USD,00070.0393,00070.6896,00065.7008,475928.386,00069.4489,17492991.642
2021-10-04T20:00:02.612Z,-USD,00070.1384,00070.6896,00065.7008,478009.828,00069.1293,17506943.125
2021-10-04T21:00:02.314Z,-USD,00069.1653,00070.6896,00065.7008,482293.349,00068.3164,17526949.921
2021-10-04T22:00:02.616Z,-USD,00068.3992,00070.6896,00065.7008,473162.401,00068.7893,17535014.299
2021-10-04T23:00:01.945Z,-USD,00069.0813,00070.6896,00065.7008,473909.168,00067.9785,17552849.727
2021-10-05T00:00:01.829Z,-USD,00069.0692,00070.6896,00065.7008,484151.476,00069.6951,17578662.209
2021-10-05T01:00:01.97Z,-USD,00068.2671,00070.6896,00065.7008,496303.071,00069.9298,16335635.542
2021-10-05T02:00:02.235Z,-USD,00067.6839,00070.6896,00065.7008,493339.201,00069.9528,16356208.828
2021-10-05T03:00:02.364Z,-USD,00066.8158,00070.6896,00065.7008,492065.611,000070.349,16374905.682
2021-10-05T04:00:02.384Z,-USD,00066.3497,00072.9901,00065.7008,532312.089,00072.1618,16435492.14
2021-10-05T05:00:01.837Z,-USD,00067.1616,00072.9901,00065.8377,540525.116,0000071.44,16467459.403
2021-10-05T06:00:01.692Z,-USD,00067.0555,00072.9901,00065.8377,556729.896,00071.8874,16490634.555
2021-10-05T07:00:02.624Z,-USD,00067.0089,00072.9901,00065.8377,556933.319,00071.3789,16504129.577
2021-10-05T08:00:02.359Z,-USD,00067.6587,00072.9901,00065.8377,554082.658,00071.8349,16516881.775
2021-10-05T09:00:02.454Z,-USD,00067.0716,00072.9901,00065.8377,564917.827,00070.9884,16539099.297
2021-10-05T10:00:02.347Z,-USD,00067.2119,00072.9901,00065.8377,559623.452,00071.4697,16555471.473
2021-10-05T11:00:02.138Z,-USD,00066.8687,00072.9901,00065.8377,551170.111,00070.8332,16563491.119
2021-10-05T12:00:02.334Z,-USD,00066.5042,00072.9901,000066.086,539197.783,00071.0313,16568563.878
2021-10-05T13:00:02.277Z,-USD,00067.1225,00072.9901,000066.086,531509.793,00070.4554,16576050.623
2021-10-05T14:00:02.345Z,-USD,00068.9385,00072.9901,000066.086,509306.358,00071.1659,16587557.568
2021-10-05T15:00:02.507Z,-USD,00067.2861,00072.9901,000066.086,498416.108,00069.3382,16608454.956
2021-10-05T16:00:02.682Z,-USD,00068.6255,00072.9901,00067.8009,485750.116,00069.2557,16630687.35
2021-10-05T17:00:02.625Z,-USD,00069.9055,00072.9901,00067.8009,460340.448,00069.7563,16639317.369
2021-10-05T18:00:02.044Z,-USD,00070.0801,00072.9901,00067.8009,439970.289,00069.4249,16646567.012
2021-10-05T19:00:02.356Z,-USD,00069.5169,00072.9901,00067.8009,429928.004,0000069.97,16656099.522
2021-10-05T20:00:02.651Z,-USD,000069.273,00072.9901,00067.8009,427296.994,00070.2412,16667507.886
2021-10-05T21:00:01.92Z,-USD,00068.2819,00072.9901,00067.8009,421044.744,00071.1855,16681475.434
2021-10-05T22:00:02.228Z,-USD,00068.7374,00072.9901,00067.9495,420859.784,00071.2875,16689128.561
2021-10-05T23:00:02.554Z,-USD,0000067.95,00072.9901,0000067.95,411438.036,00000070.8,16697403.656
2021-10-06T00:00:02.48Z,-USD,00069.8864,00072.9901,00068.5026,391951.672,000070.965,16703895.849
2021-10-06T01:00:03.848Z,-USD,00070.0364,00072.9901,00068.5026,385279.111,00072.0771,15797160.915
2021-10-06T02:00:02.558Z,-USD,000070.001,00072.9901,00068.5026,394624.556,00070.6946,15826634.613
2021-10-06T03:00:02.558Z,-USD,00070.3264,00072.9901,00068.5026,395764.051,00070.7181,15846429.009
2021-10-06T04:00:02.525Z,-USD,00072.3097,00072.4486,00068.5026,349480.962,00069.9886,15861167.597
2021-10-06T05:00:02.242Z,-USD,00071.4573,00072.4486,00068.5026,0332231.83,00069.9838,15875795.921
2021-10-06T06:00:02.1Z,-USD,00071.7629,00072.4486,00068.5026,322990.281,00070.0229,15889731.556
2021-10-06T07:00:01.857Z,-USD,00071.4194,00072.4486,00068.5026,322287.618,00070.2607,15902208.505
2021-10-06T08:00:01.881Z,-USD,00071.7499,00072.4486,00068.5026,0331300.33,00069.5323,15924186.281
2021-10-06T09:00:01.785Z,-USD,000071.045,00072.4486,00066.6829,349868.158,00067.3334,15964731.637
2021-10-06T10:00:01.918Z,-USD,00071.4771,00072.4486,00066.6676,354017.955,00067.4579,15984902.431
2021-10-06T11:00:02.583Z,-USD,00070.8742,00072.4486,00066.6676,363174.917,00067.9414,16002148.585
2021-10-06T12:00:02.527Z,-USD,00071.0832,00072.4486,00066.6676,376696.951,00067.8817,16020830.819
2021-10-06T13:00:02.795Z,-USD,00070.5046,00072.4486,00066.6676,392055.468,00069.2346,16043571.906
2021-10-06T14:00:02.037Z,-USD,00071.0148,00072.4486,00066.6676,421892.767,00070.6629,16084993.286
2021-10-06T15:00:01.789Z,-USD,00069.2131,00072.4486,00066.6676,0423573.75,000071.482,16108452.022
2021-10-06T16:00:02.198Z,-USD,00069.1562,00072.4486,00066.6676,434367.143,00071.5364,16140998.824
2021-10-06T17:00:02.432Z,-USD,00069.6552,00074.7737,00066.6676,500720.203,00073.4702,16215534.045
2021-10-06T18:00:02.61Z,-USD,00069.3231,00074.7737,00066.6676,525844.207,00073.0645,16247843.855
2021-10-06T19:00:02.044Z,-USD,00069.7804,00074.7737,00066.6676,534530.031,00072.0371,16266132.738
2021-10-06T20:00:02.302Z,-USD,00070.4122,00074.7737,00066.6676,0533483.43,00072.2724,16276522.073
2021-10-06T21:00:02.267Z,-USD,00071.3258,00074.7737,00066.6676,540818.501,00071.0225,16297939.014
2021-10-06T22:00:02.387Z,-USD,00071.1954,00074.7737,00066.6676,554449.184,00071.0348,16319323.198
2021-10-06T23:00:02.252Z,-USD,00070.9072,00074.7737,00066.6676,566870.627,00071.6133,16339762.769
2021-10-07T00:00:02.344Z,-USD,00070.9488,00074.7737,00066.6676,0576309.35,00071.8583,16355735.359
2021-10-07T01:00:02.619Z,-USD,000072.379,00074.7737,00066.6676,574866.315,00070.7061,15208731.569
2021-10-07T02:00:01.765Z,-USD,00070.7253,00074.7737,00066.6676,570203.633,00069.9492,15232213.964
2021-10-07T03:00:01.924Z,-USD,00070.5224,00074.7737,00066.6676,585239.201,00072.0786,15267162.658
2021-10-07T04:00:01.977Z,-USD,00069.9375,00074.7737,00066.6676,593770.391,00071.6095,15290213.7
2021-10-07T05:00:01.982Z,-USD,00069.9623,00074.7737,00066.6676,592230.768,00072.1113,15302977.169
2021-10-07T06:00:02.06Z,-USD,00069.9974,00074.7737,00066.6676,591842.473,00071.7233,15316816.831
2021-10-07T07:00:02.06Z,-USD,00070.1026,00074.7737,00066.6676,593468.008,00071.7072,15331209.54
2021-10-07T08:00:01.954Z,-USD,000069.543,00074.7737,00066.6676,600082.657,00072.5068,15359392.545
2021-10-07T09:00:02.462Z,-USD,00067.2578,00074.7737,00066.6676,593177.239,00073.2464,15393155.356
2021-10-07T10:00:01.882Z,-USD,00067.2691,00074.7737,00067.0132,594175.165,00072.2021,15414164.209
2021-10-07T11:00:02.552Z,-USD,00067.8627,00074.7737,000067.666,588927.241,00071.5387,15426322.975
2021-10-07T12:00:02.381Z,-USD,00067.7299,00074.7737,00067.6868,583579.228,00072.3788,15439599.378
2021-10-07T13:00:02.003Z,-USD,00069.3349,00074.7737,00068.8825,0580904.01,00071.8376,15459416.797
2021-10-07T14:00:02.354Z,-USD,00070.8068,00074.7737,00068.9163,0553781.52,00072.5454,15474381.275
2021-10-07T15:00:02.174Z,-USD,00000071.5,00074.7737,00068.9163,0568407.42,00071.2506,15512350.801
2021-10-07T16:00:02.337Z,-USD,000071.509,00074.7737,00068.9163,559679.316,00071.9507,15536375.083
2021-10-07T17:00:02.827Z,-USD,00073.3884,00074.0407,00068.9163,508579.022,00072.1486,15559851.435
2021-10-07T18:00:02.286Z,-USD,00073.0729,00074.0407,00068.9163,495109.773,000071.263,15578247.087
2021-10-07T19:00:02.466Z,-USD,00071.9561,00074.0407,00068.9163,491937.051,00071.4798,15594002.883
2021-10-07T20:00:02.612Z,-USD,00072.2832,00074.0407,00068.9163,493558.891,00072.0467,15605189.087
2021-10-07T21:00:02.671Z,-USD,000071.208,00074.0407,00068.9163,0481309.61,00072.1061,15614724.666
2021-10-07T22:00:02.414Z,-USD,00071.0926,00074.0407,00068.9163,0471322.41,00072.0422,15625777.353
2021-10-07T23:00:01.81Z,-USD,00071.6861,00074.0407,00068.9163,466144.527,00071.9095,15640918.935
2021-10-08T00:00:02.056Z,-USD,00071.7884,00074.0407,00068.9163,474018.335,000071.432,15664835.442
2021-10-08T01:00:02.337Z,-USD,00070.5981,00074.0407,00068.9163,463450.846,00071.9202,14482529.485
2021-10-08T02:00:02.461Z,-USD,00069.9727,00074.0407,00069.7895,450501.761,00071.8712,14493342.568
2021-10-08T03:00:02.42Z,-USD,000071.979,00074.0407,00070.4642,428846.592,0000071.29,14506335.213
2021-10-08T04:00:02.64Z,-USD,00071.5297,00074.0407,00070.4642,423008.261,00071.2835,14523560.65
2021-10-08T05:00:02.097Z,-USD,00072.1565,00074.0407,00070.4642,415894.246,00071.2907,14529212.292
2021-10-08T06:00:02.779Z,-USD,00071.7563,00074.0407,00070.4642,409691.048,00071.5038,14537853.454
2021-10-08T07:00:01.68Z,-USD,00071.6218,00074.0407,00070.4642,405530.652,000071.445,14547348.039
2021-10-08T08:00:02.649Z,-USD,00072.5145,00074.0407,00070.4642,383611.218,00071.6978,14553472.826
2021-10-08T09:00:01.806Z,-USD,00073.3401,00073.4989,00070.4642,363988.167,00072.6657,14567474.176
2021-10-08T10:00:02.664Z,-USD,00072.1851,00072.9211,00070.4642,357464.536,00071.6503,14582025.279
2021-10-08T11:00:02.738Z,-USD,00071.5776,00072.9211,00070.4642,352375.172,000072.104,14589160.461
2021-10-08T12:00:01.729Z,-USD,00072.3796,00077.6803,00070.4642,410327.059,00076.9445,14660746.553
2021-10-08T13:00:01.748Z,-USD,00071.8611,00077.6803,00070.4642,440851.225,00075.5621,14711062.972
2021-10-08T14:00:01.788Z,-USD,00072.6662,00077.6803,00070.4642,451870.486,00076.1942,14736881.263
2021-10-08T15:00:01.932Z,-USD,00071.1464,00078.2203,00070.6194,449589.181,00077.0294,14772724.221
2021-10-08T16:00:01.733Z,-USD,00072.3387,00079.3553,00070.6194,475215.928,00078.6962,14822727.192
2021-10-08T17:00:02.074Z,-USD,00072.0077,00000079.8,00070.6194,0521827.03,00077.8693,14891978.057
2021-10-08T18:00:02.349Z,-USD,00071.3248,00000079.8,00070.6194,541272.565,00077.6727,14930039.66
2021-10-08T19:00:02.991Z,-USD,00071.5344,00000079.8,00070.6194,556823.499,00078.4483,14961117.448
2021-10-08T20:00:02.668Z,-USD,00072.1298,00000079.8,00070.6194,0565068.56,00078.5672,14980520.253
2021-10-08T21:00:01.935Z,-USD,00072.1286,00000079.8,00070.6194,592709.732,00077.6164,15017871.419
2021-10-08T22:00:02.123Z,-USD,00072.0502,00000079.8,00070.6194,596916.062,00077.5922,15033016.171
2021-10-08T23:00:02.58Z,-USD,00071.9464,00080.9917,00070.6194,658267.812,00080.6357,15109501.637
2021-10-09T00:00:01.744Z,-USD,00071.4808,00081.2578,00070.6194,672846.993,00079.3208,15147998.363
2021-10-09T01:00:01.779Z,-USD,00072.0623,00081.2578,00070.6194,0697597.86,00079.9367,14297983.182
2021-10-09T02:00:01.757Z,-USD,00071.7693,00081.2578,00070.6194,0705782.17,00078.4415,14317205.848
2021-10-09T03:00:01.973Z,-USD,00071.2283,00081.2578,00070.6194,714915.448,00077.8844,14339143.09
2021-10-09T04:00:02.461Z,-USD,00071.2914,00081.2578,00070.9218,715286.642,00078.5645,14356898.937
2021-10-09T05:00:02.076Z,-USD,00071.2209,00081.2578,00070.9218,721891.656,00078.1961,14369067.146
2021-10-09T06:00:02.058Z,-USD,00071.5113,00081.2578,00071.0956,725345.857,00077.8977,14381362.076
2021-10-09T07:00:01.978Z,-USD,00071.5003,00081.2578,00071.3265,0728935.08,00078.1244,14394230.138
2021-10-09T08:00:01.965Z,-USD,00071.7007,00081.2578,00071.5044,738281.737,00078.2241,14409629.754
2021-10-09T09:00:01.831Z,-USD,00072.6614,00081.2578,00071.5044,754298.406,00077.3166,14440062.655
2021-10-09T10:00:01.974Z,-USD,00071.5457,00081.2578,00071.5044,0758461.39,00078.1481,14458569.668
2021-10-09T11:00:02.63Z,-USD,00072.0816,00081.2578,00072.0808,767642.497,00078.0027,14474684.672
2021-10-09T12:00:02.557Z,-USD,00076.6473,00081.2578,00074.6177,757885.659,00078.5683,14536849.541
2021-10-09T13:00:02.488Z,-USD,00075.7397,00081.2578,00075.0369,727242.303,000078.153,14556230.168
2021-10-09T14:00:02.565Z,-USD,00076.2883,00081.2578,000076.197,728688.933,00078.1388,14583758.299
2021-10-09T15:00:02.382Z,-USD,00077.4116,00081.2578,00076.6556,703383.965,00078.0893,14594271.995
2021-10-09T16:00:01.741Z,-USD,00078.9417,00081.2578,00076.7254,671886.654,000077.482,14615966.154
2021-10-09T17:00:02.433Z,-USD,0000077.92,00081.2578,00075.1904,657699.282,00075.7482,14668063.271
2021-10-09T18:00:01.824Z,-USD,00077.6877,00081.2578,00075.1904,643277.453,00076.1967,14691374.578
2021-10-09T19:00:02.075Z,-USD,00078.7305,00081.2578,00075.1904,630593.994,00076.1522,14709942.54
2021-10-09T20:00:01.879Z,-USD,00078.3687,00081.2578,00075.1904,625581.905,00075.8088,14724287.437
2021-10-09T21:00:02.673Z,-USD,00077.7007,00081.2578,00075.1904,608521.202,00076.0729,14744567.19
2021-10-09T22:00:02.583Z,-USD,00077.4178,00081.2578,00075.1904,598952.025,000076.376,14750007.551
2021-10-09T23:00:02.295Z,-USD,00081.0465,00081.2578,00075.1904,529496.035,00076.5244,14757779.472
2021-10-10T00:00:02.547Z,-USD,00079.5547,000080.639,00075.1904,499755.119,00076.8643,14766062.205
2021-10-10T01:00:02.553Z,-USD,000080.038,00080.1675,00075.0865,490801.395,00075.3339,14202165.068
2021-10-10T02:00:02.552Z,-USD,00078.6054,00079.6806,00073.2954,502373.796,00074.1664,14232951.029
2021-10-10T03:00:01.861Z,-USD,00077.9317,00079.6806,00073.2954,505183.256,00074.6304,14257992.283
2021-10-10T04:00:01.882Z,-USD,00078.6145,00079.6806,00073.2954,496563.595,00075.0369,14266709.491
2021-10-10T05:00:02.18Z,-USD,00078.1582,00079.6806,00073.2954,491856.578,00075.5437,14274228.717
2021-10-10T06:00:02.301Z,-USD,00077.9155,00079.6806,00073.2954,487465.585,00075.3075,14281933.134
2021-10-10T07:00:02.218Z,-USD,00078.1809,00079.6806,00073.2954,487940.208,00075.0786,14295390.842
2021-10-10T08:00:02.251Z,-USD,00078.4041,00079.6806,00073.2954,481373.004,00074.6958,14304307.53
2021-10-10T09:00:02.179Z,-USD,000077.372,00079.6806,00073.2954,0462595.23,000075.463,14316203.186
2021-10-10T10:00:02.269Z,-USD,000078.192,00079.6806,00073.2954,460126.513,0000074.43,14332169.913
2021-10-10T11:00:02.648Z,-USD,00078.0527,00079.6806,00073.2954,448574.559,00074.2049,14336586.231
2021-10-10T12:00:07.664Z,-USD,00078.7312,000079.072,00073.2954,0394868.34,00074.4161,14345128.342
2021-10-10T13:00:02.71Z,-USD,000078.131,00078.5362,00073.2954,383832.794,00074.1433,14353394.196
2021-10-10T14:00:01.793Z,-USD,00078.0747,00078.3686,00073.2954,368195.338,000074.265,14365207.028
2021-10-10T15:00:02.025Z,-USD,000078.006,00078.0746,00073.2954,376222.154,00074.3892,14383647.907
2021-10-10T16:00:02.139Z,-USD,00077.4237,00077.6829,00073.2954,367556.656,00074.7243,14396759.598
2021-10-10T17:00:02.385Z,-USD,00075.7397,00077.1325,00073.2954,329266.672,00074.0388,14410533.667
2021-10-10T18:00:02.252Z,-USD,00076.2545,00077.1325,00071.9171,356093.114,00073.1687,14462251.074
2021-10-10T19:00:02.349Z,-USD,00076.1232,00077.1325,00071.9171,0354913.48,00073.1664,14478384.81
2021-10-10T20:00:02.364Z,-USD,00075.7769,00077.1325,00071.9171,348705.381,00072.9497,14486426.354
2021-10-10T21:00:02.48Z,-USD,00076.0515,00077.1325,00071.9171,348557.053,00072.2766,14506375.898
2021-10-10T22:00:02.666Z,-USD,00076.0407,00077.1325,00069.7202,381497.708,00071.1635,14546127.867
2021-10-10T23:00:02.191Z,-USD,00076.4899,00077.1325,00069.7202,0408692.13,00071.2962,14579782.925
2021-10-11T00:00:02.154Z,-USD,00077.0237,00077.0877,00069.0757,436459.595,00069.8152,14616605.976
2021-10-11T01:00:02.527Z,-USD,00075.2298,00075.6962,00069.0135,459013.538,000071.086,14317025.861
2021-10-11T02:00:02.635Z,-USD,00074.0128,00075.6962,00069.0135,0448645.12,000071.092,14337338.122
2021-10-11T03:00:02.558Z,-USD,00074.4792,00075.6962,00069.0135,438230.937,00071.3369,14352468.951
2021-10-11T04:00:01.875Z,-USD,00074.9456,00075.6962,00069.0135,448097.517,00072.2664,14370605.107
2021-10-11T05:00:02.204Z,-USD,00075.5041,00075.6962,00069.0135,457812.029,00072.2034,14387855.283
2021-10-11T06:00:02.139Z,-USD,00075.2866,00075.4857,00069.0135,456162.522,00071.9099,14393918.372
2021-10-11T07:00:02.069Z,-USD,00075.1802,00075.4857,00069.0135,449089.385,00071.8464,14400338.04
2021-10-11T08:00:02.235Z,-USD,00074.8048,00075.4857,00069.0135,450153.841,00072.7593,14410318.618
2021-10-11T09:00:02.208Z,-USD,00075.4118,00075.4118,00069.0135,448857.373,00072.7132,14420774.48
2021-10-11T10:00:02.067Z,-USD,0000074.35,00075.0613,00069.0135,446380.299,00072.1725,14434326.853
2021-10-11T11:00:02.16Z,-USD,00074.1972,00075.0613,00069.0135,452665.573,000071.594,14444903.098
2021-10-11T12:00:02.145Z,-USD,00074.4175,00075.0613,00069.0135,478477.479,00070.5798,14479321.473
2021-10-11T13:00:02.285Z,-USD,00074.1518,00075.0613,00069.0135,486409.696,00071.2776,14495453.337
2021-10-11T14:00:02.568Z,-USD,00074.1982,00075.0613,00069.0135,498277.263,00071.7918,14519388.258
2021-10-11T15:00:01.913Z,-USD,000074.264,00074.8847,00069.0135,503650.515,00071.4528,14543372.943
2021-10-11T16:00:02.399Z,-USD,00074.5759,00074.6182,00069.0135,514364.516,00070.9234,14566925.188
2021-10-11T17:00:02.792Z,-USD,00073.9709,00073.9709,00069.0135,549991.532,00071.5883,14616337.845
2021-10-11T18:00:02.105Z,-USD,00073.0281,00074.5641,00069.0135,570798.976,00073.6498,14689020.63
2021-10-11T19:00:02.186Z,-USD,00073.1657,00074.5641,00069.0135,578044.994,00073.0363,14712092.789
2021-10-11T20:00:02.657Z,-USD,00072.8346,00074.6882,00069.0135,598827.851,00072.9504,14741181.927
2021-10-11T21:00:01.781Z,-USD,00072.2774,00074.6882,00069.0135,594375.337,00072.1144,14756677.22
2021-10-11T22:00:02.029Z,-USD,00070.9857,00074.6882,00069.0135,573387.318,00072.5948,14775432.601
2021-10-11T23:00:02.517Z,-USD,00071.2292,00074.6882,00069.0135,554525.236,00073.4714,14790393.487
2021-10-12T00:00:01.841Z,-USD,00069.8212,00074.6882,00069.0135,530146.525,00073.2669,14802867.889
2021-10-12T01:00:02.656Z,-USD,00070.9384,00074.6882,00069.5821,509436.206,00071.9888,14521539.445
2021-10-12T02:00:02.318Z,-USD,00070.8786,00074.6882,00069.5821,0506501.87,00072.4221,14538833.778
2021-10-12T03:00:01.942Z,-USD,00071.3253,00074.6882,00069.5821,501624.114,00071.6922,14548830.1
2021-10-12T04:00:02.146Z,-USD,00072.2288,00074.6882,00069.5821,497821.786,00070.8136,14563455.353
2021-10-12T05:00:02.04Z,-USD,00072.2202,00074.6882,00069.5821,494378.216,00071.3421,14577005.894
2021-10-12T06:00:02.041Z,-USD,000071.939,00074.6882,00069.5821,496122.667,00071.1969,14584766.424
2021-10-12T07:00:02.005Z,-USD,00071.8541,00074.6882,00069.5821,495912.013,00070.6977,14590964.379
2021-10-12T08:00:02.023Z,-USD,00072.7971,00074.6882,00069.5821,500649.433,00070.7661,14606267.199
2021-10-12T09:00:01.857Z,-USD,00072.8056,00074.6882,00069.5821,514994.082,00071.0586,14630484.294
2021-10-12T10:00:02.173Z,-USD,00072.1551,00074.6882,00066.8797,520543.571,00068.1311,14649759.026
2021-10-12T11:00:02.102Z,-USD,00071.2563,00074.6882,00066.8797,530117.677,00068.3763,14671714.71
2021-10-12T12:00:04.158Z,-USD,00070.6749,00074.6882,00066.8797,518518.987,00068.7263,14692920.371
2021-10-12T13:00:02.162Z,-USD,00071.2902,00074.6882,00066.1602,530638.498,00067.0353,14721033.323
2021-10-12T14:00:02.326Z,-USD,00071.8432,00074.6882,00066.1602,537362.106,00068.9097,14751475.942
2021-10-12T15:00:02.526Z,-USD,00071.4962,00074.6882,00066.1602,535804.976,00068.0437,14774176.771
2021-10-12T16:00:02.687Z,-USD,00070.8126,00074.6882,00066.1602,539118.713,00068.9281,14801926.833
2021-10-12T17:00:02.293Z,-USD,00071.5486,00074.6882,00066.1602,501728.742,00068.9943,14812976.252
2021-10-12T18:00:02.619Z,-USD,00073.7519,00074.6882,00066.1602,0440981.86,00068.0553,14824789.452
2021-10-12T19:00:01.827Z,-USD,00073.0922,00074.6882,00066.1602,430133.696,00068.5584,14836941.403
2021-10-12T20:00:02.18Z,-USD,000072.843,00074.3414,00066.1602,416311.463,00068.2356,14852216.566
2021-10-12T21:00:02.512Z,-USD,000072.007,00074.3414,00066.1602,430742.614,00068.9045,14882544.296
2021-10-12T22:00:02.088Z,-USD,00072.3298,00074.3414,00066.1602,420350.619,00068.9806,14890536.813
2021-10-12T23:00:02.493Z,-USD,00073.3776,00073.5582,00066.1602,418326.748,00069.4309,14903712.15
2021-10-13T00:00:01.744Z,-USD,00073.5416,00073.5506,00066.1602,419209.588,00069.8096,14917180.678
2021-10-13T01:00:02.208Z,-USD,00073.3071,00073.3071,00066.1602,414506.561,00070.3658,14469485.273
2021-10-13T02:00:02.689Z,-USD,00072.5848,00072.6447,00066.1602,417539.163,00069.8822,14484718.122
2021-10-13T03:00:01.885Z,-USD,000071.764,00072.2354,00066.1602,415592.107,00069.9761,14494599.11
2021-10-13T04:00:01.985Z,-USD,00070.7449,00072.2354,00066.1602,421199.554,0000068.82,14513095.889
2021-10-13T05:00:02.285Z,-USD,00071.3779,00072.2354,00066.1602,425165.242,00069.0105,14530531.633
2021-10-13T06:00:02.133Z,-USD,00071.2452,00072.2354,0000062.89,452195.199,00063.3068,14565745.482
2021-10-13T07:00:02.124Z,-USD,00070.6095,00072.2354,00060.7594,0538693.07,00064.2474,14658067.762
2021-10-13T08:00:02.214Z,-USD,000070.766,00072.2354,00060.7594,564806.234,00063.7229,14700022.487
2021-10-13T09:00:02.105Z,-USD,000071.093,00071.1049,00060.7594,571609.607,00000064.0,14730775.389
2021-10-13T10:00:02.579Z,-USD,00068.3157,00070.7233,00060.7594,580802.447,00064.7244,14759133.955
2021-10-13T11:00:02.093Z,-USD,00068.3735,00070.7233,00060.7594,00588295.4,00064.7481,14788532.077
2021-10-13T12:00:02.298Z,-USD,00068.7121,00070.7233,00060.7594,585552.421,00065.3677,14806833.425
2021-10-13T13:00:01.833Z,-USD,00067.1309,00070.7233,00060.7594,576470.359,00065.0306,14826315.795
2021-10-13T14:00:01.99Z,-USD,00068.7789,00070.7233,00060.7594,559530.623,00064.7134,14839499.872
2021-10-13T15:00:02.007Z,-USD,000068.258,00070.7233,00060.7594,567629.031,00065.1635,14870285.018
2021-10-13T16:00:02.355Z,-USD,00068.8905,00070.7233,00060.7594,588122.653,000066.878,14918970.797
2021-10-13T17:00:01.918Z,-USD,000068.888,00070.7233,00060.7594,0640044.51,00066.7508,14981388.115
2021-10-13T18:00:02.304Z,-USD,00068.0783,00070.7233,00060.7594,674285.466,00067.9472,15027620.076
2021-10-13T19:00:02.617Z,-USD,00068.3966,00070.7233,00060.7594,711379.264,0000066.91,15076957.837
2021-10-13T20:00:02.707Z,-USD,00068.2162,00070.7233,00060.7594,725404.336,00066.9877,15106003.226
2021-10-13T21:00:02.185Z,-USD,00068.9605,00070.7233,00060.7594,0721167.32,00067.2782,15132192.288
2021-10-13T22:00:02.473Z,-USD,00069.0868,00070.7233,00060.7594,718759.914,000067.237,15137730.257
2021-10-13T23:00:01.978Z,-USD,00069.2984,00070.7233,00060.7594,00719830.8,00068.2263,15151985.744
2021-10-14T00:00:02.046Z,-USD,00069.6803,00070.7233,00060.7594,718316.764,00068.2214,15164031.488
2021-10-14T01:00:05.243Z,-USD,00070.4762,00070.7233,00060.7594,0710346.68,00067.4823,14947931.541
2021-10-14T02:00:03.006Z,-USD,000069.871,00070.2272,00060.7594,715293.471,00068.6809,14968612.898
2021-10-14T03:00:02.7Z,-USD,00069.9482,00069.9696,00060.7594,739954.988,00068.9713,15002499.24
2021-10-14T04:00:02.047Z,-USD,00068.6714,00069.9527,00060.7594,733817.808,00069.1606,15016949.626
2021-10-14T05:00:02.507Z,-USD,00069.0623,00071.0939,00060.7594,748884.657,00070.0695,15047530.255
2021-10-14T06:00:02.568Z,-USD,00061.2057,00071.0939,00060.7877,717004.629,00069.6192,15063280.142
2021-10-14T07:00:02.595Z,-USD,000064.167,00071.0939,00063.5285,649642.186,00069.7985,15076060.709
2021-10-14T08:00:02.577Z,-USD,00063.6805,00071.0939,00063.5285,619884.984,00069.1087,15088375.551
2021-10-14T09:00:02.551Z,-USD,00063.9066,00071.0939,000063.676,604650.898,00069.4821,15103363.391
2021-10-14T10:00:01.905Z,-USD,00064.6617,00071.5305,00064.0555,603006.993,00070.4566,15130264.935
2021-10-14T11:00:02.068Z,-USD,0000064.71,00071.5305,00064.0555,584837.382,00070.2935,15141544.485
2021-10-14T12:00:02.265Z,-USD,00065.3976,00071.5305,00064.0555,583439.827,00070.6537,15158357.511
2021-10-14T13:00:02.14Z,-USD,00064.9755,00071.5305,00064.0555,584088.257,00070.6369,15178548.827
2021-10-14T14:00:02.068Z,-USD,00064.7441,00071.5305,00064.0555,592849.454,00070.7534,15200422.31
2021-10-14T15:00:02.441Z,-USD,00065.2993,00071.5305,00065.0554,586254.416,00070.3799,15224770.028
2021-10-14T16:00:04.16Z,-USD,00066.6887,00071.5305,00065.6379,561153.695,00070.7331,15249190.007
2021-10-14T17:00:02.106Z,-USD,00066.5672,00071.5305,00065.6379,525211.528,00069.6786,15274845.996
2021-10-14T18:00:02.311Z,-USD,00068.0931,00071.5305,00065.6379,491027.585,00070.3334,15286597.9
2021-10-14T19:00:02.462Z,-USD,00066.8518,00071.9025,0000066.38,468029.742,00071.0901,15313172.136
2021-10-14T20:00:07.559Z,-USD,000066.936,00071.9025,00066.7972,453684.193,00070.5811,15327879.161
2021-10-14T21:00:10.523Z,-USD,00067.2673,00071.9025,00067.0365,0433892.21,00070.4139,15334074.309
2021-10-14T22:00:14.151Z,-USD,00067.3005,00071.9025,00067.0841,434560.509,00070.8703,15340537.112
2021-10-14T23:00:12.339Z,-USD,00068.2565,00071.9025,0000067.21,430074.435,00070.2652,15349983.291
2021-10-15T00:00:17.239Z,-USD,000068.299,00071.9025,0000067.21,0424075.31,00070.2951,15356144.565
2021-10-15T01:00:12.464Z,-USD,00067.6163,00071.9025,00067.4379,421508.169,00068.7672,14881818.403
2021-10-15T02:00:12.334Z,-USD,00068.7201,00071.9025,00067.5282,424808.559,00068.4616,14905678.258
2021-10-15T03:00:11.185Z,-USD,00068.9445,00071.9025,00067.5282,413360.461,00069.7977,14928118.963
2021-10-15T04:00:22.641Z,-USD,00069.1501,00071.9025,00067.5282,414804.644,000069.401,14943917.49
2021-10-15T05:00:10.149Z,-USD,00070.0625,00071.9025,00067.5282,398625.615,00069.3139,14958190.671
2021-10-15T06:00:07.409Z,-USD,00069.6745,00071.9025,00067.5282,398637.795,00069.5897,14974122.601
2021-10-15T07:00:03.474Z,-USD,00069.8196,00071.9025,00067.5282,399852.308,00069.5123,14988164.259
2021-10-15T08:00:03.829Z,-USD,000069.105,00071.9025,00067.5282,403467.657,000069.034,15003916.179
2021-10-15T09:00:02.657Z,-USD,00069.5118,00071.9025,00065.6173,427766.881,00066.3585,15043188.625
2021-10-15T10:00:02.516Z,-USD,00070.4076,00071.9025,00065.0746,438574.244,00066.5909,15081184.407
2021-10-15T11:00:04.493Z,-USD,00070.3981,00071.9025,00065.0746,444091.329,000066.531,15097928.266
2021-10-15T12:00:04.313Z,-USD,00070.7184,00071.9025,00065.0746,448955.622,00066.6996,15119447.484
2021-10-15T13:00:03.096Z,-USD,00070.6444,00071.9025,00065.0746,442287.995,00066.7639,15133133.393
2021-10-15T14:00:08.91Z,-USD,000070.931,00071.9025,00065.0746,431893.302,00066.9643,15144418.139
2021-10-15T15:00:10.762Z,-USD,00070.2898,00071.9025,00065.0746,420712.584,00066.9336,15157670.544
2021-10-15T16:00:10.703Z,-USD,00070.9128,00071.9025,00065.0746,411222.456,00000067.0,15173362.802
2021-10-15T17:00:09.903Z,-USD,00069.5996,00071.9025,00065.0746,406807.213,00067.8473,15193770.247
2021-10-15T18:00:08.961Z,-USD,00071.1267,00071.9025,00065.0746,412481.617,00068.2564,15214207.477
2021-10-15T19:00:02.023Z,-USD,00071.1895,00071.3501,00065.0746,399704.008,000068.505,15225208.03
2021-10-15T20:00:02.445Z,-USD,00070.7203,00070.9954,00065.0746,398939.377,00068.4685,15238877.665
2021-10-15T21:00:02.621Z,-USD,00070.4598,00070.9954,00065.0746,410768.215,000068.566,15256970.938
2021-10-15T22:00:01.816Z,-USD,00070.9435,00070.9938,00065.0746,421475.794,00067.9174,15274778.804
2021-10-15T23:00:02.561Z,-USD,00070.2576,00070.3902,00065.0746,427546.469,000067.544,15289672.867
2021-10-16T00:00:01.776Z,-USD,00070.3902,00070.3902,00065.0746,439495.704,000067.296,15307757.272
2021-10-16T01:00:10.841Z,-USD,00068.8069,00070.1374,00065.0746,449512.224,00068.1102,14790960.282
2021-10-16T02:00:11.121Z,-USD,00068.5567,00070.1374,00065.0746,438071.958,00067.8232,14803547.103
2021-10-16T03:00:11.374Z,-USD,00069.8748,00070.1374,00065.0746,433131.724,00067.9553,14821050.857
2021-10-16T04:00:23.43Z,-USD,00069.4649,00069.8955,00065.0746,438266.558,00067.3228,14841891.847
2021-10-16T05:00:09.936Z,-USD,00069.2014,00069.8955,00065.0746,439041.571,00067.4699,14856753.872
2021-10-16T06:00:10.923Z,-USD,00069.5694,00069.7206,00065.0746,434057.574,00067.6673,14867700.058
2021-10-16T07:00:08.629Z,-USD,00069.4794,00069.4954,00065.0746,430960.092,00067.4969,14878899.588
2021-10-16T08:00:02.213Z,-USD,00068.9579,00069.1022,00065.0746,425114.462,00067.3481,14888556.781
2021-10-16T09:00:02.128Z,-USD,0000066.25,0000068.88,00065.0746,398677.721,00068.1513,14901388.614
2021-10-16T10:00:02.706Z,-USD,00066.4027,0000068.88,00065.4999,371239.089,00067.9852,14912151.532
2021-10-16T11:00:03.731Z,-USD,00066.4734,0000068.88,00066.2801,367531.707,00068.1019,14925044.272
2021-10-16T12:00:02.202Z,-USD,00066.7327,0000068.88,00066.2801,353265.495,00068.4087,14932284.245
2021-10-16T13:00:11.501Z,-USD,00066.6243,00069.2143,00066.2801,369731.982,00067.4354,14962497.606
2021-10-16T14:00:11.199Z,-USD,00067.0417,00069.2143,0000066.72,00378266.6,000067.824,14982948.396
2021-10-16T15:00:17.788Z,-USD,00066.9479,00069.2143,0000066.78,380320.675,000067.423,14997510.956
2021-10-16T16:00:11.248Z,-USD,00067.0001,00069.2143,0000066.78,371958.568,00067.5367,15005200.201
2021-10-16T17:00:10.684Z,-USD,00067.9855,00069.2143,00000067.0,361770.891,0000067.21,15015172.568
2021-10-16T18:00:10.018Z,-USD,00068.2153,00069.2143,00066.1033,360514.406,00066.6432,15035202.377
2021-10-16T19:00:11.792Z,-USD,00068.4759,00069.2143,00066.1033,360397.723,00066.6557,15045397.447
2021-10-16T20:00:10.055Z,-USD,00068.4429,00069.2143,00066.1033,354448.259,00066.5405,15053075.697
2021-10-16T21:00:02.455Z,-USD,00068.5471,00069.2143,00066.1033,345673.586,00066.7551,15062181.536
2021-10-16T22:00:02.416Z,-USD,00067.8763,00069.2143,00066.1033,332537.359,00066.2511,15066893.167
2021-10-16T23:00:02.255Z,-USD,00067.5402,00069.2143,00066.0946,325134.207,00066.6406,15074494.014
2021-10-17T00:00:01.695Z,-USD,00067.3085,00069.2143,00066.0946,312667.666,00066.4635,15079989.234
2021-10-17T01:00:11.042Z,-USD,00068.0158,00069.2143,00065.3802,306271.387,00066.2019,14682643.533
2021-10-17T02:00:11.159Z,-USD,0000067.74,00069.2143,00065.3802,0314073.09,00066.3729,14703072.547
2021-10-17T03:00:11.036Z,-USD,00067.9606,00069.2143,00065.3802,307253.241,00066.1639,14713741.118
2021-10-17T04:00:42.256Z,-USD,00067.3659,00069.2143,00065.3802,277566.847,00066.5883,14719676.38
2021-10-17T05:00:08.356Z,-USD,00067.3659,00069.2143,00065.3802,288668.127,00066.4533,14730777.66
2021-10-17T06:00:09.229Z,-USD,00067.6249,00069.2143,00065.3802,0283575.07,000066.264,14736694.431
2021-10-17T07:00:09.424Z,-USD,00067.5706,00069.2143,00065.3802,276673.805,00066.2271,14741268.531
2021-10-17T08:00:08.545Z,-USD,00067.3601,00069.2143,00065.3802,0274375.44,000065.797,14748638.109
2021-10-17T09:00:09.307Z,-USD,00068.0437,00069.2143,00065.3802,270326.307,00065.8117,14756992.752
2021-10-17T10:00:09.766Z,-USD,00068.0227,00069.2143,00065.3802,264456.094,00066.0837,14761977.137
2021-10-17T11:00:10.085Z,-USD,00068.0556,00069.2143,00065.3802,259928.252,00065.8202,14770353.326
2021-10-17T12:00:08.446Z,-USD,00068.2913,00069.2143,00065.2029,0262041.04,00065.4631,14779751.3
2021-10-17T13:00:11.507Z,-USD,00067.1998,00068.0311,00000065.1,0240383.83,00065.5922,14788789.828
2021-10-17T14:00:09.855Z,-USD,00067.8305,000067.965,00065.0443,234327.432,00065.3571,14802575.688
2021-10-17T15:00:09.417Z,-USD,00067.3665,00067.7743,00065.0443,226786.413,00065.1445,14809726.139
2021-10-17T16:00:08.9Z,-USD,00067.5936,00067.7067,00063.1115,273989.773,00064.0845,14864625.143
2021-10-17T17:00:02.403Z,-USD,00067.2533,00067.2901,00063.1115,0288939.92,00064.2934,14889496.274
2021-10-17T18:00:03.747Z,-USD,00066.6657,00067.1224,00063.1115,283772.103,00064.5229,14904260.611
2021-10-17T19:00:01.935Z,-USD,00066.6529,00067.1224,00063.1115,285306.863,00064.7169,14916295.657
2021-10-17T20:00:02.498Z,-USD,00066.5018,00067.1224,00063.1115,285501.764,00064.1831,14923854.865
2021-10-17T21:00:02.149Z,-USD,00066.7001,00067.1224,00061.2962,339422.536,00062.2519,14986898.644
2021-10-17T22:00:02.532Z,-USD,00066.1958,00067.1224,00061.2962,351201.616,00063.3843,15004961.023
2021-10-17T23:00:01.82Z,-USD,00066.6414,00067.1224,00061.2962,378215.748,00063.4331,15037989.472
2021-10-18T00:00:08.546Z,-USD,00066.5369,00067.1224,00061.2962,0382151.72,00063.4175,15047511.219
2021-10-18T01:00:02.724Z,-USD,00066.1774,00067.1224,00061.2962,381963.737,000064.467,14803492.619
2021-10-18T02:00:01.902Z,-USD,00066.3755,00067.1224,00061.2962,00369870.3,00064.3992,14811845.069
2021-10-18T03:00:01.983Z,-USD,00066.0899,00067.1224,00061.2962,365033.453,00063.9786,14817591.756
2021-10-18T04:00:02.164Z,-USD,00066.5793,00067.1224,00061.2962,365853.588,00063.4242,14824306.659
2021-10-18T05:00:01.742Z,-USD,00066.4329,00066.5489,00061.2962,0362085.57,00063.5648,14831779.022
2021-10-18T06:00:01.777Z,-USD,00066.2523,00066.5489,00061.2962,362177.235,00063.5238,14837666.917
2021-10-18T07:00:01.706Z,-USD,00066.1897,00066.5489,00061.2962,368388.265,00063.9994,14848523.637
2021-10-18T08:00:02.552Z,-USD,00065.7111,00066.2448,00061.2962,373189.497,00063.3999,14860854.495
2021-10-18T09:00:02.451Z,-USD,00065.8211,00066.2448,00061.2962,371085.398,00063.3087,14866912.802
2021-10-18T10:00:02.248Z,-USD,00066.1248,00066.1265,00061.2962,377804.173,00062.8357,14878620.001
2021-10-18T11:00:02.559Z,-USD,00065.8184,00066.0818,00061.2962,387199.817,00063.4167,14896356.386
2021-10-18T12:00:02.461Z,-USD,00065.4328,00065.7259,00061.2962,398089.847,00062.6778,14916860.325
2021-10-18T13:00:02.581Z,-USD,00065.6802,00065.6802,00061.2962,408990.333,00062.2437,14936836.58
2021-10-18T14:00:01.943Z,-USD,00065.4097,00065.5538,00061.2962,430677.606,00062.7931,14972044.416
2021-10-18T15:00:02.116Z,-USD,00065.1717,00065.3227,00061.2962,446958.951,00062.7744,14995776.473
2021-10-18T16:00:02.353Z,-USD,00063.9114,00065.0626,00061.2962,407474.948,00062.5898,15011376.128
2021-10-18T17:00:01.827Z,-USD,00064.2698,00065.0626,00061.2962,400275.723,00062.0217,15028798.128
2021-10-18T18:00:02.355Z,-USD,00064.5896,00065.0626,00061.2962,394462.007,00061.9964,15037629.511
2021-10-18T19:00:02.229Z,-USD,00064.6969,00065.0626,00061.2962,392451.042,00062.3488,15047561.71
2021-10-18T20:00:02.515Z,-USD,00064.2149,00065.0626,00061.2962,395632.051,00062.5377,15058502.22
2021-10-18T21:00:01.852Z,-USD,00062.2121,00065.0626,00061.3651,350141.796,00062.7439,15076268.442
2021-10-18T22:00:02.585Z,-USD,000063.441,00065.0626,00061.3651,337951.688,00062.8581,15081865.498
2021-10-18T23:00:01.997Z,-USD,00063.3944,00065.0626,00061.3651,322518.077,00062.9375,15099407.614
2021-10-19T00:00:02.07Z,-USD,00063.8639,00065.0626,00061.3651,322868.084,00063.3742,15110330.732
2021-10-19T01:00:02.499Z,-USD,00064.4968,00064.7763,00061.3651,316934.629,00062.8701,14931327.908
2021-10-19T02:00:01.899Z,-USD,00064.3628,00064.3834,00061.3651,319576.281,00063.3475,14942638.18
2021-10-19T03:00:02.276Z,-USD,00064.0179,00064.2354,00061.3651,323818.846,000063.091,14952268.991
2021-10-19T04:00:02.483Z,-USD,00063.4532,00064.2354,00061.3651,330653.209,00063.9582,14965832.065
2021-10-19T05:00:01.823Z,-USD,00063.6859,00064.2354,00061.3651,331301.653,00063.6704,14974209.215
2021-10-19T06:00:02.691Z,-USD,00063.5471,00064.2354,00061.3651,333563.547,00063.6943,14982130.77
2021-10-19T07:00:01.891Z,-USD,00063.9877,00064.2354,00061.3651,347865.125,00063.0667,15007323.195
2021-10-19T08:00:01.966Z,-USD,00063.3954,00064.0965,00061.3651,347881.254,00063.3112,15019686.608
2021-10-19T09:00:02.439Z,-USD,00063.2133,00064.0965,00061.3651,348881.649,00063.2191,15026637.118
2021-10-19T10:00:02.336Z,-USD,0000062.73,00064.0965,00061.3651,344266.355,00062.9904,15033731.125
2021-10-19T11:00:02.348Z,-USD,0000063.35,00064.0965,00061.3651,335323.216,00063.0318,15042984.169
2021-10-19T12:00:02.418Z,-USD,00062.8158,00064.0965,00061.3651,320891.158,00063.2516,15048939.199
2021-10-19T13:00:02.461Z,-USD,00062.2986,00064.0965,00061.3651,307954.804,00063.3001,15056212.126
2021-10-19T14:00:02.569Z,-USD,000062.856,00064.0965,0000061.64,286530.159,0000063.09,15069549.916
2021-10-19T15:00:01.94Z,-USD,00062.6884,00064.0965,0000061.64,0277383.53,00062.7115,15084374.15
2021-10-19T16:00:02.246Z,-USD,00062.5699,00064.0965,0000061.64,268143.427,0000062.32,15090475.535
2021-10-19T17:00:02.619Z,-USD,00062.0683,00064.0965,000061.776,265582.367,00063.0943,15105384.936
2021-10-19T18:00:02.691Z,-USD,00062.0213,00064.0965,00061.8086,267446.851,00063.2969,15116031.515
2021-10-19T19:00:02.283Z,-USD,00062.3266,00064.0965,00061.8086,264941.157,00062.9004,15123402.242
2021-10-19T20:00:02.68Z,-USD,00062.5501,00064.0965,00062.0608,263039.024,00062.8743,15132719.174
2021-10-19T21:00:02.531Z,-USD,00062.6717,00064.0965,00062.0608,251351.401,00062.5625,15138528.983
2021-10-19T22:00:02.312Z,-USD,00062.9821,00064.0965,00062.0608,249600.808,00062.9919,15142353.536
2021-10-19T23:00:02.548Z,-USD,00062.9278,00064.0965,00062.0608,238865.846,00063.2741,15149128.176
2021-10-20T00:00:02.423Z,-USD,00063.4551,00064.0965,00062.0608,0232150.28,0000062.97,15153472.28
2021-10-20T01:00:02.584Z,-USD,00062.9147,00064.0965,00062.0608,229646.134,00062.6871,14661859.087
2021-10-20T02:00:02.668Z,-USD,00063.4612,00064.0965,00062.0608,226343.087,00062.7045,14669702.921
2021-10-20T03:00:02.542Z,-USD,00063.1338,00064.0965,00062.0608,223668.648,00062.6294,14676584.221
2021-10-20T04:00:02.569Z,-USD,00063.9334,00064.0965,00062.0608,218485.244,00062.5512,14685331.773
2021-10-20T05:00:01.718Z,-USD,00063.7542,000063.824,00062.0608,215668.716,00062.7762,14690555.363
2021-10-20T06:00:02.82Z,-USD,00063.6674,000063.737,00062.0608,211250.365,00062.7396,14694214.098
2021-10-20T07:00:02.601Z,-USD,00063.0878,00063.7365,00062.0608,188351.645,00062.5958,14696326.951
2021-10-20T08:00:02.315Z,-USD,00063.3593,00063.7365,00062.0608,178014.903,00062.8706,14698310.936
2021-10-20T09:00:02.178Z,-USD,00063.2897,00063.7365,00062.0608,172849.918,00062.8551,14700100.223
2021-10-20T10:00:02.107Z,-USD,00062.9663,00066.2752,00062.0608,207477.174,00065.4163,14741888.266
2021-10-20T11:00:04.304Z,-USD,00063.0163,00066.3788,00062.0608,217281.982,00065.1577,14760874.1
2021-10-20T12:00:01.956Z,-USD,00063.2566,00066.3788,00062.0608,224433.242,00065.9611,14774008.873
2021-10-20T13:00:01.795Z,-USD,00063.2287,00066.3788,00062.0608,233646.985,000065.761,14790669.538
2021-10-20T14:00:02.204Z,-USD,000063.138,00066.7917,00062.0608,242137.499,00066.4993,14812431.314
2021-10-20T15:00:02.133Z,-USD,00062.7398,00068.2053,0000062.32,278029.077,00067.2673,14863026.409
2021-10-20T16:00:02.191Z,-USD,00062.3933,00068.2053,00062.3351,293813.218,00067.2748,14885152.726
2021-10-20T17:00:01.752Z,-USD,000063.118,00068.2053,00062.5185,298424.427,00067.5565,14904488.632
2021-10-20T18:00:02.711Z,-USD,00063.2045,00068.2053,00062.5185,301656.199,00066.9571,14918428.669
2021-10-20T19:00:02.04Z,-USD,00063.0339,00068.2053,00062.5185,302416.125,00067.0809,14926562.63
2021-10-20T20:00:01.881Z,-USD,00062.7816,00068.2053,00062.5185,309267.069,000067.345,14943090.553
2021-10-20T21:00:02.216Z,-USD,00062.5604,00068.2053,00062.5258,0326693.52,00067.0513,14965955.937
2021-10-20T22:00:02.297Z,-USD,00063.0606,00068.2053,00062.5258,334628.767,00066.9735,14977696.2
2021-10-20T23:00:01.822Z,-USD,00063.3032,00068.2053,00062.5258,0342418.55,00066.5793,14992201.57
2021-10-21T00:00:02.66Z,-USD,00062.9948,00068.2053,00062.5258,348497.737,00066.9876,15002614.565
2021-10-21T01:00:02.187Z,-USD,00062.6341,00068.2053,00062.5258,360870.383,00067.4485,14647963.318
2021-10-21T02:00:02.795Z,-USD,00062.6943,00068.2053,00062.5258,369585.304,00066.8826,14664828.994
2021-10-21T03:00:02.201Z,-USD,00062.6839,00068.2053,00062.5258,392735.939,00066.7299,14694706.706
2021-10-21T04:00:02.146Z,-USD,00062.5351,00068.2053,00062.5258,403080.885,0000066.84,14713690.244
2021-10-21T05:00:02.629Z,-USD,00062.7901,00068.2053,00062.5777,408251.906,000066.731,14724069.953
2021-10-21T06:00:02.524Z,-USD,00062.7386,00068.2053,00062.5777,413442.503,00066.5159,14732897.532
2021-10-21T07:00:02.385Z,-USD,00062.6643,00068.2053,00062.5936,423618.973,000066.217,14745203.679
2021-10-21T08:00:02.232Z,-USD,00062.8999,00068.2053,00062.8159,432146.096,00066.4873,14755688.054
2021-10-21T09:00:02.008Z,-USD,00062.9534,00068.2053,00062.9534,447923.549,00067.0594,14773258.534
2021-10-21T10:00:01.763Z,-USD,00065.5244,00068.2053,00065.1205,421611.421,00067.3334,14788807.802
2021-10-21T11:00:02.084Z,-USD,00065.2964,00068.2053,00065.1299,417776.498,00067.7624,14803960.994
2021-10-21T12:00:01.931Z,-USD,00065.9192,00068.2053,000064.911,450970.357,0000066.41,14850387.291
2021-10-21T13:00:01.776Z,-USD,00065.8395,00068.2053,000064.911,447168.844,00066.6539,14863227.951
2021-10-21T14:00:02.654Z,-USD,00066.6287,00068.2053,000064.911,436870.235,00066.6399,14874899.838
2021-10-21T15:00:01.791Z,-USD,00067.2947,00068.1754,000064.911,417610.065,00065.3599,14905997.523
2021-10-21T16:00:02.014Z,-USD,00067.3533,00068.1754,00063.3262,430412.288,00064.4483,14940861.501
2021-10-21T17:00:02.369Z,-USD,00067.4762,00068.1754,00063.3262,439908.854,000064.453,14969816.011
2021-10-21T18:00:02.593Z,-USD,00066.9452,00068.1754,00063.3262,442594.305,00064.0269,14986255.896
2021-10-21T19:00:02.51Z,-USD,00067.0433,00068.1754,00063.3262,449376.436,00064.1689,15001190.966
2021-10-21T20:00:02.655Z,-USD,00067.2833,00068.1754,00063.3262,453385.768,00064.2438,15021803.777
2021-10-21T21:00:01.929Z,-USD,00067.0943,00068.1754,00063.3262,447568.962,00064.3061,15038851.699
2021-10-21T22:00:02.08Z,-USD,00066.9042,00068.1754,00063.3262,442496.817,00064.6844,15045478.309
2021-10-21T23:00:02.468Z,-USD,00066.5744,00068.1754,00063.3262,445682.433,00063.9587,15063270.458
2021-10-22T00:00:02.626Z,-USD,00067.0891,00068.1754,00063.3262,0457182.33,00063.6113,15085079.27
2021-10-22T01:00:09.309Z,-USD,00067.4279,00068.1754,00063.3262,454248.066,00064.3595,14794558.847
2021-10-22T02:00:07.275Z,-USD,00066.9195,00068.1754,00063.3262,448958.239,00064.6633,14806142.877
2021-10-22T03:00:02.234Z,-USD,00066.7899,00068.1754,00063.3262,435638.539,00064.7741,14822708.219
2021-10-22T04:00:01.852Z,-USD,00066.8353,00068.1754,00063.3262,427300.961,00065.2666,14833536.839
2021-10-22T05:00:02.652Z,-USD,00066.6647,00068.1754,00063.3262,425428.463,000064.744,14841855.121
2021-10-22T06:00:02.402Z,-USD,00066.4637,00068.1754,00063.3262,00421923.3,00065.1152,14847404.45
2021-10-22T07:00:02.05Z,-USD,00066.1749,00068.1754,00063.3262,420486.915,00064.9362,14858164.517
2021-10-22T08:00:01.781Z,-USD,00066.4207,00068.1754,00063.3262,419403.763,00065.1154,14867444.221
2021-10-22T09:00:02.57Z,-USD,00067.0853,00068.1754,00063.3262,408945.496,00065.1957,14874594.14
2021-10-22T10:00:02.161Z,-USD,00067.2874,00068.1754,00063.3262,00398245.2,00064.9203,14879508.551
2021-10-22T11:00:02.351Z,-USD,000067.765,00068.1754,00063.3262,0394319.18,00064.8096,14890757.991
2021-10-22T12:00:01.743Z,-USD,00066.3468,00067.1739,00063.3262,356372.629,00065.0719,14899228.477
2021-10-22T13:00:02.639Z,-USD,00066.7369,00067.1739,00063.3262,356204.794,00065.0855,14912231.817
2021-10-22T14:00:02.466Z,-USD,00066.6019,00066.9141,00063.3262,373137.581,00065.5575,14940643.284
2021-10-22T15:00:01.819Z,-USD,00065.2579,00066.9141,00063.3262,0367104.15,00065.6038,14965680.068
2021-10-22T16:00:01.939Z,-USD,00064.3327,00066.9141,00063.5285,355221.834,00065.6983,14989095.411
2021-10-22T17:00:02.393Z,-USD,0000064.39,00066.9141,00063.5285,367374.494,000066.086,15029616.841
2021-10-22T18:00:02.025Z,-USD,00064.0354,00066.9141,00063.5285,365593.516,00065.4135,15044205.02
2021-10-22T19:00:02.161Z,-USD,00064.1826,00066.9141,00063.5285,364897.334,00065.3981,15058771.431
2021-10-22T20:00:02.173Z,-USD,00064.3256,00066.9141,00063.5285,354273.926,00065.8241,15068614.115
2021-10-22T21:00:02.418Z,-USD,00064.3017,00066.9141,00063.5285,354003.088,00065.7346,15085489.293
2021-10-22T22:00:02.198Z,-USD,00064.7089,00066.9141,00063.5285,358660.261,00065.3386,15096516.842
2021-10-22T23:00:02.568Z,-USD,00063.9279,00066.9141,00063.5285,355580.718,0000066.05,15113076.952
2021-10-23T00:00:02.446Z,-USD,00063.6059,00066.9141,00063.6058,357699.867,00065.8828,15135114.928
2021-10-23T01:00:02.283Z,-USD,00064.3158,00066.9141,00064.0512,362474.896,00066.0315,14877477.882
2021-10-23T02:00:02.096Z,-USD,000064.762,00066.9141,00064.0512,362550.289,00065.9965,14889895.644
2021-10-23T03:00:02.102Z,-USD,00064.8185,00066.9141,00064.0512,352298.119,00065.8704,14895740.891
2021-10-23T04:00:02.17Z,-USD,00065.2766,00066.9141,00064.0512,356370.878,00065.6379,14910532.271
2021-10-23T05:00:02.322Z,-USD,00064.7649,00066.9141,00064.0512,0352405.63,00065.7748,14914777.596
2021-10-23T06:00:02.227Z,-USD,00065.0103,00066.9141,00064.0512,352799.407,00065.1804,14920638.379
2021-10-23T07:00:02.1Z,-USD,00064.9665,00066.9141,00064.0512,348773.655,00065.2957,14927434.359
2021-10-23T08:00:01.833Z,-USD,00065.1707,00066.9141,00064.0512,347108.187,000065.165,14935093.168
2021-10-23T09:00:01.76Z,-USD,00065.1221,00066.9141,00064.0512,348210.934,00065.2175,14943387.656
2021-10-23T10:00:02.585Z,-USD,000064.892,00066.9141,00064.0512,359880.377,000064.907,14959985.508
2021-10-23T11:00:01.767Z,-USD,00064.8301,00066.9141,00064.0512,357108.119,00064.4648,14968253.643
2021-10-23T12:00:02.463Z,-USD,00065.0816,00066.9141,00063.9326,364773.068,00064.8436,14984381.802
2021-10-23T13:00:02.387Z,-USD,00065.1159,00066.9141,00063.9326,00360203.8,00064.9411,14992813.776
2021-10-23T14:00:02.271Z,-USD,00065.4866,00066.5971,00063.9326,339886.096,000064.725,15000999.748
2021-10-31T18:00:08.706Z,-USD,00058.6029,00066.8396,00058.2134,931786.897,00063.7453,13786800.481
2021-10-31T19:00:01.791Z,-USD,00058.9588,00066.8396,00058.2134,957205.083,00063.3487,13818855.948
2021-10-31T20:00:01.778Z,-USD,00059.1911,00066.8396,00058.2134,962727.644,00063.0681,13839376.378
2021-10-31T21:00:02.684Z,-USD,00059.0961,00066.8396,00058.2134,0972950.18,00063.0274,13856072.217
2021-10-31T22:00:01.709Z,-USD,00059.3669,00066.8396,00058.2134,0995842.36,00063.7148,13883602.155
2021-10-31T23:00:03.094Z,-USD,00059.0081,00066.8396,00058.9572,1045202.677,00064.5261,13946771.557
2021-11-01T00:00:04.868Z,-USD,00061.4742,00066.8396,00059.2881,1061131.083,00064.3763,13991115.557
2021-11-01T01:00:04.338Z,-USD,00060.5026,00066.8396,00059.2881,1019503.84,00063.6514,13336543.224
2021-11-01T02:00:03.854Z,-USD,00060.6371,00066.8396,00059.2881,997849.731,00063.1095,13348157.14
2021-11-01T03:00:03.703Z,-USD,00061.7418,00066.8396,00059.2881,984191.153,00062.7124,13382022.732
2021-11-01T04:00:13.388Z,-USD,00062.2501,00066.8396,00059.2881,00967193.2,00000061.4,13402271.156
2021-11-01T05:00:07.284Z,-USD,00061.7808,00066.8396,00059.2881,954898.458,00062.2035,13417594.283
2021-11-01T06:00:06.049Z,-USD,00061.5967,00066.8396,00059.2881,941723.343,00062.0338,13426617.064
2021-11-01T07:00:06.388Z,-USD,00061.0906,00066.8396,00059.2881,935751.215,00062.3593,13437079.729
2021-11-01T08:00:02.266Z,-USD,00061.9467,00066.8396,00059.2881,933948.078,00063.1287,13450485.429
2021-11-01T09:00:01.782Z,-USD,000060.669,00066.8396,00059.2881,922780.556,00063.2519,13461419.238
2021-11-01T10:00:02.202Z,-USD,00060.4899,00066.8396,00059.2881,905106.906,00062.9662,13469347.75
2021-11-01T11:00:03.213Z,-USD,00060.1779,00066.8396,00059.2881,888802.449,00062.6903,13476203.036
2021-11-01T12:00:02.513Z,-USD,00059.8269,00066.8396,00059.2881,0883626.95,00063.1669,13491137.89
2021-11-01T13:00:02.256Z,-USD,000061.232,00066.8396,00060.7116,856346.066,000063.132,13512585.371
2021-11-01T14:00:02.194Z,-USD,00064.3917,00066.8396,00060.7116,695843.471,00063.0331,13526825.845
2021-11-01T15:00:02.248Z,-USD,00066.4216,00066.4219,00060.7116,590759.481,00062.9198,13547970.879
2021-11-01T16:00:01.801Z,-USD,00063.3847,00000065.0,00060.7116,543829.607,00063.3129,13563835.318
2021-11-01T17:00:03.98Z,-USD,00064.3891,00000065.0,00060.7116,509419.798,00062.5451,13577678.33
2021-11-01T18:00:02.944Z,-USD,00063.7168,00000065.0,00060.7116,472990.917,00062.3444,13587343.128
2021-11-01T19:00:02.167Z,-USD,00063.2571,00000065.0,00060.7116,453276.187,00062.3253,13599626.159
2021-11-01T20:00:02.283Z,-USD,00063.0274,00000065.0,00060.7116,442923.371,00000063.0,13609903.452
2021-11-01T21:00:02.427Z,-USD,000063.024,00000065.0,00060.7116,0436602.75,00062.7125,13620245.806
2021-11-01T22:00:02.478Z,-USD,00063.6695,00000065.0,00060.7116,0415530.74,00063.0231,13626620.583
2021-11-01T23:00:03.419Z,-USD,00064.5249,00064.9312,00060.7116,366201.929,00063.3007,13640899.484
2021-11-02T00:00:01.929Z,-USD,00064.4993,00064.5173,00060.7116,336302.318,00063.9032,13655611.171
2021-11-02T01:00:01.873Z,-USD,00063.4942,0000064.25,00060.7116,345158.729,00063.8006,13248011.421
2021-11-02T02:00:01.986Z,-USD,00063.1183,000066.217,00060.7116,391949.736,00064.6103,13306040.146
2021-11-02T03:00:01.903Z,-USD,00061.2696,000066.217,00060.7116,359642.639,00065.1914,13328617.502
2021-11-02T04:00:02.082Z,-USD,00061.2696,000066.217,00060.7116,0369430.61,00065.4227,13338405.473
2021-11-02T05:01:03.096Z,-USD,00062.0433,000066.217,0000061.61,380765.967,00065.5145,13373533.659
2021-11-02T06:00:02.166Z,-USD,00062.0433,000066.217,0000061.61,396737.773,00065.3099,13389505.465
2021-11-02T07:00:01.91Z,-USD,00062.5404,000066.217,00061.9807,401653.514,00064.7126,13404690.431
2021-11-02T08:00:01.852Z,-USD,00063.0101,000066.217,00061.9807,397037.357,00064.5968,13413405.976
2021-11-02T09:00:01.775Z,-USD,00063.2486,000066.217,00061.9807,399941.154,00064.6852,13427276.939
2021-11-02T10:00:01.714Z,-USD,00062.9716,000066.217,00061.9807,406380.234,00065.3367,13441746.21
2021-11-02T11:00:04.183Z,-USD,00062.6162,000066.217,00061.9807,412246.467,00064.9597,13454462.348
2021-11-02T12:00:01.711Z,-USD,00063.1524,000066.217,00061.9807,409228.258,0000064.86,13466423.123
2021-11-02T13:00:02.582Z,-USD,000063.117,000066.217,00061.9807,399766.576,00064.8234,13478600.731
2021-11-02T14:00:02.686Z,-USD,00063.0319,000066.217,00061.9807,398556.573,00065.3194,13491282.699
2021-11-02T15:00:02.009Z,-USD,00062.8656,00066.4413,00061.9807,426695.597,00064.8979,13540671.06
2021-11-02T16:00:02.22Z,-USD,00063.4805,00066.4413,00061.9807,435823.536,00064.1937,13566108.542
2021-11-02T17:00:03.37Z,-USD,00062.4895,00066.4413,00061.9807,437309.789,00064.3318,13581000.561
2021-11-02T18:00:02.126Z,-USD,00062.3232,00066.4413,00061.9807,436051.808,000064.285,13589304.662
2021-11-02T19:00:02.42Z,-USD,00062.3043,00066.4413,000062.165,429872.933,00064.5661,13595350.71
2021-11-02T20:00:01.771Z,-USD,00063.0393,00066.4413,00062.5411,425392.152,00064.7978,13601992.655
2021-11-02T21:00:01.886Z,-USD,00062.7919,00066.4413,00062.5501,420633.325,00064.5053,13607170.276
2021-11-02T22:00:02.016Z,-USD,00062.9581,00066.4413,00062.8825,427720.077,0000064.17,13620268.441
2021-11-02T23:00:02.751Z,-USD,00063.2978,00066.4413,00063.2821,425558.391,00064.5035,13632346.336
2021-11-03T00:00:02.489Z,-USD,00063.9194,00066.4413,00063.4659,421479.659,00064.6557,13643169.332
2021-11-03T01:00:02.616Z,-USD,00063.9291,00066.4413,000063.641,406084.516,000064.962,13169796.511
2021-11-03T02:00:02.352Z,-USD,0000064.75,00066.4413,00063.7686,359912.167,00064.7742,13181863.941
2021-11-03T03:00:02.521Z,-USD,00065.1813,00066.4413,00063.7686,369754.408,000065.743,13213851.417
2021-11-03T04:00:02.703Z,-USD,00065.4802,00066.4413,00063.7686,380787.147,00064.7533,13234732.288
2021-11-03T05:00:03.72Z,-USD,00065.5135,00066.4413,00063.7686,362706.724,00064.2398,13251719.89
2021-11-03T06:00:02.825Z,-USD,00065.3761,00066.4413,00063.7686,357223.905,00064.6171,13263025.321
2021-11-03T07:00:01.666Z,-USD,00064.7601,00066.4413,00063.7686,358005.533,00064.6671,13278289.408
2021-11-03T08:00:02.667Z,-USD,00064.6132,00066.4413,00063.7686,355724.422,000064.986,13285027.484
2021-11-03T09:00:02.682Z,-USD,00064.8098,00066.4413,00063.7686,356838.525,00064.5989,13299851.277
2021-11-03T10:00:02.489Z,-USD,00065.3315,00066.4413,00063.7686,351905.773,00064.8598,13309346.51
2021-11-03T11:00:04.508Z,-USD,00065.0191,00066.4413,00063.7686,346907.002,00064.5369,13316849.036
2021-11-03T12:00:01.942Z,-USD,00064.8301,00066.4413,00063.7686,341257.751,00064.5296,13324064.288
2021-11-03T13:00:01.863Z,-USD,00064.8617,00066.4413,00061.5451,357026.838,00062.3671,13351642.614
2021-11-03T14:00:01.998Z,-USD,00065.3185,00066.4413,00061.5451,368631.528,00062.3388,13375522.225
2021-11-03T15:00:02.207Z,-USD,00064.9779,00065.9505,00061.5451,345811.389,00062.5515,13402118.759
2021-11-03T16:00:01.68Z,-USD,00064.1911,00065.9505,00061.5451,336942.863,00062.6527,13418704.781
2021-11-03T17:00:03.277Z,-USD,00064.3912,00065.9505,00061.5451,339567.072,00062.3321,13436094.322
2021-11-03T18:00:01.882Z,-USD,00064.3186,00065.9505,00061.5451,344007.284,00062.9965,13448815.552
2021-11-03T19:00:02.278Z,-USD,00064.5936,00065.9505,00061.5451,369760.813,00064.0702,13480598.154
2021-11-03T20:00:02.568Z,-USD,00064.7644,00065.9505,00061.5451,0379936.54,00064.1444,13497501.953
2021-11-03T21:00:01.933Z,-USD,00064.4548,00065.9505,00061.5451,382634.027,00064.4515,13505523.105
