Coin on file:	ICP
Created by:	chris
Created on:	09/18/2021T03:00:1631948402Z

Recorded,Currency,Open,High,Low,Volume,Last,Volume30day
2021-09-18T03:00:02.659Z,-USD,000057.684,000058.611,000054.793,547096.3082,0000057.08,28854892.6319
2021-09-18T04:00:01.983Z,-USD,000058.001,000058.611,000054.793,551157.3794,000057.566,28875793.223
2021-09-18T05:00:02.052Z,-USD,000058.392,000058.611,000054.793,546486.3237,0000057.88,28891944.2792
2021-09-18T06:00:02.083Z,-USD,0000058.34,000058.379,000054.793,559408.4325,000057.831,28918051.8075
2021-09-18T07:00:02.385Z,-USD,0000058.13,000058.341,000054.793,556471.2287,000057.904,28927302.5518
2021-09-18T08:00:02.626Z,-USD,000057.221,000058.802,000054.793,570597.0959,000058.084,28956990.0284
2021-09-18T09:00:01.852Z,-USD,000057.583,000058.802,000054.793,566387.1509,000058.149,28966642.0704
2021-09-18T10:00:01.968Z,-USD,000056.867,00000062.0,000054.793,649104.3061,000060.939,29064142.9616
2021-09-18T11:00:02.344Z,-USD,000055.511,00000062.0,000055.011,593827.3414,000060.225,29105748.7168
2021-09-18T12:00:02.46Z,-USD,000055.462,00000062.0,000055.011,591585.2212,000058.958,29128241.5057
2021-09-18T13:00:02.675Z,-USD,000056.009,00000062.0,000055.266,596291.4329,000059.281,29153602.0826
2021-09-18T14:00:01.88Z,-USD,000055.786,00000062.0,000055.266,597562.9498,000059.707,29173955.3283
2021-09-18T14:27:57.952Z,-USD,000056.291,00000062.0,000055.266,578997.9463,000060.046,29181475.2069
2021-09-18T14:28:37.246Z,-USD,000056.291,00000062.0,000055.266,579202.5373,000060.167,29181679.7979
2021-09-18T14:31:17.504Z,-USD,000056.291,00000062.0,000055.266,579683.4046,000060.162,29182160.6652
2021-09-18T15:00:02.118Z,-USD,000056.291,00000062.0,000055.266,584379.8457,000059.847,29186857.1063
2021-09-18T16:00:02.322Z,-USD,000056.276,00000062.0,000055.266,589387.9664,000059.158,29212692.3715
2021-09-18T17:00:02.107Z,-USD,000056.878,00000062.0,000055.266,580320.5742,000058.787,29236632.0687
2021-09-18T18:00:07.221Z,-USD,000055.967,00000062.0,000055.266,563719.0737,00000059.0,29247627.1306
2021-09-18T19:00:01.787Z,-USD,000055.798,00000062.0,000055.405,535757.9279,000058.844,29258739.0045
2021-09-18T20:00:02.515Z,-USD,000055.949,00000062.0,000055.405,511735.765,000058.904,29268544.337
2021-09-18T21:00:02.121Z,-USD,0000055.53,00000062.0,000055.405,514543.4335,000058.002,29292055.1834
2021-09-18T22:00:02.335Z,-USD,000056.049,00000062.0,0000055.45,509094.1572,000058.018,29299369.5181
2021-09-18T23:00:01.768Z,-USD,000055.797,00000062.0,0000055.45,499396.651,000058.256,29305201.4283
2021-09-19T00:00:02.394Z,-USD,000056.472,00000062.0,0000055.45,501431.1136,000058.639,29316965.5041
2021-09-19T01:00:02.002Z,-USD,000056.267,00000062.0,000055.999,503518.1304,000057.577,28496337.2952
2021-09-19T02:00:02.019Z,-USD,000056.676,00000062.0,000056.542,507484.133,000057.643,28512678.3964
2021-09-19T03:00:02.664Z,-USD,000057.099,00000062.0,0000056.88,498966.8329,000057.732,28518458.842
2021-09-19T04:00:02.654Z,-USD,000057.571,00000062.0,0000056.88,482245.5092,000057.506,28522736.2563
2021-09-19T05:00:02.407Z,-USD,000057.905,00000062.0,0000056.88,472760.0267,0000057.25,28529397.8197
2021-09-19T06:00:02.187Z,-USD,000057.861,00000062.0,0000056.88,451756.8779,0000057.65,28534416.5139
2021-09-19T07:00:02.005Z,-USD,000057.997,00000062.0,0000056.88,451754.9072,000058.055,28543605.7059
2021-09-19T08:00:02.143Z,-USD,000058.146,00000062.0,0000056.88,428620.032,000057.855,28550171.8553
2021-09-19T09:00:01.925Z,-USD,00000058.2,00000062.0,0000056.88,424910.4755,000058.635,28556467.7736
2021-09-19T10:00:01.868Z,-USD,000061.006,000061.246,0000056.88,334473.1131,000058.166,28563495.7415
2021-09-19T11:00:02.48Z,-USD,000060.247,000060.501,0000056.88,300982.5626,000057.558,28571251.162
2021-09-19T12:00:02.523Z,-USD,000059.133,000060.362,0000056.17,308652.0281,000056.595,28601677.6826
2021-09-19T13:00:02.684Z,-USD,000059.337,000060.362,0000056.17,295182.9276,000056.804,28613312.6425
2021-09-19T14:00:02.607Z,-USD,000059.697,000060.334,0000056.17,285311.1068,0000057.36,28623788.5408
2021-09-19T15:00:02.684Z,-USD,000059.897,000060.334,0000056.17,279585.6457,000057.533,28631015.5735
2021-09-19T16:00:02.634Z,-USD,000059.374,000059.545,0000056.17,261075.7553,000057.478,28638668.8262
2021-09-19T17:00:02.62Z,-USD,000058.783,000059.167,0000056.17,278461.6285,000057.964,28679616.7893
2021-09-19T18:00:01.7Z,-USD,000058.979,000059.167,0000056.17,282121.4628,000057.361,28694308.6245
2021-09-19T19:00:01.839Z,-USD,0000058.74,000058.946,0000056.17,291533.2164,000057.958,28714810.4591
2021-09-19T20:00:01.841Z,-USD,000058.946,000058.946,0000056.17,300471.328,000057.322,28733618.883
2021-09-19T21:00:02.299Z,-USD,000057.972,000058.875,0000056.17,285196.0659,000057.871,28742044.7776
2021-09-19T22:00:02.24Z,-USD,000058.028,000058.875,0000056.17,291340.0493,000057.311,28755285.8494
2021-09-19T23:00:02.396Z,-USD,000058.329,000058.875,000056.105,311681.4676,000056.556,28781398.0331
2021-09-20T00:00:01.696Z,-USD,000058.622,000058.875,000056.105,310076.2226,000057.152,28791663.5934
2021-09-20T01:00:01.876Z,-USD,000057.528,000058.875,000055.627,319143.0721,000056.051,28301194.7133
2021-09-20T02:00:02.151Z,-USD,000057.638,000058.875,000055.627,309137.2012,000056.459,28307488.8484
2021-09-20T03:00:02.274Z,-USD,000057.773,000058.875,000053.325,389205.7266,000053.777,28393315.7782
2021-09-20T04:00:02.153Z,-USD,000057.508,000058.875,0000051.56,443004.089,0000053.12,28451428.8199
2021-09-20T05:00:01.965Z,-USD,000057.257,000058.875,0000051.56,480935.5438,000053.091,28496002.3138
2021-09-20T06:00:01.919Z,-USD,000057.591,000058.875,0000051.56,491282.3008,000053.106,28511387.5921
2021-09-20T07:00:02.042Z,-USD,000058.133,000058.875,0000051.56,497879.3587,000052.575,28527256.2505
2021-09-20T08:00:02.121Z,-USD,000057.914,000058.875,000049.843,547820.5074,0000050.52,28583643.57
2021-09-20T09:00:01.892Z,-USD,000058.629,000058.875,000049.843,557576.2638,000051.832,28599703.7717
2021-09-20T10:00:01.701Z,-USD,000058.199,000058.666,000049.843,567524.9154,000051.238,28616747.0918
2021-09-20T11:00:02.361Z,-USD,000057.582,000058.666,000049.843,597522.4657,0000051.06,28654503.952
2021-09-20T12:00:02.361Z,-USD,0000056.54,000058.666,000047.364,643681.5431,00000048.9,28731871.123
2021-09-20T13:00:02.403Z,-USD,000056.736,000058.666,000045.241,729013.2249,000048.338,28827995.5708
2021-09-20T14:00:02.73Z,-USD,000057.326,000058.666,000045.241,842505.9927,000050.712,28951945.7378
2021-09-20T15:00:01.832Z,-USD,000057.562,000058.666,000045.241,881917.9473,000049.343,28998585.3442
2021-09-20T16:00:02.357Z,-USD,000057.415,000058.666,000045.241,905138.1599,000049.835,29029527.9052
2021-09-20T17:00:02.536Z,-USD,000057.967,000058.431,000045.241,894312.3006,000049.629,29059639.9939
2021-09-20T18:00:02.544Z,-USD,000057.433,000058.298,000045.241,896229.6458,0000049.99,29076241.0924
2021-09-20T19:00:02.469Z,-USD,000057.981,000058.298,000045.241,908344.7154,0000048.19,29108808.4756
2021-09-20T20:00:02.434Z,-USD,000057.282,0000058.03,000045.241,923912.0122,0000048.63,29143200.3905
2021-09-20T21:00:02.46Z,-USD,000057.863,0000058.03,000045.241,943255.7897,000048.063,29170953.9873
2021-09-20T22:00:02.44Z,-USD,000057.386,000057.571,000045.241,952080.1802,000048.488,29193035.9918
2021-09-20T23:00:02.52Z,-USD,000056.498,000057.332,000045.241,948550.1144,0000048.42,29215618.4596
2021-09-21T00:00:02.956Z,-USD,000057.216,000057.332,000045.241,979378.3169,000047.593,29256715.1156
2021-09-21T01:00:02.191Z,-USD,000056.066,00000056.6,000044.116,1044123.7036,000045.675,28961209.1274
2021-09-21T02:00:01.777Z,-USD,000056.438,00000056.6,000044.116,1098592.7396,000047.938,29022090.6866
2021-09-21T03:00:02.103Z,-USD,000053.358,000054.084,000044.116,1046500.7973,000048.277,29057707.7414
2021-09-21T04:00:02.34Z,-USD,0000052.93,000053.588,000044.116,1006908.2374,000047.773,29074504.2341
2021-09-21T05:00:02.612Z,-USD,000053.031,000053.588,000044.116,982599.071,000047.024,29094499.229
2021-09-21T06:00:02.518Z,-USD,000053.101,00000053.5,000044.116,998835.821,000047.292,29126276.3523
2021-09-21T07:00:02.272Z,-USD,000052.536,00000053.5,000044.116,1001580.869,000047.776,29144708.4421
2021-09-21T08:00:02.419Z,-USD,000050.623,00000053.5,000044.116,960655.0025,000048.891,29160468.6712
2021-09-21T09:00:02.545Z,-USD,0000051.76,00000053.5,000044.116,960550.5264,000049.396,29176155.4873
2021-09-21T10:00:02.395Z,-USD,000051.271,00000053.5,000044.116,956924.8133,000048.682,29189540.5586
2021-09-21T11:00:02.6Z,-USD,000051.061,00000053.5,000044.116,933434.7571,000049.378,29203829.6479
2021-09-21T12:00:02.507Z,-USD,000048.815,00000053.5,000044.116,870055.2349,000049.241,29218037.345
2021-09-21T13:00:02.679Z,-USD,000048.326,00000053.5,000044.116,803676.7173,000048.652,29248144.6975
2021-09-21T14:00:01.857Z,-USD,0000050.63,000050.826,000044.116,698156.0742,000048.251,29266885.9744
2021-09-21T15:00:02.144Z,-USD,0000049.29,000050.636,000044.116,683964.3057,000047.262,29298539.0746
2021-09-21T16:00:02.617Z,-USD,000049.692,000050.636,000044.116,672915.1269,000048.601,29318694.743
2021-09-21T17:00:03.462Z,-USD,000049.601,000050.158,000044.116,668194.2316,000047.101,29343691.7768
2021-09-21T18:00:01.824Z,-USD,000050.108,000050.158,000044.116,687579.2947,000046.196,29379846.4677
2021-09-21T19:00:02.438Z,-USD,000048.215,00000050.1,000044.116,695025.3756,000046.328,29419798.551
2021-09-21T20:00:02.298Z,-USD,000048.575,00000050.1,000044.116,693812.8961,000046.259,29452953.5283
2021-09-21T21:00:01.766Z,-USD,000048.109,00000050.1,000043.611,808936.0594,000043.911,29595836.6982
2021-09-21T22:00:02.225Z,-USD,000048.493,00000050.1,000041.969,857740.4367,000044.744,29666658.9731
2021-09-21T23:00:02.124Z,-USD,000048.436,00000050.1,000041.969,882935.0867,000043.522,29714508.8982
2021-09-22T00:00:02.323Z,-USD,000047.599,00000050.1,000041.969,937203.7148,000044.709,29809779.8571
2021-09-22T01:00:02.686Z,-USD,000045.734,00000050.1,000041.969,883430.0071,0000044.77,29397897.3802
2021-09-22T02:00:01.838Z,-USD,0000048.01,00000050.1,000041.969,874774.571,0000045.67,29450285.8711
2021-09-22T03:00:02.496Z,-USD,0000048.16,00000050.1,000041.969,863708.9428,000045.258,29474506.4364
2021-09-22T04:00:01.855Z,-USD,0000047.87,00000050.1,000041.969,871077.1712,000045.138,29498715.3141
2021-09-22T05:00:01.961Z,-USD,0000046.99,00000050.1,000041.969,869060.4066,000044.801,29516794.1838
2021-09-22T06:00:02.356Z,-USD,000047.371,00000050.1,000041.969,849389.1871,000045.751,29528743.8742
2021-09-22T07:00:02.359Z,-USD,0000047.88,00000050.1,000041.969,850204.7155,000046.126,29548002.3824
2021-09-22T08:00:02.458Z,-USD,000048.923,00000050.1,000041.969,853888.528,000046.744,29567595.351
2021-09-22T09:00:03.657Z,-USD,000049.389,00000050.1,000041.969,849947.1937,000046.258,29579219.4208
2021-09-22T10:00:01.805Z,-USD,000048.686,00000050.1,000041.969,850898.8778,000046.407,29593697.8729
2021-09-22T11:00:02.368Z,-USD,000049.381,00000050.1,000041.969,850263.3937,000046.392,29607236.355
2021-09-22T12:00:02.378Z,-USD,000049.241,00000050.1,000041.969,852571.8059,000045.294,29623771.1063
2021-09-22T13:00:02.638Z,-USD,000048.515,000048.846,000041.969,838395.5314,000045.783,29639639.8277
2021-09-22T14:00:01.835Z,-USD,000048.311,000048.776,000041.969,841098.3736,000046.331,29661251.6948
2021-09-22T15:00:01.945Z,-USD,000047.198,000048.776,000041.969,830852.3676,000048.037,29682523.1012
2021-09-22T16:00:02.268Z,-USD,000048.645,000048.853,000041.969,853673.6503,000048.457,29725490.5449
2021-09-22T17:00:02.156Z,-USD,0000047.16,0000050.35,000041.969,878161.2053,000049.734,29775203.9121
2021-09-22T18:00:02.557Z,-USD,000046.193,000050.841,000041.969,877547.9646,000050.841,29810578.6745
2021-09-22T19:00:02.158Z,-USD,000046.276,0000051.75,000041.969,897135.7297,0000049.56,29870303.4428
2021-09-22T20:00:02.676Z,-USD,000046.092,0000051.75,000041.969,884956.8769,000050.071,29891440.99
2021-09-22T21:00:01.933Z,-USD,000043.886,0000051.75,000041.969,783195.3313,000050.621,29933353.9916
2021-09-22T22:00:02.514Z,-USD,000044.651,0000051.75,0000043.47,765141.6417,000050.537,29985004.4707
2021-09-22T23:00:02.005Z,-USD,000043.602,0000051.75,000043.592,756049.3042,000049.972,30024446.8124
2021-09-23T00:00:03.545Z,-USD,000044.752,0000051.75,000044.059,675629.5295,000049.887,30038486.6863
2021-09-23T01:00:02.49Z,-USD,000044.938,0000051.75,000044.441,665262.1323,000049.239,29310927.5506
2021-09-23T02:00:02.357Z,-USD,000045.749,0000051.75,000044.441,656268.6034,000049.905,29354295.8063
2021-09-23T03:00:02.712Z,-USD,000045.191,0000051.75,000044.441,654899.894,000049.895,29377153.0371
2021-09-23T04:00:01.926Z,-USD,000045.112,0000051.75,000044.441,660557.4553,000050.506,29407057.4521
2021-09-23T05:00:02.221Z,-USD,000044.885,0000051.75,000044.868,664545.8997,000050.195,29429076.8673
2021-09-23T06:00:02.32Z,-USD,0000045.75,0000051.75,000044.991,669444.462,000049.801,29446121.6132
2021-09-23T07:00:03.134Z,-USD,0000046.23,0000051.75,000044.991,674129.1932,000050.602,29469859.1112
2021-09-23T08:00:02.122Z,-USD,000046.774,000052.189,000044.991,688227.3785,000051.914,29503598.2763
2021-09-23T09:00:02.3Z,-USD,000046.319,000052.189,000044.991,713188.1991,000051.098,29540151.9492
2021-09-23T10:00:02.464Z,-USD,000046.436,000052.189,000044.991,721254.2426,000050.896,29563027.4353
2021-09-23T11:00:05.825Z,-USD,000046.445,000052.189,000044.991,734181.068,000049.949,29589390.8378
2021-09-23T12:00:02.063Z,-USD,000045.301,000052.189,0000045.17,736706.2458,000049.271,29608484.1222
2021-09-23T13:00:02.551Z,-USD,000045.786,000052.189,000045.629,742330.5248,000049.468,29629708.7873
2021-09-23T14:00:01.849Z,-USD,000046.332,000052.189,000046.143,745664.3355,000050.382,29654899.252
2021-09-23T15:00:02.469Z,-USD,000047.881,000052.189,000047.051,752998.465,000050.438,29683842.5126
2021-09-23T16:00:01.835Z,-USD,000048.488,000052.189,000048.234,750558.384,000049.955,29723913.8857
2021-09-23T17:00:02.388Z,-USD,000049.701,000052.189,000048.641,723943.4065,00000050.1,29747838.3508
2021-09-23T18:00:01.982Z,-USD,000050.677,000052.189,000048.848,720232.0526,0000051.43,29779055.026
2021-09-23T19:00:01.805Z,-USD,0000049.54,000052.189,000048.848,685877.015,000051.066,29803932.6969
2021-09-23T20:00:02.516Z,-USD,000050.116,000052.189,000048.848,680822.7059,000051.113,29820178.903
2021-09-23T21:00:02.25Z,-USD,000050.566,000052.189,000048.848,660190.3743,0000050.95,29841624.9285
2021-09-23T22:00:02.175Z,-USD,0000050.56,000052.189,000048.848,628198.3935,000051.497,29861094.6427
2021-09-23T23:00:01.951Z,-USD,000049.981,000052.189,000048.848,610697.0626,000051.198,29882883.4296
2021-09-24T00:00:02.48Z,-USD,000049.905,000052.189,000048.848,628299.4902,000050.597,29914566.5528
2021-09-24T01:00:02.228Z,-USD,000049.229,000052.189,000048.848,622696.3688,000050.389,29159248.6886
2021-09-24T02:00:02.084Z,-USD,0000049.93,000052.189,000048.952,595310.7479,000050.109,29175261.4682
2021-09-24T03:00:01.973Z,-USD,0000049.91,000052.189,000048.952,589275.473,000049.758,29192040.2029
2021-09-24T04:00:02.45Z,-USD,000050.522,000052.189,000048.952,573743.5819,000049.774,29206468.3565
2021-09-24T05:00:02.206Z,-USD,000050.153,000052.189,000048.952,568543.8786,000049.884,29223367.978
2021-09-24T06:00:02.643Z,-USD,000049.821,000052.189,000048.952,562880.6106,000050.015,29234615.0929
2021-09-24T07:00:02.623Z,-USD,0000050.65,000052.189,000048.952,551241.9605,000049.755,29246906.3049
2021-09-24T08:00:01.884Z,-USD,000051.902,000052.153,000048.952,533135.6184,000050.517,29262798.6719
2021-09-24T09:00:02.126Z,-USD,0000051.04,000051.912,000048.952,512983.1927,000050.166,29278753.1809
2021-09-24T10:00:02.248Z,-USD,000050.743,000051.912,000045.116,579169.7994,000045.129,29368387.3154
2021-09-24T11:00:02.663Z,-USD,0000049.89,000051.912,000044.046,615614.3305,000044.494,29430645.7372
2021-09-24T12:00:02.133Z,-USD,000049.388,000051.912,0000042.21,702308.7259,000044.545,29536417.9014
2021-09-24T13:00:02.817Z,-USD,000049.443,000051.912,0000042.21,728869.8502,000044.517,29584218.2604
2021-09-24T14:00:02.591Z,-USD,000050.447,000051.912,0000042.21,757260.6097,000045.499,29637802.4036
2021-09-24T15:00:02.124Z,-USD,000050.445,000051.912,0000042.21,780176.837,0000046.17,29689898.8543
2021-09-24T16:00:01.961Z,-USD,0000049.88,000051.912,0000042.21,775855.8532,000045.662,29725402.4017
2021-09-24T17:00:02.316Z,-USD,000050.131,000051.912,0000042.21,774624.6142,000045.876,29748182.508
2021-09-24T18:00:02.431Z,-USD,000051.517,000051.844,0000042.21,767408.6969,000045.446,29772230.0009
2021-09-24T19:00:02.41Z,-USD,000051.077,000051.844,0000042.21,767851.9088,000045.898,29797410.2264
2021-09-24T20:00:01.732Z,-USD,000051.144,000051.844,0000042.21,771189.0713,0000046.26,29816999.6234
2021-09-24T21:00:02.101Z,-USD,000050.984,000051.844,0000042.21,778439.9772,000046.978,29845895.3232
2021-09-24T22:00:02.204Z,-USD,000051.567,000051.627,0000042.21,779332.0083,00000046.7,29866029.9489
2021-09-24T23:00:01.997Z,-USD,000051.147,000051.463,0000042.21,779093.4904,000046.978,29887597.3158
2021-09-25T00:00:02.169Z,-USD,000050.597,000051.463,0000042.21,772899.1256,000046.144,29913077.1589
2021-09-25T01:00:02.578Z,-USD,000050.389,000051.463,0000042.21,772826.7427,000046.763,29128412.4247
2021-09-25T02:00:01.928Z,-USD,000050.199,000051.463,0000042.21,774917.7888,0000046.06,29147628.3561
2021-09-25T03:00:01.987Z,-USD,000049.838,000051.463,0000042.21,782229.1046,000045.709,29170588.5697
2021-09-25T04:00:02.605Z,-USD,000049.698,000051.463,0000042.21,785750.0279,0000046.23,29188480.6193
2021-09-25T05:00:02.68Z,-USD,000049.823,000051.463,0000042.21,779063.0221,0000046.25,29198733.4779
2021-09-25T06:00:02.668Z,-USD,000050.003,000051.463,0000042.21,784216.7706,000045.996,29215402.6937
2021-09-25T07:00:01.846Z,-USD,000049.714,000051.463,0000042.21,779801.0247,000046.556,29223158.8823
2021-09-25T08:00:01.884Z,-USD,000050.398,000051.463,0000042.21,779241.8932,000045.351,29238461.9448
2021-09-25T09:00:02.034Z,-USD,0000050.25,0000050.25,0000042.21,795654.3143,000045.381,29270716.1122
2021-09-25T10:00:01.83Z,-USD,0000045.07,000047.342,0000042.21,718293.6503,000046.076,29283063.5774
2021-09-25T11:00:02.586Z,-USD,000044.379,000047.342,0000042.21,666271.2911,000045.991,29293477.1636
2021-09-25T12:00:02.497Z,-USD,000044.486,000047.342,000043.825,569932.0784,000045.719,29302762.0224
2021-09-25T13:00:02.182Z,-USD,000044.553,000047.342,000043.825,533336.3526,000045.277,29315432.8595
2021-09-25T14:00:02.678Z,-USD,000045.485,000047.342,000044.055,502766.6356,000045.992,29337005.7075
2021-09-25T15:00:02.678Z,-USD,000046.222,000047.342,000044.055,467142.0384,000045.116,29353395.3075
2021-09-25T16:00:01.769Z,-USD,000045.627,000047.342,000044.055,449900.1168,0000045.51,29371592.6424
2021-09-25T17:00:02.512Z,-USD,000045.787,000047.342,000044.055,442483.5808,000045.263,29387058.929
2021-09-25T18:00:01.743Z,-USD,000045.618,000047.342,000044.055,428573.2797,000045.205,29397189.8214
2021-09-25T19:00:01.831Z,-USD,000045.851,000047.342,000044.055,420311.438,000045.184,29414026.6937
2021-09-25T20:00:02.078Z,-USD,000046.305,000047.342,000044.055,409603.0165,000045.395,29423002.5917
2021-09-25T21:00:02.047Z,-USD,000046.992,000047.342,000044.055,395018.2652,000045.393,29437481.5058
2021-09-25T22:00:01.967Z,-USD,000046.789,000047.139,000044.055,385178.3695,000045.314,29447488.5322
2021-09-25T23:00:02.555Z,-USD,000046.839,000047.139,000044.055,404126.288,000045.654,29488399.62
2021-09-26T00:00:01.749Z,-USD,000046.103,000047.122,000044.055,391003.9603,000045.779,29500364.61
2021-09-26T01:00:01.825Z,-USD,000046.817,000046.875,000044.055,395476.5375,000044.858,28755125.7748
2021-09-26T02:00:02.1Z,-USD,000046.044,000046.875,0000043.78,398742.5904,000044.171,28777607.5261
2021-09-26T03:00:01.99Z,-USD,000045.777,000046.875,000042.702,442809.8911,000043.146,28844669.5614
2021-09-26T04:00:02.515Z,-USD,000046.206,000046.875,000042.702,439433.2425,000043.624,28859077.0111
2021-09-26T05:00:01.75Z,-USD,000046.262,000046.658,0000042.55,460326.8273,000042.883,28890244.5175
2021-09-26T06:00:02.535Z,-USD,000045.935,000046.658,0000042.55,461704.1681,000043.104,28908342.7904
2021-09-26T07:00:02.664Z,-USD,000046.552,000046.658,0000042.55,464402.2711,000042.678,28918730.383
2021-09-26T08:00:02.631Z,-USD,000045.407,000046.658,0000039.55,529340.3885,000040.368,28999272.1125
2021-09-26T09:00:02.674Z,-USD,000045.459,000046.658,0000039.55,569470.5295,000041.452,29071509.879
2021-09-26T10:00:01.845Z,-USD,000046.043,000046.658,0000039.55,597639.6797,000043.599,29111863.5042
2021-09-26T11:00:01.798Z,-USD,00000046.0,000046.295,0000039.55,610199.6711,0000043.15,29134836.7097
2021-09-26T12:00:02.079Z,-USD,000045.574,000046.295,0000039.55,618988.8409,000043.473,29152921.6729
2021-09-26T13:00:02.198Z,-USD,000045.299,000046.295,0000039.55,633274.497,000044.316,29179920.1541
2021-09-26T14:00:02.218Z,-USD,0000045.92,0000046.05,0000039.55,624197.0376,000043.943,29192428.7044
2021-09-26T15:00:02.375Z,-USD,000045.079,0000046.04,0000039.55,628979.6362,000044.146,29213678.7248
2021-09-26T16:00:02.518Z,-USD,000045.521,0000046.04,0000039.55,636507.7948,000044.877,29239481.7383
2021-09-26T17:00:02.496Z,-USD,000045.291,0000046.04,0000039.55,646724.1393,000044.584,29264986.1977
2021-09-26T18:00:01.767Z,-USD,00000045.1,0000046.04,0000039.55,662502.1137,000045.184,29290984.1813
2021-09-26T19:00:01.978Z,-USD,000045.178,0000046.04,0000039.55,668845.0079,000044.753,29314033.975
2021-09-26T20:00:02.12Z,-USD,00000045.4,0000046.04,0000039.55,681801.8379,0000044.64,29335974.4767
2021-09-26T21:00:02.114Z,-USD,000045.393,0000046.04,0000039.55,688055.4611,000045.173,29356716.5059
2021-09-26T22:00:02.208Z,-USD,000045.306,0000046.04,0000039.55,687186.5844,000044.913,29365854.0816
2021-09-26T23:00:02.421Z,-USD,000045.687,000045.952,0000039.55,672186.285,000043.808,29391875.5149
2021-09-27T00:00:02.585Z,-USD,000045.843,000045.952,0000039.55,696916.3344,000043.722,29428520.7474
2021-09-27T01:00:01.792Z,-USD,00000045.0,000045.952,0000039.55,698323.4988,000044.738,28414294.5418
2021-09-27T02:00:01.815Z,-USD,000044.174,000046.739,0000039.55,00773373.8,000046.206,28511794.496
2021-09-27T03:00:01.926Z,-USD,000043.068,000046.739,0000039.55,735733.1029,000045.764,28541019.8523
2021-09-27T04:00:02.541Z,-USD,000043.646,000046.739,0000039.55,741199.5712,000045.264,28560971.8464
2021-09-27T05:00:02.144Z,-USD,000042.883,000046.739,0000039.55,719625.0296,000044.905,28570592.6197
2021-09-27T06:00:02.117Z,-USD,000043.085,000046.739,0000039.55,713351.9647,000045.448,28582287.8739
2021-09-27T07:00:02.227Z,-USD,000042.711,000046.739,0000039.55,731794.4859,000044.445,28611203.8015
2021-09-27T08:00:02.214Z,-USD,000040.338,000046.739,000039.969,679285.7753,000044.598,28639757.7127
2021-09-27T09:00:02.262Z,-USD,000041.504,000046.739,0000041.27,621806.9039,000045.115,28653976.5516
2021-09-27T10:00:02.303Z,-USD,000043.662,000046.739,0000042.76,605237.9091,000044.972,28677817.3419
2021-09-27T11:00:01.866Z,-USD,000043.099,000046.739,000043.081,608246.7772,000045.744,28703736.1531
2021-09-27T12:00:01.882Z,-USD,000043.566,000046.739,000043.121,609808.1757,000045.877,28723367.4569
2021-09-27T13:00:02.11Z,-USD,000044.334,000046.739,000043.121,618761.7873,000045.188,28759312.7948
2021-09-27T14:00:02.199Z,-USD,000044.052,000046.739,000043.121,619597.2615,000045.013,28772775.1467
2021-09-27T15:00:02.738Z,-USD,000044.191,000046.739,000043.121,628742.1951,0000043.99,28803141.7701
2021-09-27T16:00:02.049Z,-USD,000044.978,000046.739,000043.121,625984.2839,000044.325,28826123.6408
2021-09-27T17:00:02.063Z,-USD,000044.538,000046.739,000043.121,652196.7383,000043.845,28877809.6801
2021-09-27T18:00:02.964Z,-USD,0000045.17,000046.739,000043.121,643237.2293,000043.736,28894885.5463
2021-09-27T19:00:02.296Z,-USD,000044.744,000046.739,000043.121,631713.8266,000043.648,28906365.745
2021-09-27T20:00:02.256Z,-USD,000044.675,000046.739,000043.121,623328.5031,000043.439,28919961.3065
2021-09-27T21:00:02.424Z,-USD,000045.172,000046.739,000042.676,630163.088,000042.891,28947545.2083
2021-09-27T22:00:02.669Z,-USD,000044.933,000046.739,000042.676,636951.6137,000043.723,28963431.5628
2021-09-27T23:00:01.766Z,-USD,000043.575,000046.739,000042.676,622899.4884,000043.787,28975763.9062
2021-09-28T00:00:02.209Z,-USD,000043.672,000046.739,000042.296,619871.4381,0000042.43,29009040.559
2021-09-28T01:00:02.458Z,-USD,000044.733,000046.739,000042.102,621780.3984,0000042.87,27442954.9506
2021-09-28T02:00:01.85Z,-USD,000046.218,000046.354,000042.102,547326.1982,000043.141,27465884.6679
2021-09-28T03:00:01.975Z,-USD,0000045.76,000046.167,000042.102,536566.9249,000043.314,27484345.771
2021-09-28T04:00:02.216Z,-USD,000045.353,000046.167,000042.102,534810.3462,000043.538,27502827.824
2021-09-28T05:00:01.939Z,-USD,000044.876,000046.167,000042.102,536617.1364,000043.568,27513755.6858
2021-09-28T06:00:02.042Z,-USD,000045.496,000046.167,000042.102,544748.1541,000043.087,27533602.3616
2021-09-28T07:00:02.341Z,-USD,000044.344,000046.167,000042.102,527849.2421,000043.028,27545799.5723
2021-09-28T08:00:02.528Z,-USD,00000044.5,000046.167,000042.102,516585.9212,000042.563,27563246.5005
2021-09-28T09:00:02.378Z,-USD,0000045.09,000046.167,000042.102,522323.979,000042.838,27582897.0541
2021-09-28T10:00:02.386Z,-USD,000044.929,000046.167,000042.102,507333.8795,000042.965,27591727.723
2021-09-28T11:00:02.074Z,-USD,0000045.75,000046.167,000042.102,491480.0061,000042.831,27601857.7562
2021-09-28T12:00:02.338Z,-USD,000045.815,000046.167,000042.102,480058.2985,0000043.26,27610036.9522
2021-09-28T13:00:02.449Z,-USD,000045.145,000045.718,000042.102,458553.8162,000042.611,27624449.1731
2021-09-28T14:00:02.665Z,-USD,000044.951,000045.718,000042.102,468055.4394,000042.759,27647398.6182
2021-09-28T15:00:01.936Z,-USD,000044.072,000044.523,000041.875,465767.034,000042.221,27675514.8507
2021-09-28T16:00:02.569Z,-USD,000044.276,000044.523,000041.591,470382.2853,000041.862,27703109.3564
2021-09-28T17:00:02.866Z,-USD,000043.947,000044.228,000041.229,472832.5735,0000041.34,27757252.3916
2021-09-28T18:00:02.31Z,-USD,0000043.75,000044.126,000040.968,507378.6157,000041.382,27808831.9107
2021-09-28T19:00:02.452Z,-USD,00000043.6,000044.126,000040.916,514682.2962,000041.372,27827630.8969
2021-09-28T20:00:02.524Z,-USD,000043.398,000044.126,000040.916,513094.8075,000041.339,27839658.8859
2021-09-28T21:00:02.277Z,-USD,000042.831,000044.126,000040.916,500378.7436,000041.756,27854517.005
2021-09-28T22:00:01.703Z,-USD,000043.743,000044.126,000040.916,492238.3665,000042.139,27862239.7433
2021-09-28T23:00:02.446Z,-USD,000043.773,000043.836,000040.916,494993.7117,000041.574,27877306.133
2021-09-29T00:00:02.799Z,-USD,000042.447,000043.836,0000040.67,489259.468,000040.908,27904870.4084
2021-09-29T01:00:02.151Z,-USD,000042.958,000043.836,000040.582,505379.1808,000041.523,26506567.6657
2021-09-29T02:00:01.875Z,-USD,0000043.19,000043.836,000040.582,513751.6825,000041.966,26537856.5832
2021-09-29T03:00:02.624Z,-USD,000043.284,000043.836,000040.582,0520985.77,000042.114,26563486.6213
2021-09-29T04:00:02.225Z,-USD,000043.602,000043.814,000040.582,517257.4469,000042.578,26578250.6809
2021-09-29T05:00:01.856Z,-USD,000043.524,000043.711,000040.582,520184.4761,000042.695,26592144.5535
2021-09-29T06:00:02.48Z,-USD,000043.086,000043.546,000040.582,515469.9459,000042.696,26607254.4284
2021-09-29T07:00:02.046Z,-USD,000043.107,000043.546,000040.582,511784.4041,000043.195,26615808.7134
2021-09-29T08:00:02.639Z,-USD,000042.613,000043.546,000040.582,505515.6205,000043.014,26627166.7012
2021-09-29T09:00:02.32Z,-USD,000042.969,000043.546,000040.582,492251.698,000042.935,26633334.8854
2021-09-29T10:00:02.706Z,-USD,000042.971,000043.407,000040.582,496880.2393,000042.664,26646762.0977
2021-09-29T11:00:03.436Z,-USD,000042.886,000044.527,000040.582,510635.3119,000044.451,26670672.7371
2021-09-29T12:00:02.427Z,-USD,000043.264,000044.608,000040.582,528729.2325,000044.285,26697001.9018
2021-09-29T13:00:02.041Z,-USD,0000042.63,000044.608,000040.582,548595.8151,000043.854,26731212.8788
2021-09-29T14:00:02.192Z,-USD,000042.733,000044.944,000040.582,549926.0106,000044.387,26755496.4423
2021-09-29T15:00:02.089Z,-USD,000042.215,000044.944,000040.582,544072.0901,000044.523,26777785.7663
2021-09-29T16:00:01.756Z,-USD,000041.835,000045.784,000040.582,576921.968,000044.479,26838670.5176
2021-09-29T17:00:02.569Z,-USD,000041.345,000045.784,000040.582,586720.8924,000043.751,26905722.2472
2021-09-29T18:00:02.127Z,-USD,000041.359,000045.784,000040.582,574883.2796,000042.994,26941887.357
2021-09-29T19:00:01.734Z,-USD,000041.372,000045.784,000040.582,590490.3684,000042.561,26976273.8049
2021-09-29T20:00:02.534Z,-USD,000041.368,000045.784,000040.582,603030.1571,000042.254,27001131.4856
2021-09-29T21:00:02.245Z,-USD,000041.749,000045.784,000040.582,618628.7225,000041.964,27031328.5891
2021-09-29T22:00:02.118Z,-USD,000042.169,000045.784,000040.582,623521.3218,000042.607,27043923.5222
2021-09-29T23:00:02.473Z,-USD,000041.497,000045.784,000040.582,623654.508,000042.987,27059281.3294
2021-09-30T20:00:24.953Z,-USD,000042.271,000045.619,000041.497,600810.5486,000044.759,26556827.1207
2021-09-30T21:00:01.877Z,-USD,000041.955,000045.619,00000041.8,586341.9246,000044.342,26572507.672
2021-09-30T22:00:01.971Z,-USD,000042.649,000045.619,000042.174,582417.8116,000044.968,26581472.8425
2021-09-30T23:00:01.898Z,-USD,000042.995,000045.619,0000042.79,583001.0868,000044.898,26597083.094
2021-10-01T00:00:02.236Z,-USD,00000044.4,000045.619,0000043.42,540018.7911,000045.125,26612706.0542
2021-10-01T01:00:02.43Z,-USD,000045.097,000046.454,0000043.42,534128.9476,000045.753,25859865.7872
2021-10-01T02:00:01.807Z,-USD,000045.335,000046.454,0000043.42,509660.0604,0000045.79,25879670.4572
2021-10-01T03:00:02.143Z,-USD,000045.338,000046.454,0000043.42,504456.8964,000044.932,25898975.6902
2021-10-01T04:00:01.981Z,-USD,000045.373,000046.454,0000043.42,482799.9091,0000044.97,25908896.3185
2021-10-01T05:00:01.806Z,-USD,000045.095,000046.454,0000043.42,470040.1166,000045.117,25923601.6342
2021-10-01T06:00:01.719Z,-USD,000044.515,000046.454,0000043.42,448659.0376,000045.397,25939901.6764
2021-10-01T07:00:02.628Z,-USD,000044.695,000046.454,0000043.42,450219.5882,000045.484,25955214.1961
2021-10-01T08:00:02.645Z,-USD,000044.142,000046.454,0000043.42,452648.216,000046.009,25973306.9974
2021-10-01T09:00:02.609Z,-USD,000043.743,000046.454,0000043.42,453795.2678,000046.155,25993037.0088
2021-10-01T10:00:02.404Z,-USD,000044.203,000047.114,0000043.42,460974.1196,0000046.65,26016762.5682
2021-10-01T11:00:02.164Z,-USD,000043.589,0000048.08,000043.534,490748.4172,000047.682,26063246.3446
2021-10-01T12:00:02.314Z,-USD,000044.021,000048.795,0000043.64,512520.202,0000048.33,26097562.7238
2021-10-01T13:00:02.328Z,-USD,0000044.43,000048.943,0000043.64,527459.6479,000047.648,26131276.9702
2021-10-01T14:00:02.419Z,-USD,000043.967,000048.943,0000043.64,00532236.3,000047.355,26154047.2417
2021-10-01T15:00:02.422Z,-USD,00000044.0,000048.943,000043.714,538675.2387,000047.755,26175450.7489
2021-10-01T16:00:02.633Z,-USD,000044.092,000049.106,000043.714,556568.198,000049.048,26217778.7477
2021-10-01T17:00:01.817Z,-USD,000045.174,00000050.0,000044.083,575549.6784,000049.656,26277304.0421
2021-10-01T18:00:02.137Z,-USD,0000044.78,0000050.99,000044.083,603714.1582,000050.431,26325055.4732
2021-10-01T19:00:02.528Z,-USD,000045.417,00000051.0,000044.083,633260.441,000050.913,26371714.6837
2021-10-01T20:00:02.642Z,-USD,000044.734,000051.757,000044.083,653982.4224,000051.384,26409852.4352
2021-10-01T21:00:01.797Z,-USD,000044.313,000051.757,000044.277,677190.0575,000050.665,26448748.6504
2021-10-01T22:00:01.864Z,-USD,000044.912,000051.757,000044.639,681209.4784,000050.549,26461750.3076
2021-10-01T23:00:01.744Z,-USD,000044.894,000051.757,000044.679,698859.8083,000050.311,26494978.6874
2021-10-02T00:00:02.671Z,-USD,000045.073,000052.702,000044.794,751160.3245,000051.691,26562866.555
2021-10-02T01:00:02.583Z,-USD,0000045.77,000052.702,000044.794,745300.9976,000050.837,25793013.8811
2021-10-02T02:00:01.75Z,-USD,000045.845,000052.702,000044.794,749164.005,000050.846,25816397.7918
2021-10-02T03:00:01.917Z,-USD,000044.944,000052.702,000044.794,758147.2481,000051.041,25844207.154
2021-10-02T04:00:02.267Z,-USD,000045.024,000052.702,0000044.83,764048.0834,000050.218,25859971.6107
2021-10-02T05:00:01.935Z,-USD,0000045.06,000052.702,000044.875,781110.5811,000050.035,25891751.6069
2021-10-02T06:00:02.018Z,-USD,000045.461,000052.702,0000045.22,783439.6089,0000050.52,25910443.0164
2021-10-02T07:00:02.099Z,-USD,00000045.5,000052.702,000045.343,788987.1963,000050.624,25931259.5688
2021-10-02T08:00:01.754Z,-USD,000046.011,000052.702,0000045.75,774383.1751,000050.456,25934762.0669
2021-10-02T09:00:02.683Z,-USD,000046.182,000052.702,000045.913,766978.3668,000050.594,25947053.5506
2021-10-02T10:00:02.272Z,-USD,0000046.74,000052.702,000046.317,753775.6702,000050.797,25957728.4036
2021-10-02T11:00:02.409Z,-USD,000047.655,000052.702,000047.212,716010.9552,000050.311,25966374.2496
2021-10-02T12:00:02.429Z,-USD,000048.301,000052.702,000047.212,693812.786,000050.414,25978439.8329
2021-10-02T13:00:02.295Z,-USD,0000047.65,000052.702,000047.212,671662.1022,000050.768,25990058.5691
2021-10-02T14:00:02.394Z,-USD,000047.326,000052.702,000047.212,667226.994,0000051.05,26008735.5397
2021-10-02T15:00:02.37Z,-USD,000047.799,000052.702,0000047.68,675581.5061,000051.697,26038072.3727
2021-10-02T16:00:02.284Z,-USD,0000049.14,000052.702,000048.606,652958.8694,000051.602,26057930.6424
2021-10-02T17:00:01.853Z,-USD,000049.656,000052.702,000049.114,631639.2131,000052.191,26096065.4578
2021-10-02T18:00:01.996Z,-USD,000050.454,000052.702,000049.427,607113.166,000051.894,26120148.4529
2021-10-02T19:00:03.21Z,-USD,000050.839,000052.702,000049.427,581938.2501,000051.821,26140970.7601
2021-10-02T20:00:02.449Z,-USD,000051.401,000052.702,000049.427,568610.1389,000052.107,26165515.8431
2021-10-02T21:00:02.484Z,-USD,000050.657,000052.702,000049.427,556299.5949,000051.476,26192099.8564
2021-10-02T22:00:02.619Z,-USD,000050.591,000052.702,000049.427,550609.9393,000051.852,26199787.5206
2021-10-02T23:00:02.232Z,-USD,000050.418,000052.702,000049.427,539734.438,000051.552,26222024.1476
2021-10-03T00:00:02.159Z,-USD,000051.666,0000052.56,000048.491,529545.729,000049.596,26279683.4876
2021-10-03T01:00:02.643Z,-USD,000050.923,0000052.56,000048.042,534525.0804,000048.756,25609915.3125
2021-10-03T02:00:02.455Z,-USD,000050.747,0000052.56,000048.042,540763.2513,000049.261,25639662.1497
2021-10-03T03:00:02.212Z,-USD,000051.077,0000052.56,000048.042,537915.2862,000049.224,25664508.2225
2021-10-03T04:00:02.056Z,-USD,000050.151,0000052.56,000048.042,541495.338,000049.977,25684202.2405
2021-10-03T05:00:02.271Z,-USD,000050.038,0000052.56,000048.042,526803.7501,000049.977,25700970.8815
2021-10-03T06:00:01.704Z,-USD,000050.477,0000052.56,000048.042,524823.652,000050.557,25717633.7003
2021-10-03T07:00:02.137Z,-USD,000050.693,0000052.56,000048.042,518289.8656,0000050.44,25731954.8052
2021-10-03T08:00:01.747Z,-USD,000050.399,0000052.56,000048.042,529505.6781,000049.994,25746677.3043
2021-10-03T09:00:02.23Z,-USD,000050.536,0000052.56,000048.042,526829.4992,000050.105,25756315.8509
2021-10-03T10:00:01.83Z,-USD,000050.759,0000052.56,000048.042,534721.3707,000049.479,25774807.9846
2021-10-03T11:00:02.311Z,-USD,000050.288,0000052.56,000048.042,541837.464,000049.695,25790922.3142
2021-10-03T12:00:02.605Z,-USD,000050.431,0000052.56,000048.042,543765.7069,000050.149,25804572.0801
2021-10-03T13:00:02.294Z,-USD,000050.812,0000052.56,000048.042,547732.1987,000050.151,25820140.538
2021-10-03T14:00:02.107Z,-USD,000051.067,0000052.56,000048.042,544226.2606,000050.374,25835324.1778
2021-10-03T15:00:01.771Z,-USD,000051.723,0000052.56,000048.042,532379.7207,000050.044,25853215.9707
2021-10-03T16:00:02.635Z,-USD,000051.584,0000052.56,000048.042,538295.1778,000049.529,25878912.3245
2021-10-03T17:00:02.595Z,-USD,000052.255,0000052.51,000048.042,512996.031,000049.964,25891666.7846
2021-10-03T18:00:02.164Z,-USD,000051.921,00000052.4,000048.042,515018.3922,000050.289,25917638.9718
2021-10-03T19:00:02.339Z,-USD,000051.806,00000052.4,000048.042,533499.3693,000050.879,25956882.6257
2021-10-03T20:00:02.394Z,-USD,000052.211,00000052.4,000048.042,530820.6381,000050.988,25979222.6388
2021-10-03T21:00:02.153Z,-USD,000051.412,00000052.4,000048.042,521843.4353,000050.517,25996373.8308
2021-10-03T22:00:02.068Z,-USD,0000051.87,00000052.4,000048.042,537213.542,000049.562,26019349.6199
2021-10-03T23:00:01.757Z,-USD,0000051.42,000051.945,000048.042,523305.8385,000049.971,26028093.1476
2021-10-04T00:00:01.766Z,-USD,000049.601,000051.446,000048.042,483208.7512,000050.292,26045490.6983
2021-10-04T01:00:01.911Z,-USD,000048.701,000051.446,00000048.5,454163.7442,000049.348,24363711.6113
2021-10-04T02:00:02.161Z,-USD,0000049.18,000051.446,000048.686,445312.3376,000049.195,24383593.0516
2021-10-04T03:00:02.437Z,-USD,000049.219,000051.446,000048.537,439963.9223,000048.611,24403280.5887
2021-10-04T04:00:02.577Z,-USD,000050.014,000051.446,000047.996,445327.7615,000048.199,24428147.8694
2021-10-04T05:00:02.206Z,-USD,00000050.0,000051.446,0000047.53,445517.7296,000048.469,24445131.0741
2021-10-04T06:00:02.478Z,-USD,000050.579,000051.446,0000047.53,441144.7948,000048.457,24457585.4567
2021-10-04T07:00:02.295Z,-USD,000050.419,000051.446,0000047.53,446677.4523,000048.445,24477233.559
2021-10-04T08:00:02.455Z,-USD,000049.962,000051.446,0000047.53,444837.1244,000049.223,24490043.2651
2021-10-04T09:00:02.365Z,-USD,0000049.94,000051.446,0000047.53,451347.4042,000048.477,24506539.8229
2021-10-04T10:00:02.176Z,-USD,000049.607,000051.446,0000047.53,446276.0225,000049.013,24519762.1361
2021-10-04T11:00:02.405Z,-USD,000049.716,000051.446,0000047.53,437636.1882,000048.639,24527526.1311
2021-10-04T12:00:02.181Z,-USD,000050.167,000051.446,0000047.53,439093.6122,000048.368,24542203.4186
2021-10-04T13:00:03.229Z,-USD,00000050.0,000051.446,0000047.53,444746.8204,000048.619,24563530.6465
2021-10-04T14:00:02.249Z,-USD,000050.438,000051.446,0000047.53,444542.5647,000049.032,24578347.8947
2021-10-04T15:00:02.514Z,-USD,000050.137,000051.446,000047.518,467072.9954,0000047.74,24618833.5855
2021-10-04T16:00:01.811Z,-USD,000049.651,000051.446,000046.893,479409.5551,000048.155,24657122.7738
2021-10-04T17:00:01.975Z,-USD,000049.964,000051.446,000046.893,489051.2509,000048.744,24679251.6271
2021-10-04T18:00:02.628Z,-USD,000050.538,000051.446,000046.893,488328.4051,000049.225,24705487.5861
2021-10-04T19:00:02.19Z,-USD,000050.751,000051.446,000046.893,502756.4023,000048.933,24760636.7944
2021-10-04T20:00:02.612Z,-USD,00000051.0,000051.199,000046.893,525988.1664,000048.831,24803734.5719
2021-10-04T21:00:02.314Z,-USD,000050.445,000050.486,000046.893,564289.5637,000048.065,24859282.0663
2021-10-04T22:00:02.616Z,-USD,000049.548,0000050.48,000046.893,586516.1804,000048.033,24904369.1397
2021-10-04T23:00:01.945Z,-USD,0000050.01,0000050.48,000046.893,594733.5117,000048.352,24921467.3158
2021-10-05T00:00:01.829Z,-USD,000050.327,000050.384,000046.893,597689.3953,000049.005,24941669.3396
2021-10-05T01:00:01.97Z,-USD,0000049.19,0000049.89,000046.893,611262.6115,0000049.79,23117250.9561
2021-10-05T02:00:02.235Z,-USD,000049.112,000053.483,000046.893,803416.4518,000053.432,23329517.8091
2021-10-05T03:00:02.364Z,-USD,000048.638,0000054.36,000046.893,903957.1242,000054.099,23449451.7376
2021-10-05T04:00:02.384Z,-USD,000048.103,000054.912,000046.893,988990.8019,000054.105,23560151.1275
2021-10-05T05:00:01.837Z,-USD,000048.613,000054.912,000046.893,1072591.4318,000053.571,23659764.7857
2021-10-05T06:00:01.692Z,-USD,000048.407,000054.912,000046.893,1116590.7573,000054.081,23716210.9536
2021-10-05T07:00:02.624Z,-USD,0000048.23,000055.613,000046.893,1193217.4931,000054.427,23812677.6747
2021-10-05T08:00:02.359Z,-USD,000049.309,000055.613,000046.893,1208016.1835,000054.493,23840434.6854
2021-10-05T09:00:02.454Z,-USD,000048.491,000055.942,000046.893,1237852.5838,000055.809,23888610.1394
2021-10-05T10:00:02.347Z,-USD,000049.039,000055.942,000046.893,1278422.0627,000055.019,23940282.0375
2021-10-05T11:00:02.138Z,-USD,000048.633,000055.942,000046.893,1302577.7444,000054.208,23972117.1894
2021-10-05T12:00:02.334Z,-USD,000048.279,000055.942,000046.893,1318564.3274,000055.034,24002788.0662
2021-10-05T13:00:02.277Z,-USD,000048.544,0000056.05,000046.893,1344468.9479,000055.065,24050069.908
2021-10-05T14:00:02.345Z,-USD,000049.219,0000056.05,000046.893,1360671.3542,000054.917,24081976.0864
2021-10-05T15:00:02.507Z,-USD,000047.913,0000056.05,000046.893,1476448.3855,000053.163,24238244.4617
2021-10-05T16:00:02.682Z,-USD,0000048.28,0000056.05,000047.734,1513593.6134,000053.164,24312987.6937
2021-10-05T17:00:02.625Z,-USD,000048.777,0000056.05,000047.734,1548929.2745,000054.917,24370316.3854
2021-10-05T18:00:02.044Z,-USD,000049.245,000056.231,000047.734,1631742.3303,000055.846,24479387.8739
2021-10-05T19:00:02.356Z,-USD,000049.013,000056.454,000047.734,1662267.9455,000055.982,24565248.4718
2021-10-05T20:00:02.651Z,-USD,000048.897,0000056.59,000047.734,1674911.3635,000055.515,24622072.7862
2021-10-05T21:00:01.92Z,-USD,000048.077,000057.311,000047.734,1707192.2385,000056.714,24709963.0804
2021-10-05T22:00:02.228Z,-USD,000048.067,000057.311,000048.001,1726019.7854,000055.535,24772478.8762
2021-10-05T23:00:02.554Z,-USD,000048.258,000057.311,000048.227,1741248.7903,000054.712,24804845.9071
2021-10-06T00:00:02.48Z,-USD,000048.957,000057.311,000048.297,1741705.6327,000054.423,24825821.5718
2021-10-06T01:00:03.848Z,-USD,000049.851,000057.311,000049.586,1735484.7635,000053.728,23335738.9758
2021-10-06T02:00:02.558Z,-USD,000053.589,000057.311,000052.214,1555293.8862,0000053.99,23370067.6658
2021-10-06T03:00:02.558Z,-USD,000054.201,000057.311,000052.214,1450942.2381,000054.518,23388098.8362
2021-10-06T04:00:02.525Z,-USD,000054.334,000057.311,000052.214,1362552.7094,000053.383,23406952.0183
2021-10-06T05:00:02.242Z,-USD,000053.551,000057.311,000052.214,1341050.5338,000053.311,23483964.8285
2021-10-06T06:00:02.1Z,-USD,0000054.21,000057.311,000052.214,1317720.6443,000053.631,23517623.8277
2021-10-06T07:00:01.857Z,-USD,000054.508,000057.311,000052.214,1234199.22,000053.221,23530260.0587
2021-10-06T08:00:01.881Z,-USD,000054.468,000057.311,00000052.2,1247855.0044,000053.169,23571441.0301
2021-10-06T09:00:01.785Z,-USD,0000055.63,000057.311,0000050.35,1266561.515,000051.176,23638982.5663
2021-10-06T10:00:01.918Z,-USD,000054.895,000057.311,0000050.35,1238171.7935,000051.306,23661647.279
2021-10-06T11:00:02.583Z,-USD,000054.292,000057.311,0000050.35,1226835.199,000051.801,23683508.2221
2021-10-06T12:00:02.527Z,-USD,000055.075,000057.311,0000050.35,1222215.9937,000051.481,23708436.4577
2021-10-06T13:00:02.795Z,-USD,000054.962,000057.311,0000050.35,1200191.6147,0000052.69,23733601.4552
2021-10-06T14:00:02.037Z,-USD,000054.989,000057.311,0000050.35,1232928.9268,000054.404,23798901.9964
2021-10-06T15:00:01.789Z,-USD,000053.155,000057.311,0000050.35,1185205.3859,0000056.08,23908068.4515
2021-10-06T16:00:02.198Z,-USD,000053.245,000057.311,0000050.35,1161514.4984,000055.659,23957656.1307
2021-10-06T17:00:02.432Z,-USD,000054.815,000057.311,0000050.35,1142575.6414,000056.029,23997065.8345
2021-10-06T18:00:02.61Z,-USD,000055.725,000057.311,0000050.35,1073274.1811,000055.315,24036937.9209
2021-10-06T19:00:02.044Z,-USD,000056.159,000057.311,0000050.35,1013653.3588,000054.594,24062358.7843
2021-10-06T20:00:02.302Z,-USD,000055.423,000057.311,0000050.35,974136.1608,000054.522,24079638.4164
2021-10-06T21:00:02.267Z,-USD,000056.829,000056.962,0000050.35,921904.282,000053.159,24116567.5162
2021-10-06T22:00:02.387Z,-USD,000055.404,000056.962,0000050.35,898934.2421,000053.318,24154643.4516
2021-10-06T23:00:02.252Z,-USD,000054.751,000056.962,0000050.35,894100.2524,000053.239,24181933.7445
2021-10-07T00:00:02.344Z,-USD,0000054.46,000056.962,0000050.35,911608.9337,000052.791,24220529.881
2021-10-07T01:00:02.619Z,-USD,000053.861,000056.962,0000050.35,948335.1539,000052.177,21948056.4149
2021-10-07T02:00:01.765Z,-USD,000054.018,000056.962,0000050.35,990420.2688,000052.155,22024529.9873
2021-10-07T03:00:01.924Z,-USD,000054.429,000056.962,0000050.35,1051351.9854,000052.473,22103409.3283
2021-10-07T04:00:01.977Z,-USD,0000053.25,000056.962,0000050.35,1068507.1913,000052.805,22140009.3432
2021-10-07T05:00:01.982Z,-USD,000053.467,000056.962,0000050.35,1032523.5198,000053.654,22181019.0518
2021-10-07T06:00:02.06Z,-USD,000053.642,000056.962,0000050.35,1037724.9639,000053.241,22219297.4696
2021-10-07T07:00:02.06Z,-USD,000053.183,000056.962,0000050.35,1050058.7635,0000052.54,22245445.5084
2021-10-07T08:00:01.954Z,-USD,000053.274,000056.962,0000050.35,1041199.5067,000053.837,22276604.4406
2021-10-07T09:00:02.462Z,-USD,0000050.94,000056.962,0000050.65,1013862.6606,000054.167,22316795.9295
2021-10-07T10:00:01.882Z,-USD,000051.204,000056.962,000050.977,1023762.2042,000053.172,22349456.1746
2021-10-07T11:00:02.552Z,-USD,000051.722,000056.962,000050.977,1033247.9174,000053.177,22380748.261
2021-10-07T12:00:02.381Z,-USD,000051.535,000056.962,000050.977,1027188.6771,000053.585,22399524.3602
2021-10-07T13:00:02.003Z,-USD,000052.599,000056.962,000050.977,1059438.183,000053.336,22457115.0091
2021-10-07T14:00:02.354Z,-USD,000054.539,000056.962,000050.977,1025370.6583,0000053.88,22488692.2339
2021-10-07T15:00:02.174Z,-USD,000056.196,000056.962,000050.977,978745.2272,000052.774,22556604.0321
2021-10-07T16:00:02.337Z,-USD,000055.574,000056.962,000050.977,982797.1888,000052.951,22604903.8581
2021-10-07T17:00:02.827Z,-USD,000055.971,000055.986,000050.977,985424.8709,000052.876,22646590.7523
2021-10-07T18:00:02.286Z,-USD,000055.415,000055.588,000050.977,974746.6065,000052.217,22676116.5513
2021-10-07T19:00:02.466Z,-USD,000054.535,000055.079,000050.977,972046.8645,000052.302,22698415.086
2021-10-07T20:00:02.612Z,-USD,000054.463,000054.595,000050.977,995504.5667,000052.182,22741784.8869
2021-10-07T21:00:02.671Z,-USD,000053.295,000054.438,000050.977,989093.8194,000052.324,22769583.4022
2021-10-07T22:00:02.414Z,-USD,0000053.34,000054.438,000050.977,980203.2948,000051.982,22799024.9557
2021-10-07T23:00:01.81Z,-USD,000053.239,000054.438,000050.868,1030596.9738,000051.207,22876481.4405
2021-10-08T00:00:02.056Z,-USD,0000052.75,000054.438,000050.672,1073815.3307,000050.883,22958185.7114
2021-10-08T01:00:02.337Z,-USD,000052.104,000054.438,000050.539,1088466.1422,000052.043,21475710.2302
2021-10-08T02:00:02.461Z,-USD,000052.138,000054.438,000050.539,1058186.5656,000051.281,21522179.0282
2021-10-08T03:00:02.42Z,-USD,0000052.43,000054.438,000050.012,1046171.5076,000050.373,21588768.0704
2021-10-08T04:00:02.64Z,-USD,000052.619,000054.438,000050.012,1094892.8867,000050.705,21673961.8688
2021-10-08T05:00:02.097Z,-USD,000053.726,000054.438,000050.012,1101361.944,000050.571,21721626.3897
2021-10-08T06:00:02.779Z,-USD,000053.447,000054.438,000050.012,1125958.2745,000050.866,21784690.2132
2021-10-08T07:00:01.68Z,-USD,000052.696,000054.438,000050.012,1145957.7322,0000050.79,21831009.8284
2021-10-08T08:00:02.649Z,-USD,000053.851,000054.438,000050.012,1179402.9326,000051.064,21895245.8603
2021-10-08T09:00:01.806Z,-USD,000054.131,000054.383,000050.012,1221769.6022,0000051.82,21978052.5357
2021-10-08T10:00:02.664Z,-USD,000053.328,000054.383,000050.012,1244202.6693,000051.022,22032915.7334
2021-10-08T11:00:02.738Z,-USD,000053.187,000054.383,000050.012,1294975.764,000050.723,22114742.5561
2021-10-08T12:00:01.729Z,-USD,000053.557,000054.383,000050.012,1336897.9389,000050.696,22175565.8727
2021-10-08T13:00:01.748Z,-USD,000053.387,000054.383,000050.012,1348734.7263,000050.549,22247359.7729
2021-10-08T14:00:01.788Z,-USD,000054.027,000054.383,000050.012,1362088.464,000050.364,22289815.5816
2021-10-08T15:00:01.932Z,-USD,000052.785,000053.399,000050.012,1332410.937,000051.249,22328155.5815
2021-10-08T16:00:01.733Z,-USD,000053.053,000053.066,000050.012,1319146.374,000051.157,22363182.8727
2021-10-08T17:00:02.074Z,-USD,000052.833,000052.933,000050.012,1319389.5346,000051.065,22405282.7027
2021-10-08T18:00:02.349Z,-USD,000052.174,000052.673,000050.012,1320899.6888,000050.699,22436363.7695
2021-10-08T19:00:02.991Z,-USD,0000052.23,000052.673,000050.012,1344370.7699,000050.579,22481754.8689
2021-10-08T20:00:02.668Z,-USD,000052.255,000052.618,000050.012,1324634.183,000050.518,22505427.4576
2021-10-08T21:00:01.935Z,-USD,000052.246,000052.296,0000048.55,1356017.7915,000049.019,22565075.2138
2021-10-08T22:00:02.123Z,-USD,000051.953,000052.224,0000048.55,1376150.978,000049.288,22614574.2076
2021-10-08T23:00:02.58Z,-USD,000051.157,000052.224,0000048.55,1326325.2612,000049.496,22642349.267
2021-10-09T00:00:01.744Z,-USD,000050.922,000052.224,0000048.55,1292537.3272,0000049.26,22690008.1481
2021-10-09T01:00:01.779Z,-USD,0000051.95,000052.071,000048.501,1240474.304,000049.602,21240378.2998
2021-10-09T02:00:01.757Z,-USD,000051.281,0000051.94,000048.501,1215642.9743,0000049.15,21261726.1454
2021-10-09T03:00:01.973Z,-USD,000050.283,0000051.94,000048.501,1169808.7622,000049.402,21282662.7282
2021-10-09T04:00:02.461Z,-USD,000050.704,0000051.94,000048.501,1110030.2065,000049.803,21307997.6847
2021-10-09T05:00:02.076Z,-USD,000050.619,0000051.94,000048.501,1088025.528,000049.847,21333478.5604
2021-10-09T06:00:02.058Z,-USD,000050.874,0000051.94,000048.501,1042242.5883,000049.539,21351732.8633
2021-10-09T07:00:01.978Z,-USD,000050.851,0000051.94,000048.501,1025438.1988,000049.997,21380605.8867
2021-10-09T08:00:01.965Z,-USD,000051.065,0000051.94,000048.501,984639.1045,000049.924,21404438.9197
2021-10-09T09:00:01.831Z,-USD,000051.871,000051.926,000048.501,925377.0504,000049.286,21430063.1097
2021-10-09T10:00:01.974Z,-USD,000050.914,000051.705,000048.501,892449.1686,000049.469,21449944.7431
2021-10-09T11:00:02.63Z,-USD,000050.737,000051.705,000048.501,825875.7599,000049.721,21466901.791
2021-10-09T12:00:02.557Z,-USD,0000050.61,000051.705,000048.501,797419.5846,000049.583,21496996.7211
2021-10-09T13:00:02.488Z,-USD,000050.549,000051.705,000048.501,748614.3098,0000049.82,21520193.3439
2021-10-09T14:00:02.565Z,-USD,000050.408,000051.705,000048.501,744778.4182,000050.266,21558255.9505
2021-10-09T15:00:02.382Z,-USD,0000051.22,000051.844,000048.501,804670.5984,0000051.57,21656527.8567
2021-10-09T16:00:01.741Z,-USD,000051.185,000051.844,000048.501,810663.2783,0000050.45,21697852.5347
2021-10-09T17:00:02.433Z,-USD,000051.049,000051.844,000048.501,812508.6453,000049.989,21741885.8138
2021-10-09T18:00:01.824Z,-USD,000050.717,000051.844,000048.501,808714.4442,000049.793,21769145.2562
2021-10-09T19:00:02.075Z,-USD,000050.625,000051.844,000048.501,800047.368,000049.813,21805783.0052
2021-10-09T20:00:01.879Z,-USD,000050.471,000051.844,000048.501,808063.3124,000049.358,21837827.3073
2021-10-09T21:00:02.673Z,-USD,000048.905,000051.844,000048.501,784395.5736,000049.124,21873642.9505
2021-10-09T22:00:02.583Z,-USD,000049.312,000051.844,000048.501,756240.8055,000049.255,21894388.6889
2021-10-09T23:00:02.295Z,-USD,000049.477,000051.844,000048.501,745344.2178,000049.134,21914780.8281
2021-10-10T00:00:02.547Z,-USD,000049.204,000051.844,000048.501,730104.4567,000049.535,21944046.0468
2021-10-10T01:00:02.553Z,-USD,000049.759,000051.844,000048.535,754483.8472,000048.763,20843615.0433
2021-10-10T02:00:02.552Z,-USD,000049.115,000051.844,000047.116,811423.3512,000047.657,20921502.1515
2021-10-10T03:00:01.861Z,-USD,000049.459,000051.844,000047.116,835537.617,000047.958,20966883.1943
2021-10-10T04:00:01.882Z,-USD,000049.744,000051.844,000047.116,841989.4719,000048.273,20998473.8925
2021-10-10T05:00:02.18Z,-USD,000049.752,000051.844,000047.116,856429.1816,000048.436,21038708.6534
2021-10-10T06:00:02.301Z,-USD,000049.472,000051.844,000047.116,881286.7254,000048.225,21081386.9264
2021-10-10T07:00:02.218Z,-USD,000049.955,000051.844,000047.116,873139.7269,000048.316,21102181.7288
2021-10-10T08:00:02.251Z,-USD,000049.977,000051.844,000047.116,866210.1027,000048.411,21119579.2733
2021-10-10T09:00:02.179Z,-USD,00000049.3,000051.844,000047.116,857395.2567,000048.432,21136017.3678
2021-10-10T10:00:02.269Z,-USD,000049.523,000051.844,000047.116,871434.7512,000047.953,21169740.3352
2021-10-10T11:00:02.648Z,-USD,000049.793,000051.844,000047.116,876143.8226,000047.974,21191500.0679
2021-10-10T12:00:07.664Z,-USD,0000049.67,000051.844,000047.116,874892.9195,000047.935,21220324.9675
2021-10-10T13:00:02.71Z,-USD,0000049.77,000051.844,000047.116,873037.949,000047.464,21242272.6446
2021-10-10T14:00:01.793Z,-USD,000050.272,000051.844,000047.116,882598.3107,000047.624,21289321.3523
2021-10-10T15:00:02.025Z,-USD,000051.513,000051.564,000047.116,831883.332,000048.015,21337144.8626
2021-10-10T16:00:02.139Z,-USD,000050.422,000050.719,000047.116,827087.1555,000048.072,21373978.618
2021-10-10T17:00:02.385Z,-USD,000049.956,000050.122,000047.116,0817486.22,000047.654,21408091.13
2021-10-10T18:00:02.252Z,-USD,000049.808,000049.996,000046.062,848162.6518,000046.833,21465826.2135
2021-10-10T19:00:02.349Z,-USD,000049.832,000049.873,000046.062,849399.0552,000046.694,21503573.5567
2021-10-10T20:00:02.364Z,-USD,000049.373,000049.665,000046.062,846776.9691,000046.562,21533254.9844
2021-10-10T21:00:02.48Z,-USD,000049.155,000049.665,000046.062,864655.8978,000046.132,21586965.0141
2021-10-10T22:00:02.666Z,-USD,000049.288,000049.665,0000043.86,942893.5179,000045.363,21685667.8101
2021-10-10T23:00:02.191Z,-USD,000049.161,000049.665,0000043.86,956768.2021,000045.747,21720096.8942
2021-10-11T00:00:02.154Z,-USD,000049.537,000049.552,0000043.86,962635.6292,000044.997,21755791.6263
2021-10-11T01:00:02.527Z,-USD,000048.628,000048.798,0000043.86,980499.4572,000045.503,20988894.2086
2021-10-11T02:00:02.635Z,-USD,000047.561,000048.733,0000043.86,931615.9055,000045.681,21018968.7597
2021-10-11T03:00:02.558Z,-USD,000047.903,000048.733,0000043.86,927311.8074,000045.796,21059238.3948
2021-10-11T04:00:01.875Z,-USD,000048.222,000048.733,0000043.86,930267.9866,000046.003,21093741.1694
2021-10-11T05:00:02.204Z,-USD,000048.436,000048.733,0000043.86,925739.7407,000045.875,21129712.6094
2021-10-11T06:00:02.139Z,-USD,000048.256,000048.733,0000043.86,910494.6701,000045.781,21156513.4392
2021-10-11T07:00:02.069Z,-USD,000048.327,000048.733,0000043.86,912034.2803,000045.546,21178867.7664
2021-10-11T08:00:02.235Z,-USD,000048.453,000048.733,0000043.86,908413.1432,000046.492,21192610.7312
2021-10-11T09:00:02.208Z,-USD,000048.501,000048.503,0000043.86,916361.6726,000046.587,21217438.9667
2021-10-11T10:00:02.067Z,-USD,0000047.95,000048.346,0000043.86,896665.6407,000046.125,21231057.8767
2021-10-11T11:00:02.16Z,-USD,000047.954,000048.199,0000043.86,895941.1542,000045.345,21251849.8134
2021-10-11T12:00:02.145Z,-USD,000047.963,000048.199,0000043.86,897711.3625,000045.048,21282623.2485
2021-10-11T13:00:02.285Z,-USD,000047.671,000048.199,0000043.86,893029.1609,000045.449,21305119.8102
2021-10-11T14:00:02.568Z,-USD,000047.646,000048.199,0000043.86,868887.8605,000045.573,21323277.8211
2021-10-11T15:00:01.913Z,-USD,000047.933,000048.136,0000043.86,850693.1091,000045.899,21353327.9455
2021-10-11T16:00:02.399Z,-USD,000048.046,000048.136,0000043.86,842900.6886,000045.499,21381380.1041
2021-10-11T17:00:02.792Z,-USD,000047.598,000047.598,0000043.86,865376.1094,000045.961,21438015.883
2021-10-11T18:00:02.105Z,-USD,000046.817,0000047.12,0000043.86,839425.7423,000045.412,21469775.493
2021-10-11T19:00:02.186Z,-USD,000046.715,0000047.12,0000043.86,834746.4346,000045.084,21504435.1673
2021-10-11T20:00:02.657Z,-USD,000046.506,0000047.12,0000043.86,836897.1081,000044.323,21534646.4384
2021-10-11T21:00:01.781Z,-USD,000046.111,0000047.12,000043.134,888458.2805,000043.876,21639866.5518
2021-10-11T22:00:02.029Z,-USD,000045.299,0000047.12,000043.134,831985.2447,000044.346,21682242.0562
2021-10-11T23:00:02.517Z,-USD,000045.683,0000047.12,000043.134,826487.2714,000045.002,21711210.92
2021-10-12T00:00:01.841Z,-USD,000044.912,0000047.12,000043.134,818999.8712,000045.131,21739669.5927
2021-10-12T01:00:02.656Z,-USD,000045.465,0000047.12,000043.134,785825.053,000044.392,21189857.5416
2021-10-12T02:00:02.318Z,-USD,000045.516,0000047.12,000043.134,801455.9439,000044.123,21241285.3804
2021-10-12T03:00:01.942Z,-USD,000045.773,0000047.12,0000042.66,844323.288,0000042.87,21319002.0639
2021-10-12T04:00:02.146Z,-USD,000045.981,0000047.12,000042.026,889926.3332,000042.711,21399029.4375
2021-10-12T05:00:02.04Z,-USD,000045.916,0000047.12,000042.026,894420.4783,000043.208,21439464.7214
2021-10-12T06:00:02.041Z,-USD,000045.851,0000047.12,000042.026,908521.1863,000042.874,21480583.4661
2021-10-12T07:00:02.005Z,-USD,000045.548,0000047.12,000042.026,927077.0187,000042.436,21521113.0318
2021-10-12T08:00:02.023Z,-USD,000046.422,0000047.12,000042.026,947029.5808,000042.414,21555020.2874
2021-10-12T09:00:01.857Z,-USD,0000046.59,0000046.91,000042.026,962049.0688,000042.757,21594720.871
2021-10-12T10:00:02.173Z,-USD,000046.105,0000046.91,0000040.94,1009528.9488,000041.223,21655824.4708
2021-10-12T11:00:02.102Z,-USD,000045.285,0000046.91,0000040.86,1053249.3138,000041.568,21720654.7111
2021-10-12T12:00:04.158Z,-USD,0000045.02,0000046.91,0000040.86,1069159.681,0000041.87,21767201.4298
2021-10-12T13:00:02.162Z,-USD,000045.466,0000046.91,000040.646,1105949.9997,000041.168,21826320.5513
2021-10-12T14:00:02.326Z,-USD,000045.588,0000046.91,000040.646,1179762.4208,000042.467,21918172.1173
2021-10-12T15:00:02.526Z,-USD,000045.903,0000046.91,000040.646,1239029.5036,000041.903,22007845.6433
2021-10-12T16:00:02.687Z,-USD,000045.477,0000046.91,000040.646,1295334.2931,0000042.99,22091901.3735
2021-10-12T17:00:02.293Z,-USD,000045.891,000045.988,000040.646,1303164.9213,000043.327,22156344.9835
2021-10-12T18:00:02.619Z,-USD,000045.407,000045.486,000040.646,1317136.1281,000042.724,22203341.7682
2021-10-12T19:00:01.827Z,-USD,000045.078,000045.438,000040.646,1311084.9898,000043.131,22230611.2497
2021-10-12T20:00:02.18Z,-USD,000044.295,000045.135,000040.646,1314574.8551,000042.454,22264693.5419
2021-10-12T21:00:02.512Z,-USD,000043.716,000045.135,000040.646,1323191.2293,000042.607,22380076.7087
2021-10-12T22:00:02.088Z,-USD,000044.346,000045.135,000040.646,1318996.7257,000043.048,22416467.3467
2021-10-12T23:00:02.493Z,-USD,000044.914,000045.135,000040.646,1324808.5144,000043.338,22451200.3791
2021-10-13T00:00:01.744Z,-USD,000045.026,000045.062,000040.646,1315743.9523,000043.108,22470683.2686
2021-10-13T01:00:02.208Z,-USD,000044.438,000044.539,000040.646,1310831.517,000043.548,21784345.9865
2021-10-13T02:00:02.689Z,-USD,000044.113,000044.313,000040.646,1308626.5117,000043.414,21833209.1089
2021-10-13T03:00:01.885Z,-USD,000042.841,000044.313,000040.646,1266655.4227,000043.752,21869448.3917
2021-10-13T04:00:01.985Z,-USD,000042.763,000044.313,000040.646,1216567.892,000043.354,21899320.9268
2021-10-13T05:00:02.285Z,-USD,000043.203,000044.313,000040.646,1200786.48,000043.127,21923758.498
2021-10-13T06:00:02.133Z,-USD,000042.869,000044.313,000040.646,1239996.2715,000040.674,22007087.325
2021-10-13T07:00:02.124Z,-USD,000042.408,000044.313,000040.207,1280666.4095,000040.989,22085565.5651
2021-10-13T08:00:02.214Z,-USD,00000042.4,000044.313,000040.207,1287006.6055,0000040.83,22125881.6263
2021-10-13T09:00:02.105Z,-USD,000042.773,000044.313,000040.207,1282982.0212,0000040.89,22161325.1588
2021-10-13T10:00:02.579Z,-USD,000041.341,000044.313,000040.207,1244320.8146,000041.458,22184339.9911
2021-10-13T11:00:02.093Z,-USD,000041.514,000044.313,000040.207,1209479.1357,000041.367,22213516.7299
2021-10-13T12:00:02.298Z,-USD,000041.849,000044.313,000040.207,1197030.8174,000041.729,22247751.3866
2021-10-13T13:00:01.833Z,-USD,000041.182,000044.313,000040.207,1170716.4404,000041.723,22281084.9159
2021-10-13T14:00:01.99Z,-USD,0000042.35,000044.313,000040.207,1115786.9769,000041.192,22317493.9715
2021-10-13T15:00:02.007Z,-USD,000041.997,000044.313,000040.207,1066293.8991,000041.568,22358681.3914
2021-10-13T16:00:02.355Z,-USD,000043.016,000044.313,000040.207,1017582.5046,000041.721,22393529.641
2021-10-13T17:00:01.918Z,-USD,000043.322,000044.313,000040.207,996373.2807,0000042.02,22437248.3743
2021-10-13T18:00:02.304Z,-USD,000042.797,000044.313,000040.207,987693.5672,000041.933,22474263.4511
2021-10-13T19:00:02.617Z,-USD,000042.976,000044.313,000040.207,996555.9239,000042.017,22510820.1319
2021-10-13T20:00:02.707Z,-USD,000042.427,000044.313,000040.207,986190.024,0000042.24,22534476.2049
2021-10-13T21:00:02.185Z,-USD,000042.664,000044.313,000040.207,918744.3196,000042.668,22582348.2905
2021-10-13T22:00:02.473Z,-USD,000042.988,000044.313,000040.207,920580.3279,000042.932,22620801.678
2021-10-13T23:00:01.978Z,-USD,0000043.16,000044.313,000040.207,910519.6523,000042.872,22646211.3904
2021-10-14T00:00:02.046Z,-USD,000043.143,000044.313,000040.207,914199.2048,0000043.17,22668475.262
2021-10-14T01:00:05.243Z,-USD,000043.668,000045.325,000040.207,1018766.4157,000043.679,22246878.0725
2021-10-14T02:00:03.006Z,-USD,000043.427,000045.325,000040.207,1048756.6495,000044.028,22325705.3607
2021-10-14T03:00:02.7Z,-USD,000043.737,000045.325,000040.207,1058675.0011,000043.826,22371726.0018
2021-10-14T04:00:02.047Z,-USD,000043.416,000045.325,000040.207,1054231.7315,000043.818,22397051.7703
2021-10-14T05:00:02.507Z,-USD,000043.109,000045.325,000040.207,1054123.181,000043.622,22421523.6417
2021-10-14T06:00:02.568Z,-USD,000040.329,000045.325,000040.279,980418.5555,000043.895,22438665.3684
2021-10-14T07:00:02.595Z,-USD,000040.956,000045.325,000040.511,955770.5026,000044.472,22485648.0511
2021-10-14T08:00:02.577Z,-USD,000040.727,000045.325,000040.644,962391.4732,000043.799,22532544.1368
2021-10-14T09:00:02.551Z,-USD,0000040.81,000045.325,000040.646,950813.2816,000044.057,22555618.4891
2021-10-14T10:00:01.905Z,-USD,000041.433,000045.325,000040.812,949284.1208,000044.172,22577120.492
2021-10-14T11:00:02.068Z,-USD,000041.409,000045.325,000040.812,942804.9711,000044.384,22600318.1377
2021-10-14T12:00:02.265Z,-USD,000041.771,000045.325,000040.812,939688.7681,000044.677,22632336.5547
2021-10-14T13:00:02.14Z,-USD,000041.709,000045.425,000040.812,959875.5305,000044.544,22684715.6368
2021-10-14T14:00:02.068Z,-USD,000041.223,000045.425,000040.812,959274.3851,0000044.45,22720409.5758
2021-10-14T15:00:02.441Z,-USD,000041.618,000045.425,000041.367,960824.3754,000044.669,22763008.3276
2021-10-14T16:00:04.16Z,-USD,000041.723,000045.425,000041.367,994945.2376,000043.883,22831989.1128
2021-10-14T17:00:02.106Z,-USD,000041.954,000045.425,000041.635,1009393.5637,000043.281,22890477.2554
2021-10-14T18:00:02.311Z,-USD,000041.938,000045.425,000041.868,999058.0579,000043.244,22917220.5271
2021-10-14T19:00:02.462Z,-USD,0000042.01,000045.425,000041.952,1007704.0402,000043.236,22962245.7211
2021-10-14T20:00:07.559Z,-USD,0000042.21,000045.425,000042.067,1021631.4855,000042.888,22999882.346
2021-10-14T21:00:10.523Z,-USD,000042.668,000045.425,000042.293,1006978.4438,000042.498,23032935.8626
2021-10-14T22:00:14.151Z,-USD,000042.872,000045.425,000042.293,983305.4951,000043.063,23047790.1968
2021-10-14T23:00:12.339Z,-USD,000042.867,000045.425,000042.293,985733.1247,000042.868,23075616.8331
2021-10-15T00:00:17.239Z,-USD,0000043.18,000045.425,000042.293,982828.0356,000042.764,23095847.5116
2021-10-15T01:00:12.464Z,-USD,000043.733,000045.425,000041.609,902858.3202,000041.828,22506929.501
2021-10-15T02:00:12.334Z,-USD,000043.986,000045.425,0000041.25,881513.8815,000041.906,22563619.3472
2021-10-15T03:00:11.185Z,-USD,000043.812,000045.425,0000041.25,886017.9298,000042.484,22613972.8932
2021-10-15T04:00:22.641Z,-USD,000043.842,000045.425,0000041.25,907373.012,000042.782,22660513.2447
2021-10-15T05:00:10.149Z,-USD,000043.483,000045.425,0000041.25,919255.993,000042.862,22698449.9229
2021-10-15T06:00:07.409Z,-USD,000043.876,000045.425,0000041.25,970448.0907,000043.501,22765320.7175
2021-10-15T07:00:03.474Z,-USD,000044.488,000045.425,0000041.25,959414.6678,0000043.04,22802422.2988
2021-10-15T08:00:03.829Z,-USD,000043.746,000045.425,0000041.25,954409.2426,000042.686,22843750.509
2021-10-15T09:00:02.657Z,-USD,000044.056,000045.425,0000041.25,1018398.3443,000041.673,22930109.186
2021-10-15T10:00:02.516Z,-USD,000044.124,000045.425,0000041.25,1046796.4363,000042.046,22980037.5854
2021-10-15T11:00:04.493Z,-USD,000044.343,000045.425,0000041.25,1086974.93,0000042.04,23043843.865
2021-10-15T12:00:04.313Z,-USD,000044.705,000045.425,0000041.25,1091163.5272,000042.359,23080093.2364
2021-10-15T13:00:03.096Z,-USD,000044.585,000044.928,0000041.25,1074742.2372,000042.062,23115713.7201
2021-10-15T14:00:08.91Z,-USD,000044.538,000044.901,0000041.25,1124246.8456,0000042.79,23200907.6097
2021-10-15T15:00:10.762Z,-USD,000044.631,000044.708,0000041.25,1146291.255,000042.832,23267062.9687
2021-10-15T16:00:10.703Z,-USD,000043.952,000044.168,0000041.25,1121994.163,000043.053,23310577.9786
2021-10-15T17:00:09.903Z,-USD,000043.232,000044.304,0000041.25,1165002.1292,000043.639,23411623.4074
2021-10-15T18:00:08.961Z,-USD,000043.181,000044.304,0000041.25,1224894.6809,000043.574,23500459.7167
2021-10-15T19:00:02.023Z,-USD,000043.288,000044.304,0000041.25,1228556.5037,000043.499,23547160.8965
2021-10-15T20:00:02.445Z,-USD,000042.949,000044.304,0000041.25,1240963.7457,000043.193,23597262.1826
2021-10-15T21:00:02.621Z,-USD,000042.524,000044.304,0000041.25,1279855.5404,000042.937,23668886.1751
2021-10-15T22:00:01.816Z,-USD,000043.064,000044.304,0000041.25,1298606.8226,000042.781,23702426.8538
2021-10-15T23:00:02.561Z,-USD,000042.868,000044.304,0000041.25,1309590.2771,000043.164,23741406.1101
2021-10-16T00:00:01.776Z,-USD,000042.891,000044.304,0000041.25,1338694.8287,0000043.05,23791173.9
2021-10-16T01:00:10.841Z,-USD,000041.859,000044.304,0000041.25,1363024.2112,000043.543,23306733.5259
2021-10-16T02:00:11.121Z,-USD,000041.897,000044.304,000041.294,1357016.5671,000043.125,23355938.0067
2021-10-16T03:00:11.374Z,-USD,000042.488,000044.304,000041.294,1335891.0783,000043.579,23385561.3261
2021-10-16T04:00:23.43Z,-USD,000042.806,000044.304,000041.294,1318983.7815,000043.575,23414842.9746
2021-10-16T05:00:09.936Z,-USD,000042.845,000044.966,000041.294,1330578.9645,000044.888,23464266.1555
2021-10-16T06:00:10.923Z,-USD,000043.503,000045.409,000041.294,1319952.18,000044.808,23520938.7247
2021-10-16T07:00:08.629Z,-USD,000043.006,000045.409,000041.294,1322735.5191,000044.497,23560642.7297
2021-10-16T08:00:02.213Z,-USD,000042.639,000045.409,000041.294,1304752.9766,000044.927,23584482.3066
2021-10-16T09:00:02.128Z,-USD,0000041.62,000045.973,000041.294,1265801.9763,000045.387,23631113.7271
2021-10-16T10:00:02.706Z,-USD,000042.054,000046.318,000041.473,1246501.7909,000046.041,23661719.1821
2021-10-16T11:00:03.731Z,-USD,000042.018,000046.318,000041.929,1209064.8538,000045.698,23688178.1332
2021-10-16T12:00:02.202Z,-USD,00000042.4,000046.566,000041.953,1206954.5625,000046.427,23722420.2877
2021-10-16T13:00:11.501Z,-USD,0000042.02,000046.566,000041.953,1237414.7613,000044.478,23788225.2482
2021-10-16T14:00:11.199Z,-USD,000042.767,000046.566,000042.448,1193534.2805,000044.751,23832706.855
2021-10-16T15:00:17.788Z,-USD,000042.907,000046.566,000042.508,1176290.1966,000045.259,23879262.8021
2021-10-16T16:00:11.248Z,-USD,0000043.04,000046.566,000042.508,1176159.6922,000045.176,23922000.7581
2021-10-16T17:00:10.684Z,-USD,000043.653,000046.566,000042.508,1116580.1034,000045.757,23964542.2495
2021-10-16T18:00:10.018Z,-USD,0000043.54,000047.054,000042.508,1129820.3752,000045.875,24065873.9269
2021-10-16T19:00:11.792Z,-USD,000043.636,000047.054,000042.508,1174951.4212,000046.409,24157681.8416
2021-10-16T20:00:10.055Z,-USD,000043.171,000047.499,000042.508,1219478.7457,000046.727,24252236.5031
2021-10-16T21:00:02.455Z,-USD,000042.965,000047.499,000042.508,1189789.8466,000046.534,24293904.2432
2021-10-16T22:00:02.416Z,-USD,000042.769,000047.499,000042.704,1186280.1156,0000045.58,24323830.3516
2021-10-16T23:00:02.255Z,-USD,000043.171,000047.499,000042.763,1197268.884,000045.704,24374037.5372
2021-10-17T00:00:01.695Z,-USD,000043.102,000047.499,000042.885,1181992.0634,0000045.84,24408684.1663
2021-10-17T01:00:11.042Z,-USD,000043.545,000047.499,000042.885,1181948.3733,0000045.59,23910766.65
2021-10-17T02:00:11.159Z,-USD,0000043.09,000047.499,00000042.9,1159200.8469,000046.193,23937451.4839
2021-10-17T03:00:11.036Z,-USD,000043.598,000047.499,000043.447,1154780.7425,00000046.0,23962607.4657
2021-10-17T04:00:42.256Z,-USD,000044.702,000047.499,000043.942,1107716.0473,0000046.55,23993779.4939
2021-10-17T05:00:08.356Z,-USD,000044.702,000047.499,000043.942,1129979.7362,000045.993,24016043.1828
2021-10-17T06:00:09.229Z,-USD,000044.821,000047.499,000043.942,1097441.3515,000045.472,24040036.5111
2021-10-17T07:00:09.424Z,-USD,000044.483,000047.499,000043.942,1069746.1743,000045.675,24052020.7516
2021-10-17T08:00:08.545Z,-USD,000044.929,000047.499,000043.942,1060482.9866,000045.137,24066648.0972
2021-10-17T09:00:09.307Z,-USD,000045.478,000047.499,000043.942,1023678.9936,000045.303,24076662.3828
2021-10-17T10:00:09.766Z,-USD,000046.045,000047.499,000043.942,1007481.2429,000045.523,24090767.9292
2021-10-17T11:00:10.085Z,-USD,000045.646,000047.499,000043.942,987942.3701,000045.483,24097695.2307
2021-10-17T12:00:08.446Z,-USD,0000046.37,000047.499,000043.942,965972.4402,000045.206,24110004.0287
2021-10-17T13:00:11.507Z,-USD,0000044.26,000047.499,000043.942,927827.136,000044.536,24138122.3641
2021-10-17T14:00:09.855Z,-USD,000044.789,000047.499,000044.252,897190.0253,000044.976,24151527.2949
2021-10-17T15:00:09.417Z,-USD,000045.363,000047.499,000044.252,868104.1872,000044.851,24170854.833
2021-10-17T16:00:08.9Z,-USD,000045.229,000047.499,000043.461,863689.2456,000044.064,24207344.6416
2021-10-17T17:00:02.403Z,-USD,0000045.76,000047.499,000043.461,835535.8458,000044.276,24221897.4035
2021-10-17T18:00:03.747Z,-USD,000045.837,000047.499,000043.461,745171.0805,000044.388,24232819.3747
2021-10-17T19:00:01.935Z,-USD,000046.473,000047.499,000043.461,672844.6527,000044.351,24252650.1653
2021-10-17T20:00:02.498Z,-USD,000046.748,000047.082,000043.266,597979.7367,000043.652,24272397.2208
2021-10-17T21:00:02.149Z,-USD,000046.583,0000046.83,00000042.0,628854.4914,000042.736,24344477.0139
2021-10-17T22:00:02.532Z,-USD,00000045.5,0000046.83,00000042.0,620014.5755,000043.459,24365829.5816
2021-10-17T23:00:01.82Z,-USD,000045.708,0000046.83,00000042.0,644076.6438,000043.691,24439779.6997
2021-10-18T00:00:08.546Z,-USD,000045.971,0000046.83,00000042.0,636894.9005,000044.097,24467352.7107
2021-10-18T01:00:02.724Z,-USD,000045.503,0000046.83,00000042.0,580929.7674,000044.462,23990501.1672
2021-10-18T02:00:01.902Z,-USD,000046.186,0000046.83,00000042.0,0576324.26,0000044.17,24012427.7905
2021-10-18T03:00:01.983Z,-USD,0000045.87,0000046.83,00000042.0,564639.3411,000043.856,24026152.5685
2021-10-18T04:00:02.164Z,-USD,000046.559,000046.651,00000042.0,559215.4829,000043.671,24051449.5904
2021-10-18T05:00:01.742Z,-USD,000045.999,000046.021,00000042.0,545281.1336,000043.796,24060107.0298
2021-10-18T06:00:01.777Z,-USD,000045.406,000045.917,00000042.0,529646.1607,000044.018,24068540.2188
2021-10-18T07:00:01.706Z,-USD,0000045.61,000045.917,00000042.0,524076.1746,000044.139,24074622.1828
2021-10-18T08:00:02.552Z,-USD,000045.079,000045.807,00000042.0,522980.9531,000043.562,24088099.1266
2021-10-18T09:00:02.451Z,-USD,000045.368,000045.807,00000042.0,521554.9014,000043.603,24096694.8996
2021-10-18T10:00:02.248Z,-USD,000045.604,000045.807,00000042.0,533741.2617,0000042.95,24122976.5988
2021-10-18T11:00:02.559Z,-USD,000045.526,000045.807,00000042.0,544416.1569,0000043.15,24140649.7305
2021-10-18T12:00:02.461Z,-USD,000045.163,000045.237,00000042.0,546791.4258,000042.674,24155544.7748
2021-10-18T13:00:02.581Z,-USD,000044.583,000045.235,00000042.0,535577.6145,000042.763,24172698.4715
2021-10-18T14:00:01.943Z,-USD,000045.041,000045.235,00000042.0,554848.4986,000043.522,24205436.1339
2021-10-18T15:00:02.116Z,-USD,000044.874,000044.973,00000042.0,557088.1856,000043.363,24226666.5591
2021-10-18T16:00:02.353Z,-USD,000044.059,000044.554,00000042.0,574748.3983,0000043.06,24280720.4834
2021-10-18T17:00:01.827Z,-USD,000044.294,000044.554,00000042.0,598191.3436,000043.436,24318609.3373
2021-10-18T18:00:02.355Z,-USD,000044.392,000044.554,00000042.0,610054.9576,000043.026,24341470.5519
2021-10-18T19:00:02.229Z,-USD,000044.342,000044.521,00000042.0,605597.9764,000043.194,24357135.6567
2021-10-18T20:00:02.515Z,-USD,000043.554,000044.521,00000042.0,609833.7274,000043.322,24380841.935
2021-10-18T21:00:01.852Z,-USD,000042.581,000044.521,0000042.03,0564102.96,000043.519,24407401.5926
2021-10-18T22:00:02.585Z,-USD,000043.478,000044.521,0000042.03,560918.5095,000043.415,24425260.5773
2021-10-18T23:00:01.997Z,-USD,000043.645,000044.521,0000042.03,503654.7606,000043.529,24441917.5827
2021-10-19T00:00:02.07Z,-USD,000044.123,000044.521,0000042.03,502736.3039,000043.803,24468606.2686
2021-10-19T01:00:02.499Z,-USD,0000044.46,0000044.46,0000042.03,496598.4006,000043.399,24178406.1118
2021-10-19T02:00:01.899Z,-USD,000044.125,000044.363,0000042.03,498519.5851,000044.118,24201560.0313
2021-10-19T03:00:02.276Z,-USD,000043.856,00000045.0,0000042.03,527642.4907,000044.938,24243921.0109
2021-10-19T04:00:02.483Z,-USD,000043.703,000045.526,0000042.03,559293.9434,000044.935,24300837.2269
2021-10-19T05:00:01.823Z,-USD,000043.806,000045.526,0000042.03,578827.8958,000044.651,24328891.2451
2021-10-19T06:00:02.691Z,-USD,000043.977,000045.526,0000042.03,580049.6383,000044.914,24338514.9764
2021-10-19T07:00:01.891Z,-USD,000044.135,000045.526,0000042.03,588536.983,000044.259,24353101.1311
2021-10-19T08:00:01.966Z,-USD,000043.576,000045.526,0000042.03,587339.1579,000044.951,24365367.6653
2021-10-19T09:00:02.439Z,-USD,000043.612,000045.526,0000042.03,587490.6353,0000044.52,24374168.2947
2021-10-19T10:00:02.336Z,-USD,000042.954,000045.526,0000042.03,575261.6728,000043.951,24388287.4421
2021-10-19T11:00:02.348Z,-USD,000043.199,000045.526,0000042.03,565098.3836,0000044.09,24395674.1127
2021-10-19T12:00:02.418Z,-USD,0000042.73,000045.526,0000042.03,558128.8135,000044.111,24403803.0711
2021-10-19T13:00:02.461Z,-USD,000042.756,000045.526,0000042.03,549847.6186,000044.129,24412557.6528
2021-10-19T14:00:02.569Z,-USD,0000043.48,000045.526,00000042.5,546640.7547,000043.881,24443688.5557
2021-10-19T15:00:01.94Z,-USD,000043.279,000045.526,00000042.5,555455.5172,0000043.44,24472141.1313
2021-10-19T16:00:02.246Z,-USD,000043.098,000045.526,000042.647,515930.6566,00000043.3,24486661.2374
2021-10-19T17:00:02.619Z,-USD,000043.461,000045.526,000042.647,491693.4447,000043.622,24500285.2184
2021-10-19T18:00:02.691Z,-USD,000042.982,000045.526,000042.647,484792.6286,000043.574,24516499.3501
2021-10-19T19:00:02.283Z,-USD,000043.229,000045.526,000042.647,483040.8473,000043.426,24530095.6409
2021-10-19T20:00:02.68Z,-USD,000043.328,000045.526,000042.807,480286.2604,000043.129,24551115.9131
2021-10-19T21:00:02.531Z,-USD,000043.486,000045.526,000042.807,467195.3058,000043.308,24564563.8267
2021-10-19T22:00:02.312Z,-USD,000043.438,000045.526,000042.807,455247.7073,000043.139,24571229.0724
2021-10-19T23:00:02.548Z,-USD,000043.478,000045.526,000042.807,452829.6608,000043.607,24584867.1133
2021-10-20T00:00:02.423Z,-USD,000043.807,000045.526,000042.807,440274.3716,000043.754,24599219.8944
2021-10-20T01:00:02.584Z,-USD,000043.434,000045.526,000042.807,428520.7842,000043.538,23627648.5432
2021-10-20T02:00:02.668Z,-USD,000044.145,000045.526,000042.807,416893.6725,00000043.6,23639573.9134
2021-10-20T03:00:02.542Z,-USD,000044.973,000045.526,000042.807,382320.9881,000043.797,23647664.8715
2021-10-20T04:00:02.569Z,-USD,000044.923,000045.292,000042.807,339677.9442,0000043.89,23661267.2457
2021-10-20T05:00:01.718Z,-USD,000044.731,000045.118,000042.807,317913.827,000044.145,23667449.6079
2021-10-20T06:00:02.82Z,-USD,000044.878,000045.045,000042.807,319767.1373,000043.954,23678968.1344
2021-10-20T07:00:02.601Z,-USD,0000044.33,000045.045,000042.807,308652.3351,000043.865,23682407.9656
2021-10-20T08:00:02.315Z,-USD,000044.837,000044.837,000042.807,300700.6004,000043.936,23686777.4672
2021-10-20T09:00:02.178Z,-USD,000044.519,0000044.56,000042.807,295051.8672,000043.735,23690040.4301
2021-10-20T10:00:02.107Z,-USD,000043.907,000044.791,000042.807,300251.8576,000044.687,23709144.7837
2021-10-20T11:00:04.304Z,-USD,0000044.09,000045.166,000042.807,311857.7355,000045.021,23728263.2585
2021-10-20T12:00:01.956Z,-USD,0000044.15,000045.166,000042.807,313264.2089,000044.733,23737841.2499
2021-10-20T13:00:01.795Z,-USD,000044.098,000045.166,000042.807,323497.0638,000044.659,23756791.3383
2021-10-20T14:00:02.204Z,-USD,000043.896,000045.166,000042.807,321643.3282,000045.051,23786118.5759
2021-10-20T15:00:02.133Z,-USD,000043.446,0000046.09,000042.968,352051.5379,000045.808,23844975.0334
2021-10-20T16:00:02.191Z,-USD,000043.301,000046.747,000042.968,413316.9641,000046.678,23920631.2938
2021-10-20T17:00:01.752Z,-USD,000043.573,000047.417,000042.968,464060.3117,000047.126,23985159.091
2021-10-20T18:00:02.711Z,-USD,000043.556,0000047.45,000042.968,489561.7723,0000047.45,24026742.4304
2021-10-20T19:00:02.04Z,-USD,000043.488,000048.092,000042.968,542220.9589,000047.934,24092949.4957
2021-10-20T20:00:01.881Z,-USD,000043.075,000048.092,000042.968,576166.1458,0000047.25,24148157.8848
2021-10-20T21:00:02.216Z,-USD,000043.236,000048.092,000043.091,613024.1264,000046.895,24198380.3403
2021-10-20T22:00:02.297Z,-USD,000043.133,000048.092,000043.116,637530.832,000046.752,24229374.9692
2021-10-20T23:00:01.822Z,-USD,000043.643,000048.092,000043.351,647113.1233,000046.588,24252974.0379
2021-10-21T00:00:02.66Z,-USD,000043.782,000048.092,000043.351,651363.8608,000046.898,24271228.806
2021-10-21T01:00:02.187Z,-USD,000043.531,000048.484,000043.398,692901.4899,000048.354,23383870.6325
2021-10-21T02:00:02.795Z,-USD,000043.588,000048.489,000043.588,741118.8548,000047.236,23443486.161
2021-10-21T03:00:02.201Z,-USD,000043.897,000048.489,0000043.69,782210.4221,000047.022,23492677.752
2021-10-21T04:00:02.146Z,-USD,0000043.87,000048.489,0000043.69,799714.2404,000047.064,23523811.7933
2021-10-21T05:00:02.629Z,-USD,000044.124,000048.489,0000043.69,811476.2588,000047.224,23541751.4882
2021-10-21T06:00:02.524Z,-USD,000043.966,000048.489,0000043.69,821543.2332,000046.959,23563350.1009
2021-10-21T07:00:02.385Z,-USD,000043.878,000048.489,0000043.69,845145.6864,000046.368,23590344.7905
2021-10-21T08:00:02.232Z,-USD,000043.898,000048.489,0000043.69,859090.6066,000046.638,23608657.5839
2021-10-21T09:00:02.008Z,-USD,000043.724,000048.489,0000043.69,879405.0022,000047.605,23632324.0471
2021-10-21T10:00:01.763Z,-USD,000044.639,000048.489,000044.387,888934.7409,000047.336,23660959.1763
2021-10-21T11:00:02.084Z,-USD,000044.898,000048.489,000044.494,891978.4165,000047.327,23683271.5622
2021-10-21T12:00:01.931Z,-USD,000044.741,000048.489,000044.494,955113.4342,0000046.27,23756023.6532
2021-10-21T13:00:01.776Z,-USD,0000044.67,000048.489,000044.494,981859.2317,000046.593,23801861.1557
2021-10-21T14:00:02.654Z,-USD,000045.118,000048.489,000044.928,984670.431,000046.793,23835790.6814
2021-10-21T15:00:01.791Z,-USD,000045.822,000048.489,0000045.39,994187.4958,000045.811,23902367.1395
2021-10-21T16:00:02.014Z,-USD,000046.651,000048.489,000044.382,1007311.7329,000045.022,23991122.3271
2021-10-21T17:00:02.369Z,-USD,000047.028,000048.489,000044.382,982449.0027,000044.675,24030803.2404
2021-10-21T18:00:02.593Z,-USD,000047.243,000048.489,000044.382,975578.2803,000044.504,24065985.4027
2021-10-21T19:00:02.51Z,-USD,000047.957,000048.489,000044.382,935068.8346,000044.819,24091258.4648
2021-10-21T20:00:02.655Z,-USD,000047.279,000048.489,000044.382,900441.9181,000044.845,24111537.4428
2021-10-21T21:00:01.929Z,-USD,000046.924,000048.489,000044.382,866512.7721,000044.988,24127972.904
2021-10-21T22:00:02.08Z,-USD,000046.763,000048.489,000044.382,859133.6962,000045.136,24151368.6882
2021-10-21T23:00:02.468Z,-USD,000046.631,000048.489,000044.382,854273.7776,000044.593,24170172.9909
2021-10-22T00:00:02.626Z,-USD,000046.929,000048.489,000044.382,856484.5957,000044.649,24190533.829
2021-10-22T01:00:09.309Z,-USD,000048.421,000048.489,000044.382,838676.1315,000045.539,23547499.6282
2021-10-22T02:00:07.275Z,-USD,000047.383,000048.121,000044.382,808220.2796,000045.522,23577875.6944
2021-10-22T03:00:02.234Z,-USD,000047.086,000048.121,000044.382,774182.3503,0000045.59,23591454.4897
2021-10-22T04:00:01.852Z,-USD,000047.011,000048.121,000044.382,763920.4891,0000046.22,23612599.0982
2021-10-22T05:00:02.652Z,-USD,000047.113,000048.121,000044.382,758461.8913,000046.126,23624808.6956
2021-10-22T06:00:02.402Z,-USD,000046.937,000048.121,000044.382,746510.5639,000045.844,23634185.8754
2021-10-22T07:00:02.05Z,-USD,000046.373,000048.121,000044.382,727625.2471,000045.601,23642399.9963
2021-10-22T08:00:01.781Z,-USD,000046.645,000048.121,000044.382,721401.5933,0000046.01,23654490.2872
2021-10-22T09:00:02.57Z,-USD,000047.689,000048.121,000044.382,707487.4947,000046.076,23664421.7463
2021-10-22T10:00:02.161Z,-USD,000047.385,000047.691,000044.382,692695.8832,000045.461,23678210.4992
2021-10-22T11:00:02.351Z,-USD,000047.372,000047.691,000044.382,684121.1595,000045.343,23691949.4966
2021-10-22T12:00:01.743Z,-USD,000046.354,0000047.22,000044.382,620831.9178,000045.762,23701699.007
2021-10-22T13:00:02.639Z,-USD,000046.633,0000047.22,000044.382,587433.6102,000045.913,23713747.6884
2021-10-22T14:00:02.466Z,-USD,000046.718,000047.171,000044.382,570401.6512,000045.089,23731081.5086
2021-10-22T15:00:01.819Z,-USD,000045.762,000046.324,000044.306,550941.7435,000044.794,23778450.5413
2021-10-22T16:00:01.939Z,-USD,000044.941,000046.324,000044.306,495911.1389,000044.776,23812045.4068
2021-10-22T17:00:02.393Z,-USD,00000044.7,000046.324,000043.689,497371.6426,000044.884,23852586.5485
2021-10-22T18:00:02.025Z,-USD,000044.622,000046.324,000043.689,475579.5289,000044.565,23868174.4737
2021-10-22T19:00:02.161Z,-USD,000044.845,000046.324,000043.689,465757.1243,000044.885,23881344.4589
2021-10-22T20:00:02.173Z,-USD,000044.908,000046.324,000043.689,467080.6548,000044.835,23903246.7038
2021-10-22T21:00:02.418Z,-USD,000044.986,000046.324,000043.689,462273.5223,000044.838,23914759.3677
2021-10-22T22:00:02.198Z,-USD,000045.236,000046.324,000043.689,455790.8279,000044.501,23931625.1592
2021-10-22T23:00:02.568Z,-USD,000044.648,000046.324,000043.689,449779.7708,000044.645,23944665.6886
2021-10-23T00:00:02.446Z,-USD,000044.657,000046.324,000043.689,438009.7237,000044.961,23952967.6453
2021-10-23T01:00:02.283Z,-USD,000045.519,000046.324,000043.689,414533.6349,000044.905,23334026.3014
2021-10-23T02:00:02.096Z,-USD,000045.431,000046.324,000043.689,396437.243,000044.912,23346037.8727
2021-10-23T03:00:02.102Z,-USD,0000045.65,000046.324,000043.689,406021.594,000045.263,23369250.2997
2021-10-23T04:00:02.17Z,-USD,000046.266,000046.322,000043.689,402550.5497,000045.153,23386945.1422
2021-10-23T05:00:02.322Z,-USD,000046.177,000046.199,000043.689,402550.5392,0000045.47,23399075.5108
2021-10-23T06:00:02.227Z,-USD,000045.871,000046.143,000043.689,405858.1764,000044.703,23411766.6075
2021-10-23T07:00:02.1Z,-USD,000045.694,000046.143,000043.689,412022.6337,000044.944,23426124.0996
2021-10-23T08:00:01.833Z,-USD,000046.081,000046.143,000043.689,406479.6994,000044.736,23432812.5756
2021-10-23T09:00:01.76Z,-USD,000046.126,000046.143,000043.689,399458.4855,000044.968,23436395.7366
2021-10-23T10:00:02.585Z,-USD,000045.529,000046.032,000043.689,396782.388,0000044.57,23446781.0415
2021-10-23T11:00:01.767Z,-USD,0000045.31,000046.032,000043.689,390186.0934,000044.407,23453864.4597
2021-10-23T12:00:02.463Z,-USD,000045.705,000046.032,000043.689,402516.1985,000044.994,23476176.6493
2021-10-23T13:00:02.387Z,-USD,000045.912,000045.977,000043.689,400142.4505,000044.928,23485610.2394
2021-10-23T14:00:02.271Z,-USD,000045.053,000045.523,000043.689,390094.5622,000044.762,23493112.6188
2021-10-31T18:00:08.706Z,-USD,000043.303,000046.945,000042.434,957641.4094,000045.088,26147261.4624
2021-10-31T19:00:01.791Z,-USD,000043.731,000046.945,000042.434,971862.4533,000044.733,26173562.8462
2021-10-31T20:00:01.778Z,-USD,000044.082,000046.945,000042.434,986983.0181,000044.344,26204303.9676
2021-10-31T21:00:02.684Z,-USD,000043.668,000046.945,000042.434,997113.6439,000044.671,26229639.9504
2021-10-31T22:00:01.709Z,-USD,000043.711,000046.945,000042.434,996359.2713,000045.069,26246785.2258
2021-10-31T23:00:03.094Z,-USD,0000043.03,000046.945,000042.659,991922.5984,00000045.2,26271258.7606
2021-11-01T00:00:04.868Z,-USD,000043.439,000046.945,000043.036,984953.0818,0000045.04,26293885.2774
2021-11-01T01:00:04.338Z,-USD,0000043.72,000046.945,000043.036,984231.4349,000045.513,25791487.1723
2021-11-01T02:00:03.854Z,-USD,0000043.37,000046.945,000043.161,975657.3186,00000044.7,25815115.7739
2021-11-01T03:00:03.703Z,-USD,000045.882,00000046.5,000043.161,910190.1796,000043.935,25902761.2342
2021-11-01T04:00:13.388Z,-USD,000045.601,00000046.5,000043.161,897881.3442,000043.534,25942287.7294
2021-11-01T05:00:07.284Z,-USD,000045.435,00000046.5,000043.153,878402.6057,000044.087,25963254.0974
2021-11-01T06:00:06.049Z,-USD,000045.308,00000046.5,000043.153,851921.8834,0000043.97,25974680.9349
2021-11-01T07:00:06.388Z,-USD,000045.256,00000046.5,000043.153,848336.8424,000044.015,25991747.3777
2021-11-01T08:00:02.266Z,-USD,000046.425,000046.425,000043.153,842941.0218,000044.903,26023027.9533
2021-11-01T09:00:01.782Z,-USD,000044.256,000045.943,000043.153,818384.8581,000044.688,26049157.1942
2021-11-01T10:00:02.202Z,-USD,000044.262,000045.943,000043.153,813986.9755,000044.893,26066854.1222
2021-11-01T11:00:03.213Z,-USD,000043.762,000045.943,000043.153,784633.8882,000045.038,26086402.8997
2021-11-01T12:00:02.513Z,-USD,000043.642,000045.943,000043.153,787026.7732,000044.416,26111676.8102
2021-11-01T13:00:02.256Z,-USD,000043.522,000045.943,000043.153,775768.9758,000044.584,26128117.0549
2021-11-01T14:00:02.194Z,-USD,0000044.75,0000045.93,000043.153,729289.4963,000044.569,26151055.2069
2021-11-01T15:00:02.248Z,-USD,000045.204,0000045.93,000043.153,695157.6652,000044.874,26199217.5156
2021-11-01T16:00:01.801Z,-USD,000044.708,0000045.93,000043.153,675517.639,000045.226,26221192.9811
2021-11-01T17:00:03.98Z,-USD,000045.138,0000045.93,000043.153,673778.4265,000044.644,26263348.1621
2021-11-01T18:00:02.944Z,-USD,000045.073,0000045.93,000043.153,661555.1546,000044.383,26279182.9531
2021-11-01T19:00:02.167Z,-USD,000044.726,0000045.93,000043.153,661002.1468,000044.513,26304840.9766
2021-11-01T20:00:02.283Z,-USD,000044.439,000046.581,000043.153,703904.028,000046.501,26378462.2065
2021-11-01T21:00:02.427Z,-USD,000044.682,000046.716,000043.153,724829.4547,000045.805,26424799.8742
2021-11-01T22:00:02.478Z,-USD,000045.135,000046.716,000043.153,735042.778,000046.487,26452576.9675
2021-11-01T23:00:03.419Z,-USD,000045.277,000046.737,000043.153,736396.1784,000046.373,26478157.7714
2021-11-02T00:00:01.929Z,-USD,0000045.01,00000047.0,000043.153,744383.9049,000046.944,26509279.6465
2021-11-02T01:00:01.873Z,-USD,0000045.53,0000047.55,000043.153,775900.114,000046.046,26084224.155
2021-11-02T02:00:01.986Z,-USD,000044.726,0000047.55,000043.153,777368.5118,000045.724,26109858.696
2021-11-02T03:00:01.903Z,-USD,0000043.46,0000047.55,000043.153,694221.9778,000045.957,26154793.8746
2021-11-02T04:00:02.082Z,-USD,0000043.46,0000047.55,000043.153,742015.5318,000046.876,26202587.4286
2021-11-02T05:01:03.096Z,-USD,000044.001,0000047.55,000043.773,733198.0168,0000046.35,26225031.123
2021-11-02T06:00:02.166Z,-USD,000044.001,0000047.55,000043.773,745672.2176,000046.402,26237505.3238
2021-11-02T07:00:01.91Z,-USD,000044.096,0000047.55,000044.096,742389.246,000046.192,26250937.2291
2021-11-02T08:00:01.852Z,-USD,000044.969,0000047.55,000044.106,729967.6139,000045.811,26269982.7721
2021-11-02T09:00:01.775Z,-USD,000044.777,0000047.55,000044.106,719540.614,000046.284,26285535.742
2021-11-02T10:00:01.714Z,-USD,000044.976,0000047.55,000044.106,718394.8241,000046.618,26302090.0513
2021-11-02T11:00:04.183Z,-USD,000045.078,0000047.55,000044.106,721632.8178,000047.249,26325892.5307
2021-11-02T12:00:01.711Z,-USD,000044.513,000048.979,000044.106,775272.956,0000047.81,26403811.8995
2021-11-02T13:00:02.582Z,-USD,000044.586,000048.979,000044.106,806278.3927,000048.099,26451358.7749
2021-11-02T14:00:02.686Z,-USD,000044.545,000048.979,000044.106,826103.5564,000048.213,26494075.8801
2021-11-02T15:00:02.009Z,-USD,000045.004,000048.979,000044.106,826158.5334,000047.595,26542326.348
2021-11-02T16:00:02.22Z,-USD,000045.383,000048.979,000044.106,826925.9115,000047.571,26571264.6915
2021-11-02T17:00:03.37Z,-USD,000044.635,000048.979,000044.106,841333.2616,000047.903,26621575.4784
2021-11-02T18:00:02.126Z,-USD,000044.407,000048.979,000044.106,859883.2486,000047.836,26655990.9373
2021-11-02T19:00:02.42Z,-USD,000044.498,000048.979,0000044.35,869964.9217,000048.092,26691612.8023
2021-11-02T20:00:01.771Z,-USD,000046.692,000048.979,000045.333,836217.9831,000048.586,26733240.6719
2021-11-02T21:00:01.886Z,-USD,000045.831,000048.979,000045.333,833015.1839,00000047.5,26774613.9477
2021-11-02T22:00:02.016Z,-USD,000046.487,000048.979,000045.442,831525.5033,000047.462,26801657.7361
2021-11-02T23:00:02.751Z,-USD,000046.329,000048.979,000045.442,829220.5839,000047.239,26824195.2366
2021-11-03T00:00:02.489Z,-USD,00000047.1,000048.979,000045.442,823894.3921,000047.147,26854615.6007
2021-11-03T01:00:02.616Z,-USD,000046.113,000048.979,000045.442,793358.7513,00000047.2,26279631.1577
2021-11-03T02:00:02.352Z,-USD,000045.661,000048.979,000045.442,786927.4816,000046.988,26298825.2042
2021-11-03T03:00:02.521Z,-USD,000045.963,000048.979,000045.641,773592.1178,000047.172,26330217.9322
2021-11-03T04:00:02.703Z,-USD,000046.718,000048.979,000045.641,767199.6693,000047.738,26372969.2789
2021-11-03T05:00:03.72Z,-USD,000046.396,000048.979,000045.641,769490.6467,000046.798,26396411.6867
2021-11-03T06:00:02.825Z,-USD,000046.452,000048.979,000045.641,776738.9869,000046.941,26416176.2339
2021-11-03T07:00:01.666Z,-USD,000046.207,000048.979,000045.641,773331.0414,000047.041,26426231.1244
2021-11-03T08:00:02.667Z,-USD,000045.811,000048.979,000045.641,770893.1506,0000047.53,26443216.429
2021-11-03T09:00:02.682Z,-USD,000046.197,000048.979,000046.082,767166.8456,000047.033,26454598.3601
2021-11-03T10:00:02.489Z,-USD,000046.559,000048.979,000046.415,762351.5403,00000047.5,26466425.0609
2021-11-03T11:00:04.508Z,-USD,000047.332,000048.979,000046.552,779582.2444,000048.088,26508334.5399
2021-11-03T12:00:01.942Z,-USD,000047.853,000048.742,000046.552,719681.2358,000047.375,26527259.9824
2021-11-03T13:00:01.863Z,-USD,000048.232,000048.677,0000045.06,738638.7221,000045.792,26594227.4256
2021-11-03T14:00:01.998Z,-USD,000048.215,000048.677,0000044.55,750262.0208,000045.428,26646431.4952
2021-11-03T15:00:02.207Z,-USD,000047.612,000048.677,0000044.55,743733.957,000045.658,26688217.4858
2021-11-03T16:00:01.68Z,-USD,000047.594,000048.677,0000044.55,752641.8094,00000045.8,26727199.4885
2021-11-03T17:00:03.277Z,-USD,000048.024,000048.677,0000044.55,747321.7927,000045.443,26771013.4843
2021-11-03T18:00:01.882Z,-USD,000047.836,000048.677,0000044.55,730144.9399,000045.855,26789440.5052
2021-11-03T19:00:02.278Z,-USD,000048.074,000048.677,0000044.55,756040.1985,000046.865,26849647.1846
2021-11-03T20:00:02.568Z,-USD,000048.433,000048.477,0000044.55,744672.6216,000046.327,26880376.078
2021-11-03T21:00:01.933Z,-USD,000047.475,000048.208,0000044.55,731256.6567,0000046.38,26910579.8861
