Coin on file:	LINK
Created by:	chris
Created on:	09/18/2021T03:00:1631948402Z

Recorded,Currency,Open,High,Low,Volume,Last,Volume30day
2021-09-18T03:00:02.659Z,-USD,0029.58561,00030.1318,0027.36956,3795658.75,00028.0284,107383805.09
2021-09-18T04:00:01.983Z,-USD,0029.73049,00030.1318,0027.36956,3754714.01,0028.27275,107460738.1
2021-09-18T05:00:02.052Z,-USD,0030.01779,00030.1318,0027.36956,3738968.14,0028.64614,107581743.28
2021-09-18T06:00:02.083Z,-USD,0030.05739,00030.1318,0027.36956,3764467.56,0029.12172,107723087.76
2021-09-18T07:00:02.385Z,-USD,0029.89934,0030.08714,0027.36956,3738552.51,0029.02148,107810008.41
2021-09-18T08:00:02.626Z,-USD,0029.51212,0029.96369,0027.36956,3696599.04,0028.96753,107878880.58
2021-09-18T09:00:01.852Z,-USD,0029.84404,0029.96369,0027.36956,3605146.84,0029.13623,107940280.83
2021-09-18T10:00:01.968Z,-USD,0029.32224,0029.42769,0027.36956,3580009.12,0029.15542,108027483.55
2021-09-18T11:00:02.344Z,-USD,0028.47471,00029.4641,0027.36956,03186007.4,0029.22061,108099464.86
2021-09-18T12:00:02.46Z,-USD,0028.35716,00029.4641,0027.36956,03081962.3,0028.88919,108177180.7
2021-09-18T13:00:02.675Z,-USD,000028.359,00029.4641,0027.36956,2921708.57,0028.91873,108271797.72
2021-09-18T14:00:01.88Z,-USD,0028.18102,00029.4641,0027.36956,2851066.06,000028.907,108411274.1
2021-09-18T14:27:57.952Z,-USD,0028.44914,00029.4641,0027.36956,2700224.16,0029.02775,108464301.5
2021-09-18T14:28:37.246Z,-USD,0028.44914,00029.4641,0027.36956,2703458.64,0029.01846,108467535.98
2021-09-18T14:31:17.504Z,-USD,0028.44914,00029.4641,0027.36956,2710563.52,0029.01741,108474640.86
2021-09-18T15:00:02.118Z,-USD,0028.44914,00029.4641,0027.36956,2753959.52,0028.89903,108518036.86
2021-09-18T16:00:02.322Z,-USD,0028.36557,00029.4641,0027.36956,2732756.88,0028.71022,108612473.12
2021-09-18T17:00:02.107Z,-USD,0028.61669,00029.4641,0027.36956,2714666.37,0028.46688,108770015.45
2021-09-18T18:00:07.221Z,-USD,0028.18094,00029.4641,0027.36956,2743856.28,0028.65662,108887255.09
2021-09-18T19:00:01.787Z,-USD,0028.15867,00029.4641,0027.36956,2588807.84,0028.49936,108995335.89
2021-09-18T20:00:02.515Z,-USD,0028.29006,00029.4641,0027.36956,2503241.08,0028.50655,109071759.9
2021-09-18T21:00:02.121Z,-USD,00027.7776,00029.4641,0027.36956,2621404.15,0028.04431,109291612.18
2021-09-18T22:00:02.335Z,-USD,0027.83957,00029.4641,0027.36956,2540360.37,0028.03777,109344476.53
2021-09-18T23:00:01.768Z,-USD,0027.45981,00029.4641,0027.39888,2488621.66,0028.20259,109408061.48
2021-09-19T00:00:02.394Z,-USD,0027.74286,00029.4641,0027.39888,2479423.44,0028.40382,109474698.92
2021-09-19T01:00:02.002Z,-USD,0027.82738,00029.4641,0027.70461,2381279.48,0027.95943,106515509.87
2021-09-19T02:00:02.019Z,-USD,0027.89465,00029.4641,0027.68646,2415133.93,0028.19748,106652128.55
2021-09-19T03:00:02.664Z,-USD,0028.05883,00029.4641,0027.68646,2364217.57,0028.14968,106694930.38
2021-09-19T04:00:02.654Z,-USD,0028.30703,00029.4641,0027.68646,2316791.16,0027.95077,106724392.09
2021-09-19T05:00:02.407Z,-USD,0028.63458,00029.4641,0027.68646,2228467.61,0028.00304,106757324.74
2021-09-19T06:00:02.187Z,-USD,0029.11042,00029.4641,0027.68646,2121153.66,0028.16009,106792266.18
2021-09-19T07:00:02.005Z,-USD,0029.09084,00029.4641,0027.68646,02071511.6,0028.34829,106828348.16
2021-09-19T08:00:02.143Z,-USD,0000028.97,00029.4641,0027.68646,02064669.0,0028.60291,106891639.34
2021-09-19T09:00:01.925Z,-USD,0029.12877,00029.4641,0027.68646,2060928.75,0028.69874,106947900.41
2021-09-19T10:00:01.868Z,-USD,0029.16814,00029.4641,0027.68646,2039565.87,0028.57591,107014417.83
2021-09-19T11:00:02.48Z,-USD,0029.20802,0029.38712,0027.68646,02023073.7,0028.29881,107069238.7
2021-09-19T12:00:02.523Z,-USD,0028.92347,0029.24286,0027.53466,2098244.78,00027.7218,107223552.17
2021-09-19T13:00:02.684Z,-USD,0028.89896,0029.18678,0027.53466,2137363.72,0027.81105,107356223.36
2021-09-19T14:00:02.607Z,-USD,0028.89989,0029.04465,0027.53466,2089709.19,0028.01599,107448508.11
2021-09-19T15:00:02.684Z,-USD,0028.86479,0028.89791,0027.53466,02042825.7,0028.05529,107507810.3
2021-09-19T16:00:02.634Z,-USD,0028.70539,0028.82928,0027.53466,2014605.91,0028.03895,107575495.83
2021-09-19T17:00:02.62Z,-USD,00028.4593,0028.79532,0027.53466,1916527.02,0028.01403,107634434.15
2021-09-19T18:00:01.7Z,-USD,0028.64554,0028.79532,0027.53466,1868552.53,0027.79642,107702879.02
2021-09-19T19:00:01.839Z,-USD,0028.48358,0028.79532,0027.53466,1845550.64,0027.91781,107788590.13
2021-09-19T20:00:01.841Z,-USD,0028.52718,0028.79532,0027.53466,1884970.82,00027.5824,107903557.72
2021-09-19T21:00:02.299Z,-USD,00028.0037,0028.79532,0027.50362,1779345.67,0027.74854,108017824.0
2021-09-19T22:00:02.24Z,-USD,0028.02455,0028.79532,0027.50362,1812969.52,0027.64127,108104489.32
2021-09-19T23:00:02.396Z,-USD,0028.21927,0028.79532,0026.93277,1955979.97,0027.15147,108310918.33
2021-09-20T00:00:01.696Z,-USD,0028.41098,0028.79532,0026.93277,1977780.97,0027.40482,108401360.4
2021-09-20T01:00:01.876Z,-USD,0027.96877,0028.79532,0026.50501,2151486.76,0026.65803,106508212.15
2021-09-20T02:00:02.151Z,-USD,0028.20353,0028.79532,0026.50501,2105772.11,0026.97994,106598713.92
2021-09-20T03:00:02.274Z,-USD,0028.16071,0028.79532,0000025.96,2424258.18,0026.08319,106959823.71
2021-09-20T04:00:02.153Z,-USD,0027.94123,0028.79532,00025.5846,2689947.02,0025.85872,107254970.21
2021-09-20T05:00:01.965Z,-USD,0028.01786,0028.79532,0025.53369,2835242.85,0026.04007,107433895.69
2021-09-20T06:00:01.919Z,-USD,0028.16151,0028.79532,0025.53369,2917065.48,0026.09804,107551018.34
2021-09-20T07:00:02.042Z,-USD,0028.37829,0028.79532,0025.53369,2972287.46,00025.8393,107641979.74
2021-09-20T08:00:02.121Z,-USD,00028.6264,0028.79532,0024.71045,3314933.16,0025.00547,108047833.33
2021-09-20T09:00:01.892Z,-USD,0028.68619,0028.79532,0024.71045,03398484.6,0025.46682,108187404.56
2021-09-20T10:00:01.701Z,-USD,0028.55972,0028.61533,0024.71045,3432222.21,00025.1024,108287770.84
2021-09-20T11:00:02.361Z,-USD,0028.33839,0000028.35,0024.71045,3547333.22,0024.96627,108457782.87
2021-09-20T12:00:02.361Z,-USD,0027.70112,0028.25531,0023.82503,3877193.98,00024.1716,108942678.76
2021-09-20T13:00:02.403Z,-USD,00027.8306,0028.25531,0000023.01,4372173.42,0024.16699,109569332.39
2021-09-20T14:00:02.73Z,-USD,0028.00385,0028.25531,0000023.01,4665951.72,0024.72161,109955349.39
2021-09-20T15:00:01.832Z,-USD,0028.04187,0028.25531,0000023.01,4875145.45,0024.37443,110226824.55
2021-09-20T16:00:02.357Z,-USD,0028.02314,0028.25531,0000023.01,5035421.46,0024.52722,110451665.47
2021-09-20T17:00:02.536Z,-USD,0028.01398,0028.14402,0000023.01,5215290.73,0024.51394,110690386.57
2021-09-20T18:00:02.544Z,-USD,00027.8137,0028.07984,0000023.01,5337806.37,0000024.59,110881403.79
2021-09-20T19:00:02.469Z,-USD,0027.94105,0027.98484,0000023.01,5554878.91,0023.90183,111184114.93
2021-09-20T20:00:02.434Z,-USD,0027.58752,00027.8142,0000023.01,5804912.95,00024.1355,111549465.62
2021-09-20T21:00:02.46Z,-USD,0027.72152,00027.8142,0000023.01,6050257.84,0023.79433,111908958.62
2021-09-20T22:00:02.44Z,-USD,0027.64459,00027.8142,0000023.01,6171303.22,0023.93167,112117960.66
2021-09-20T23:00:02.52Z,-USD,0027.13327,0027.42362,0000023.01,6146803.25,0023.69989,112298552.32
2021-09-21T00:00:02.956Z,-USD,0027.37993,0027.42362,0000023.01,6330460.35,0023.52866,112574775.69
2021-09-21T01:00:02.191Z,-USD,0026.66327,0027.01547,0000022.15,6930248.98,0022.47057,111390681.72
2021-09-21T02:00:01.777Z,-USD,0026.96006,0026.99859,0000022.15,7246999.24,0023.30839,111797503.81
2021-09-21T03:00:02.103Z,-USD,0000026.01,0026.26637,0000022.15,7148787.39,0023.75248,112062337.3
2021-09-21T04:00:02.34Z,-USD,0000025.81,0026.26637,0000022.15,6998962.07,0023.37375,112206710.57
2021-09-21T05:00:02.612Z,-USD,0026.01562,0026.26637,0000022.15,6984092.38,0022.99779,112369252.26
2021-09-21T06:00:02.518Z,-USD,00026.0682,0026.16974,0000022.15,7086069.96,00023.0317,112588680.01
2021-09-21T07:00:02.272Z,-USD,0025.83508,0025.99914,0000022.15,7140433.61,0023.42885,112737479.34
2021-09-21T08:00:02.419Z,-USD,0025.04922,0025.54394,0000022.15,6990233.95,000023.823,112992651.4
2021-09-21T09:00:02.545Z,-USD,00025.4235,0025.54039,0000022.15,7020702.85,0024.16208,113159424.51
2021-09-21T10:00:02.395Z,-USD,0025.10295,0025.54039,0000022.15,7024365.51,0023.83803,113263426.01
2021-09-21T11:00:02.6Z,-USD,0024.97692,00025.0595,0000022.15,6997897.85,0024.19358,113407002.77
2021-09-21T12:00:02.507Z,-USD,0024.13745,0024.86524,0000022.15,06649557.7,0024.06046,113544339.01
2021-09-21T13:00:02.679Z,-USD,0024.22289,0024.86524,0000022.15,6206208.81,0023.80934,113729103.25
2021-09-21T14:00:01.857Z,-USD,0024.72307,0024.86524,0000022.15,5994471.27,0023.77756,113901291.39
2021-09-21T15:00:02.144Z,-USD,0024.39159,0024.86524,0000022.15,5982854.46,0023.28093,114161359.21
2021-09-21T16:00:02.617Z,-USD,0024.49193,0024.86524,0000022.15,5884564.14,0023.71248,114291878.47
2021-09-21T17:00:03.462Z,-USD,0024.50311,0024.81156,0000022.15,5835481.34,0023.03289,114477415.87
2021-09-21T18:00:01.824Z,-USD,0024.58903,0024.62528,0000022.15,5958784.47,0022.61115,114791428.82
2021-09-21T19:00:02.438Z,-USD,0023.94035,0024.37999,0000022.15,5922691.45,0022.61964,115058874.2
2021-09-21T20:00:02.298Z,-USD,0024.16578,0024.37999,0000022.15,5806313.53,0022.49578,115307296.11
2021-09-21T21:00:01.766Z,-USD,0023.90653,0024.37999,0021.51943,5970684.18,0021.59468,115840714.47
2021-09-21T22:00:02.225Z,-USD,0023.92001,0024.37999,0020.81631,6499848.93,0022.03306,116569056.94
2021-09-21T23:00:02.124Z,-USD,0023.70641,0024.37999,0020.81631,6589983.75,0021.30459,116840931.24
2021-09-22T00:00:02.323Z,-USD,0023.56041,0024.37999,0020.81631,6607532.25,0021.38932,117133721.28
2021-09-22T01:00:02.686Z,-USD,0022.46619,0024.37999,0020.81631,6050483.36,0021.42125,115064425.47
2021-09-22T02:00:01.838Z,-USD,00023.2997,0024.37999,0020.81631,6089493.21,0022.38534,115513713.57
2021-09-22T03:00:02.496Z,-USD,0023.71313,0024.37999,0020.81631,5980555.68,00000022.3,115666998.09
2021-09-22T04:00:01.855Z,-USD,0023.37995,0024.37999,0020.81631,6015292.71,00022.2552,115844735.81
2021-09-22T05:00:01.961Z,-USD,0022.98678,0024.37999,0020.81631,06034867.7,0021.97822,116027636.01
2021-09-22T06:00:02.356Z,-USD,0023.05635,0024.37999,0020.81631,05974115.0,0022.31863,116185605.55
2021-09-22T07:00:02.359Z,-USD,0023.46529,0024.37999,0020.81631,05964422.2,00022.6251,116324579.37
2021-09-22T08:00:02.458Z,-USD,0023.83531,0024.37999,0020.81631,5799369.91,0022.87033,116415311.26
2021-09-22T09:00:03.657Z,-USD,0024.15007,0024.37999,0020.81631,5765266.57,0022.74098,116547445.36
2021-09-22T10:00:01.805Z,-USD,0023.84387,0024.37999,0020.81631,5830697.51,0022.95239,116716792.31
2021-09-22T11:00:02.368Z,-USD,00024.1742,0024.37999,0020.81631,5865318.14,0022.97493,116894813.16
2021-09-22T12:00:02.378Z,-USD,0024.06452,0024.36581,0020.81631,5913315.25,0022.62429,117081291.18
2021-09-22T13:00:02.638Z,-USD,0023.76879,0024.03756,0020.81631,5866532.64,0022.96078,117222726.9
2021-09-22T14:00:01.835Z,-USD,0023.80907,0023.84726,0020.81631,5857216.09,0023.15406,117380941.3
2021-09-22T15:00:01.945Z,-USD,0023.25923,00023.8325,0020.81631,5746778.18,00023.2513,117531315.04
2021-09-22T16:00:02.268Z,-USD,0023.75595,00023.8325,0020.81631,5977190.75,0000023.75,117891953.83
2021-09-22T17:00:02.156Z,-USD,0023.01877,0024.09455,0020.81631,6084942.04,0024.02095,118184977.05
2021-09-22T18:00:02.557Z,-USD,0022.60829,0024.10501,0020.81631,5978788.69,0023.66381,118393209.66
2021-09-22T19:00:02.158Z,-USD,0022.59643,0024.51706,0020.81631,6197194.99,0023.82643,118878705.16
2021-09-22T20:00:02.676Z,-USD,0022.41686,0024.51706,0020.81631,6171704.47,0024.00494,119101638.02
2021-09-22T21:00:01.933Z,-USD,0021.57814,0024.51706,0020.81631,5793684.58,0024.24752,119257594.53
2021-09-22T22:00:02.514Z,-USD,0021.99302,0024.51706,0021.03046,5231091.19,0024.09225,119424410.78
2021-09-22T23:00:02.005Z,-USD,0021.36383,0024.51706,0021.03046,5098864.36,0024.29183,119563709.33
2021-09-23T00:00:03.545Z,-USD,0021.43561,0024.51706,0021.03046,4953284.58,00024.4527,119711716.19
2021-09-23T01:00:02.49Z,-USD,0021.47641,00000024.7,0021.26864,4869382.85,0024.05906,117402212.37
2021-09-23T02:00:02.357Z,-USD,0022.41269,00000024.7,0021.90001,4575068.73,000024.312,117550197.48
2021-09-23T03:00:02.712Z,-USD,0000022.23,00000024.7,0021.90001,4467247.67,00024.3023,117595481.24
2021-09-23T04:00:01.926Z,-USD,0022.26507,00000024.7,0021.90001,4394289.39,0024.60485,117699819.01
2021-09-23T05:00:02.221Z,-USD,0021.98198,00000024.7,0021.98198,4321596.69,0024.35358,117810446.17
2021-09-23T06:00:02.32Z,-USD,0022.34964,00000024.7,0000022.03,4247896.72,0024.15679,117895085.34
2021-09-23T07:00:03.134Z,-USD,0022.65353,00000024.7,0000022.52,4173648.49,0024.49096,117959233.61
2021-09-23T08:00:02.122Z,-USD,0022.82429,00000024.7,0000022.52,4147866.42,0024.52849,118025812.36
2021-09-23T09:00:02.3Z,-USD,0022.72428,00000024.7,0000022.52,4079290.55,0024.23307,118087959.28
2021-09-23T10:00:02.464Z,-USD,0022.97394,00000024.7,0000022.52,3978888.48,0024.22548,118156833.82
2021-09-23T11:00:05.825Z,-USD,0022.96191,00000024.7,0000022.52,3924876.81,000023.918,118281430.24
2021-09-23T12:00:02.063Z,-USD,0022.62053,00000024.7,0022.59001,3915900.39,0023.52272,118458944.31
2021-09-23T13:00:02.551Z,-USD,0022.98331,00000024.7,0000022.86,3867583.15,0023.66637,118551253.5
2021-09-23T14:00:01.849Z,-USD,000023.158,00000024.7,0022.99092,3921561.99,0024.49299,118763456.65
2021-09-23T15:00:02.469Z,-USD,0023.25299,00024.7575,0023.25249,3893261.39,0024.61359,118890656.9
2021-09-23T16:00:01.835Z,-USD,0023.79769,00024.7575,0000023.41,3666433.41,0024.18895,119023669.13
2021-09-23T17:00:02.388Z,-USD,0024.01597,00024.7575,0000023.41,3488903.39,0024.25202,119136163.88
2021-09-23T18:00:01.982Z,-USD,0023.66462,0025.11507,0000023.41,3486645.48,0025.03547,119341913.9
2021-09-23T19:00:01.805Z,-USD,0023.77723,0025.33738,0000023.41,3238686.67,0025.23398,119578503.63
2021-09-23T20:00:02.516Z,-USD,0024.02091,0025.39091,0000023.41,3209497.65,0025.32219,119772465.51
2021-09-23T21:00:02.25Z,-USD,0024.23217,0025.46999,0000023.41,3191083.83,0025.24096,119911963.9
2021-09-23T22:00:02.175Z,-USD,0024.07739,0025.46999,0000023.41,3114922.61,0025.24328,120000143.48
2021-09-23T23:00:01.951Z,-USD,0024.27997,0000025.49,0000023.41,3101522.17,0025.27485,120126419.54
2021-09-24T00:00:02.48Z,-USD,0024.45588,0000025.49,0000023.41,3050698.03,0025.43615,120223396.54
2021-09-24T01:00:02.228Z,-USD,0000024.07,0025.51091,0000023.41,2951901.84,0025.13773,118199135.96
2021-09-24T02:00:02.084Z,-USD,0024.34778,0025.51091,0000023.41,2934098.65,0024.87606,118328629.82
2021-09-24T03:00:01.973Z,-USD,0024.29025,0025.51091,0000023.41,2994265.72,0024.80816,118434137.66
2021-09-24T04:00:02.45Z,-USD,0024.60626,0025.51091,0000023.41,2989327.24,0024.61798,118533464.37
2021-09-24T05:00:02.206Z,-USD,0024.36318,0025.51091,0000023.41,2998356.37,0024.57966,118654275.28
2021-09-24T06:00:02.643Z,-USD,0024.17034,0025.51091,0000023.41,3080737.35,0024.44654,118820231.13
2021-09-24T07:00:02.623Z,-USD,0024.52125,0025.51091,0000023.41,3123456.86,0024.19836,118927555.68
2021-09-24T08:00:01.884Z,-USD,0024.52108,0025.51091,0000023.41,3209592.19,0024.69758,119079949.6
2021-09-24T09:00:02.126Z,-USD,00024.2266,0025.51091,0000023.41,3239257.06,0024.38772,119171416.8
2021-09-24T10:00:02.248Z,-USD,0024.21213,0025.51091,00022.2729,3783025.04,00022.3591,119784264.87
2021-09-24T11:00:02.663Z,-USD,0023.90689,0025.51091,0022.04677,4048845.13,0022.28288,120174523.05
2021-09-24T12:00:02.133Z,-USD,000023.545,0025.51091,00000021.4,4580788.03,0022.28388,120884170.09
2021-09-24T13:00:02.817Z,-USD,00023.6506,0025.51091,00000021.4,4993419.97,0021.87305,121389350.88
2021-09-24T14:00:02.591Z,-USD,0024.50565,0025.51091,00000021.4,05250063.6,0022.49042,121858810.3
2021-09-24T15:00:02.124Z,-USD,0024.62883,0025.51091,00000021.4,5475733.12,0022.81568,122211086.28
2021-09-24T16:00:01.961Z,-USD,0024.16466,0025.51091,00000021.4,5551828.74,0022.54173,122421331.4
2021-09-24T17:00:02.316Z,-USD,0024.25383,0025.51091,00000021.4,5590572.55,0022.63835,122571085.04
2021-09-24T18:00:02.431Z,-USD,0025.06581,0025.51091,00000021.4,05502122.4,0022.39731,122688848.66
2021-09-24T19:00:02.41Z,-USD,00025.2493,0025.51091,00000021.4,5411290.39,00022.6545,122834026.11
2021-09-24T20:00:01.732Z,-USD,0025.33762,0025.51091,00000021.4,5380831.64,0022.72888,122997751.48
2021-09-24T21:00:02.101Z,-USD,0025.24168,0025.51091,00000021.4,5602432.06,0023.31008,123358600.21
2021-09-24T22:00:02.204Z,-USD,0025.24329,0025.51091,00000021.4,5646276.89,0023.39578,123490869.49
2021-09-24T23:00:01.997Z,-USD,0025.26213,0025.51091,00000021.4,5669092.45,0023.56228,123640022.16
2021-09-25T00:00:02.169Z,-USD,00025.4364,0025.51091,00000021.4,5816599.51,0023.29424,123884473.13
2021-09-25T01:00:02.578Z,-USD,0025.12456,0025.21046,00000021.4,6034707.91,0023.55903,121122169.49
2021-09-25T02:00:01.928Z,-USD,0024.88243,0025.02347,00000021.4,6097648.77,0023.45603,121314609.75
2021-09-25T03:00:01.987Z,-USD,0024.81473,0025.01971,00000021.4,6075263.31,0023.19049,121397999.54
2021-09-25T04:00:02.605Z,-USD,0024.60452,0025.01971,00000021.4,6086627.47,0023.33152,121508450.32
2021-09-25T05:00:02.68Z,-USD,0024.57841,0025.01971,00000021.4,6040136.73,0023.29839,121582711.57
2021-09-25T06:00:02.668Z,-USD,0024.44942,0025.01971,00000021.4,5956143.49,0022.98444,121665815.27
2021-09-25T07:00:01.846Z,-USD,0024.19876,0025.01971,00000021.4,5909664.01,00023.2934,121726779.72
2021-09-25T08:00:01.884Z,-USD,0024.65751,0025.01971,00000021.4,5916903.16,0022.70036,121886372.26
2021-09-25T09:00:02.034Z,-USD,0024.37937,0024.39556,00000021.4,6023242.62,0022.76315,122084886.34
2021-09-25T10:00:01.83Z,-USD,0022.32776,0023.79536,00000021.4,5585937.28,0022.98176,122269685.86
2021-09-25T11:00:02.586Z,-USD,00022.2634,0023.79536,00000021.4,05375006.0,0022.93014,122438238.45
2021-09-25T12:00:02.497Z,-USD,0022.24209,0023.79536,0021.66784,4829976.11,0022.73341,122603308.79
2021-09-25T13:00:02.182Z,-USD,0021.90986,0023.79536,0021.66784,4451094.84,0022.66369,122729636.62
2021-09-25T14:00:02.678Z,-USD,0022.47626,0023.79536,0022.05262,4073345.63,0022.82559,122821106.44
2021-09-25T15:00:02.678Z,-USD,0022.83447,0023.79536,0022.05262,3827246.77,0022.53129,122928801.57
2021-09-25T16:00:01.769Z,-USD,0022.50163,0023.79536,0022.05262,3776216.59,0022.90693,123086619.72
2021-09-25T17:00:02.512Z,-USD,00022.6364,0023.79536,0022.05262,3794465.64,00022.8536,123254054.82
2021-09-25T18:00:01.743Z,-USD,0022.45841,0023.79536,0022.05262,3793125.82,0022.99807,123370707.83
2021-09-25T19:00:01.831Z,-USD,0000022.62,0023.79536,0022.05262,3859511.07,0023.27594,123583127.04
2021-09-25T20:00:02.078Z,-USD,0022.74428,0000024.15,0022.05262,04018357.1,0023.91781,123904808.87
2021-09-25T21:00:02.047Z,-USD,0023.30691,0024.41837,0022.05262,3943926.12,0024.16863,124191890.89
2021-09-25T22:00:01.967Z,-USD,0000023.41,0024.41837,0022.05262,3928771.53,0024.21394,124308196.1
2021-09-25T23:00:02.555Z,-USD,0023.52001,0024.62368,0022.05262,04031634.7,0024.41604,124565267.6
2021-09-26T00:00:01.749Z,-USD,0023.28821,0024.70811,0022.05262,04068514.4,0024.53338,124845609.06
2021-09-26T01:00:01.825Z,-USD,0023.54762,0024.70811,0022.05262,3978444.27,0024.06298,122452273.56
2021-09-26T02:00:02.1Z,-USD,0023.44475,0024.70811,0022.05262,4086105.89,0023.96807,122751151.38
2021-09-26T03:00:01.99Z,-USD,0023.18477,0024.70811,0022.05262,4234374.58,0023.75652,122981919.48
2021-09-26T04:00:02.515Z,-USD,0023.33721,0024.70811,0022.05262,04276010.2,00024.1647,123135077.05
2021-09-26T05:00:01.75Z,-USD,0023.28766,0024.70811,0022.05262,04477171.3,000024.209,123409309.96
2021-09-26T06:00:02.535Z,-USD,0022.97485,0024.70811,0022.05262,4531192.13,0024.01196,123547230.85
2021-09-26T07:00:02.664Z,-USD,0023.28729,0024.70811,0022.05262,4605856.52,0023.73039,123682529.63
2021-09-26T08:00:02.631Z,-USD,0022.72536,0024.70811,0022.05262,04846565.1,00022.8403,124082990.85
2021-09-26T09:00:02.674Z,-USD,0022.74137,0024.70811,0022.35847,5039040.54,0022.93457,124474474.96
2021-09-26T10:00:01.845Z,-USD,0022.97281,0024.79519,0022.35847,5332692.84,0024.51475,124951737.86
2021-09-26T11:00:01.798Z,-USD,0022.95659,0024.79519,0022.35847,5357213.09,0024.42647,125145102.86
2021-09-26T12:00:02.079Z,-USD,0022.70933,0024.79519,0022.35847,5359816.27,0024.73047,125312577.95
2021-09-26T13:00:02.198Z,-USD,0022.65134,0025.37414,0022.35847,5500430.16,0025.09903,125580144.7
2021-09-26T14:00:02.218Z,-USD,0022.76841,0025.37414,0022.35847,5530336.35,0024.93495,125701024.0
2021-09-26T15:00:02.375Z,-USD,0022.48981,0025.37414,0022.35847,5619540.55,0024.75565,125897800.28
2021-09-26T16:00:02.518Z,-USD,00022.8927,0025.37414,0022.36114,5622647.63,0025.09404,126059046.76
2021-09-26T17:00:02.496Z,-USD,0022.85853,0025.37414,0022.36114,5733489.89,0024.57036,126337154.77
2021-09-26T18:00:01.767Z,-USD,0022.97453,0025.37414,0022.36114,5761763.35,0024.40422,126483040.6
2021-09-26T19:00:01.978Z,-USD,0023.28026,0025.37414,0022.36114,5629558.94,0024.45206,126562372.96
2021-09-26T20:00:02.12Z,-USD,0023.93823,0025.37414,0022.36114,5381497.76,0024.52851,126635954.88
2021-09-26T21:00:02.114Z,-USD,0024.14901,0025.37414,0022.36114,5266118.67,0000024.86,126808022.07
2021-09-26T22:00:02.208Z,-USD,0024.21559,0025.37414,0022.36114,5250542.75,0024.92974,126908688.57
2021-09-26T23:00:02.421Z,-USD,0024.43189,0025.37414,0022.36114,5119177.78,0024.40229,127033940.02
2021-09-27T00:00:02.585Z,-USD,0024.51968,0025.37414,0022.36114,5176941.43,0024.60302,127372034.29
2021-09-27T01:00:01.792Z,-USD,0000024.11,0025.37414,0022.36114,05066529.1,0024.95803,125760297.17
2021-09-27T02:00:01.815Z,-USD,0023.92976,00025.4618,0022.36114,4903128.02,00025.4414,125896511.64
2021-09-27T03:00:01.926Z,-USD,0023.75532,00025.4792,0022.36114,4898501.45,0025.11006,126120008.44
2021-09-27T04:00:02.541Z,-USD,0024.19521,00025.4792,0022.36114,4834873.86,00024.8756,126210080.76
2021-09-27T05:00:02.144Z,-USD,0024.19689,00025.4792,0022.36114,4634814.66,000024.829,126283281.69
2021-09-27T06:00:02.117Z,-USD,000024.026,00025.4792,0022.36114,4563479.95,0024.95923,126349994.75
2021-09-27T07:00:02.227Z,-USD,0023.73442,00025.4792,0022.36114,4499698.28,0024.60106,126423846.18
2021-09-27T08:00:02.214Z,-USD,0022.79669,00025.4792,0022.36114,4178289.21,0024.62607,126507143.24
2021-09-27T09:00:02.262Z,-USD,0022.94469,00025.4792,0022.77192,3867873.66,0024.48035,126582150.16
2021-09-27T10:00:02.303Z,-USD,0024.46955,00025.4792,0024.00195,3506541.09,0024.23307,126698554.67
2021-09-27T11:00:01.866Z,-USD,0024.32967,00025.4792,0024.10237,3441617.92,0024.32753,126827925.0
2021-09-27T12:00:01.882Z,-USD,0024.75867,00025.4792,0024.10237,3339468.53,0024.39254,126892462.76
2021-09-27T13:00:02.11Z,-USD,0025.11848,00025.4792,0023.94472,3190896.13,0024.16911,127010402.39
2021-09-27T14:00:02.199Z,-USD,0024.95142,00025.4792,00023.8403,3202583.97,0024.09968,127142944.15
2021-09-27T15:00:02.738Z,-USD,0024.78015,00025.4792,0023.74001,3156202.48,0023.79906,127293820.74
2021-09-27T16:00:02.049Z,-USD,0025.14887,00025.4792,0023.53847,03127643.8,0023.92967,127426051.68
2021-09-27T17:00:02.063Z,-USD,0024.55245,00025.4792,0023.42171,3002848.11,0023.61583,127579652.46
2021-09-27T18:00:02.964Z,-USD,0024.36983,00025.4792,0023.42171,2967367.78,00023.5953,127690420.97
2021-09-27T19:00:02.296Z,-USD,00024.4421,00025.4792,0023.33793,2959711.16,00023.4479,127762891.09
2021-09-27T20:00:02.256Z,-USD,0024.54565,00025.4792,0023.31763,2952415.31,0023.48792,127827543.97
2021-09-27T21:00:02.424Z,-USD,0024.84223,00025.4792,00023.1351,2901723.75,0023.22514,127951161.29
2021-09-27T22:00:02.669Z,-USD,0024.93951,00025.4792,00023.1351,2858327.38,0023.58415,128006192.52
2021-09-27T23:00:01.766Z,-USD,0024.33425,00025.4792,00023.1351,2833171.76,0023.63438,128115414.37
2021-09-28T00:00:02.209Z,-USD,0024.60777,00025.4792,00000023.0,2720305.68,0023.00746,128332054.91
2021-09-28T01:00:02.458Z,-USD,0024.92185,00025.4792,0022.91767,2712106.38,0023.13332,126433664.87
2021-09-28T02:00:01.85Z,-USD,0025.45625,00025.4792,0000022.89,2738026.61,0023.33847,126594217.09
2021-09-28T03:00:01.975Z,-USD,0025.12203,0025.17956,0000022.89,2626035.09,0023.33968,126705583.69
2021-09-28T04:00:02.216Z,-USD,00024.9027,0025.13246,0000022.89,02588593.6,0023.37967,126758132.05
2021-09-28T05:00:01.939Z,-USD,0024.82445,0025.13246,0000022.89,2572421.06,0023.43561,126815626.53
2021-09-28T06:00:02.042Z,-USD,0024.97268,0025.13246,0000022.89,2563970.43,0023.31333,126873175.35
2021-09-28T07:00:02.341Z,-USD,0024.59471,0024.78871,0000022.89,2579465.93,00023.1922,126963826.6
2021-09-28T08:00:02.528Z,-USD,0024.57803,0024.78871,00022.7426,2605199.76,0022.80608,127072211.52
2021-09-28T09:00:02.378Z,-USD,0024.47815,0024.78871,0022.69871,02633381.7,0022.96678,127174796.36
2021-09-28T10:00:02.386Z,-USD,0024.24849,0024.51801,0022.69871,2678492.31,0023.30737,127336966.61
2021-09-28T11:00:02.074Z,-USD,00024.3402,0024.49379,0022.69871,2626872.35,0023.31161,127414240.76
2021-09-28T12:00:02.338Z,-USD,0000024.37,0024.49379,0022.69871,2701124.77,0023.68893,127552928.11
2021-09-28T13:00:02.449Z,-USD,0024.13134,0024.49379,0022.69871,2668099.44,0000023.31,127638259.32
2021-09-28T14:00:02.665Z,-USD,0024.06735,0024.49379,0022.69871,2686172.82,0023.37771,127788718.87
2021-09-28T15:00:01.936Z,-USD,0023.84064,0024.03566,0022.69871,2734409.25,0022.94471,127987865.81
2021-09-28T16:00:02.569Z,-USD,0023.91556,0024.03566,0022.62124,2708702.02,0022.68307,128094312.01
2021-09-28T17:00:02.866Z,-USD,0023.69874,0023.82199,0022.30889,2742844.35,0022.40168,128282099.67
2021-09-28T18:00:02.31Z,-USD,0023.58954,0023.82199,0022.18001,2777458.13,0022.40719,128427139.47
2021-09-28T19:00:02.452Z,-USD,00023.4669,0023.82199,0022.18001,2857189.86,0022.46202,128579468.04
2021-09-28T20:00:02.524Z,-USD,0023.46262,0023.82199,0022.18001,2945910.83,0022.38619,128734214.85
2021-09-28T21:00:02.277Z,-USD,00023.2193,0023.82199,0022.18001,2961223.09,0022.52505,128871889.87
2021-09-28T22:00:01.703Z,-USD,0023.59468,0023.82199,0022.18001,2976089.26,0022.62953,128941626.4
2021-09-28T23:00:02.446Z,-USD,0023.61914,0023.74245,0022.18001,2933701.66,00022.2729,129008826.77
2021-09-29T00:00:02.799Z,-USD,0023.02763,0023.74245,00000022.0,2849219.33,0022.08046,129141010.61
2021-09-29T01:00:02.151Z,-USD,0023.14267,0023.74245,00000022.0,02869033.2,0022.43012,126224091.75
2021-09-29T02:00:01.875Z,-USD,0023.33921,0023.74245,00000022.0,2855396.91,0022.57902,126371288.1
2021-09-29T03:00:02.624Z,-USD,000023.305,0023.74245,00000022.0,2890163.85,00022.8758,126517513.93
2021-09-29T04:00:02.225Z,-USD,0023.40011,0023.74245,00000022.0,2929308.26,0023.17392,126609101.8
2021-09-29T05:00:01.856Z,-USD,0023.42947,0023.74245,00000022.0,3040102.74,0023.30482,126777529.13
2021-09-29T06:00:02.48Z,-USD,0023.32148,0023.74245,00000022.0,3062425.37,0023.29347,126856979.18
2021-09-29T07:00:02.046Z,-USD,00023.1821,0023.74245,00000022.0,3175715.41,0023.47588,127061166.98
2021-09-29T08:00:02.639Z,-USD,0022.83136,0023.74245,00000022.0,3114809.64,00023.4259,127109485.3
2021-09-29T09:00:02.32Z,-USD,0023.01338,0023.74245,00000022.0,3093168.69,0023.39808,127189347.57
2021-09-29T10:00:02.706Z,-USD,0023.32907,0023.74245,00000022.0,3039319.84,0023.25126,127298408.84
2021-09-29T11:00:03.436Z,-USD,00023.3391,0023.74245,00000022.0,3090143.21,0023.71788,127425793.78
2021-09-29T12:00:02.427Z,-USD,0023.69341,0023.74149,00000022.0,3039028.68,0023.71587,127514970.44
2021-09-29T13:00:02.041Z,-USD,0023.32467,0023.92042,00000022.0,3091180.78,0023.44203,127651033.65
2021-09-29T14:00:02.192Z,-USD,0023.35432,0023.92042,00000022.0,3099850.67,0023.57677,127809954.24
2021-09-29T15:00:02.089Z,-USD,0022.95256,0023.92042,00000022.0,3006726.84,0023.60276,127916064.64
2021-09-29T16:00:01.756Z,-USD,0022.66874,0023.92042,00000022.0,3057861.24,0023.17775,128073585.32
2021-09-29T17:00:02.569Z,-USD,00022.4015,0023.92042,00000022.0,3242770.77,0022.95742,128446739.86
2021-09-29T18:00:02.127Z,-USD,0022.40644,0023.92042,00000022.0,3257713.42,0022.64721,128606848.06
2021-09-29T19:00:01.734Z,-USD,0000022.43,0023.92042,00000022.0,3315510.66,0022.45073,128816393.4
2021-09-29T20:00:02.534Z,-USD,0000022.42,0023.92042,00000022.0,3298956.27,0022.39832,128957967.43
2021-09-29T21:00:02.245Z,-USD,0022.52627,0023.92042,00000022.0,3316254.74,0022.35015,129109675.39
2021-09-29T22:00:02.118Z,-USD,0022.63327,0023.92042,00000022.0,3322541.21,00022.5084,129185623.33
2021-09-29T23:00:02.473Z,-USD,0022.27365,0023.92042,00000022.0,3331937.34,0022.63458,129264318.32
2021-09-30T20:00:24.953Z,-USD,0022.41904,0024.39038,0022.18415,3011766.44,0023.52959,127849581.96
2021-09-30T21:00:01.877Z,-USD,00022.3451,0024.39038,0022.25097,2938632.99,0023.52119,127928036.18
2021-09-30T22:00:01.971Z,-USD,0022.51951,0024.39038,0022.34383,2913976.83,0000023.71,127979225.95
2021-09-30T23:00:01.898Z,-USD,0022.64628,0024.39038,0022.57965,2907027.44,0023.72385,128051039.76
2021-10-01T00:00:02.236Z,-USD,00022.8509,0024.39038,00022.7146,2981701.59,00024.0117,128198370.41
2021-10-01T01:00:02.43Z,-USD,0023.51907,0024.39038,0023.36787,2943757.77,0024.00789,123816188.05
2021-10-01T02:00:01.807Z,-USD,0000023.75,0024.39038,000023.377,2894356.43,0023.99269,124046479.05
2021-10-01T03:00:02.143Z,-USD,0024.03494,0024.39038,000023.377,2842970.33,00023.6997,124139022.06
2021-10-01T04:00:01.981Z,-USD,0024.28746,0024.39038,000023.377,2726845.08,0023.74297,124197992.81
2021-10-01T05:00:01.806Z,-USD,0024.14094,0024.28426,000023.377,2687134.14,0023.72675,124262064.44
2021-10-01T06:00:01.719Z,-USD,0024.05931,0024.25413,000023.377,2638161.63,0023.96844,124303312.12
2021-10-01T07:00:02.628Z,-USD,000024.014,0024.23842,000023.377,2561919.59,0023.99374,124345834.37
2021-10-01T08:00:02.645Z,-USD,0023.93061,0024.48364,000023.377,02673350.9,0024.47576,124559736.52
2021-10-01T09:00:02.609Z,-USD,0023.77151,0025.09315,000023.377,2736392.48,0024.99089,124757252.24
2021-10-01T10:00:02.404Z,-USD,0023.83856,0025.09315,000023.377,02773782.2,00024.8129,124863758.23
2021-10-01T11:00:02.164Z,-USD,0023.68609,00000026.0,000023.377,3063160.51,0025.69753,125196132.51
2021-10-01T12:00:02.314Z,-USD,0023.76095,0026.16801,000023.377,3254863.68,0025.99777,125464729.58
2021-10-01T13:00:02.328Z,-USD,0024.03593,0026.19998,000023.377,3341767.31,0025.71121,125672883.75
2021-10-01T14:00:02.419Z,-USD,0023.72601,0026.19998,000023.377,3328408.02,0025.69081,125817199.96
2021-10-01T15:00:02.422Z,-USD,00023.6557,0026.19998,000023.377,3310135.26,0025.89456,125983872.52
2021-10-01T16:00:02.633Z,-USD,0023.68704,0026.19998,000023.377,3335953.39,0026.05636,126145292.89
2021-10-01T17:00:01.817Z,-USD,0023.47841,0026.49847,000023.377,3324246.51,0026.31447,126326825.4
2021-10-01T18:00:02.137Z,-USD,0023.55311,0026.49847,0023.40316,3329624.74,0026.37547,126445635.15
2021-10-01T19:00:02.528Z,-USD,0023.93452,0026.49847,0023.40316,3322063.49,00026.4471,126557954.83
2021-10-01T20:00:02.642Z,-USD,0023.51469,0026.70306,0023.40316,3373416.95,0026.41391,126721938.51
2021-10-01T21:00:01.797Z,-USD,00023.5302,0026.70306,0023.49606,3462499.91,0026.34878,126888807.0
2021-10-01T22:00:01.864Z,-USD,0023.71011,0026.70306,0023.55702,3562273.15,0026.38437,127040740.71
2021-10-01T23:00:01.744Z,-USD,0023.72585,0026.70306,0023.55702,3697398.21,0026.05714,127247233.39
2021-10-02T00:00:02.671Z,-USD,0023.99714,0026.70306,0000023.58,3670125.41,0026.30347,127367388.24
2021-10-02T01:00:02.583Z,-USD,0023.97151,0026.70306,0000023.58,3696604.49,000026.269,123897995.66
2021-10-02T02:00:01.75Z,-USD,0024.05409,0026.70306,0000023.58,3542281.13,0026.37845,123974962.37
2021-10-02T03:00:01.917Z,-USD,0023.67883,0026.70306,0000023.58,3494663.57,0026.23691,124017884.97
2021-10-02T04:00:02.267Z,-USD,0023.76182,0026.70306,00023.6482,3491528.25,0025.92921,124073479.26
2021-10-02T05:00:01.935Z,-USD,0023.72268,0026.70306,00023.6482,3512112.59,0025.93072,124158660.71
2021-10-02T06:00:02.018Z,-USD,0023.97383,0026.70306,0023.80423,3535074.34,0026.00303,124221755.43
2021-10-02T07:00:02.099Z,-USD,0024.02158,0026.70306,0023.93753,3552748.38,0026.08613,124282109.58
2021-10-02T08:00:01.754Z,-USD,0024.47534,0026.70306,0024.47534,3373051.92,0026.11206,124316671.8
2021-10-02T09:00:02.683Z,-USD,00025.0096,0026.70306,0024.74001,3218497.16,0026.10706,124359373.96
2021-10-02T10:00:02.272Z,-USD,0024.84127,0026.70306,0024.74907,3160997.19,0026.27554,124408109.77
2021-10-02T11:00:02.409Z,-USD,0025.67561,0026.70306,0000025.59,2877983.74,0026.13145,124457646.18
2021-10-02T12:00:02.429Z,-USD,00025.9931,0026.70306,0000025.59,2653133.17,0026.29577,124501423.28
2021-10-02T13:00:02.295Z,-USD,0025.71216,0026.70306,0000025.59,2518731.29,0026.39812,124577371.26
2021-10-02T14:00:02.394Z,-USD,0025.66566,0027.04056,0000025.59,2639821.58,00026.6319,124842322.63
2021-10-02T15:00:02.37Z,-USD,0025.90526,00027.0696,0025.84581,2634611.55,0026.98675,125002385.86
2021-10-02T16:00:02.284Z,-USD,0026.07285,0000027.43,0025.84581,2686704.63,0027.27595,125215555.53
2021-10-02T17:00:01.853Z,-USD,0026.33289,00000027.5,0025.84581,2705741.33,0027.42783,125415970.98
2021-10-02T18:00:01.996Z,-USD,0026.38642,00000027.5,0025.84581,02718239.0,0027.43865,125547265.35
2021-10-02T19:00:03.21Z,-USD,0026.48922,0027.66565,0025.84581,2764052.49,0027.66512,125707965.24
2021-10-02T20:00:02.449Z,-USD,0026.46345,0027.82351,0025.84581,2723256.01,0027.67353,125829757.28
2021-10-02T21:00:02.484Z,-USD,0026.32835,0027.82351,0025.84581,2685853.54,0027.47053,125958346.98
2021-10-02T22:00:02.619Z,-USD,0026.41737,0027.82351,0025.84581,02579903.5,00027.6438,126006710.32
2021-10-02T23:00:02.232Z,-USD,0026.07962,0027.82351,0025.84581,2443670.43,0027.50845,126076804.57
2021-10-03T00:00:02.159Z,-USD,0026.33047,0027.82351,0025.84581,2555021.01,00026.9221,126306366.88
2021-10-03T01:00:02.643Z,-USD,000026.307,0027.82351,0025.84581,2596347.47,0026.73987,123173146.64
2021-10-03T02:00:02.455Z,-USD,0026.34156,0027.82351,0025.84581,2626467.16,0026.98772,123280586.39
2021-10-03T03:00:02.212Z,-USD,0026.23872,0027.82351,0025.84581,2710251.35,0026.99043,123406494.78
2021-10-03T04:00:02.056Z,-USD,0025.92521,0027.82351,0025.84581,2769628.48,0027.22895,123521550.56
2021-10-03T05:00:02.271Z,-USD,00025.9433,0027.82351,00025.8539,2773395.08,0027.07557,123610856.49
2021-10-03T06:00:01.704Z,-USD,0026.00999,0027.82351,0025.87195,2768077.15,0027.35388,123668219.49
2021-10-03T07:00:02.137Z,-USD,0000026.12,0027.82351,0025.87195,2754047.98,0027.25194,123715008.25
2021-10-03T08:00:01.747Z,-USD,0026.07929,0027.82351,0025.87195,2759802.92,0027.01194,123756105.18
2021-10-03T09:00:02.23Z,-USD,0026.09334,0027.82351,0025.96705,2762348.54,0027.04895,123800557.85
2021-10-03T10:00:01.83Z,-USD,0026.25474,0027.82351,0025.96705,2802824.84,0026.75371,123889319.48
2021-10-03T11:00:02.311Z,-USD,0026.13682,0027.82351,0025.96705,2818378.98,0026.80923,123954539.92
2021-10-03T12:00:02.605Z,-USD,0026.27789,0027.82351,000026.217,02838172.1,0027.24108,124018301.32
2021-10-03T13:00:02.294Z,-USD,0026.37521,0027.82351,0026.37521,2825082.19,0027.20508,124080855.01
2021-10-03T14:00:02.107Z,-USD,0026.65868,0027.82351,0026.53351,2662732.57,0027.54497,124184496.67
2021-10-03T15:00:01.771Z,-USD,0027.03706,0027.82351,0026.53351,2559401.94,0027.32095,124247297.89
2021-10-03T16:00:02.635Z,-USD,0027.27201,0027.82351,0026.53351,2445304.39,0026.97833,124341502.34
2021-10-03T17:00:02.595Z,-USD,0027.46569,0027.82351,0026.53351,2303863.78,0027.10457,124400420.98
2021-10-03T18:00:02.164Z,-USD,00027.4731,0027.82351,0026.53351,2312637.24,0027.48078,124541159.05
2021-10-03T19:00:02.339Z,-USD,0027.65028,0028.02306,0026.53351,2320865.72,0027.88755,124712794.99
2021-10-03T20:00:02.394Z,-USD,0027.73996,0028.16942,0026.53351,02355127.5,0027.93718,124864889.67
2021-10-03T21:00:02.153Z,-USD,0027.46375,0028.16942,0026.53351,2333750.45,0027.83765,124971418.61
2021-10-03T22:00:02.068Z,-USD,0027.63189,0028.16942,0026.53351,2464917.49,0027.23522,125150290.46
2021-10-03T23:00:01.757Z,-USD,0027.46026,0028.16942,0026.53351,2513196.41,0027.45616,125268701.93
2021-10-04T00:00:01.766Z,-USD,0026.90804,0028.16942,0026.53351,2356343.46,0027.56777,125341421.44
2021-10-04T01:00:01.911Z,-USD,0026.71592,0028.16942,0026.61176,02267472.1,0027.05863,123187717.6
2021-10-04T02:00:02.161Z,-USD,0026.96848,0028.16942,0026.65383,2276537.79,0027.00586,123304356.0
2021-10-04T03:00:02.437Z,-USD,00026.9731,0028.16942,0026.63504,2292508.79,0026.70832,123447588.39
2021-10-04T04:00:02.577Z,-USD,0027.23455,0028.16942,0026.35591,2445854.91,00026.3827,123716662.46
2021-10-04T05:00:02.206Z,-USD,0027.08986,0028.16942,00026.1344,2516922.83,0026.52212,123875133.93
2021-10-04T06:00:02.478Z,-USD,00027.3636,0028.16942,00026.1344,2556551.21,0026.54854,123973055.78
2021-10-04T07:00:02.295Z,-USD,0027.26805,0028.16942,00026.1344,2597288.73,0026.39748,124060038.36
2021-10-04T08:00:02.455Z,-USD,0026.99956,0028.16942,00026.1344,2600682.36,0026.61501,124103862.77
2021-10-04T09:00:02.365Z,-USD,0026.99676,0028.16942,00026.1344,2608873.83,0026.38729,124157362.54
2021-10-04T10:00:02.176Z,-USD,0026.84104,0028.16942,00026.1344,2563336.65,0026.54532,124200502.82
2021-10-04T11:00:02.405Z,-USD,0026.82471,0028.16942,00026.1344,2546294.84,0026.49833,124248225.19
2021-10-04T12:00:02.181Z,-USD,0027.19866,0028.16942,0026.05637,2549248.96,0026.31587,124317529.57
2021-10-04T13:00:03.229Z,-USD,0027.15507,0028.16942,0026.05637,2574646.21,0026.55028,124402888.45
2021-10-04T14:00:02.249Z,-USD,0027.54441,0028.16942,0026.05637,2564459.84,0026.84377,124498987.42
2021-10-04T15:00:02.514Z,-USD,0027.34987,0028.16942,0026.05637,2656553.49,0026.12189,124651197.98
2021-10-04T16:00:01.811Z,-USD,0026.97838,0028.16942,0025.59815,2777543.31,0026.12962,124866390.83
2021-10-04T17:00:01.975Z,-USD,0027.09736,0028.16942,0025.59815,2914981.82,0026.67601,125062817.95
2021-10-04T18:00:02.628Z,-USD,0027.53791,0028.16942,0025.59815,2916253.73,0026.86789,125205864.48
2021-10-04T19:00:02.19Z,-USD,0027.85778,0028.16942,0025.59815,2916754.55,0026.99711,125377032.71
2021-10-04T20:00:02.612Z,-USD,0027.92669,0028.03165,0025.59815,2900933.87,0026.95849,125514941.77
2021-10-04T21:00:02.314Z,-USD,0027.74557,0027.78789,0025.59815,2915802.25,0026.55929,125637567.48
2021-10-04T22:00:02.616Z,-USD,0027.22632,0027.68819,0025.59815,2900240.11,0026.55935,125799104.59
2021-10-04T23:00:01.945Z,-USD,0027.47977,00027.6841,0025.59815,2857266.27,00026.4105,125873750.02
2021-10-05T00:00:01.829Z,-USD,0027.58248,00027.6841,0025.59815,2928802.87,0026.59286,126017495.88
2021-10-05T01:00:01.97Z,-USD,0026.98344,0027.19705,0025.59815,2930575.68,0026.86747,122912585.47
2021-10-05T02:00:02.235Z,-USD,0026.96898,0027.19705,0025.59815,2930618.85,00026.5599,123023792.34
2021-10-05T03:00:02.364Z,-USD,0026.70292,0027.19705,0025.59815,2882273.53,00026.5944,123119732.35
2021-10-05T04:00:02.384Z,-USD,0026.34473,0027.19705,0025.59815,2691621.72,0026.60528,123197441.24
2021-10-05T05:00:01.837Z,-USD,0026.53863,0027.19705,0025.59815,2645593.79,0026.32301,123307397.03
2021-10-05T06:00:01.692Z,-USD,0026.56013,0027.19705,0025.59815,2619470.66,0026.46352,123378943.68
2021-10-05T07:00:02.624Z,-USD,0026.36009,0027.19705,0025.59815,2631526.73,0026.50711,123478584.19
2021-10-05T08:00:02.359Z,-USD,00026.6774,0027.19705,0025.59815,2636731.47,0026.54979,123530351.46
2021-10-05T09:00:02.454Z,-USD,0026.43258,0027.19705,0025.59815,2652135.35,0026.85811,123596234.34
2021-10-05T10:00:02.347Z,-USD,0026.56868,0027.19705,0025.59815,2731005.78,0026.87665,123717900.25
2021-10-05T11:00:02.138Z,-USD,0026.47181,0027.24239,0025.59815,2794926.85,00026.8855,123830978.36
2021-10-05T12:00:02.334Z,-USD,0026.29002,0027.24239,0025.59815,02782257.4,00026.9024,123887073.07
2021-10-05T13:00:02.277Z,-USD,0026.51624,0027.24239,0025.59815,2763802.11,0026.88458,123953134.24
2021-10-05T14:00:02.345Z,-USD,0026.95856,0027.24239,0025.59815,2760192.66,0027.08896,124047975.52
2021-10-05T15:00:02.507Z,-USD,0026.18766,0027.24839,0025.59815,2856219.39,00026.5884,124295284.65
2021-10-05T16:00:02.682Z,-USD,000026.209,0027.24839,0026.12065,2739390.42,0026.48673,124398033.63
2021-10-05T17:00:02.625Z,-USD,0026.64088,0027.24839,0026.20967,2676241.58,0026.55856,124528934.77
2021-10-05T18:00:02.044Z,-USD,0026.91308,0027.24839,0026.20967,2621721.56,0026.47502,124615526.44
2021-10-05T19:00:02.356Z,-USD,0027.00939,0027.24839,0026.20967,2531121.57,0026.53461,124695986.44
2021-10-05T20:00:02.651Z,-USD,0026.98092,0027.24839,0026.20967,2511805.34,0026.84658,124815049.29
2021-10-05T21:00:01.92Z,-USD,0026.55446,0027.24839,0026.20967,2627904.93,0027.08938,125055478.04
2021-10-05T22:00:02.228Z,-USD,00026.5813,00000027.4,0026.20967,2553999.66,0027.31996,125139973.66
2021-10-05T23:00:02.554Z,-USD,0026.37895,0027.44023,0026.20967,2622428.15,0027.11568,125283723.12
2021-10-06T00:00:02.48Z,-USD,0026.61944,00000027.5,0026.20967,2584716.45,0027.23159,125390527.44
2021-10-06T01:00:03.848Z,-USD,0026.89495,00000027.5,0026.20967,2551721.82,0027.06631,121282170.86
2021-10-06T02:00:02.558Z,-USD,0026.54761,00000027.5,0026.20967,2511888.31,0026.81298,121365989.05
2021-10-06T03:00:02.558Z,-USD,0026.57474,00000027.5,0026.20967,2487893.08,0026.84774,121423082.08
2021-10-06T04:00:02.525Z,-USD,000026.664,00000027.5,0026.20967,2488198.27,0026.67548,121501033.67
2021-10-06T05:00:02.242Z,-USD,0026.29338,00000027.5,0026.20967,2518827.55,0026.68022,121643435.16
2021-10-06T06:00:02.1Z,-USD,0026.44666,00000027.5,0026.20967,2536641.13,0026.64276,121731202.48
2021-10-06T07:00:01.857Z,-USD,0026.49846,00000027.5,0026.20967,2518171.24,0026.65593,121812957.04
2021-10-06T08:00:01.881Z,-USD,0026.49865,00000027.5,00026.0599,2575478.93,0026.18292,121921172.2
2021-10-06T09:00:01.785Z,-USD,0026.80642,00000027.5,0000025.25,2702566.69,0025.46573,122114811.7
2021-10-06T10:00:01.918Z,-USD,0026.91625,00000027.5,0025.22896,2741246.82,0025.43331,122275073.54
2021-10-06T11:00:02.583Z,-USD,0026.90319,00000027.5,0025.22896,2766222.12,0025.59214,122412404.83
2021-10-06T12:00:02.527Z,-USD,0026.94441,00000027.5,0025.22896,2783458.99,0025.57206,122486881.22
2021-10-06T13:00:02.795Z,-USD,0026.89197,00000027.5,0025.22896,2870482.14,00026.2621,122638847.08
2021-10-06T14:00:02.037Z,-USD,0027.08846,0027.56386,0025.22896,3152698.55,0027.22237,123017316.16
2021-10-06T15:00:01.789Z,-USD,0026.58779,0027.56386,0025.22896,3056569.34,0027.52209,123169535.2
2021-10-06T16:00:02.198Z,-USD,0026.49902,0027.87111,0025.22896,3149962.23,0027.77898,123364011.17
2021-10-06T17:00:02.432Z,-USD,00026.5697,0028.18656,0025.22896,3252812.64,00027.9201,123597497.63
2021-10-06T18:00:02.61Z,-USD,0026.47441,0028.18656,0025.22896,3303258.77,0027.66787,123734403.9
2021-10-06T19:00:02.044Z,-USD,0026.53001,0028.18656,0025.22896,03379390.0,000027.394,123890984.46
2021-10-06T20:00:02.302Z,-USD,0026.81457,0028.18656,0025.22896,3407317.39,0027.34725,124039603.06
2021-10-06T21:00:02.267Z,-USD,0027.15974,0028.18656,0025.22896,3440808.24,0026.83625,124316674.84
2021-10-06T22:00:02.387Z,-USD,00027.3035,0028.18656,0025.22896,3506884.37,0026.81205,124463302.82
2021-10-06T23:00:02.252Z,-USD,0000027.16,0028.18656,0025.22896,03510187.1,00026.9224,124609541.12
2021-10-07T00:00:02.344Z,-USD,0027.24174,0028.18656,0025.22896,3559231.93,0026.84245,124765139.52
2021-10-07T01:00:02.619Z,-USD,0027.10986,0028.18656,0025.22896,3651051.57,00000026.4,116099019.66
2021-10-07T02:00:01.765Z,-USD,0026.80268,0028.18656,0025.22896,3765097.84,0026.20246,116296409.19
2021-10-07T03:00:01.924Z,-USD,0026.84227,0028.18656,0025.22896,3872158.44,0026.13805,116461578.74
2021-10-07T04:00:01.977Z,-USD,0026.64631,0028.18656,0025.22896,3954724.94,0026.04112,116622696.98
2021-10-07T05:00:01.982Z,-USD,0026.68967,0028.18656,0025.22896,3953891.05,0026.34589,116763218.18
2021-10-07T06:00:02.06Z,-USD,0026.66673,0028.18656,0025.22896,3922048.92,0026.32852,116819032.39
2021-10-07T07:00:02.06Z,-USD,0026.62501,0028.18656,0025.22896,3899083.91,0026.23555,116879918.25
2021-10-07T08:00:01.954Z,-USD,0026.19804,0028.18656,0025.22896,3977643.81,0027.07815,117064203.58
2021-10-07T09:00:02.462Z,-USD,0025.45633,0028.18656,0025.22896,3909441.38,0027.41816,117193344.16
2021-10-07T10:00:01.882Z,-USD,0025.42158,0028.18656,0025.31567,3870078.99,0027.10878,117311409.49
2021-10-07T11:00:02.552Z,-USD,00025.5449,0028.18656,0000025.48,03802230.7,0026.87308,117380479.32
2021-10-07T12:00:02.381Z,-USD,0000025.56,0028.18656,0025.52477,03812563.6,0027.35508,117464556.38
2021-10-07T13:00:02.003Z,-USD,0026.27807,0028.18656,00025.9049,3822776.77,0027.18889,117626734.36
2021-10-07T14:00:02.354Z,-USD,0027.20216,0028.18656,00025.9049,3560305.94,0027.60023,117744556.95
2021-10-07T15:00:02.174Z,-USD,0027.55441,0028.18656,00025.9049,3666574.21,0026.76379,118003194.48
2021-10-07T16:00:02.337Z,-USD,0027.72126,0028.18656,00025.9049,3634421.31,000027.133,118168808.94
2021-10-07T17:00:02.827Z,-USD,000027.878,0027.94452,00025.9049,03607578.7,0027.24198,118374777.01
2021-10-07T18:00:02.286Z,-USD,0027.65289,0027.71244,00025.9049,3566497.33,0027.01262,118467172.71
2021-10-07T19:00:02.466Z,-USD,00027.3465,0027.71244,00025.9049,3490303.25,00027.0386,118549790.9
2021-10-07T20:00:02.612Z,-USD,0027.32705,0027.71244,00025.9049,3475162.35,0027.10301,118682007.22
2021-10-07T21:00:02.671Z,-USD,0026.88581,0027.71244,00025.9049,3297466.03,0027.28538,118784456.44
2021-10-07T22:00:02.414Z,-USD,0026.82906,0027.71244,00025.9049,3221130.28,0027.17162,118850748.87
2021-10-07T23:00:01.81Z,-USD,0026.89996,0027.71244,00025.9049,3193058.87,0026.96942,118968564.72
2021-10-08T00:00:02.056Z,-USD,0026.81459,0027.71244,00025.9049,3148389.57,0026.82229,119079587.17
2021-10-08T01:00:02.337Z,-USD,0026.36823,0027.71244,00025.9049,3039795.35,0026.92054,112779733.03
2021-10-08T02:00:02.461Z,-USD,0026.19335,0027.71244,0025.91462,2925514.75,0026.80415,112857420.65
2021-10-08T03:00:02.42Z,-USD,0026.13163,0027.71244,0025.91462,2883213.66,00000026.5,112980162.69
2021-10-08T04:00:02.64Z,-USD,0026.00667,0027.71244,0025.96032,2791633.58,00026.5039,113052127.58
2021-10-08T05:00:02.097Z,-USD,0026.35394,0027.71244,0026.02651,2722429.68,0026.54985,113120901.74
2021-10-08T06:00:02.779Z,-USD,0026.35065,0027.71244,00026.1129,2713668.96,0026.75285,113169287.39
2021-10-08T07:00:01.68Z,-USD,0026.19184,0027.71244,00026.1129,2720019.15,0026.78348,113235075.31
2021-10-08T08:00:02.649Z,-USD,0027.08716,0027.71244,0026.35001,2625661.72,0027.03499,113327438.69
2021-10-08T09:00:01.806Z,-USD,0027.39699,0027.71244,0026.35001,2585392.66,0027.36391,113415004.38
2021-10-08T10:00:02.664Z,-USD,00027.1503,0027.71244,0026.35001,2557066.58,0027.15094,113503891.81
2021-10-08T11:00:02.738Z,-USD,0026.91341,0027.71244,0026.35001,2554399.18,0027.32196,113570143.11
2021-10-08T12:00:01.729Z,-USD,0027.35021,0027.71244,0026.35001,2548801.47,0027.00125,113649462.9
2021-10-08T13:00:01.748Z,-USD,0027.25008,0027.71244,0026.35001,2567806.03,00026.8425,113831884.26
2021-10-08T14:00:01.788Z,-USD,0027.67234,0027.71244,0026.35001,2566303.44,0026.80499,113950050.58
2021-10-08T15:00:01.932Z,-USD,0026.77858,0000027.45,0026.35001,2469368.94,0027.23775,114108606.58
2021-10-08T16:00:01.733Z,-USD,00027.1386,0000027.45,0026.35001,2405562.55,0026.97451,114213154.97
2021-10-08T17:00:02.074Z,-USD,0027.22995,0000027.45,0026.35001,2293080.54,0026.98469,114304193.54
2021-10-08T18:00:02.349Z,-USD,0027.04621,0000027.45,0026.35001,2357147.42,00027.0648,114462247.41
2021-10-08T19:00:02.991Z,-USD,0027.05216,0000027.45,0026.35001,02360356.9,0027.12907,114545559.37
2021-10-08T20:00:02.668Z,-USD,000027.153,0000027.45,0026.35001,2302776.01,0026.97199,114620914.41
2021-10-08T21:00:01.935Z,-USD,0027.25678,0000027.45,0026.15384,2341483.48,0026.34496,114761695.44
2021-10-08T22:00:02.123Z,-USD,0027.19446,0000027.45,0026.15384,2403518.23,0026.32387,114889532.63
2021-10-08T23:00:02.58Z,-USD,0026.97652,0000027.45,0026.15384,2430922.25,0026.51934,115035657.3
2021-10-09T00:00:01.744Z,-USD,0026.84337,0000027.45,0026.15384,2448430.18,0026.39531,115163278.69
2021-10-09T01:00:01.779Z,-USD,0026.89103,0000027.45,0026.04177,02516612.1,0026.39999,109915041.47
2021-10-09T02:00:01.757Z,-USD,000026.811,0000027.45,0026.04177,2566425.64,0026.19365,110041531.83
2021-10-09T03:00:01.973Z,-USD,0026.48215,0000027.45,0026.04177,2508224.71,0026.35687,110110389.01
2021-10-09T04:00:02.461Z,-USD,0026.53453,0000027.45,0026.04177,2526498.48,0026.47419,110196261.31
2021-10-09T05:00:02.076Z,-USD,0026.57895,0000027.45,0026.04177,2507797.36,0026.53418,110246242.79
2021-10-09T06:00:02.058Z,-USD,0026.79032,0000027.45,0026.04177,02502479.1,0026.39613,110289228.0
2021-10-09T07:00:01.978Z,-USD,0026.79161,0000027.45,0026.04177,2507058.23,0026.47213,110361954.94
2021-10-09T08:00:01.965Z,-USD,0027.03583,0000027.45,0026.04177,2463745.51,0026.42913,110408917.45
2021-10-09T09:00:01.831Z,-USD,0027.33331,0000027.45,0026.04177,2410384.05,0026.24259,110443485.45
2021-10-09T10:00:01.974Z,-USD,0027.12418,0000027.45,0026.04177,2390211.37,0026.57927,110512075.87
2021-10-09T11:00:02.63Z,-USD,0027.27406,0027.38321,0026.04177,2477675.01,0027.18172,110666099.4
2021-10-09T12:00:02.557Z,-USD,0026.94534,00027.3387,0026.04177,02567668.5,000027.054,110837409.58
2021-10-09T13:00:02.488Z,-USD,0026.87081,00027.3387,0026.04177,02443737.9,0027.05991,110893378.99
2021-10-09T14:00:02.565Z,-USD,0026.81259,0027.43617,0026.04177,02441034.8,0027.31604,111009374.54
2021-10-09T15:00:02.382Z,-USD,0027.21673,0027.43617,0026.04177,2425327.15,0000027.31,111154100.34
2021-10-09T16:00:01.741Z,-USD,0026.99832,0027.43617,0026.04177,2444611.22,0027.20862,111275887.17
2021-10-09T17:00:02.433Z,-USD,0027.00333,0027.43617,0026.04177,2488445.85,0027.24171,111412010.51
2021-10-09T18:00:01.824Z,-USD,0027.03337,0027.79902,0026.04177,2600650.02,0027.60859,111681925.75
2021-10-09T19:00:02.075Z,-USD,0027.10012,0027.89894,0026.04177,2644352.96,00027.6222,111808273.48
2021-10-09T20:00:01.879Z,-USD,0026.98075,0027.89894,0026.04177,2649066.85,0027.38827,111890306.38
2021-10-09T21:00:02.673Z,-USD,00026.3458,0027.89894,0026.04177,2647841.13,0027.56609,112032116.68
2021-10-09T22:00:02.583Z,-USD,0026.30256,0027.89894,0026.04177,2607141.72,0027.61049,112115534.49
2021-10-09T23:00:02.295Z,-USD,0026.49395,0027.89894,0026.04177,2557889.53,0027.52063,112215139.32
2021-10-10T00:00:02.547Z,-USD,0000026.39,0027.89894,0026.04177,02524979.7,0027.41629,112307767.92
2021-10-10T01:00:02.553Z,-USD,0026.52446,0027.89894,00026.1144,2587538.83,0027.00135,107002580.46
2021-10-10T02:00:02.552Z,-USD,0026.21788,0027.89894,00026.1144,2716953.42,0027.02735,107256240.54
2021-10-10T03:00:01.861Z,-USD,0026.39268,0027.89894,0026.16239,2793105.52,0027.08543,107399152.44
2021-10-10T04:00:01.882Z,-USD,0026.48217,0027.89894,0026.16239,2781852.42,0027.20522,107474886.75
2021-10-10T05:00:02.18Z,-USD,0026.54465,0027.89894,0026.16239,2902214.59,0027.22825,107644678.02
2021-10-10T06:00:02.301Z,-USD,0026.36471,0027.89894,0026.16239,2909251.37,0027.22651,107694303.31
2021-10-10T07:00:02.218Z,-USD,0026.46175,0027.89894,0026.16239,2882480.68,0027.40493,107740105.41
2021-10-10T08:00:02.251Z,-USD,0026.47948,0027.89894,0026.16239,2859622.93,0027.18228,107764538.75
2021-10-10T09:00:02.179Z,-USD,0026.24599,0027.89894,00026.2289,2869864.91,0027.24227,107808538.64
2021-10-10T10:00:02.269Z,-USD,0026.59227,0027.89894,0026.58699,2868931.44,0027.03282,107876164.18
2021-10-10T11:00:02.648Z,-USD,0027.25957,0027.89894,0026.75216,2739085.14,0026.95639,107904874.49
2021-10-10T12:00:07.664Z,-USD,0027.08416,0027.89894,0026.75216,2617577.64,00027.0045,107950929.05
2021-10-10T13:00:02.71Z,-USD,0027.08745,0027.89894,0026.75216,2623801.43,0026.88054,108012662.21
2021-10-10T14:00:01.793Z,-USD,0027.35117,0027.89894,0026.72586,2555065.47,0026.81358,108061139.35
2021-10-10T15:00:02.025Z,-USD,0027.35536,0027.89894,0026.72586,2444152.01,0026.80584,108104580.5
2021-10-10T16:00:02.139Z,-USD,0027.19832,0027.89894,0026.55743,2418923.36,0026.84206,108190844.36
2021-10-10T17:00:02.385Z,-USD,00027.2515,0027.89894,0026.55743,2370953.72,0026.74427,108284895.52
2021-10-10T18:00:02.252Z,-USD,0027.61728,0027.89894,0026.37487,02219572.6,0000026.58,108397682.67
2021-10-10T19:00:02.349Z,-USD,000027.664,0027.74149,0026.37487,02145422.0,0026.59302,108449641.19
2021-10-10T20:00:02.364Z,-USD,0027.37001,0027.66231,0026.37487,2122323.63,0026.54618,108508992.68
2021-10-10T21:00:02.48Z,-USD,0027.54849,0027.66231,0026.21147,2136312.84,0026.23116,108666240.05
2021-10-10T22:00:02.666Z,-USD,0027.64161,0027.66231,0025.58015,2341908.73,0025.83498,108957050.66
2021-10-10T23:00:02.191Z,-USD,00027.5669,0027.66231,0025.58015,2367916.58,0025.98735,109079016.9
2021-10-11T00:00:02.154Z,-USD,0027.45445,0027.48373,0025.40001,2467761.87,0025.58283,109275154.07
2021-10-11T01:00:02.527Z,-USD,0026.99689,0027.43049,0025.23607,2549595.02,0026.00374,106841659.5
2021-10-11T02:00:02.635Z,-USD,0026.99736,0027.43049,0025.23607,02409120.6,0025.92114,106955773.32
2021-10-11T03:00:02.558Z,-USD,0027.06528,0027.43049,0025.23607,2336842.42,0026.05007,107022651.62
2021-10-11T04:00:01.875Z,-USD,0027.12146,0027.43049,0025.23607,02353518.9,000026.309,107121591.92
2021-10-11T05:00:02.204Z,-USD,0027.24805,0027.43049,0025.23607,2241637.65,0026.29243,107172671.02
2021-10-11T06:00:02.139Z,-USD,0027.27757,0027.43049,0025.23607,2248903.27,0026.19706,107229444.02
2021-10-11T07:00:02.069Z,-USD,0027.37648,0027.41478,0025.23607,2264714.92,0026.14176,107291603.01
2021-10-11T08:00:02.235Z,-USD,0027.21463,0027.33464,0025.23607,2350068.28,0026.49941,107401463.82
2021-10-11T09:00:02.208Z,-USD,0027.33464,0027.33464,0025.23607,02427103.2,0026.60728,107522841.89
2021-10-11T10:00:02.067Z,-USD,0027.03859,0027.08478,0025.23607,2405284.53,0026.45838,107567977.41
2021-10-11T11:00:02.16Z,-USD,0026.92878,0027.08478,0025.23607,2435493.58,0026.25468,107626897.82
2021-10-11T12:00:02.145Z,-USD,00027.0098,0027.06921,0025.23607,2535929.64,00026.0903,107773441.4
2021-10-11T13:00:02.285Z,-USD,0026.92943,0027.06921,0025.23607,2575018.15,0026.11703,107873837.58
2021-10-11T14:00:02.568Z,-USD,0026.84891,0027.01351,0025.23607,2708731.06,0026.23155,108056603.29
2021-10-11T15:00:01.913Z,-USD,0026.76102,0026.91257,0025.23607,02833135.9,0026.28822,108224058.34
2021-10-11T16:00:02.399Z,-USD,0026.83334,0026.86791,0025.23607,2846450.45,0026.02839,108323905.32
2021-10-11T17:00:02.792Z,-USD,0026.73766,00026.7637,0025.23607,2893071.07,0025.90346,108463974.01
2021-10-11T18:00:02.105Z,-USD,000026.567,00026.7637,0025.23607,2880759.13,00025.7724,108565135.86
2021-10-11T19:00:02.186Z,-USD,0026.60688,00026.7637,0025.23607,2949115.66,0025.65426,108685002.68
2021-10-11T20:00:02.657Z,-USD,00026.4877,00026.7637,0025.23607,3022194.92,0025.28597,108820605.1
2021-10-11T21:00:01.781Z,-USD,0026.22663,0026.75897,0024.77574,3117188.23,0024.83395,109070256.35
2021-10-11T22:00:02.029Z,-USD,0025.80288,0026.75897,0024.63426,2977964.24,00025.0365,109226620.79
2021-10-11T23:00:02.517Z,-USD,0025.95844,0026.75897,0024.63426,2939586.47,00025.1642,109305414.24
2021-10-12T00:00:01.841Z,-USD,0025.54376,0026.75897,0024.63426,2829554.73,00025.2413,109392360.76
2021-10-12T01:00:02.656Z,-USD,0025.98843,0026.75897,0024.63426,2660272.72,0024.92756,105845001.06
2021-10-12T02:00:02.318Z,-USD,0025.88217,0026.75897,0024.63426,2644117.44,0024.94925,105943061.27
2021-10-12T03:00:01.942Z,-USD,0026.06328,0026.75897,0024.37474,02745521.2,0024.46626,106111284.99
2021-10-12T04:00:02.146Z,-USD,0026.29884,0026.75897,0024.19358,2925606.96,0024.34933,106391834.48
2021-10-12T05:00:02.04Z,-USD,00026.2889,0026.75897,0024.19358,02954565.6,0024.60996,106468691.92
2021-10-12T06:00:02.041Z,-USD,0026.22631,0026.75897,0024.12696,2987388.17,0024.66641,106558866.73
2021-10-12T07:00:02.005Z,-USD,0026.15466,0026.75897,0024.12696,3000053.73,00024.3086,106633293.9
2021-10-12T08:00:02.023Z,-USD,0026.46969,0026.75897,0024.12696,2969889.49,0024.35256,106713886.81
2021-10-12T09:00:01.857Z,-USD,0026.67139,0026.68814,0024.12696,2953225.83,000024.438,106817758.89
2021-10-12T10:00:02.173Z,-USD,0026.47715,0026.60865,0023.64689,3112911.67,0023.80894,107022565.63
2021-10-12T11:00:02.102Z,-USD,0026.20459,0026.35377,0023.64689,3256936.11,0023.95678,107228660.55
2021-10-12T12:00:04.158Z,-USD,0026.09174,0026.35377,0023.64689,3234900.61,0024.06384,107351313.0
2021-10-12T13:00:02.162Z,-USD,0026.13912,0026.35377,0023.53575,3317465.72,0023.69361,107534297.95
2021-10-12T14:00:02.326Z,-USD,0026.21713,0026.35377,0023.53575,03335844.8,00024.4534,107734689.52
2021-10-12T15:00:02.526Z,-USD,0026.27271,0026.27271,0023.53575,3359491.05,0024.28056,107925855.69
2021-10-12T16:00:02.687Z,-USD,0026.05161,0000026.14,0023.53575,3413868.88,0024.72879,108080116.11
2021-10-12T17:00:02.293Z,-USD,0025.86444,0026.06281,0023.53575,3383877.54,0024.71512,108189482.91
2021-10-12T18:00:02.619Z,-USD,0025.76184,0025.81224,0023.53575,3390861.83,0024.37021,108299087.91
2021-10-12T19:00:01.827Z,-USD,0025.63537,0025.75161,0023.53575,03359490.1,0024.59265,108390292.01
2021-10-12T20:00:02.18Z,-USD,0025.28551,0025.28551,0023.53575,3361561.21,0024.44708,108524190.63
2021-10-12T21:00:02.512Z,-USD,0024.80113,0025.25542,0023.53575,3300989.69,0024.61184,108714806.07
2021-10-12T22:00:02.088Z,-USD,0025.03851,0025.25542,0023.53575,03224355.7,0024.60328,108792563.08
2021-10-12T23:00:02.493Z,-USD,0025.14331,0025.25542,0023.53575,3209348.96,0024.74351,108857358.93
2021-10-13T00:00:01.744Z,-USD,0025.23062,0025.25542,0023.53575,3197485.51,00000024.6,108931620.68
2021-10-13T01:00:02.208Z,-USD,0024.94919,0025.06465,0023.53575,3186271.59,0025.00459,103155250.87
2021-10-13T02:00:02.689Z,-USD,00024.9512,0025.12423,0023.53575,3252803.68,0024.82337,103319919.15
2021-10-13T03:00:01.885Z,-USD,0024.45234,0025.12423,0023.53575,3170172.27,0025.03791,103405804.49
2021-10-13T04:00:01.985Z,-USD,0024.40206,0025.12423,0023.53575,2964598.15,0024.87386,103480283.51
2021-10-13T05:00:02.285Z,-USD,000024.612,0025.12423,0023.53575,2937790.96,0024.94523,103531141.06
2021-10-13T06:00:02.133Z,-USD,0024.65086,00025.1282,0023.53575,2983128.05,00024.4415,103670294.88
2021-10-13T07:00:02.124Z,-USD,0024.28557,00025.1282,0023.53575,03085491.0,0024.50555,103843139.92
2021-10-13T08:00:02.214Z,-USD,0024.34822,00025.1282,0023.53575,3094031.81,0024.23168,103932494.26
2021-10-13T09:00:02.105Z,-USD,0024.46896,00025.1282,0023.53575,3091832.98,0024.32026,104034690.7
2021-10-13T10:00:02.579Z,-USD,0023.85364,00025.1282,0023.53575,2970366.24,0024.40166,104119392.94
2021-10-13T11:00:02.093Z,-USD,0023.94165,00025.1282,0023.53575,2859447.89,0024.39799,104212980.99
2021-10-13T12:00:02.298Z,-USD,0024.06613,00025.1282,0023.53575,2872768.76,0024.84596,104347911.57
2021-10-13T13:00:01.833Z,-USD,0023.73084,00025.1282,0023.72994,2742737.32,0024.72201,104409666.0
2021-10-13T14:00:01.99Z,-USD,0024.41288,00025.1282,0024.07397,2615958.54,0024.49332,104475197.24
2021-10-13T15:00:02.007Z,-USD,0024.36259,00025.1282,0024.07397,2504992.78,0024.76101,104557539.52
2021-10-13T16:00:02.355Z,-USD,0024.71883,00025.1282,0024.12687,2411697.93,0024.70134,104617547.27
2021-10-13T17:00:01.918Z,-USD,0024.71951,00025.1282,0024.12687,02423232.5,0024.59864,104738583.48
2021-10-13T18:00:02.304Z,-USD,0024.40285,00025.1282,0024.12687,2484335.84,0024.51253,104907911.04
2021-10-13T19:00:02.617Z,-USD,0000024.55,00025.1282,0024.12687,2639834.17,0024.49257,105154932.9
2021-10-13T20:00:02.707Z,-USD,0024.44899,00025.1282,0024.12687,2654964.93,0024.75212,105303185.43
2021-10-13T21:00:02.185Z,-USD,0024.62069,000025.339,0024.15932,2688932.59,00025.2779,105529582.2
2021-10-13T22:00:02.473Z,-USD,0024.61424,0000025.38,0024.15932,02740521.5,0025.24894,105656920.07
2021-10-13T23:00:01.978Z,-USD,0024.72738,0025.57764,0024.15932,2844579.72,0025.55815,105826553.07
2021-10-14T00:00:02.046Z,-USD,0024.62764,00025.6508,0024.15932,2891775.44,000025.646,105952449.98
2021-10-14T01:00:05.243Z,-USD,00025.0722,00025.7815,0024.15932,2995440.93,0025.48309,101452733.27
2021-10-14T02:00:03.006Z,-USD,0024.85041,0025.95464,0024.15932,2970206.09,0025.92578,101591783.14
2021-10-14T03:00:02.7Z,-USD,0025.03979,0026.20534,0024.15932,3019661.46,0025.96352,101727975.11
2021-10-14T04:00:02.047Z,-USD,0024.91146,0026.28392,0024.15932,3107070.68,0026.24238,101889221.04
2021-10-14T05:00:02.507Z,-USD,0024.96007,0026.52672,0024.15932,3191483.52,0026.52328,102024696.75
2021-10-14T06:00:02.568Z,-USD,0024.33148,0026.56149,0024.15932,3143414.68,00026.4244,102123369.23
2021-10-14T07:00:02.595Z,-USD,0024.50831,0026.81065,0024.15932,3111003.51,0026.78751,102255864.9
2021-10-14T08:00:02.577Z,-USD,0024.19216,0027.17305,0024.15932,3161906.45,0027.04984,102397129.87
2021-10-14T09:00:02.551Z,-USD,0024.28342,0027.39454,0024.16075,3201492.23,0027.37392,102537767.03
2021-10-14T10:00:01.905Z,-USD,0024.38612,0027.39454,0024.33407,3268177.17,0027.33724,102689203.77
2021-10-14T11:00:02.068Z,-USD,0024.44535,0027.39454,0024.33407,03305208.8,0027.24107,102820646.38
2021-10-14T12:00:02.265Z,-USD,00024.8559,0000027.75,0024.33407,3414125.96,0027.49742,103063749.28
2021-10-14T13:00:02.14Z,-USD,0024.75109,0000027.75,0024.33407,3486577.17,0027.20192,103198564.91
2021-10-14T14:00:02.068Z,-USD,0024.50617,0000027.75,0024.33407,03529995.3,00027.2511,103306748.95
2021-10-14T15:00:02.441Z,-USD,0024.77553,0000027.75,0024.44441,3580120.63,00027.3276,103438907.91
2021-10-14T16:00:04.16Z,-USD,0024.69607,0000027.75,0024.44441,3772947.91,00027.5656,103692322.55
2021-10-14T17:00:02.106Z,-USD,0024.53966,0027.86875,0024.44441,3832678.63,0027.25793,103874165.29
2021-10-14T18:00:02.311Z,-USD,0024.51406,0027.86875,0024.44441,3755456.07,0027.40224,103966081.89
2021-10-14T19:00:02.462Z,-USD,000024.475,0027.86875,0024.44441,3677965.88,0027.25633,104146548.1
2021-10-14T20:00:07.559Z,-USD,0024.73836,0027.86875,0024.67861,3720874.05,0027.00705,104326054.89
2021-10-14T21:00:10.523Z,-USD,0025.30737,0027.86875,00000025.2,3668996.04,0026.59064,104500894.09
2021-10-14T22:00:14.151Z,-USD,0025.23376,0027.86875,00000025.2,3621725.86,0026.69426,104580109.18
2021-10-14T23:00:12.339Z,-USD,0025.59357,0027.86875,0025.31616,3532738.94,0026.60487,104661769.79
2021-10-15T00:00:17.239Z,-USD,0025.68025,0027.86875,0025.38743,3508619.17,0026.68915,104764834.45
2021-10-15T01:00:12.464Z,-USD,0025.48633,0027.86875,0025.38743,3502487.61,0026.26079,100754956.19
2021-10-15T02:00:12.334Z,-USD,0025.86817,0027.86875,0025.73389,3594790.75,0026.16825,100986980.36
2021-10-15T03:00:11.185Z,-USD,0025.96097,0027.86875,0025.96001,3670057.47,0026.72001,101197676.64
2021-10-15T04:00:22.641Z,-USD,0026.22072,0027.86875,0025.97351,3708213.26,0026.82444,101399150.08
2021-10-15T05:00:10.149Z,-USD,0026.47296,0027.86875,0025.97351,3708162.34,0000026.81,101535977.57
2021-10-15T06:00:07.409Z,-USD,0026.43835,0027.86875,0025.97351,3780331.84,00026.8664,101703320.54
2021-10-15T07:00:03.474Z,-USD,00026.8421,0027.86875,0025.97351,3732876.43,0026.74811,101792229.6
2021-10-15T08:00:03.829Z,-USD,0026.96534,0027.86875,0025.97351,3750443.11,0026.95449,101948014.01
2021-10-15T09:00:02.657Z,-USD,00027.3527,0027.86875,0025.97351,3801258.69,0026.30123,102140626.6
2021-10-15T10:00:02.516Z,-USD,0027.28605,0027.86875,0025.97351,3790429.62,0026.41331,102280599.76
2021-10-15T11:00:04.493Z,-USD,0027.26964,0027.86875,0025.97351,3748936.07,0026.40444,102369833.42
2021-10-15T12:00:04.313Z,-USD,0027.50979,0027.86875,0025.97351,3598768.64,0026.50874,102462666.94
2021-10-15T13:00:03.096Z,-USD,0027.19186,0027.86875,0025.97351,3561448.72,00026.4142,102560097.16
2021-10-15T14:00:08.91Z,-USD,0027.26662,0027.86875,0025.97351,3613726.38,0026.60119,102720002.82
2021-10-15T15:00:10.762Z,-USD,0027.28398,0027.86875,0025.97351,3601849.89,0026.33305,102840378.4
2021-10-15T16:00:10.703Z,-USD,0027.57227,0027.86875,0025.97351,3497678.55,0026.29481,102996396.52
2021-10-15T17:00:09.903Z,-USD,0027.29494,0027.63362,0025.97351,3522428.34,0026.81291,103198573.56
2021-10-15T18:00:08.961Z,-USD,0027.38907,0027.38957,0025.97351,3618106.67,0027.02225,103394388.28
2021-10-15T19:00:02.023Z,-USD,0027.27646,0027.33687,0025.97351,3614926.37,0027.01484,103563478.01
2021-10-15T20:00:02.445Z,-USD,0027.04091,0027.21268,0025.97351,3575029.52,0027.02167,103704188.56
2021-10-15T21:00:02.621Z,-USD,0026.57385,0027.39134,0025.97351,3650954.33,0027.26421,103951309.5
2021-10-15T22:00:01.816Z,-USD,0026.70335,0027.39134,0025.97351,3703327.86,0026.93523,104082489.37
2021-10-15T23:00:02.561Z,-USD,0026.56262,0027.39134,0025.97351,3734861.61,0026.91418,104196665.69
2021-10-16T00:00:01.776Z,-USD,0026.72798,0027.39134,0025.97351,3730514.35,00026.9597,104294680.74
2021-10-16T01:00:10.841Z,-USD,0026.28787,0027.39134,0025.97351,03688515.6,0027.15484,100666549.1
2021-10-16T02:00:11.121Z,-USD,0026.17548,0027.39134,0026.05642,3531369.34,0027.13599,100740526.35
2021-10-16T03:00:11.374Z,-USD,0026.74977,0027.44505,0026.05642,3378302.44,0027.42132,100800521.96
2021-10-16T04:00:23.43Z,-USD,0026.84518,0027.46028,0026.05642,3235545.71,0027.06055,100859019.66
2021-10-16T05:00:09.936Z,-USD,0026.76115,0027.46028,0026.05642,3183013.88,0027.06791,100942701.32
2021-10-16T06:00:10.923Z,-USD,0026.87132,0027.46028,0026.05642,3062346.45,0027.18975,100988027.88
2021-10-16T07:00:08.629Z,-USD,00026.7497,0027.52995,0026.05642,3096334.51,0027.19649,101110684.2
2021-10-16T08:00:02.213Z,-USD,0026.94162,0027.52995,0026.05642,02973533.6,0027.06049,101147261.26
2021-10-16T09:00:02.128Z,-USD,0026.28134,00027.8139,0026.05642,2935906.04,0027.68958,101301499.1
2021-10-16T10:00:02.706Z,-USD,0026.38823,0028.01803,0026.16275,2954050.37,0027.94366,101456563.61
2021-10-16T11:00:03.731Z,-USD,0026.39931,0028.16226,00026.2334,3009951.99,0027.92337,101603372.2
2021-10-16T12:00:02.202Z,-USD,0026.52547,0028.16226,00026.2334,2997576.09,0028.08995,101682402.87
2021-10-16T13:00:11.501Z,-USD,00000026.4,00028.3677,00026.2334,3170188.14,0027.46736,101952936.96
2021-10-16T14:00:11.199Z,-USD,0026.55155,00028.3677,00026.2334,3158366.14,0027.90384,102102324.52
2021-10-16T15:00:17.788Z,-USD,0026.33548,0028.68795,00026.2334,3350646.61,0028.45579,102412978.38
2021-10-16T16:00:11.248Z,-USD,0026.29955,0028.68795,00026.2334,3358125.94,0028.26654,102581210.81
2021-10-16T17:00:10.684Z,-USD,00026.7869,0028.68795,0026.77695,3324049.95,00028.2323,102746317.52
2021-10-16T18:00:10.018Z,-USD,0026.99723,0028.68795,0026.81133,3284058.23,0027.86048,102903699.09
2021-10-16T19:00:11.792Z,-USD,0027.02964,0028.68795,0026.81133,3217901.47,0027.82481,103004193.66
2021-10-16T20:00:10.055Z,-USD,0027.03241,0028.68795,0026.81133,3152587.18,0027.65269,103079445.81
2021-10-16T21:00:02.455Z,-USD,0027.27616,0028.68795,0026.81133,3005352.52,0027.62511,103179066.19
2021-10-16T22:00:02.416Z,-USD,0026.91918,0028.68795,0026.81133,2959050.75,0027.37009,103264562.87
2021-10-16T23:00:02.255Z,-USD,0026.93084,0028.68795,0026.81133,2983943.45,0027.28763,103403776.23
2021-10-17T00:00:01.695Z,-USD,0027.01479,0028.68795,0026.94939,2952734.57,00000027.2,103470479.19
2021-10-17T01:00:11.042Z,-USD,0027.15841,0028.68795,0026.89635,2982229.26,0027.26232,99859374.65
2021-10-17T02:00:11.159Z,-USD,0027.18511,0028.68795,0026.89635,2991822.18,0027.35418,99943568.58
2021-10-17T03:00:11.036Z,-USD,0027.43654,0028.68795,0026.89635,2993710.48,00027.1908,100007579.73
2021-10-17T04:00:42.256Z,-USD,00027.0437,0028.68795,0026.89635,02900632.9,0027.41823,100054000.6
2021-10-17T05:00:08.356Z,-USD,00027.0437,0028.68795,0026.89635,02962981.9,0027.48094,100116349.6
2021-10-17T06:00:09.229Z,-USD,0027.19466,0028.68795,0026.89635,2976916.75,00027.3525,100178050.86
2021-10-17T07:00:09.424Z,-USD,0027.19853,0028.68795,0026.89635,2886701.97,0027.36297,100207555.35
2021-10-17T08:00:08.545Z,-USD,0027.05796,0028.68795,0026.89635,2899287.89,0027.26315,100256747.08
2021-10-17T09:00:09.307Z,-USD,0027.67332,0028.68795,0026.89635,2782220.45,0027.38517,100294179.73
2021-10-17T10:00:09.766Z,-USD,0027.93709,0028.68795,0026.89635,2667675.34,0027.35874,100334871.23
2021-10-17T11:00:10.085Z,-USD,0027.96281,0028.68795,0026.89635,2550867.81,00027.4249,100366995.76
2021-10-17T12:00:08.446Z,-USD,0028.07463,0028.68795,0026.89635,2501138.21,0027.34054,100394323.79
2021-10-17T13:00:11.507Z,-USD,0027.36521,0028.68795,0026.89635,2291986.75,0027.12377,100458132.22
2021-10-17T14:00:09.855Z,-USD,0027.95414,0028.68795,0026.89635,2198334.32,0027.21129,100512459.29
2021-10-17T15:00:09.417Z,-USD,0028.47005,0028.58357,0026.89635,2014044.22,0026.96673,100639200.77
2021-10-17T16:00:08.9Z,-USD,0028.30748,0028.37442,00000026.4,02005253.6,0026.62785,100798519.7
2021-10-17T17:00:02.403Z,-USD,0028.28362,000028.295,00000026.4,1934319.24,0026.73365,100891145.54
2021-10-17T18:00:03.747Z,-USD,000027.891,0027.92512,00000026.4,1828167.99,0026.72896,100943832.38
2021-10-17T19:00:01.935Z,-USD,0027.84534,0027.88071,00000026.4,1770022.47,00026.7775,100984911.33
2021-10-17T20:00:02.498Z,-USD,0027.63613,0027.71366,0026.35787,1861479.47,0026.46445,101151654.08
2021-10-17T21:00:02.149Z,-USD,0027.62418,0027.62706,0000025.75,2251235.97,0025.85872,101641621.05
2021-10-17T22:00:02.532Z,-USD,0027.35516,0027.62556,0000025.75,2259575.38,0026.27416,101736240.9
2021-10-17T23:00:01.82Z,-USD,0027.30094,0027.62556,0000025.75,2260461.45,0026.47955,101874905.59
2021-10-18T00:00:08.546Z,-USD,0027.23087,0027.62556,0000025.75,2295504.79,0026.51648,101979240.01
2021-10-18T01:00:02.724Z,-USD,0027.25196,0027.62556,0000025.75,2223407.69,0026.69981,99603717.4
2021-10-18T02:00:01.902Z,-USD,0027.35706,0027.62556,0000025.75,02205500.1,0026.56721,99668529.52
2021-10-18T03:00:01.983Z,-USD,0027.20642,0027.62556,0000025.75,2198680.14,0026.57132,99725255.52
2021-10-18T04:00:02.164Z,-USD,0027.39646,0027.62556,0000025.75,2210017.34,0026.31629,99782372.69
2021-10-18T05:00:01.742Z,-USD,0027.49027,0027.62556,0000025.75,2211921.73,0026.47898,99848875.04
2021-10-18T06:00:01.777Z,-USD,00027.3256,0027.62556,0000025.75,02228230.3,0026.39551,99925662.56
2021-10-18T07:00:01.706Z,-USD,0027.35876,0027.62556,0000025.75,02261189.2,0026.35801,99987257.49
2021-10-18T08:00:02.552Z,-USD,0027.20931,0027.62556,0000025.75,2297199.88,0026.14619,100073729.71
2021-10-18T09:00:02.451Z,-USD,0027.40816,0027.62556,0000025.75,2328522.67,0026.15384,100141485.12
2021-10-18T10:00:02.248Z,-USD,000027.416,0027.54487,0000025.71,2429351.81,00025.9496,100283539.59
2021-10-18T11:00:02.559Z,-USD,0027.41423,0027.54487,0000025.59,02580574.2,0026.03609,100466518.5
2021-10-18T12:00:02.461Z,-USD,0027.29335,0027.32449,0000025.59,2647526.99,0025.71968,100561257.18
2021-10-18T13:00:02.581Z,-USD,000027.186,0027.28789,0000025.59,2693850.47,0025.71055,100672014.93
2021-10-18T14:00:01.943Z,-USD,0027.25244,0027.26191,0025.32118,2879451.31,0026.17579,100911774.66
2021-10-18T15:00:02.116Z,-USD,00027.0083,0027.07756,0025.32118,2873914.45,00025.9074,101033612.46
2021-10-18T16:00:02.353Z,-USD,0026.58375,0026.81487,0025.32118,2813085.15,0025.80042,101131480.23
2021-10-18T17:00:01.827Z,-USD,0026.74299,0026.81487,0025.32118,02828004.8,0025.47953,101238380.33
2021-10-18T18:00:02.355Z,-USD,0026.71682,0026.81487,0025.32118,2838599.64,0025.38018,101301308.69
2021-10-18T19:00:02.229Z,-USD,0026.77434,0026.78137,0000025.27,2885323.01,0025.48702,101388768.02
2021-10-18T20:00:02.515Z,-USD,0026.45087,000026.743,0000025.27,2824786.01,0025.63614,101495459.66
2021-10-18T21:00:01.852Z,-USD,0025.83035,000026.743,0000025.27,2412768.33,0025.67719,101573100.2
2021-10-18T22:00:02.585Z,-USD,00000026.3,000026.743,0000025.27,2377989.41,0025.63168,101632708.75
2021-10-18T23:00:01.997Z,-USD,0026.44137,000026.743,0000025.27,2293826.95,0025.66734,101688062.11
2021-10-19T00:00:02.07Z,-USD,0026.54487,000026.743,0000025.27,2231546.53,0025.70313,101730849.83
2021-10-19T01:00:02.499Z,-USD,0026.71576,0026.73168,0000025.27,2210995.05,0025.61879,99836049.95
2021-10-19T02:00:01.899Z,-USD,0026.56453,0026.70859,0000025.27,2226710.11,0025.95637,99915951.22
2021-10-19T03:00:02.276Z,-USD,0026.58217,0026.65922,0000025.27,2235361.64,0025.95245,99980718.22
2021-10-19T04:00:02.483Z,-USD,0026.34314,0026.54636,0000025.27,2285125.24,0026.19444,100087501.78
2021-10-19T05:00:01.823Z,-USD,0026.48912,0026.54636,0000025.27,2269693.94,0026.02213,100139065.4
2021-10-19T06:00:02.691Z,-USD,0026.40318,0026.54263,0000025.27,2240845.21,0026.12045,100189233.52
2021-10-19T07:00:01.891Z,-USD,0026.34708,0026.54263,0000025.27,2240191.85,0025.88608,100247508.11
2021-10-19T08:00:01.966Z,-USD,0026.14874,0026.42207,0000025.27,2186955.16,00025.9163,100281231.01
2021-10-19T09:00:02.439Z,-USD,0026.13166,0026.34341,0000025.27,2161331.25,0025.95222,100323102.54
2021-10-19T10:00:02.336Z,-USD,0025.92466,0026.21401,0000025.27,2052376.55,0025.88468,100356618.33
2021-10-19T11:00:02.348Z,-USD,0026.01835,0026.21401,0000025.27,1900668.93,0025.78356,100387846.0
2021-10-19T12:00:02.418Z,-USD,00025.7648,0026.21401,0000025.27,1837466.62,0025.88999,100419345.83
2021-10-19T13:00:02.461Z,-USD,0025.73474,0026.21401,0000025.27,1778257.39,0025.94504,100470663.62
2021-10-19T14:00:02.569Z,-USD,0026.16319,0026.28718,0000025.27,1693025.77,0025.99269,100625477.03
2021-10-19T15:00:01.94Z,-USD,0025.86922,0026.28718,0000025.27,1754789.44,0025.69216,100810587.02
2021-10-19T16:00:02.246Z,-USD,0025.78852,0026.28718,0000025.27,1766079.01,0025.40046,100917708.58
2021-10-19T17:00:02.619Z,-USD,0025.45865,0026.28718,0000025.27,1735984.79,0025.66175,100995020.75
2021-10-19T18:00:02.691Z,-USD,0025.35357,0026.28718,0000025.27,1748683.89,0025.75877,101071930.09
2021-10-19T19:00:02.283Z,-USD,0025.48707,0026.28718,0025.28571,1714307.72,0025.64612,101123516.7
2021-10-19T20:00:02.68Z,-USD,0025.63829,0026.28718,0025.36672,1700056.12,0025.59015,101215588.38
2021-10-19T21:00:02.531Z,-USD,0025.64141,0026.28718,0025.36672,1711639.05,0025.44736,101305032.59
2021-10-19T22:00:02.312Z,-USD,0025.62437,0026.28718,0025.36672,1710808.27,0025.55651,101363483.99
2021-10-19T23:00:02.548Z,-USD,0025.65261,0026.28718,0025.36672,1751668.72,0025.88874,101460212.24
2021-10-20T00:00:02.423Z,-USD,00025.6962,0026.28718,0025.36672,1763824.52,0025.94293,101514657.66
2021-10-20T01:00:02.584Z,-USD,0025.60714,0026.30002,0025.36672,1784332.62,0025.99809,95290000.47
2021-10-20T02:00:02.668Z,-USD,0025.99484,0026.30002,0025.36672,1813945.35,0026.02746,95399437.49
2021-10-20T03:00:02.542Z,-USD,0025.95047,0026.30002,0025.36672,1798874.75,0025.99301,95449097.33
2021-10-20T04:00:02.569Z,-USD,0026.19285,0026.30002,0025.36672,1739795.36,00025.9447,95500553.14
2021-10-20T05:00:01.718Z,-USD,0026.03406,0026.30002,0025.36672,1736363.19,0026.05058,95545499.38
2021-10-20T06:00:02.82Z,-USD,0026.09092,0026.30002,0025.36672,01741259.1,0025.97241,95600174.83
2021-10-20T07:00:02.601Z,-USD,0025.89992,0026.30002,0025.36672,1712791.93,0025.92501,95629801.93
2021-10-20T08:00:02.315Z,-USD,0025.92554,0026.30002,0025.36672,1731229.61,0026.03648,95681720.23
2021-10-20T09:00:02.178Z,-USD,0025.96669,0026.30002,0025.36672,1711922.14,0026.07085,95704452.54
2021-10-20T10:00:02.107Z,-USD,0025.87288,0026.30002,0025.36672,1711440.53,0026.12533,95737429.99
2021-10-20T11:00:04.304Z,-USD,0025.79137,0026.30002,0025.36672,1705473.36,0025.98122,95762597.29
2021-10-20T12:00:01.956Z,-USD,00025.8811,0026.30002,0025.36672,1699168.67,0026.04421,95787927.83
2021-10-20T13:00:01.795Z,-USD,0025.95925,0026.49115,0025.36672,1756750.67,0026.43487,95897472.4
2021-10-20T14:00:02.204Z,-USD,0025.97618,0026.71665,0025.36672,1775157.56,0026.70425,96070320.91
2021-10-20T15:00:02.133Z,-USD,0025.69466,0027.15638,0025.36672,1812836.38,0026.88526,96293062.63
2021-10-20T16:00:02.191Z,-USD,0025.40999,0027.17947,0025.36928,1894440.24,0027.15756,96482730.83
2021-10-20T17:00:01.752Z,-USD,0025.66505,0027.46162,0025.42037,01990505.5,0027.26702,96655812.38
2021-10-20T18:00:02.711Z,-USD,0025.73287,0027.46162,0025.42037,2024242.99,0027.20424,96766620.26
2021-10-20T19:00:02.04Z,-USD,0025.65592,0027.49482,0025.42037,2095496.83,0027.46548,96888268.81
2021-10-20T20:00:01.881Z,-USD,0025.57385,0027.50599,0025.42037,02097868.0,00027.3762,96983595.79
2021-10-20T21:00:02.216Z,-USD,00025.4534,0027.50599,0025.42037,2145611.12,0027.35856,97122943.54
2021-10-20T22:00:02.297Z,-USD,0025.54491,0027.64283,0025.54491,2202053.59,0027.48224,97235439.18
2021-10-20T23:00:01.822Z,-USD,0025.88307,0027.64283,0025.83697,2191492.24,0027.29162,97321375.93
2021-10-21T00:00:02.66Z,-USD,0025.92283,0027.64283,0025.86382,2282842.86,0027.45384,97466864.92
2021-10-21T01:00:02.187Z,-USD,0025.97436,0027.83617,0025.86382,2322688.47,0027.65421,91004717.22
2021-10-21T02:00:02.795Z,-USD,000026.042,0028.06628,0025.86382,2459915.59,00027.6102,91249878.79
2021-10-21T03:00:02.201Z,-USD,0026.00506,0028.06628,0025.86382,2704697.84,0027.56879,91544046.98
2021-10-21T04:00:02.146Z,-USD,0025.94507,0028.06628,0025.86382,02791466.7,0027.56503,91682480.99
2021-10-21T05:00:02.629Z,-USD,0026.05964,0028.06628,0025.86382,2794694.15,0027.53822,91730444.48
2021-10-21T06:00:02.524Z,-USD,0025.96806,0028.06628,0025.86382,2855939.15,0027.64184,91847473.71
2021-10-21T07:00:02.385Z,-USD,0025.94174,0028.06628,0025.91408,2953887.01,0027.51646,91974263.77
2021-10-21T08:00:02.232Z,-USD,0026.02961,0028.06628,0025.91408,02955636.4,0027.70132,92027535.73
2021-10-21T09:00:02.008Z,-USD,0026.09769,0028.13562,0025.91408,3070430.33,0028.05687,92165751.53
2021-10-21T10:00:01.763Z,-USD,0026.11872,0028.58327,0025.91408,3142149.85,0028.51695,92269734.2
2021-10-21T11:00:02.084Z,-USD,0025.96481,0000028.74,0025.91408,3242110.11,0028.57125,92394877.26
2021-10-21T12:00:01.931Z,-USD,00026.0409,0028.98738,0026.03843,3603541.82,0027.95016,92781934.21
2021-10-21T13:00:01.776Z,-USD,00026.3927,0028.98738,0026.30085,03709573.2,0028.38801,92997581.53
2021-10-21T14:00:02.654Z,-USD,0026.72224,0028.98738,0026.63504,3664946.18,0028.25399,93125948.71
2021-10-21T15:00:01.791Z,-USD,0026.86274,0029.33331,0026.64697,4011241.18,0028.57553,93695581.14
2021-10-21T16:00:02.014Z,-USD,0027.17581,0029.33331,0027.03035,4305141.57,00028.7235,94178205.13
2021-10-21T17:00:02.369Z,-USD,0027.27817,0029.33331,0027.03035,4431446.77,0028.27062,94477749.49
2021-10-21T18:00:02.593Z,-USD,0027.19918,0029.33331,0027.07915,4516520.73,0028.17477,94673830.64
2021-10-21T19:00:02.51Z,-USD,0027.44985,0029.33331,0027.07915,04511179.6,0028.24272,94789956.8
2021-10-21T20:00:02.655Z,-USD,0027.36879,0029.33331,0027.07915,4554888.25,00028.2579,94929359.98
2021-10-21T21:00:01.929Z,-USD,0027.38462,0029.33331,0027.19863,4572349.64,0028.25075,95086232.01
2021-10-21T22:00:02.08Z,-USD,0027.45846,0029.33331,0027.19863,4570442.11,0028.56792,95196205.64
2021-10-21T23:00:02.468Z,-USD,0000027.29,0029.33331,0027.19863,4598598.21,0000028.34,95310415.63
2021-10-22T00:00:02.626Z,-USD,0027.48724,0029.33331,0027.19863,4547921.01,00028.2665,95405916.02
2021-10-22T01:00:09.309Z,-USD,0027.65843,0029.43202,0027.19863,4739131.23,0029.42682,90790554.78
2021-10-22T02:00:07.275Z,-USD,0027.64239,0029.76998,0027.19863,4722900.13,0029.24555,91022143.11
2021-10-22T03:00:02.234Z,-USD,0027.61539,0029.76998,0027.33758,4616433.08,0029.25454,91208212.81
2021-10-22T04:00:01.852Z,-USD,0027.57211,0029.76998,0027.33758,4597641.18,0029.46934,91326647.84
2021-10-22T05:00:02.652Z,-USD,0027.53225,0029.76998,0027.33758,4654765.66,0029.18123,91431797.34
2021-10-22T06:00:02.402Z,-USD,000027.635,0029.76998,0027.33758,4613749.68,0029.08079,91508072.35
2021-10-22T07:00:02.05Z,-USD,0027.49212,0029.76998,000027.358,4551176.88,00028.9263,91572084.76
2021-10-22T08:00:01.781Z,-USD,0027.68582,0029.76998,00027.5424,4553423.95,0029.22678,91627601.68
2021-10-22T09:00:02.57Z,-USD,0000028.06,0029.76998,00027.5424,4524501.36,0029.38949,91737504.54
2021-10-22T10:00:02.161Z,-USD,0028.54605,0029.76998,00027.5424,4464328.87,0029.27501,91780645.13
2021-10-22T11:00:02.351Z,-USD,0028.59391,0029.76998,00027.5424,4404506.47,0029.10758,91846077.85
2021-10-22T12:00:01.743Z,-USD,0027.94592,0029.76998,00027.5424,4074506.33,00029.3762,91905472.05
2021-10-22T13:00:02.639Z,-USD,0028.40414,0000029.85,0027.98216,3996020.11,0029.75389,92040767.87
2021-10-22T14:00:02.466Z,-USD,0028.18771,00000030.0,0027.98216,04142109.3,0029.40922,92319654.5
2021-10-22T15:00:01.819Z,-USD,000028.631,00000030.0,0028.00796,3893098.91,0029.09285,92641429.94
2021-10-22T16:00:01.939Z,-USD,0028.72028,00000030.0,0028.00796,3636686.77,0028.65359,92863350.72
2021-10-22T17:00:02.393Z,-USD,0028.27104,00000030.0,0028.00571,03578120.3,00028.7239,93105702.08
2021-10-22T18:00:02.025Z,-USD,0028.21413,00000030.0,0028.00571,3526773.63,0028.30884,93251334.72
2021-10-22T19:00:02.161Z,-USD,0028.28763,00000030.0,0028.00571,3517720.93,0028.48649,93354923.99
2021-10-22T20:00:02.173Z,-USD,0028.31957,00000030.0,0028.00571,3459930.52,0028.62547,93439069.42
2021-10-22T21:00:02.418Z,-USD,0028.25739,00000030.0,0028.00571,3429363.67,0028.59182,93562912.09
2021-10-22T22:00:02.198Z,-USD,0028.58031,00000030.0,0028.00571,3396871.92,0028.20794,93640374.13
2021-10-22T23:00:02.568Z,-USD,0028.32555,00000030.0,0028.00571,3374024.15,0028.59763,93731720.94
2021-10-23T00:00:02.446Z,-USD,0028.27546,00000030.0,0028.00571,3372891.78,0028.64992,93828868.46
2021-10-23T01:00:02.283Z,-USD,0029.49407,00000030.0,0028.00571,3116567.52,00028.6895,90864745.4
2021-10-23T02:00:02.096Z,-USD,0029.22644,00000030.0,0028.00571,2940925.84,0028.62277,90912244.02
2021-10-23T03:00:02.102Z,-USD,0029.25601,00000030.0,0028.00571,2817089.52,0028.70889,90974993.11
2021-10-23T04:00:02.17Z,-USD,0029.47999,00000030.0,0028.00571,2790605.11,0028.90801,91066986.03
2021-10-23T05:00:02.322Z,-USD,0029.18707,00000030.0,0028.00571,2768130.79,0029.02077,91149085.94
2021-10-23T06:00:02.227Z,-USD,0029.07978,00000030.0,0028.00571,2752200.35,0029.10304,91209697.43
2021-10-23T07:00:02.1Z,-USD,00028.9516,00000030.0,0028.00571,2857875.67,0029.77676,91379157.45
2021-10-23T08:00:01.833Z,-USD,0029.26423,0030.17732,0028.00571,3089626.49,0030.06456,91666811.79
2021-10-23T09:00:01.76Z,-USD,0029.39826,0030.53587,0028.00571,3120776.09,00030.3546,91807600.42
2021-10-23T10:00:02.585Z,-USD,0029.24865,0030.53587,0028.00571,03207576.8,0030.22816,91937262.08
2021-10-23T11:00:01.767Z,-USD,0029.06197,0030.53587,0028.00571,3246519.07,0029.76668,92041689.01
2021-10-23T12:00:02.463Z,-USD,0029.37246,0000030.95,0028.00571,3400630.26,0030.87633,92255839.55
2021-10-23T13:00:02.387Z,-USD,0000029.75,00000031.0,0028.00571,3425269.92,0030.61077,92416804.5
2021-10-23T14:00:02.271Z,-USD,0029.40004,00000031.0,0028.00571,3247728.18,0030.58351,92516746.01
2021-10-31T18:00:08.706Z,-USD,0029.89787,0030.67936,0000028.67,02350577.1,00029.4999,89974481.73
2021-10-31T19:00:01.791Z,-USD,0030.02276,0030.67936,0000028.67,2353848.81,0029.55049,90053877.28
2021-10-31T20:00:01.778Z,-USD,0030.11444,0030.67936,0000028.67,2367643.04,0029.51966,90128167.73
2021-10-31T21:00:02.684Z,-USD,0029.93663,0030.67936,0000028.67,02384659.2,0029.72705,90207885.64
2021-10-31T22:00:01.709Z,-USD,0029.81102,0030.67936,0000028.67,2370835.45,00030.0471,90264278.73
2021-10-31T23:00:03.094Z,-USD,0029.56194,0030.67936,0000028.67,2296862.61,0030.05927,90356745.76
2021-11-01T00:00:04.868Z,-USD,0029.80586,0030.67936,0000028.67,2261719.45,0029.99727,90424114.32
2021-11-01T01:00:04.338Z,-USD,0030.18499,0030.67936,0000028.67,02232199.3,00030.3296,87987830.36
2021-11-01T02:00:03.854Z,-USD,0029.81651,0030.67936,0000028.67,2183980.97,00030.2236,88049221.12
2021-11-01T03:00:03.703Z,-USD,0030.16296,0030.41559,0000028.67,2115355.92,0029.85832,88216895.76
2021-11-01T04:00:13.388Z,-USD,0030.13709,0030.41559,0000028.67,2086308.49,0029.42438,88297593.24
2021-11-01T05:00:07.284Z,-USD,0030.24276,0030.41559,0000028.67,2207891.62,0029.76617,88502172.88
2021-11-01T06:00:06.049Z,-USD,0029.99335,0030.41559,0000028.67,2169146.27,0029.74375,88554552.04
2021-11-01T07:00:06.388Z,-USD,0029.82769,0030.41559,0000028.67,02164852.7,0029.83917,88594232.54
2021-11-01T08:00:02.266Z,-USD,0029.94711,0030.51984,0000028.67,2301847.41,0030.39056,88763328.81
2021-11-01T09:00:01.782Z,-USD,00029.5137,0030.51984,0000028.67,2340474.89,0030.19201,88882936.2
2021-11-01T10:00:02.202Z,-USD,0029.53787,0030.58411,0000028.67,2374898.89,00030.5841,88953243.19
2021-11-01T11:00:03.213Z,-USD,00029.3903,0030.61306,0000028.67,2365544.84,0030.42842,89008925.45
2021-11-01T12:00:02.513Z,-USD,0029.12626,0030.61997,0000028.67,2391819.08,0030.27482,89107726.89
2021-11-01T13:00:02.256Z,-USD,0029.06665,0030.61997,0000028.67,2354922.52,0030.26756,89187031.5
2021-11-01T14:00:02.194Z,-USD,0029.20602,0000031.34,00028.9865,2375107.16,0031.29375,89366843.09
2021-11-01T15:00:02.248Z,-USD,00029.2058,00000031.5,0029.05761,2505449.13,0031.17231,89617404.94
2021-11-01T16:00:01.801Z,-USD,0029.28893,0031.59275,0029.05761,2703383.54,0031.43575,89906721.34
2021-11-01T17:00:03.98Z,-USD,0029.46149,0031.62101,0029.17045,2726333.15,0000031.17,90072764.42
2021-11-01T18:00:02.944Z,-USD,0029.47667,0031.62101,0029.17045,2797824.22,0031.05522,90218594.05
2021-11-01T19:00:02.167Z,-USD,0029.52026,0031.62101,0029.17045,2826714.87,0030.95147,90325684.22
2021-11-01T20:00:02.283Z,-USD,0029.54201,0031.62101,0029.17045,2873904.45,0031.33358,90447342.97
2021-11-01T21:00:02.427Z,-USD,0029.73943,0031.62101,0029.17045,2899112.37,00031.1471,90551725.4
2021-11-01T22:00:02.478Z,-USD,0030.05741,0031.62101,0029.17045,2907466.56,0031.30264,90617423.41
2021-11-01T23:00:03.419Z,-USD,0030.05282,0031.66554,0029.17045,2938731.97,0031.46318,90740113.33
2021-11-02T00:00:01.929Z,-USD,0030.02661,0031.88332,0029.17045,2971968.51,0031.58523,90842879.32
2021-11-02T01:00:01.873Z,-USD,0030.34996,0031.88332,0029.17045,2989100.69,000031.196,88621034.81
2021-11-02T02:00:01.986Z,-USD,0030.18844,0031.88332,0029.17045,03037743.1,0031.33591,88731939.5
2021-11-02T03:00:01.903Z,-USD,0029.46957,0031.88332,0029.17045,2869914.61,0031.09146,88820156.46
2021-11-02T04:00:02.082Z,-USD,0029.46957,0031.88332,0029.17045,2935984.62,0031.22346,88886226.47
2021-11-02T05:01:03.096Z,-USD,0029.75251,0031.88332,0029.55465,02745951.1,0031.32074,88944186.83
2021-11-02T06:00:02.166Z,-USD,0029.75251,0031.88332,0029.55465,2792933.32,00031.2662,88991169.05
2021-11-02T07:00:01.91Z,-USD,0029.90081,0031.88332,0029.90081,2789958.19,0031.36929,89028161.35
2021-11-02T08:00:01.852Z,-USD,00030.3701,0031.88332,0030.06577,2649614.72,0031.11971,89057914.91
2021-11-02T09:00:01.775Z,-USD,0030.18979,0031.88332,0030.12281,2560217.47,0031.18126,89088044.13
2021-11-02T10:00:01.714Z,-USD,0030.55469,00031.9968,0030.12281,2594827.53,0031.86256,89193132.94
2021-11-02T11:00:04.183Z,-USD,0030.42117,00000032.4,0030.12281,2721408.14,0032.30481,89374212.69
2021-11-02T12:00:01.711Z,-USD,0030.23896,0032.45607,0030.12281,2700664.46,0032.01654,89452764.32
2021-11-02T13:00:02.582Z,-USD,0030.29206,0032.46054,0030.23937,2709557.87,0032.17681,89540375.7
2021-11-02T14:00:02.686Z,-USD,0031.29117,0032.46054,0000030.77,02615180.3,0032.28473,89627096.59
2021-11-02T15:00:02.009Z,-USD,0031.22904,0032.46054,0000030.77,2454636.39,0032.11934,89716552.26
2021-11-02T16:00:02.22Z,-USD,0031.50817,00000032.5,0000030.77,2276761.88,0032.37519,89827704.2
2021-11-02T17:00:03.37Z,-USD,0031.21369,00000032.5,0000030.77,2237461.45,0032.34323,89955747.16
2021-11-02T18:00:02.126Z,-USD,00031.0438,00000032.5,0000030.77,2176778.33,0032.35005,90040525.99
2021-11-02T19:00:02.42Z,-USD,0030.95229,00000032.5,0030.83731,2161077.42,00032.2665,90130197.14
2021-11-02T20:00:01.771Z,-USD,00031.3567,00000032.5,0030.91295,2095594.84,0032.16101,90188756.63
2021-11-02T21:00:01.886Z,-USD,00031.2217,00000032.5,0030.95302,2074494.91,0032.01427,90270613.13
2021-11-02T22:00:02.016Z,-USD,0031.31423,00000032.5,0031.02701,2119014.98,0031.92577,90380287.65
2021-11-02T23:00:02.751Z,-USD,0031.46147,00000032.5,0031.02701,2068732.76,0032.01791,90452586.04
2021-11-03T00:00:02.489Z,-USD,0031.69326,00000032.5,0031.02701,2048326.51,00032.2524,90539506.8
2021-11-03T01:00:02.616Z,-USD,000031.239,00000032.5,0031.02701,2012319.93,0032.36776,87704135.64
2021-11-03T02:00:02.352Z,-USD,0031.32306,00000032.8,0031.02701,2088353.55,0032.77481,87889967.6
2021-11-03T03:00:02.521Z,-USD,0031.07229,0032.80777,0031.02701,2129950.65,00032.5352,88018667.59
2021-11-03T04:00:02.703Z,-USD,0031.21838,0032.80777,0000031.05,2186873.53,0032.12548,88142475.23
2021-11-03T05:00:03.72Z,-USD,0031.30832,0032.80777,0000031.05,2224987.49,0031.87287,88237814.62
2021-11-03T06:00:02.825Z,-USD,0031.28619,0032.80777,0000031.05,2303070.15,0032.04299,88363740.77
2021-11-03T07:00:01.666Z,-USD,0031.36403,0032.80777,0000031.05,2315522.94,0031.98159,88413678.3
2021-11-03T08:00:02.667Z,-USD,0031.12414,0032.80777,0000031.05,02317846.3,0032.28712,88447011.37
2021-11-03T09:00:02.682Z,-USD,0031.14202,0032.80777,0000031.05,2357358.43,0032.04383,88515010.81
2021-11-03T10:00:02.489Z,-USD,0031.76216,0032.80777,0031.76216,2295017.77,0032.12032,88559614.49
2021-11-03T11:00:04.508Z,-USD,0032.31495,0032.80777,000031.777,2168646.17,0032.06831,88613428.47
2021-11-03T12:00:01.942Z,-USD,0032.02143,0032.80777,000031.777,02149637.2,0031.96304,88671622.61
2021-11-03T13:00:01.863Z,-USD,0032.20587,0032.80777,0030.84125,2242931.45,0000031.03,88852795.41
2021-11-03T14:00:01.998Z,-USD,0032.29093,0032.80777,0030.57719,2323211.66,0030.92324,89020578.15
2021-11-03T15:00:02.207Z,-USD,0032.13835,0032.80777,0030.57719,2342974.94,0031.03803,89128869.21
2021-11-03T16:00:01.68Z,-USD,0032.38452,0032.80777,0030.57719,2336309.44,0031.36048,89234944.19
2021-11-03T17:00:03.277Z,-USD,0032.36594,0032.80777,0030.57719,02332176.4,0031.05282,89357782.55
2021-11-03T18:00:01.882Z,-USD,0000032.34,0032.80777,0030.57719,2299445.04,00031.2345,89409660.37
2021-11-03T19:00:02.278Z,-USD,0032.28589,0032.80777,0030.57719,2378576.86,0031.81302,89578578.74
2021-11-03T20:00:02.568Z,-USD,0032.17377,0032.80777,0030.57719,2415403.11,0031.70109,89676520.85
2021-11-03T21:00:01.933Z,-USD,00000032.0,0032.80777,0030.57719,2394130.78,000031.687,89735641.75
