Coin on file:	LTC
Created by:	chris
Created on:	09/18/2021T03:00:1631948402Z

Recorded,Currency,Open,High,Low,Volume,Last,Volume30day
2021-09-18T03:00:02.659Z,-USD,0000184.69,0000190.53,0000177.66,324461.65738191,0000181.34,11512029.00658604
2021-09-18T04:00:01.983Z,-USD,0000186.01,0000190.53,0000177.66,322053.07912617,0000182.23,11517193.18273065
2021-09-18T05:00:02.052Z,-USD,0000186.67,0000190.53,0000177.66,318852.76540564,0000183.57,11522544.57544109
2021-09-18T06:00:02.083Z,-USD,0000186.75,0000190.53,0000177.66,322687.63767739,0000184.49,11533567.52778608
2021-09-18T07:00:02.385Z,-USD,0000188.31,0000188.87,0000177.66,316026.85995289,00000184.3,11540377.9586877
2021-09-18T08:00:02.626Z,-USD,0000185.26,0000188.87,0000177.66,306702.84057462,0000183.77,11546986.44679201
2021-09-18T09:00:01.852Z,-USD,0000188.26,0000188.61,0000177.66,314669.37179747,0000184.29,11570498.90592033
2021-09-18T10:00:01.968Z,-USD,0000185.47,0000185.95,0000177.66,309416.30650444,0000182.86,11578281.93300524
2021-09-18T11:00:02.344Z,-USD,0000181.92,0000185.95,0000177.66,287365.9432715,0000183.28,11585429.72070278
2021-09-18T12:00:02.46Z,-USD,0000180.34,0000185.95,0000177.66,268823.69991165,0000182.22,11590260.57628514
2021-09-18T13:00:02.675Z,-USD,0000181.13,0000185.95,0000177.96,250641.63218257,0000181.32,11599949.40558199
2021-09-18T14:00:01.88Z,-USD,00000180.1,0000185.95,0000177.96,248540.28807752,0000183.65,11615754.64678729
2021-09-18T14:27:57.952Z,-USD,0000181.57,0000185.95,0000177.96,239640.46144171,0000183.47,11623033.37104804
2021-09-18T14:28:37.246Z,-USD,0000181.57,0000185.95,0000177.96,240396.92001867,0000183.37,11623789.829625
2021-09-18T14:31:17.504Z,-USD,0000181.57,0000185.95,0000177.96,242526.75952216,0000183.29,11625919.66912849
2021-09-18T15:00:02.118Z,-USD,0000181.57,0000185.95,0000177.96,247567.14019584,0000182.76,11630960.04980217
2021-09-18T16:00:02.322Z,-USD,0000181.26,0000185.95,0000177.96,245500.52902378,0000181.93,11640447.1379716
2021-09-18T17:00:02.107Z,-USD,0000181.91,0000185.95,0000177.96,244505.42866148,00000180.7,11651408.80847463
2021-09-18T18:00:07.221Z,-USD,0000180.17,0000185.95,0000177.96,244870.74979895,0000181.38,11658644.0921965
2021-09-18T19:00:01.787Z,-USD,00000180.7,0000185.95,0000177.96,232510.60325569,0000180.92,11663669.85295061
2021-09-18T20:00:02.515Z,-USD,00000181.9,0000185.95,0000177.96,229786.19352239,0000181.22,11668550.29910366
2021-09-18T21:00:02.121Z,-USD,0000179.12,0000185.95,0000177.96,233325.90124728,0000179.59,11679921.05307497
2021-09-18T22:00:02.335Z,-USD,0000180.33,0000185.95,0000177.96,225980.72714988,0000180.29,11684189.26173832
2021-09-18T23:00:01.768Z,-USD,0000178.73,0000185.95,0000177.96,224890.93901447,0000180.92,11690628.85951142
2021-09-19T00:00:02.394Z,-USD,00000180.0,0000185.95,0000177.96,221497.54716089,0000181.45,11697149.68469195
2021-09-19T01:00:02.002Z,-USD,0000181.87,0000185.95,0000178.93,210039.6458126,0000179.17,11512218.16063734
2021-09-19T02:00:02.019Z,-USD,0000181.23,0000185.95,0000178.37,207201.41858631,00000180.6,11522143.91426808
2021-09-19T03:00:02.664Z,-USD,0000181.43,0000185.95,0000178.37,205732.7680181,0000180.55,11526539.46111975
2021-09-19T04:00:02.654Z,-USD,00000182.2,0000185.95,0000178.37,205449.46201773,0000179.48,11531432.14120942
2021-09-19T05:00:02.407Z,-USD,0000183.48,0000185.95,0000178.37,204100.52052736,0000180.01,11535438.73073314
2021-09-19T06:00:02.187Z,-USD,0000184.51,0000185.95,0000178.37,195807.09364874,0000180.98,11538155.99395337
2021-09-19T07:00:02.005Z,-USD,0000184.29,0000185.95,0000178.37,192027.75279039,0000180.75,11541182.07426268
2021-09-19T08:00:02.143Z,-USD,0000183.87,0000185.95,0000178.37,189529.17383614,0000181.12,11545318.92110058
2021-09-19T09:00:01.925Z,-USD,00000184.2,0000185.42,0000178.37,171163.1486303,0000181.24,11550454.03498754
2021-09-19T10:00:01.868Z,-USD,0000183.53,0000185.42,0000178.37,166713.60985859,0000181.27,11555064.81658799
2021-09-19T11:00:02.48Z,-USD,0000183.22,0000185.42,0000178.37,165522.49312899,0000180.19,11559755.96735192
2021-09-19T12:00:02.523Z,-USD,0000182.36,0000185.42,0000175.93,184450.08335148,0000176.78,11583632.93037619
2021-09-19T13:00:02.684Z,-USD,0000181.32,0000185.42,0000175.93,188341.96263622,0000177.21,11597131.90410924
2021-09-19T14:00:02.607Z,-USD,0000183.74,0000183.84,0000175.93,180289.20071713,0000177.54,11604916.03380753
2021-09-19T15:00:02.684Z,-USD,0000182.73,0000182.91,0000175.93,173998.14366194,0000177.94,11613742.06451898
2021-09-19T16:00:02.634Z,-USD,0000181.96,0000182.26,0000175.93,170822.86636825,0000178.24,11620072.15654569
2021-09-19T17:00:02.62Z,-USD,0000180.74,00000181.8,0000175.93,174664.50147184,0000176.78,11634902.75746326
2021-09-19T18:00:01.7Z,-USD,0000181.38,00000181.8,0000174.66,183101.32705586,0000175.16,11650536.17774954
2021-09-19T19:00:01.839Z,-USD,0000181.02,00000181.8,0000174.66,188012.81290942,0000176.63,11660469.68011552
2021-09-19T20:00:01.841Z,-USD,0000181.32,00000181.8,0000174.66,192948.85502133,0000175.26,11670328.82385338
2021-09-19T21:00:02.299Z,-USD,0000179.59,00000181.8,0000174.65,191524.00514064,0000177.13,11680230.40995012
2021-09-19T22:00:02.24Z,-USD,00000180.1,00000181.8,0000174.65,194255.57595453,0000175.96,11687350.67907879
2021-09-19T23:00:02.396Z,-USD,0000181.04,00000181.8,0000172.68,213908.15255112,0000173.57,11713374.89599644
2021-09-20T00:00:01.696Z,-USD,0000181.34,0000181.72,0000172.68,215453.70741229,0000175.74,11721406.62399864
2021-09-20T01:00:01.876Z,-USD,0000179.15,0000181.63,0000171.37,230506.62621918,0000172.53,11579614.82964694
2021-09-20T02:00:02.151Z,-USD,00000180.6,0000181.63,0000171.37,228080.00571267,0000173.91,11587139.58244867
2021-09-20T03:00:02.274Z,-USD,0000180.53,0000181.63,0000166.06,266824.49342935,0000166.49,11630228.5432304
2021-09-20T04:00:02.153Z,-USD,0000179.44,0000181.63,0000163.35,295776.85594502,0000167.27,11664121.13309804
2021-09-20T05:00:01.965Z,-USD,0000179.94,0000181.63,0000163.35,306246.25691583,0000167.69,11678575.90630333
2021-09-20T06:00:01.919Z,-USD,00000180.8,0000181.63,0000163.35,309843.34367877,00000168.0,11684911.86387682
2021-09-20T07:00:02.042Z,-USD,0000180.88,0000181.63,0000163.35,313829.23335366,0000166.94,11691881.53238749
2021-09-20T08:00:02.121Z,-USD,0000181.17,0000181.49,00000162.0,333613.67249288,0000163.77,11715796.03821306
2021-09-20T09:00:01.892Z,-USD,0000181.22,0000181.49,00000162.0,341959.53233842,0000165.91,11729355.53170492
2021-09-20T10:00:01.701Z,-USD,0000181.25,0000181.41,00000162.0,344172.55172771,0000163.97,11736101.30672575
2021-09-20T11:00:02.361Z,-USD,0000180.18,0000180.18,00000162.0,358606.25525509,00000163.2,11755242.0812746
2021-09-20T12:00:02.361Z,-USD,0000176.68,0000178.64,0000153.71,394354.94914392,0000157.71,11815005.66716612
2021-09-20T13:00:02.403Z,-USD,0000177.19,0000178.64,0000153.49,446614.69775445,00000158.0,11880720.46152636
2021-09-20T14:00:02.73Z,-USD,0000177.52,0000178.64,0000153.49,474605.18281675,0000160.81,11916420.80452101
2021-09-20T15:00:01.832Z,-USD,0000177.85,0000178.64,0000153.49,483978.43206753,0000160.43,11934588.20611298
2021-09-20T16:00:02.357Z,-USD,0000178.23,0000178.58,0000153.49,501950.94283813,0000160.53,11958910.16574397
2021-09-20T17:00:02.536Z,-USD,0000176.78,0000178.06,0000153.49,511263.05705941,0000160.69,11983061.39526622
2021-09-20T18:00:02.544Z,-USD,0000175.29,0000178.06,0000153.49,513111.37830121,00000161.7,12000516.12491753
2021-09-20T19:00:02.469Z,-USD,0000176.76,0000177.68,0000153.49,534967.66597027,0000158.63,12032302.27399106
2021-09-20T20:00:02.434Z,-USD,0000175.26,0000177.68,0000153.49,566813.28599398,0000160.21,12074186.91838467
2021-09-20T21:00:02.46Z,-USD,0000177.03,0000177.68,0000153.49,574160.6625665,0000157.92,12091257.57546179
2021-09-20T22:00:02.44Z,-USD,0000175.94,0000177.24,0000153.49,580932.89328838,00000159.1,12105151.01394651
2021-09-20T23:00:02.52Z,-USD,0000173.65,0000176.13,0000153.49,566513.19557205,0000158.21,12116757.89699948
2021-09-21T00:00:02.956Z,-USD,0000175.77,0000176.13,0000153.49,573858.76301248,0000156.98,12132131.55943847
2021-09-21T01:00:02.191Z,-USD,0000172.66,0000174.05,00000150.0,588659.25706423,0000154.15,11924795.39785222
2021-09-21T02:00:01.777Z,-USD,0000173.92,0000173.92,00000150.0,605894.93239551,0000160.52,11949559.11601064
2021-09-21T03:00:02.103Z,-USD,0000166.25,00000168.8,00000150.0,583328.22846664,0000161.12,11970485.66316893
2021-09-21T04:00:02.34Z,-USD,0000167.04,0000168.28,00000150.0,563230.29651899,0000159.42,11984067.36749163
2021-09-21T05:00:02.612Z,-USD,0000167.62,0000168.25,00000150.0,560479.9548841,0000156.92,11995586.90652347
2021-09-21T06:00:02.518Z,-USD,0000167.97,0000168.13,00000150.0,562594.37112744,0000157.85,12004080.02497278
2021-09-21T07:00:02.272Z,-USD,00000166.9,0000168.08,00000150.0,564238.94877498,0000159.05,12012670.48539943
2021-09-21T08:00:02.419Z,-USD,0000163.93,0000166.79,00000150.0,554963.29205941,00000160.2,12027399.32305353
2021-09-21T09:00:02.545Z,-USD,0000165.83,0000166.79,00000150.0,550088.63785952,0000160.66,12035986.51348172
2021-09-21T10:00:02.395Z,-USD,00000164.0,0000166.79,00000150.0,549365.99635115,00000160.0,12042018.12458457
2021-09-21T11:00:02.6Z,-USD,0000163.24,0000163.71,00000150.0,536365.89534706,0000161.65,12048175.26992634
2021-09-21T12:00:02.507Z,-USD,0000157.32,0000162.73,00000150.0,483050.56077398,00000159.9,12054755.71599022
2021-09-21T13:00:02.679Z,-USD,0000158.17,0000162.73,00000150.0,431099.22072144,0000159.51,12068648.30555435
2021-09-21T14:00:01.857Z,-USD,0000160.74,0000162.73,00000150.0,407337.81876206,0000159.36,12080671.96827576
2021-09-21T15:00:02.144Z,-USD,00000160.4,0000162.73,00000150.0,406389.47228877,0000157.23,12097548.88919322
2021-09-21T16:00:02.617Z,-USD,0000160.54,0000162.73,00000150.0,394694.68741805,0000159.86,12110648.20304133
2021-09-21T17:00:03.462Z,-USD,0000160.71,0000162.73,00000150.0,388410.90143517,0000156.32,12128019.36365316
2021-09-21T18:00:01.824Z,-USD,0000161.89,0000162.32,00000150.0,390832.19678379,0000154.98,12147972.01367798
2021-09-21T19:00:02.438Z,-USD,0000158.61,0000162.32,00000150.0,373138.78741779,0000155.48,12162008.91230657
2021-09-21T20:00:02.298Z,-USD,0000160.32,0000162.32,00000150.0,345566.95413073,0000153.68,12176343.56024257
2021-09-21T21:00:01.766Z,-USD,0000158.04,0000162.32,00000150.0,351657.91974159,0000150.86,12199441.23003621
2021-09-21T22:00:02.225Z,-USD,0000159.03,0000162.32,00000144.6,382487.42491878,0000151.82,12244157.15961085
2021-09-21T23:00:02.124Z,-USD,0000158.23,0000162.32,00000144.6,385877.12040946,0000147.21,12259168.45240162
2021-09-22T00:00:02.323Z,-USD,0000157.16,0000162.32,00000144.6,390415.15985963,0000148.14,12279107.06757243
2021-09-22T01:00:02.686Z,-USD,0000154.12,0000162.32,00000144.6,372864.01718222,0000147.43,12063408.21244145
2021-09-22T02:00:01.838Z,-USD,0000160.51,0000162.32,00000144.6,364776.53312291,0000152.41,12080075.16574249
2021-09-22T03:00:02.496Z,-USD,0000160.91,0000162.32,00000144.6,352687.33674261,0000151.71,12089079.66252871
2021-09-22T04:00:01.855Z,-USD,0000159.54,0000162.32,00000144.6,357795.04092894,0000151.54,12107637.40982781
2021-09-22T05:00:01.961Z,-USD,0000156.88,0000162.32,00000144.6,356850.77114715,0000150.41,12118173.36929408
2021-09-22T06:00:02.356Z,-USD,0000157.84,0000162.32,00000144.6,361453.06447012,0000151.87,12131269.22234523
2021-09-22T07:00:02.359Z,-USD,0000159.15,0000162.32,00000144.6,360328.58397965,0000153.28,12138741.65594643
2021-09-22T08:00:02.458Z,-USD,0000160.34,0000162.32,00000144.6,352767.99760874,0000154.26,12145931.61765926
2021-09-22T09:00:03.657Z,-USD,0000160.57,0000162.32,00000144.6,353750.78187645,0000153.37,12155472.41266281
2021-09-22T10:00:01.805Z,-USD,0000160.23,0000162.32,00000144.6,361955.0195272,0000154.78,12169772.59736842
2021-09-22T11:00:02.368Z,-USD,0000161.62,0000162.18,00000144.6,366257.16211064,0000154.74,12180169.74857033
2021-09-22T12:00:02.378Z,-USD,00000160.0,0000162.18,00000144.6,371515.12460447,0000153.95,12192028.16517323
2021-09-22T13:00:02.638Z,-USD,0000159.35,00000160.9,00000144.6,363964.77899551,0000155.08,12198375.98491364
2021-09-22T14:00:01.835Z,-USD,0000159.43,00000160.9,00000144.6,362743.46389081,00000155.9,12209174.90748058
2021-09-22T15:00:01.945Z,-USD,0000157.21,00000160.9,00000144.6,365011.41583171,0000156.65,12228353.80238849
2021-09-22T16:00:02.268Z,-USD,0000160.06,0000160.25,00000144.6,374084.53501959,0000159.19,12250588.71295135
2021-09-22T17:00:02.156Z,-USD,0000156.39,0000159.91,00000144.6,376941.44615137,0000159.44,12270731.47125891
2021-09-22T18:00:02.557Z,-USD,00000155.1,0000159.91,00000144.6,368370.33970296,0000158.25,12282126.70457686
2021-09-22T19:00:02.158Z,-USD,0000155.42,0000161.85,00000144.6,385392.32776013,0000158.44,12313174.2326225
2021-09-22T20:00:02.676Z,-USD,0000153.27,0000161.85,00000144.6,384727.25523868,0000159.56,12326856.30019394
2021-09-22T21:00:01.933Z,-USD,0000150.92,0000161.85,00000144.6,373397.69043223,0000160.44,12338747.75683055
2021-09-22T22:00:02.514Z,-USD,0000151.56,0000161.85,0000145.31,337980.13729603,0000160.61,12347879.87796125
2021-09-22T23:00:02.005Z,-USD,0000147.66,0000161.87,0000145.31,332202.43576437,0000161.22,12357172.17597801
2021-09-23T00:00:03.545Z,-USD,0000148.59,0000161.87,0000145.31,324918.4815103,0000161.39,12369896.2054813
2021-09-23T01:00:02.49Z,-USD,00000147.7,0000161.87,0000146.82,322942.46347829,0000158.65,12186733.16745178
2021-09-23T02:00:02.357Z,-USD,0000152.65,0000161.87,0000149.85,314696.08074224,0000160.64,12195331.13587151
2021-09-23T03:00:02.712Z,-USD,0000151.38,0000161.87,0000149.85,311150.62195891,0000160.09,12200563.52114191
2021-09-23T04:00:01.926Z,-USD,00000151.4,0000162.31,0000149.85,301979.08020904,0000161.38,12209937.34819427
2021-09-23T05:00:02.221Z,-USD,0000150.46,0000162.31,0000150.46,301151.38176102,00000160.7,12219624.45411234
2021-09-23T06:00:02.32Z,-USD,0000152.03,0000162.31,0000150.66,295243.44848623,0000160.17,12226814.46967251
2021-09-23T07:00:03.134Z,-USD,0000153.46,0000162.31,00000152.6,292149.99484577,0000161.37,12231222.57494925
2021-09-23T08:00:02.122Z,-USD,0000154.27,0000162.31,0000152.91,290027.13485925,0000161.45,12236256.29840798
2021-09-23T09:00:02.3Z,-USD,0000153.34,0000162.31,0000152.91,286067.46123425,0000160.36,12241851.9803232
2021-09-23T10:00:02.464Z,-USD,0000154.99,0000162.31,0000152.91,278826.30436799,0000159.88,12248970.30094659
2021-09-23T11:00:05.825Z,-USD,0000154.71,0000162.31,0000152.91,280194.36242615,0000159.76,12260713.09468547
2021-09-23T12:00:02.063Z,-USD,0000153.77,0000162.31,0000153.27,275579.03377692,0000157.97,12268046.47112999
2021-09-23T13:00:02.551Z,-USD,0000155.14,0000162.31,0000154.42,278424.57230497,0000158.73,12277091.68458153
2021-09-23T14:00:01.849Z,-USD,0000155.91,0000162.31,0000155.19,285099.83248117,0000161.03,12294617.17637495
2021-09-23T15:00:02.469Z,-USD,0000156.66,0000162.31,0000156.66,273006.76640326,0000161.16,12301659.26872672
2021-09-23T16:00:01.835Z,-USD,0000159.25,0000162.31,0000157.26,259358.60011955,0000159.25,12310347.93222064
2021-09-23T17:00:02.388Z,-USD,0000159.41,0000162.31,0000157.26,254098.26734876,0000159.86,12325166.4415007
2021-09-23T18:00:01.982Z,-USD,0000158.23,00000165.0,0000157.26,272981.61535139,0000163.58,12355465.52245942
2021-09-23T19:00:01.805Z,-USD,0000158.34,00000165.0,0000157.26,256534.36052679,0000163.71,12370032.2863692
2021-09-23T20:00:02.516Z,-USD,0000159.69,00000165.0,0000157.26,258225.79006332,0000163.91,12385397.79916362
2021-09-23T21:00:02.25Z,-USD,00000160.4,00000165.0,0000157.26,262721.8345488,0000163.55,12401771.98007816
2021-09-23T22:00:02.175Z,-USD,0000160.52,00000165.0,0000157.26,268307.08121581,0000162.55,12416576.31037605
2021-09-23T23:00:01.951Z,-USD,0000161.03,00000165.0,0000157.26,274240.04123886,0000164.06,12431712.50809089
2021-09-24T00:00:02.48Z,-USD,0000161.45,00000165.0,0000157.26,272180.09713453,0000163.98,12442377.4429059
2021-09-24T01:00:02.228Z,-USD,0000158.78,0000166.65,0000157.26,272707.99323127,0000163.84,12294883.76348189
2021-09-24T02:00:02.084Z,-USD,0000160.74,0000166.65,0000157.26,271377.44393756,0000162.17,12302154.03379583
2021-09-24T03:00:01.973Z,-USD,0000160.11,0000166.65,0000157.26,272846.59620996,0000161.95,12308943.55680347
2021-09-24T04:00:02.45Z,-USD,0000161.43,0000166.65,0000157.26,270837.44984511,0000161.37,12316216.27507786
2021-09-24T05:00:02.206Z,-USD,0000160.73,0000166.65,0000157.26,271220.51246094,0000161.64,12326318.29517586
2021-09-24T06:00:02.643Z,-USD,0000160.27,0000166.65,0000157.26,275526.37908209,0000160.34,12337786.77274651
2021-09-24T07:00:02.623Z,-USD,0000161.68,0000166.65,0000157.26,279770.9416658,00000159.7,12346492.16418446
2021-09-24T08:00:01.884Z,-USD,0000161.42,0000166.65,0000157.26,290979.29605316,0000161.05,12362719.38102444
2021-09-24T09:00:02.126Z,-USD,0000160.26,0000166.65,0000157.26,293867.98734269,0000159.84,12371163.60214259
2021-09-24T10:00:02.248Z,-USD,0000159.77,0000166.65,0000148.29,329056.69590863,0000148.54,12413495.00860725
2021-09-24T11:00:02.663Z,-USD,0000159.62,0000166.65,0000145.04,347353.22765361,0000146.96,12443537.05691227
2021-09-24T12:00:02.133Z,-USD,0000158.17,0000166.65,0000141.82,383147.32643991,0000147.07,12486738.29257486
2021-09-24T13:00:02.817Z,-USD,0000158.68,0000166.65,0000141.82,415243.77196265,0000145.25,12527831.44514854
2021-09-24T14:00:02.591Z,-USD,0000161.09,0000166.65,0000141.82,455593.24298349,0000147.61,12585675.551722
2021-09-24T15:00:02.124Z,-USD,0000161.22,0000166.65,0000141.82,483097.81793811,0000149.14,12620373.65445795
2021-09-24T16:00:01.961Z,-USD,0000159.21,0000166.65,0000141.82,490628.05159931,0000147.84,12636463.40798995
2021-09-24T17:00:02.316Z,-USD,0000159.89,0000166.65,0000141.82,492020.38585626,0000149.05,12652635.83243291
2021-09-24T18:00:02.431Z,-USD,0000163.67,0000166.65,0000141.82,472611.95632532,0000147.82,12663526.23770328
2021-09-24T19:00:02.41Z,-USD,0000163.76,0000166.65,0000141.82,467729.14304697,0000148.45,12673206.59023434
2021-09-24T20:00:01.732Z,-USD,0000163.96,0000166.65,0000141.82,462111.13986679,00000149.3,12683015.23843108
2021-09-24T21:00:02.101Z,-USD,0000163.57,0000166.65,0000141.82,459804.01714969,0000151.28,12697030.35792408
2021-09-24T22:00:02.204Z,-USD,0000162.55,0000166.65,0000141.82,453183.34926408,0000151.59,12705311.53705016
2021-09-24T23:00:01.997Z,-USD,0000164.02,0000166.65,0000141.82,462270.26558477,0000153.42,12729526.08386448
2021-09-25T00:00:02.169Z,-USD,0000163.89,0000166.65,0000141.82,477090.71905692,0000152.27,12754936.51546658
2021-09-25T01:00:02.578Z,-USD,0000163.85,0000164.11,0000141.82,481526.69339456,0000154.22,12581854.95934833
2021-09-25T02:00:01.928Z,-USD,0000162.41,0000162.84,0000141.82,500610.56685773,0000154.58,12608214.64392224
2021-09-25T03:00:01.987Z,-USD,0000161.99,0000162.84,0000141.82,503496.0999746,0000152.75,12617868.97114023
2021-09-25T04:00:02.605Z,-USD,0000161.39,0000162.84,0000141.82,513310.51481687,0000154.24,12635104.21443868
2021-09-25T05:00:02.68Z,-USD,0000161.66,0000162.84,0000141.82,510093.62557015,0000154.09,12641841.1323043
2021-09-25T06:00:02.668Z,-USD,0000160.35,0000162.84,0000141.82,507051.70552784,0000153.09,12650274.94716532
2021-09-25T07:00:01.846Z,-USD,0000159.65,0000162.84,0000141.82,506982.15581506,0000154.58,12658909.37789952
2021-09-25T08:00:01.884Z,-USD,0000160.81,0000162.84,0000141.82,502436.77688263,0000152.64,12670857.18475015
2021-09-25T09:00:02.034Z,-USD,0000159.89,0000159.91,0000141.82,519742.46678516,0000153.47,12696385.19020884
2021-09-25T10:00:01.83Z,-USD,0000148.47,0000156.13,0000141.82,498129.23846432,0000154.33,12717303.67071238
2021-09-25T11:00:02.586Z,-USD,0000146.81,0000156.13,0000141.82,486555.86708786,0000153.38,12735571.84392393
2021-09-25T12:00:02.497Z,-USD,0000146.77,0000156.13,0000143.24,460146.51570638,0000151.61,12752417.49713169
2021-09-25T13:00:02.182Z,-USD,0000145.33,0000156.13,0000143.24,434850.51091868,00000151.4,12772446.73989003
2021-09-25T14:00:02.678Z,-USD,0000147.59,0000156.13,0000146.85,404327.24498031,0000151.56,12795506.34914681
2021-09-25T15:00:02.678Z,-USD,0000149.08,0000156.13,0000146.85,385559.27460366,0000150.31,12811439.36826383
2021-09-25T16:00:01.769Z,-USD,0000147.75,0000156.13,00000147.0,389061.2084288,0000152.18,12830955.04546395
2021-09-25T17:00:02.512Z,-USD,0000148.88,0000156.13,00000147.0,394016.80055083,0000151.76,12852085.22705966
2021-09-25T18:00:01.743Z,-USD,0000148.21,0000156.13,00000147.5,391735.41574626,0000151.87,12860691.51388947
2021-09-25T19:00:01.831Z,-USD,0000148.27,0000156.13,0000148.06,389033.71631891,0000151.08,12867887.48829451
2021-09-25T20:00:02.078Z,-USD,0000149.07,0000156.13,0000148.87,384349.53495551,0000152.41,12874916.9872072
2021-09-25T21:00:02.047Z,-USD,0000151.37,0000156.13,0000148.92,380859.16050879,0000151.27,12883315.70988398
2021-09-25T22:00:01.967Z,-USD,0000151.81,0000156.13,0000148.86,382956.87024833,0000150.75,12893713.80808213
2021-09-25T23:00:02.555Z,-USD,0000153.26,0000156.13,0000148.86,363657.21691153,0000151.68,12899521.25017447
2021-09-26T00:00:01.749Z,-USD,0000152.27,0000156.13,0000148.86,347448.53678056,0000151.07,12907827.4233278
2021-09-26T01:00:01.825Z,-USD,0000154.09,0000156.13,00000147.8,341269.38104564,0000148.91,12721948.47155068
2021-09-26T02:00:02.1Z,-USD,0000154.14,00000156.0,0000147.42,330683.51324597,0000148.41,12737328.70045654
2021-09-26T03:00:01.99Z,-USD,0000152.74,00000156.0,00000146.6,339823.98231812,0000147.69,12756001.58008605
2021-09-26T04:00:02.515Z,-USD,0000154.25,0000155.84,00000146.6,334065.70337776,0000148.63,12767601.70575768
2021-09-26T05:00:01.75Z,-USD,0000154.06,0000155.49,00000146.6,338042.09238811,0000148.58,12778215.07413094
2021-09-26T06:00:02.535Z,-USD,0000153.04,0000155.49,00000146.6,337211.67893755,0000148.04,12785783.35346144
2021-09-26T07:00:02.664Z,-USD,0000154.51,0000155.49,00000146.6,338373.65044161,0000147.17,12795623.40911261
2021-09-26T08:00:02.631Z,-USD,0000152.82,0000155.49,0000142.31,350368.98280726,0000143.72,12819575.79103058
2021-09-26T09:00:02.674Z,-USD,0000153.31,0000155.49,0000142.07,348513.67357234,0000143.51,12843244.76225668
2021-09-26T10:00:01.845Z,-USD,0000154.34,0000155.37,0000142.07,365413.32761641,0000150.43,12880980.98352134
2021-09-26T11:00:01.798Z,-USD,0000153.49,0000153.63,0000142.07,370339.18851017,0000149.37,12904284.85557747
2021-09-26T12:00:02.079Z,-USD,0000151.57,0000153.44,0000142.07,366879.76931061,00000150.6,12917659.31115403
2021-09-26T13:00:02.198Z,-USD,00000151.3,0000153.44,0000142.07,358229.36638977,0000151.34,12928948.37496177
2021-09-26T14:00:02.218Z,-USD,00000151.3,0000153.44,0000142.07,346689.95574547,0000151.42,12940849.24164622
2021-09-26T15:00:02.375Z,-USD,00000150.3,0000153.44,0000142.07,344174.74733799,0000152.07,12953892.85476591
2021-09-26T16:00:02.518Z,-USD,0000152.11,0000153.42,0000142.07,334260.04260722,00000153.1,12963504.77265963
2021-09-26T17:00:02.496Z,-USD,0000151.76,0000153.51,0000142.07,323917.67699039,0000151.34,12974272.62113518
2021-09-26T18:00:01.767Z,-USD,0000151.67,0000153.51,0000142.07,322228.78852278,0000151.45,12981230.19196118
2021-09-26T19:00:01.978Z,-USD,0000151.13,0000153.51,0000142.07,321856.62451137,0000151.63,12988025.05708592
2021-09-26T20:00:02.12Z,-USD,0000152.48,0000153.51,0000142.07,323753.80545033,0000151.97,12996937.42439731
2021-09-26T21:00:02.114Z,-USD,0000151.29,0000153.51,0000142.07,324238.76592086,00000152.8,13005872.32275978
2021-09-26T22:00:02.208Z,-USD,0000150.83,0000153.51,0000142.07,318538.96973286,0000152.31,13010883.53737263
2021-09-26T23:00:02.421Z,-USD,00000151.9,0000153.51,0000142.07,323247.21791883,00000150.0,13021033.03874304
2021-09-27T00:00:02.585Z,-USD,0000151.01,0000153.51,0000142.07,330935.00923175,0000150.77,13037031.03249913
2021-09-27T01:00:01.792Z,-USD,0000149.24,0000153.51,0000142.07,337317.60260268,0000152.94,12900010.17525749
2021-09-27T02:00:01.815Z,-USD,0000148.49,0000154.72,0000142.07,338765.98253619,0000154.28,12916665.24779067
2021-09-27T03:00:01.926Z,-USD,0000147.64,0000154.97,0000142.07,330228.5507166,0000154.13,12926890.85769303
2021-09-27T04:00:02.541Z,-USD,0000148.81,0000154.97,0000142.07,325887.74673187,0000152.98,12934058.77999636
2021-09-27T05:00:02.144Z,-USD,0000148.61,0000154.97,0000142.07,324551.430472,0000152.54,12943368.73813839
2021-09-27T06:00:02.117Z,-USD,0000148.01,0000154.97,0000142.07,325060.03273678,0000153.39,12951409.80396911
2021-09-27T07:00:02.227Z,-USD,0000147.26,0000154.97,0000142.07,325070.08093972,0000152.45,12961336.98390987
2021-09-27T08:00:02.214Z,-USD,0000143.62,0000154.97,0000142.07,306713.52346638,0000152.82,12966966.17331388
2021-09-27T09:00:02.262Z,-USD,0000143.56,0000154.97,0000143.15,288734.79230038,0000152.27,12972621.66689246
2021-09-27T10:00:02.303Z,-USD,0000150.43,0000154.97,0000148.23,258373.87098013,0000151.45,12980178.70104652
2021-09-27T11:00:01.866Z,-USD,0000149.04,0000154.97,0000148.51,239904.93638224,0000152.42,12984937.37319076
2021-09-27T12:00:01.882Z,-USD,0000150.73,0000154.97,0000148.51,232072.0623706,0000152.94,12990589.18008569
2021-09-27T13:00:02.11Z,-USD,0000151.39,0000154.97,0000148.51,232532.83463535,0000152.05,13002090.95423773
2021-09-27T14:00:02.199Z,-USD,0000151.69,0000154.97,0000148.51,228160.60368973,0000151.42,13009706.18355227
2021-09-27T15:00:02.738Z,-USD,0000152.13,0000154.97,0000148.51,234301.22706536,0000149.41,13028792.53074658
2021-09-27T16:00:02.049Z,-USD,0000153.13,0000154.97,0000148.51,231854.82347105,0000150.22,13035940.77052543
2021-09-27T17:00:02.063Z,-USD,0000151.25,0000154.97,0000147.82,229538.91854739,0000148.66,13044437.42485263
2021-09-27T18:00:02.964Z,-USD,0000151.29,0000154.97,0000147.82,238847.01498077,0000148.67,13061033.72519598
2021-09-27T19:00:02.296Z,-USD,0000151.64,0000154.97,0000147.82,241407.99141781,0000148.47,13070007.14248336
2021-09-27T20:00:02.256Z,-USD,0000152.04,0000154.97,0000147.66,238944.88587287,0000148.57,13076470.30918093
2021-09-27T21:00:02.424Z,-USD,0000152.88,0000154.97,0000146.58,246375.0721159,0000147.14,13092832.36353939
2021-09-27T22:00:02.669Z,-USD,0000152.26,0000154.97,0000146.58,248249.10184602,0000148.77,13099710.50251623
2021-09-27T23:00:01.766Z,-USD,0000149.43,0000154.97,0000146.58,245501.04441198,00000148.9,13107164.4684715
2021-09-28T00:00:02.209Z,-USD,0000150.67,0000154.97,00000144.9,250697.46917648,0000145.02,13128485.45747852
2021-09-28T01:00:02.458Z,-USD,0000152.87,0000154.97,0000144.34,246642.93721907,0000145.57,12899203.84385535
2021-09-28T02:00:01.85Z,-USD,0000154.31,0000154.97,0000144.34,247050.01063041,0000146.26,12916368.1543795
2021-09-28T03:00:01.975Z,-USD,0000154.19,0000154.42,0000144.34,247853.04349216,0000146.66,12927298.13601906
2021-09-28T04:00:02.216Z,-USD,00000153.1,0000154.17,0000144.34,251309.95233555,0000147.17,12937877.85419811
2021-09-28T05:00:01.939Z,-USD,00000152.5,0000154.17,0000144.34,250344.53456729,0000147.84,12946224.17767252
2021-09-28T06:00:02.042Z,-USD,0000153.47,0000154.17,0000144.34,252291.62413807,0000146.69,12956207.96885879
2021-09-28T07:00:02.341Z,-USD,0000152.36,0000153.71,0000144.34,254076.05570972,0000145.81,12968136.3302992
2021-09-28T08:00:02.528Z,-USD,0000152.84,0000153.71,0000144.09,264617.41275672,0000145.13,12984472.96687748
2021-09-28T09:00:02.378Z,-USD,0000152.31,0000153.71,0000144.09,276656.32241671,0000145.96,13001780.56092034
2021-09-28T10:00:02.386Z,-USD,00000151.6,0000153.38,0000144.09,282425.56811874,0000145.76,13015113.82566679
2021-09-28T11:00:02.074Z,-USD,0000152.37,0000153.38,0000144.09,293567.86274292,0000145.97,13031009.54762588
2021-09-28T12:00:02.338Z,-USD,0000152.76,0000153.38,0000144.09,304526.78349213,0000147.69,13047642.75944552
2021-09-28T13:00:02.449Z,-USD,0000151.91,0000153.38,0000144.09,316499.19903111,0000145.76,13071117.78302329
2021-09-28T14:00:02.665Z,-USD,0000151.18,0000153.38,0000144.09,334826.73739008,0000147.21,13097408.74331184
2021-09-28T15:00:01.936Z,-USD,0000149.62,00000150.4,0000143.59,342819.9524232,0000144.94,13124147.91149939
2021-09-28T16:00:02.569Z,-USD,0000150.24,00000150.4,0000143.59,353625.73217793,0000144.09,13142143.42907023
2021-09-28T17:00:02.866Z,-USD,0000148.85,0000149.91,0000143.15,363051.49964777,0000143.52,13159992.33366184
2021-09-28T18:00:02.31Z,-USD,00000148.7,00000149.9,0000142.49,367121.32663572,0000143.05,13180682.24659512
2021-09-28T19:00:02.452Z,-USD,0000148.53,00000149.9,00000142.1,378887.18064802,0000144.04,13201493.11473706
2021-09-28T20:00:02.524Z,-USD,00000148.5,00000149.9,00000142.1,390274.53151048,0000143.05,13219352.54515049
2021-09-28T21:00:02.277Z,-USD,0000147.14,00000149.9,00000142.1,388688.65294278,0000144.16,13234053.04124227
2021-09-28T22:00:01.703Z,-USD,0000148.82,00000149.9,00000142.1,394100.25635648,00000144.4,13246376.78064088
2021-09-28T23:00:02.446Z,-USD,00000148.8,0000149.13,00000142.0,401265.55429079,0000142.08,13260943.71171258
2021-09-29T00:00:02.799Z,-USD,0000145.07,0000148.93,00000140.0,398316.23181688,00000140.5,13279330.90414268
2021-09-29T01:00:02.151Z,-USD,0000145.74,0000148.93,0000139.77,404585.56277181,0000142.15,13014920.5663501
2021-09-29T02:00:01.875Z,-USD,0000146.26,0000148.93,0000139.77,399605.05510723,0000142.43,13027005.2757194
2021-09-29T03:00:02.624Z,-USD,0000146.51,0000148.93,0000139.77,403137.93382718,0000143.76,13041489.21714145
2021-09-29T04:00:02.225Z,-USD,0000147.32,0000148.93,0000139.77,409511.79649189,0000144.29,13058419.30961908
2021-09-29T05:00:01.856Z,-USD,0000147.74,0000148.93,0000139.77,412844.16960483,0000144.98,13070129.39350576
2021-09-29T06:00:02.48Z,-USD,0000146.71,0000148.93,0000139.77,409790.97449145,0000144.77,13077073.56193056
2021-09-29T07:00:02.046Z,-USD,0000146.02,0000148.93,0000139.77,409278.65799947,0000146.02,13088439.68951116
2021-09-29T08:00:02.639Z,-USD,0000145.11,0000148.93,0000139.77,397705.62731725,0000146.01,13093356.04466821
2021-09-29T09:00:02.32Z,-USD,0000146.26,0000148.93,0000139.77,392308.18701301,0000145.59,13105099.07696613
2021-09-29T10:00:02.706Z,-USD,00000145.8,0000148.93,0000139.77,398356.47001715,0000145.31,13124478.29008163
2021-09-29T11:00:03.436Z,-USD,00000146.0,0000148.93,0000139.77,413529.92236686,0000147.64,13155559.35223287
2021-09-29T12:00:02.427Z,-USD,0000147.71,0000148.93,0000139.77,422518.5958757,0000147.79,13181299.34669382
2021-09-29T13:00:02.041Z,-USD,0000145.93,00000150.4,0000139.77,433272.85088392,0000147.83,13215589.00486987
2021-09-29T14:00:02.192Z,-USD,0000147.11,00000150.4,0000139.77,436965.00872758,00000148.6,13245544.78202167
2021-09-29T15:00:02.089Z,-USD,0000144.94,00000150.4,0000139.77,436140.00250824,0000149.08,13271301.22327821
2021-09-29T16:00:01.756Z,-USD,0000144.04,00000150.4,0000139.77,450759.75084779,0000147.18,13303945.16315002
2021-09-29T17:00:02.569Z,-USD,0000143.51,00000150.4,0000139.77,445700.73289477,0000146.78,13316814.64612895
2021-09-29T18:00:02.127Z,-USD,0000143.27,00000150.4,0000139.77,438629.8015862,0000145.35,13330463.0181987
2021-09-29T19:00:01.734Z,-USD,0000143.99,00000150.4,0000139.77,433471.32411213,00000145.0,13346485.5219619
2021-09-29T20:00:02.534Z,-USD,0000143.26,00000150.4,0000139.77,431073.36374296,0000144.61,13361631.04080451
2021-09-29T21:00:02.245Z,-USD,0000144.12,00000150.4,0000139.77,433814.52695735,0000143.37,13379048.44609213
2021-09-29T22:00:02.118Z,-USD,0000144.39,00000150.4,0000139.77,432547.14711178,0000144.19,13389957.70243698
2021-09-29T23:00:02.473Z,-USD,0000141.96,00000150.4,0000139.77,429135.37071385,0000144.08,13401560.22478529
2021-09-30T20:00:24.953Z,-USD,0000144.62,0000154.49,00000142.6,412082.35773993,0000151.66,13442305.88756232
2021-09-30T21:00:01.877Z,-USD,00000143.4,0000154.49,0000142.93,404024.37476024,0000151.28,13451716.31925091
2021-09-30T22:00:01.971Z,-USD,0000144.11,0000154.49,0000143.19,398519.43100484,0000152.75,13456967.60878437
2021-09-30T23:00:01.898Z,-USD,00000143.9,0000154.49,0000143.81,396118.79732556,00000153.1,13466278.54274606
2021-10-01T00:00:02.236Z,-USD,0000144.76,0000154.49,00000143.9,389191.97542783,0000153.33,13471760.73616966
2021-10-01T01:00:02.43Z,-USD,0000146.98,0000154.84,0000146.58,372741.43699662,0000153.69,13158222.71532105
2021-10-01T02:00:01.807Z,-USD,0000148.03,0000154.84,0000147.87,352666.71423878,0000153.89,13167840.38574661
2021-10-01T03:00:02.143Z,-USD,0000150.32,0000154.84,0000149.27,342787.80970331,0000152.42,13181116.68809029
2021-10-01T04:00:01.981Z,-USD,0000150.66,0000154.84,0000149.27,363088.59420346,00000153.5,13219741.08590633
2021-10-01T05:00:01.806Z,-USD,0000151.46,0000154.84,0000149.27,345636.29627034,0000153.55,13229158.05406372
2021-10-01T06:00:01.719Z,-USD,00000151.2,0000155.35,0000149.27,345681.66566294,0000155.06,13238842.56009948
2021-10-01T07:00:02.628Z,-USD,0000151.54,0000155.73,0000149.27,344746.17716692,0000155.37,13249049.34475432
2021-10-01T08:00:02.645Z,-USD,0000150.73,0000158.94,0000149.27,351534.13304583,0000158.66,13270432.21320514
2021-10-01T09:00:02.609Z,-USD,00000150.0,0000159.82,0000149.64,358355.38207225,0000159.59,13290237.66468427
2021-10-01T10:00:02.404Z,-USD,0000150.22,0000159.82,0000149.66,355316.14946219,0000158.61,13299828.62134968
2021-10-01T11:00:02.164Z,-USD,0000149.98,0000164.02,0000149.79,382712.69896355,0000163.02,13338081.81547934
2021-10-01T12:00:02.314Z,-USD,0000150.75,00000164.1,0000150.66,387796.49452315,00000163.7,13353037.83599209
2021-10-01T13:00:02.328Z,-USD,00000151.9,0000164.92,0000150.66,385159.95693435,0000163.42,13381422.45348539
2021-10-01T14:00:02.419Z,-USD,0000152.33,00000165.4,0000150.66,382939.18890972,0000163.44,13402572.95388385
2021-10-01T15:00:02.422Z,-USD,0000152.33,00000165.4,0000150.66,390116.20464876,0000164.09,13428685.90131628
2021-10-01T16:00:02.633Z,-USD,0000152.54,0000165.52,0000150.66,392689.48641687,0000165.13,13450091.09455589
2021-10-01T17:00:01.817Z,-USD,0000151.81,0000166.75,0000150.66,394254.91309888,0000165.79,13468152.58571964
2021-10-01T18:00:02.137Z,-USD,0000151.92,0000166.75,0000150.66,383480.29515347,0000165.93,13476203.36778508
2021-10-01T19:00:02.528Z,-USD,0000153.64,0000166.75,0000150.66,380620.19796949,0000165.44,13489721.61944419
2021-10-01T20:00:02.642Z,-USD,0000151.75,0000167.15,0000150.66,385326.91920459,0000166.94,13505267.75467336
2021-10-01T21:00:01.797Z,-USD,0000151.28,0000167.16,0000151.09,390278.94795849,0000166.14,13519634.02340365
2021-10-01T22:00:01.864Z,-USD,00000152.7,0000168.16,0000151.09,406323.94426189,0000166.63,13540979.50608355
2021-10-01T23:00:01.744Z,-USD,0000153.18,0000168.16,0000151.09,420919.82790208,0000165.79,13564946.69062439
2021-10-02T00:00:02.671Z,-USD,0000153.32,0000168.16,0000151.09,432486.17264145,0000166.18,13581885.19824587
2021-10-02T01:00:02.583Z,-USD,0000153.47,0000168.16,0000151.09,439542.75088727,0000167.25,13273729.51317218
2021-10-02T02:00:01.75Z,-USD,0000153.89,00000169.0,0000151.09,444970.84960498,0000166.87,13288702.80724718
2021-10-02T03:00:01.917Z,-USD,0000152.42,00000169.0,0000151.09,447146.34089427,0000167.57,13304250.9507511
2021-10-02T04:00:02.267Z,-USD,0000153.68,00000169.0,0000153.13,417441.0881931,0000165.87,13313121.6436835
2021-10-02T05:00:01.935Z,-USD,0000153.38,00000169.0,0000153.19,414461.89164388,0000165.87,13319739.59542777
2021-10-02T06:00:02.018Z,-USD,0000155.17,00000169.0,0000154.22,409239.66120547,0000166.21,13324024.75234438
2021-10-02T07:00:02.099Z,-USD,0000155.35,00000169.0,0000154.65,402412.72650288,0000166.56,13327608.72778397
2021-10-02T08:00:01.754Z,-USD,0000158.81,00000169.0,0000158.17,383977.97516257,0000166.72,13330548.36691035
2021-10-02T09:00:02.683Z,-USD,0000159.66,00000169.0,0000158.17,369275.98448546,0000166.98,13335523.59196173
2021-10-02T10:00:02.272Z,-USD,0000158.61,00000169.0,0000158.17,363904.50325487,00000167.2,13339876.33550154
2021-10-02T11:00:02.409Z,-USD,0000162.85,00000169.0,0000162.76,329590.29276693,0000166.33,13343630.7697798
2021-10-02T12:00:02.429Z,-USD,0000163.63,00000169.0,0000162.76,319825.70246004,0000167.09,13348761.18922376
2021-10-02T13:00:02.295Z,-USD,00000163.4,0000169.73,0000162.76,302451.24796486,0000168.45,13359846.69777671
2021-10-02T14:00:02.394Z,-USD,0000163.41,00000171.9,0000162.76,298075.76859589,00000169.9,13376621.29907657
2021-10-02T15:00:02.37Z,-USD,0000164.19,00000171.9,0000163.82,292263.39924706,0000171.67,13396855.86160114
2021-10-02T16:00:02.284Z,-USD,0000165.23,0000172.57,0000164.58,281983.29938744,0000171.99,13407970.14137193
2021-10-02T17:00:01.853Z,-USD,0000166.08,00000172.6,0000164.58,277926.21987601,00000172.2,13422311.7415452
2021-10-02T18:00:01.996Z,-USD,0000166.06,00000172.6,0000164.58,282665.28809276,00000171.6,13434904.94541719
2021-10-02T19:00:03.21Z,-USD,0000165.47,00000172.6,0000164.58,277952.7689976,00000171.7,13443620.34328561
2021-10-02T20:00:02.449Z,-USD,0000167.11,0000172.84,0000164.58,274504.94941098,0000172.15,13455736.69274054
2021-10-02T21:00:02.484Z,-USD,0000166.14,0000172.84,0000164.58,267235.37493425,0000170.88,13463459.22500736
2021-10-02T22:00:02.619Z,-USD,0000166.73,0000172.84,0000164.58,250830.75524652,0000172.08,13467954.51731674
2021-10-02T23:00:02.232Z,-USD,0000165.72,0000172.84,0000164.58,233987.44217218,0000171.64,13475208.20387767
2021-10-03T00:00:02.159Z,-USD,0000166.28,0000172.84,0000164.58,232216.20463999,0000169.18,13489992.70736619
2021-10-03T01:00:02.643Z,-USD,00000167.4,0000172.84,0000165.33,236820.32963404,0000167.47,12639004.24848345
2021-10-03T02:00:02.455Z,-USD,0000166.93,0000172.84,0000165.33,237686.50707586,0000167.73,12654865.13965678
2021-10-03T03:00:02.212Z,-USD,00000167.6,0000172.84,0000165.33,234779.99286493,0000167.49,12667472.61547631
2021-10-03T04:00:02.056Z,-USD,0000165.91,0000172.84,0000165.33,235921.78147359,0000168.31,12677531.58071871
2021-10-03T05:00:02.271Z,-USD,0000165.86,0000172.84,0000165.52,233597.84399343,0000167.89,12681820.99384548
2021-10-03T06:00:01.704Z,-USD,0000166.19,0000172.84,0000165.52,233068.33863167,0000168.91,12685535.28143056
2021-10-03T07:00:02.137Z,-USD,00000166.5,0000172.84,0000165.52,232343.14981305,0000168.51,12688460.61999611
2021-10-03T08:00:01.747Z,-USD,0000166.52,0000172.84,0000165.52,232025.92029276,0000167.97,12691159.51601826
2021-10-03T09:00:02.23Z,-USD,0000166.78,0000172.84,0000165.52,230046.13443072,0000168.08,12694187.31561213
2021-10-03T10:00:01.83Z,-USD,0000167.17,0000172.84,0000165.52,234280.69569895,0000167.49,12702598.83175117
2021-10-03T11:00:02.311Z,-USD,0000166.38,0000172.84,0000165.52,241745.65496331,0000167.74,12713863.65928947
2021-10-03T12:00:02.605Z,-USD,0000167.24,0000172.84,00000165.9,253335.27050854,0000170.48,12730681.75479221
2021-10-03T13:00:02.294Z,-USD,0000168.41,0000172.84,00000165.9,257126.33058963,0000169.85,12745414.05085696
2021-10-03T14:00:02.107Z,-USD,0000170.07,0000172.84,00000165.9,255384.77470152,0000172.27,12761697.69773575
2021-10-03T15:00:01.771Z,-USD,0000171.59,0000172.84,00000165.9,247182.16211562,0000170.78,12772555.79725091
2021-10-03T16:00:02.635Z,-USD,0000171.88,0000172.84,00000165.9,244111.07103053,0000169.35,12780676.27378278
2021-10-03T17:00:02.595Z,-USD,0000172.41,0000172.84,00000165.9,244351.55757549,0000170.68,12795166.80775534
2021-10-03T18:00:02.164Z,-USD,0000171.59,0000174.27,00000165.9,249117.68504791,0000173.19,12812494.10854223
2021-10-03T19:00:02.339Z,-USD,0000171.73,0000174.99,00000165.9,256358.34523909,0000174.02,12828421.0182761
2021-10-03T20:00:02.394Z,-USD,0000172.19,0000174.99,00000165.9,257212.25515903,0000172.83,12841473.24811952
2021-10-03T21:00:02.153Z,-USD,0000170.87,0000174.99,00000165.9,259442.12634044,00000171.4,12851372.80251947
2021-10-03T22:00:02.068Z,-USD,0000171.98,0000174.99,00000165.9,267308.24563035,0000169.76,12863803.18783114
2021-10-03T23:00:01.757Z,-USD,0000171.52,0000174.99,00000165.9,269145.79751854,0000170.71,12872837.84453
2021-10-04T00:00:01.766Z,-USD,0000168.99,0000174.99,00000165.9,263936.52416201,0000170.55,12882475.94983664
2021-10-04T01:00:01.911Z,-USD,0000167.17,0000174.99,00000165.9,254582.78835949,0000169.31,12329232.03479649
2021-10-04T02:00:02.161Z,-USD,0000167.71,0000174.99,00000165.9,247154.99711795,0000168.59,12337545.36312099
2021-10-04T03:00:02.437Z,-USD,0000167.22,0000174.99,00000165.9,244665.9680078,0000166.58,12347728.20783459
2021-10-04T04:00:02.577Z,-USD,0000168.32,0000174.99,00000165.3,253770.43478615,0000165.74,12366834.3196882
2021-10-04T05:00:02.206Z,-USD,0000167.93,0000174.99,00000164.4,265484.66134224,0000166.25,12382870.70434174
2021-10-04T06:00:02.478Z,-USD,0000168.92,0000174.99,00000164.4,266103.90142203,0000166.56,12387188.80725909
2021-10-04T07:00:02.295Z,-USD,0000168.52,0000174.99,00000164.4,268871.16522609,0000166.22,12392888.02282888
2021-10-04T08:00:02.455Z,-USD,00000167.8,0000174.99,00000164.4,270472.91246017,0000167.16,12397219.05588445
2021-10-04T09:00:02.365Z,-USD,0000167.81,0000174.99,00000164.4,276053.61766832,0000166.31,12405845.8867855
2021-10-04T10:00:02.176Z,-USD,0000167.74,0000174.99,00000164.4,273234.84828817,0000166.57,12411695.29351557
2021-10-04T11:00:02.405Z,-USD,0000167.68,0000174.99,00000164.4,267722.67787836,0000166.43,12417332.54379207
2021-10-04T12:00:02.181Z,-USD,0000170.64,0000174.99,0000163.74,260093.93535929,0000165.28,12427480.48887278
2021-10-04T13:00:03.229Z,-USD,0000169.56,0000174.99,0000163.74,256313.37293876,0000166.27,12437271.6535679
2021-10-04T14:00:02.249Z,-USD,0000172.18,0000174.99,0000163.74,251815.87811788,0000167.76,12449376.92269359
2021-10-04T15:00:02.514Z,-USD,0000170.79,0000174.99,0000163.43,262939.20526318,0000164.15,12471104.4030435
2021-10-04T16:00:01.811Z,-USD,0000169.38,0000174.99,0000161.39,282196.99200734,0000162.59,12498784.86112961
2021-10-04T17:00:01.975Z,-USD,0000170.51,0000174.99,0000161.39,286024.73791255,0000165.81,12517016.6224722
2021-10-04T18:00:02.628Z,-USD,0000173.53,0000174.99,0000161.39,286764.46885437,00000167.7,12535271.08841713
2021-10-04T19:00:02.19Z,-USD,0000173.93,0000174.32,0000161.39,289620.60008843,0000169.05,12553956.29769527
2021-10-04T20:00:02.612Z,-USD,0000172.66,0000173.07,0000161.39,291828.48840782,0000169.21,12569045.46451424
2021-10-04T21:00:02.314Z,-USD,0000171.08,0000171.66,0000161.39,294533.86595656,0000167.98,12581833.68059551
2021-10-04T22:00:02.616Z,-USD,0000169.65,0000171.66,0000161.39,294010.23400992,0000167.72,12593447.64911229
2021-10-04T23:00:01.945Z,-USD,0000170.87,0000171.66,0000161.39,295562.53178451,0000166.53,12603987.11537831
2021-10-05T00:00:01.829Z,-USD,0000170.59,0000170.88,0000161.39,304255.35045623,0000167.73,12622461.0536894
2021-10-05T01:00:01.97Z,-USD,00000169.0,00000170.2,0000161.39,312797.29376809,0000169.44,12145433.18580639
2021-10-05T02:00:02.235Z,-USD,0000168.74,0000170.48,0000161.39,317882.71617195,00000168.5,12158962.86790226
2021-10-05T03:00:02.364Z,-USD,0000166.81,0000170.48,0000161.39,315961.39253926,0000168.57,12167382.09884614
2021-10-05T04:00:02.384Z,-USD,00000165.7,0000170.48,0000161.39,305798.5333464,0000168.38,12176090.62083251
2021-10-05T05:00:01.837Z,-USD,0000166.45,0000170.48,0000161.39,298694.25531383,0000166.91,12185046.09220026
2021-10-05T06:00:01.692Z,-USD,0000166.77,0000170.48,0000161.39,306440.33959591,0000168.04,12196999.37040215
2021-10-05T07:00:02.624Z,-USD,0000166.29,0000170.48,0000161.39,310480.13968134,0000168.04,12206818.560645
2021-10-05T08:00:02.359Z,-USD,0000167.97,0000170.48,0000161.39,314731.31251943,0000168.15,12215968.45753736
2021-10-05T09:00:02.454Z,-USD,0000166.78,0000170.48,0000161.39,317622.32218135,0000168.95,12227001.87579191
2021-10-05T10:00:02.347Z,-USD,0000166.87,0000170.48,0000161.39,333760.58053596,0000170.27,12249049.6539325
2021-10-05T11:00:02.138Z,-USD,0000166.41,0000173.98,0000161.39,353861.93257935,0000172.29,12274613.93814945
2021-10-05T12:00:02.334Z,-USD,0000165.15,0000173.98,0000161.39,356601.6746615,0000172.51,12287613.69111508
2021-10-05T13:00:02.277Z,-USD,0000166.34,0000173.98,0000161.39,361522.05024409,0000171.36,12302296.59418536
2021-10-05T14:00:02.345Z,-USD,0000168.21,0000173.98,0000161.39,370651.68653021,0000171.99,12323717.8634381
2021-10-05T15:00:02.507Z,-USD,0000164.39,0000173.98,0000161.39,379828.35471973,0000169.02,12354305.14643962
2021-10-05T16:00:02.682Z,-USD,0000162.91,0000173.98,0000162.56,371152.16023408,0000168.32,12373868.27200023
2021-10-05T17:00:02.625Z,-USD,0000165.58,0000173.98,0000164.44,369437.25999839,0000168.98,12390026.24853486
2021-10-05T18:00:02.044Z,-USD,00000167.6,0000173.98,0000165.86,362236.64012423,00000169.3,12401266.11899205
2021-10-05T19:00:02.356Z,-USD,0000168.99,0000174.59,0000165.86,387569.89002484,0000173.17,12445121.58675855
2021-10-05T20:00:02.651Z,-USD,00000169.3,0000174.85,0000165.86,390276.22937163,0000174.85,12463348.70874815
2021-10-05T21:00:01.92Z,-USD,0000167.86,0000175.53,0000165.86,400852.24488069,00000174.4,12486076.57774909
2021-10-05T22:00:02.228Z,-USD,0000167.72,0000175.53,0000165.86,404392.06402585,0000175.04,12501324.14853238
2021-10-05T23:00:02.554Z,-USD,00000166.3,0000175.53,0000166.19,411781.91361666,0000173.41,12519281.23464613
2021-10-06T00:00:02.48Z,-USD,0000167.57,0000175.53,0000166.66,404544.32022235,0000173.86,12530975.98088386
2021-10-06T01:00:03.848Z,-USD,0000169.45,0000175.53,0000166.75,407731.51525841,0000172.53,12005381.81694438
2021-10-06T02:00:02.558Z,-USD,00000168.5,0000175.53,0000166.75,406340.87740578,0000171.46,12017258.76570973
2021-10-06T03:00:02.558Z,-USD,0000168.55,0000175.53,0000166.75,406845.55451377,00000172.1,12025979.09879028
2021-10-06T04:00:02.525Z,-USD,0000168.62,0000175.53,0000166.75,410521.40176607,0000171.81,12038589.27047109
2021-10-06T05:00:02.242Z,-USD,0000166.84,0000175.53,0000166.75,416817.65721492,0000171.45,12053745.40157099
2021-10-06T06:00:02.1Z,-USD,00000167.9,0000175.53,0000167.01,427676.39486513,0000174.18,12076442.48269203
2021-10-06T07:00:01.857Z,-USD,0000168.05,0000175.98,0000167.01,432733.82918654,0000174.26,12091981.51974644
2021-10-06T08:00:01.881Z,-USD,0000168.13,0000175.98,0000167.01,437929.82555585,0000171.39,12105641.63069097
2021-10-06T09:00:01.785Z,-USD,00000168.8,0000175.98,0000164.56,460033.71290015,0000166.47,12138974.037269
2021-10-06T10:00:01.918Z,-USD,0000170.43,0000175.98,0000163.87,459984.23506853,0000164.89,12162808.9438656
2021-10-06T11:00:02.583Z,-USD,0000172.45,0000175.98,0000163.87,458690.76655462,0000167.07,12185290.19817763
2021-10-06T12:00:02.527Z,-USD,0000172.49,0000175.98,0000163.87,465496.67925675,0000166.58,12205176.97420995
2021-10-06T13:00:02.795Z,-USD,00000171.2,0000177.85,0000163.87,488750.52292105,0000177.43,12243191.07517222
2021-10-06T14:00:02.037Z,-USD,0000172.06,0000181.37,0000163.87,551017.78309889,0000178.19,12326836.38413637
2021-10-06T15:00:01.789Z,-USD,0000168.86,0000181.37,0000163.87,552039.8299019,0000179.99,12358671.51357239
2021-10-06T16:00:02.198Z,-USD,0000168.35,0000182.44,0000163.87,568980.25660291,00000181.5,12396072.97418677
2021-10-06T17:00:02.432Z,-USD,0000168.97,0000183.03,0000163.87,583304.81939288,0000181.78,12425654.99433982
2021-10-06T18:00:02.61Z,-USD,0000170.62,0000183.03,0000163.87,599742.85719122,00000181.1,12453588.42627008
2021-10-06T19:00:02.044Z,-USD,0000173.13,0000183.03,0000163.87,576713.7447749,0000181.39,12473826.49566215
2021-10-06T20:00:02.302Z,-USD,0000174.57,0000183.03,0000163.87,579403.38562813,0000181.65,12494893.37517379
2021-10-06T21:00:02.267Z,-USD,0000174.59,0000183.03,0000163.87,584817.41434968,00000181.0,12523883.40320644
2021-10-06T22:00:02.387Z,-USD,0000174.97,0000183.03,0000163.87,589544.54100306,00000181.6,12543274.26463469
2021-10-06T23:00:02.252Z,-USD,0000173.66,0000183.03,0000163.87,598622.05852178,0000180.66,12570398.48529865
2021-10-07T00:00:02.344Z,-USD,0000173.81,0000183.03,0000163.87,608865.66982972,0000178.53,12591954.92697776
2021-10-07T01:00:02.619Z,-USD,0000172.66,0000183.03,0000163.87,617052.21271727,00000176.5,11894373.92805927
2021-10-07T02:00:01.765Z,-USD,0000171.44,0000183.03,0000163.87,638245.85904944,0000175.28,11927207.07224026
2021-10-07T03:00:01.924Z,-USD,0000171.97,0000183.03,0000163.87,659113.04554824,0000176.25,11956871.76466091
2021-10-07T04:00:01.977Z,-USD,0000171.76,0000183.03,0000163.87,667026.01203341,0000176.22,11977291.40326799
2021-10-07T05:00:01.982Z,-USD,0000171.59,0000183.03,0000163.87,664674.6089613,00000178.2,11990329.79147044
2021-10-07T06:00:02.06Z,-USD,0000174.11,0000183.03,0000163.87,656679.59147969,0000179.15,12005205.855081
2021-10-07T07:00:02.06Z,-USD,0000174.06,0000183.03,0000163.87,657758.68633528,0000178.13,12021526.16417896
2021-10-07T08:00:01.954Z,-USD,0000171.53,0000185.95,0000163.87,688523.72209369,0000185.11,12066018.26532692
2021-10-07T09:00:02.462Z,-USD,0000166.34,0000187.03,0000163.87,680014.53746634,0000186.03,12090701.75618546
2021-10-07T10:00:01.882Z,-USD,0000165.11,0000187.03,0000164.34,679300.95130881,0000182.74,12114122.83125752
2021-10-07T11:00:02.552Z,-USD,0000166.91,0000187.03,0000166.34,671229.54112389,00000180.9,12128553.614464
2021-10-07T12:00:02.381Z,-USD,0000166.65,0000187.03,0000166.42,667414.9284854,0000183.73,12144296.16369689
2021-10-07T13:00:02.003Z,-USD,0000177.21,0000187.03,0000173.42,654345.97720571,0000179.89,12169992.16913719
2021-10-07T14:00:02.354Z,-USD,0000178.56,0000187.03,0000173.42,592704.00647991,0000183.23,12192086.68247922
2021-10-07T15:00:02.174Z,-USD,00000180.1,0000187.03,0000173.42,593963.37287354,0000178.63,12225168.21575912
2021-10-07T16:00:02.337Z,-USD,0000181.44,0000187.03,0000173.42,578286.45493818,0000179.14,12247115.09624991
2021-10-07T17:00:02.827Z,-USD,0000181.87,0000187.03,0000173.42,572949.3681754,0000180.03,12270553.51669811
2021-10-07T18:00:02.286Z,-USD,0000181.38,0000187.03,0000173.42,564083.70404281,0000179.43,12289526.33933505
2021-10-07T19:00:02.466Z,-USD,0000181.08,0000187.03,0000173.42,561165.46649784,0000179.18,12306857.45198825
2021-10-07T20:00:02.612Z,-USD,0000181.56,0000187.03,0000173.42,552372.91033973,00000179.1,12319146.50774592
2021-10-07T21:00:02.671Z,-USD,0000181.36,0000187.03,0000173.42,536186.57775209,0000179.91,12332459.48280688
2021-10-07T22:00:02.414Z,-USD,0000182.05,0000187.03,0000173.42,527655.68520899,0000180.29,12344074.29101658
2021-10-07T23:00:01.81Z,-USD,0000180.55,0000187.03,0000173.42,526372.33573638,0000178.89,12368925.99456669
2021-10-08T00:00:02.056Z,-USD,00000178.5,0000187.03,0000173.42,522839.27208167,0000178.64,12386673.01411954
2021-10-08T01:00:02.337Z,-USD,0000176.38,0000187.03,0000173.42,509243.87034049,0000180.43,11751709.07179423
2021-10-08T02:00:02.461Z,-USD,0000175.39,0000187.03,0000175.02,487630.12017701,00000180.1,11762797.32082808
2021-10-08T03:00:02.42Z,-USD,0000176.27,0000187.03,0000175.09,475670.90242771,0000177.58,11780557.31250527
2021-10-08T04:00:02.64Z,-USD,0000175.83,0000187.03,0000175.25,477399.52603289,0000176.28,11802610.41141669
2021-10-08T05:00:02.097Z,-USD,0000178.27,0000187.03,0000175.25,473300.57924644,0000176.91,11811457.292977
2021-10-08T06:00:02.779Z,-USD,00000179.2,0000187.03,0000175.25,465770.25907703,0000177.62,11819012.60757871
2021-10-08T07:00:01.68Z,-USD,0000178.32,0000187.03,0000175.25,457145.39995473,0000178.03,11826535.85182064
2021-10-08T08:00:02.649Z,-USD,0000185.13,0000187.03,0000175.25,426448.27596606,00000180.0,11840999.95605072
2021-10-08T09:00:01.806Z,-USD,0000185.37,0000186.57,0000175.25,421756.48468186,0000182.93,11860521.54245356
2021-10-08T10:00:02.664Z,-USD,0000182.96,0000183.85,0000175.25,415688.40130582,0000180.84,11877910.98021418
2021-10-08T11:00:02.738Z,-USD,0000181.31,0000183.85,0000175.25,412411.7362069,0000180.96,11888890.18295428
2021-10-08T12:00:01.729Z,-USD,0000183.67,0000183.74,0000175.25,416846.82562734,0000182.46,11909654.22917507
2021-10-08T13:00:01.748Z,-USD,0000179.98,0000183.44,0000175.25,428917.35200155,00000180.8,11947272.00965648
2021-10-08T14:00:01.788Z,-USD,0000183.12,0000183.44,0000175.25,444292.54134932,0000180.08,11984346.27077608
2021-10-08T15:00:01.932Z,-USD,0000178.59,0000183.44,0000175.25,442749.77528852,0000181.97,12016248.78814559
2021-10-08T16:00:01.733Z,-USD,0000179.37,0000183.44,0000175.25,438853.95945788,0000180.54,12034820.60716947
2021-10-08T17:00:02.074Z,-USD,0000180.02,0000183.44,0000175.25,438670.95535185,0000180.41,12057229.33552659
2021-10-08T18:00:02.349Z,-USD,0000179.28,0000183.44,0000175.25,441675.22674201,0000178.73,12079057.37073961
2021-10-08T19:00:02.991Z,-USD,0000179.01,0000183.44,0000175.25,439500.22431198,0000179.09,12094206.20754794
2021-10-08T20:00:02.668Z,-USD,0000179.17,0000183.44,0000175.25,444120.09478223,00000178.4,12111294.68284015
2021-10-08T21:00:01.935Z,-USD,0000179.75,0000183.44,0000174.46,455866.29738,00000175.3,12136797.63665295
2021-10-08T22:00:02.123Z,-USD,0000179.91,0000183.44,0000174.46,459031.65733309,0000176.31,12151137.343584
2021-10-08T23:00:02.58Z,-USD,0000178.69,0000183.44,0000174.46,443715.83748348,0000176.69,12161032.9391947
2021-10-09T00:00:01.744Z,-USD,0000178.65,0000183.44,0000174.46,439838.63924776,0000175.94,12174377.99564399
2021-10-09T01:00:01.779Z,-USD,0000180.42,0000183.44,0000174.44,432648.5143157,0000176.49,11709019.74623235
2021-10-09T02:00:01.757Z,-USD,0000180.17,0000183.44,0000174.44,427305.61570342,0000175.54,11714682.59030036
2021-10-09T03:00:01.973Z,-USD,0000177.44,0000183.44,0000174.44,418247.79923625,0000176.75,11723473.46259374
2021-10-09T04:00:02.461Z,-USD,0000176.46,0000183.44,0000174.44,403148.85204227,0000177.65,11730389.34937345
2021-10-09T05:00:02.076Z,-USD,0000176.94,0000183.44,0000174.44,399822.72780918,0000177.41,11735916.95574916
2021-10-09T06:00:02.058Z,-USD,0000177.41,0000183.44,0000174.44,396934.35089314,0000176.96,11740690.03005108
2021-10-09T07:00:01.978Z,-USD,0000178.06,0000183.44,0000174.44,395293.42032069,0000177.69,11746460.33550701
2021-10-09T08:00:01.965Z,-USD,0000179.95,0000183.44,0000174.44,397086.33481546,0000177.42,11763133.55714477
2021-10-09T09:00:01.831Z,-USD,0000182.73,0000183.44,0000174.44,381522.47952562,00000176.3,11766875.75819583
2021-10-09T10:00:01.974Z,-USD,0000180.43,0000183.44,0000174.44,369238.75267758,0000178.06,11772616.75664961
2021-10-09T11:00:02.63Z,-USD,0000180.83,0000183.44,0000174.44,367028.13942278,0000180.27,11780656.92176011
2021-10-09T12:00:02.557Z,-USD,0000181.91,0000183.44,0000174.44,360144.45853891,0000179.52,11795309.82078198
2021-10-09T13:00:02.488Z,-USD,0000180.93,0000182.48,0000174.44,333335.40587739,0000179.89,11805304.90855757
2021-10-09T14:00:02.565Z,-USD,0000180.16,0000182.48,0000174.44,305293.90670271,0000180.94,11814615.05171366
2021-10-09T15:00:02.382Z,-USD,0000182.09,0000182.21,0000174.44,283677.28844103,00000180.4,11824737.01390298
2021-10-09T16:00:01.741Z,-USD,00000180.8,0000181.22,0000174.44,277001.3665602,0000179.95,11836431.16367903
2021-10-09T17:00:02.433Z,-USD,0000180.58,00000182.8,0000174.44,277173.03971917,0000182.09,11859126.13872159
2021-10-09T18:00:01.824Z,-USD,0000178.64,00000182.9,0000174.44,266587.21437271,0000180.63,11870349.62781511
2021-10-09T19:00:02.075Z,-USD,00000179.0,00000182.9,0000174.44,260624.46272179,0000181.43,11879509.49896464
2021-10-09T20:00:01.879Z,-USD,0000178.27,00000182.9,0000174.44,248111.25404617,0000180.21,11884158.82341872
2021-10-09T21:00:02.673Z,-USD,0000175.32,00000182.9,0000174.44,234474.95161958,0000181.16,11896523.9558742
2021-10-09T22:00:02.583Z,-USD,0000176.29,00000182.9,0000174.44,226185.91505982,0000180.47,11902049.00841004
2021-10-09T23:00:02.295Z,-USD,0000176.63,00000182.9,0000174.44,225503.97375605,0000180.39,11911140.35862307
2021-10-10T00:00:02.547Z,-USD,0000175.97,00000182.9,0000174.44,222153.76374043,0000179.63,11921517.90520495
2021-10-10T01:00:02.553Z,-USD,0000177.15,00000182.9,0000174.73,226937.08234303,0000178.16,11538035.2283495
2021-10-10T02:00:02.552Z,-USD,0000175.54,00000182.9,0000174.73,232425.16366176,0000177.63,11548954.89384043
2021-10-10T03:00:01.861Z,-USD,00000176.8,00000182.9,00000176.0,233788.50250896,0000178.57,11559187.89647504
2021-10-10T04:00:01.882Z,-USD,0000177.63,00000182.9,00000176.0,248031.89047228,00000181.9,11580608.96860566
2021-10-10T05:00:02.18Z,-USD,0000177.32,0000183.75,00000176.0,260306.93611835,0000183.21,11598121.28630355
2021-10-10T06:00:02.301Z,-USD,0000176.83,0000183.99,00000176.0,263928.43758125,0000182.56,11606430.76060682
2021-10-10T07:00:02.218Z,-USD,0000177.58,0000183.99,00000176.0,267162.92677286,0000183.07,11615468.73942369
2021-10-10T08:00:02.251Z,-USD,0000177.59,0000183.99,00000176.0,253313.56547815,0000182.52,11618574.46961979
2021-10-10T09:00:02.179Z,-USD,0000176.23,0000183.99,0000176.14,253742.09214141,0000182.61,11622473.62192155
2021-10-10T10:00:02.269Z,-USD,0000178.25,0000183.99,0000176.36,255002.40274877,0000180.88,11629724.01949789
2021-10-10T11:00:02.648Z,-USD,00000181.2,0000183.99,0000176.36,251536.43139458,0000180.66,11634844.03890727
2021-10-10T12:00:07.664Z,-USD,0000179.69,0000183.99,0000176.36,244050.92074517,0000180.63,11641330.92446405
2021-10-10T13:00:02.71Z,-USD,0000180.01,0000183.99,0000176.36,240965.08527978,0000179.28,11648357.75604206
2021-10-10T14:00:01.793Z,-USD,0000180.91,0000183.99,0000176.36,240670.21770075,0000179.88,11657112.82945429
2021-10-10T15:00:02.025Z,-USD,0000180.51,0000183.99,0000176.36,239265.28254585,00000180.5,11665993.4217046
2021-10-10T16:00:02.139Z,-USD,0000179.85,0000183.99,0000176.36,237564.34060493,0000180.68,11675884.42136748
2021-10-10T17:00:02.385Z,-USD,0000182.29,0000183.99,0000176.36,224350.09144831,0000179.91,11685552.76376216
2021-10-10T18:00:02.252Z,-USD,0000180.83,0000183.99,0000176.36,226796.55505672,0000178.94,11699109.49751105
2021-10-10T19:00:02.349Z,-USD,0000181.54,0000183.99,0000176.36,225963.03327833,0000178.86,11707415.63768891
2021-10-10T20:00:02.364Z,-USD,0000180.29,0000183.99,0000176.36,227082.497495,0000179.04,11713172.11776485
2021-10-10T21:00:02.48Z,-USD,0000181.23,0000183.99,0000176.36,237926.981111,0000178.17,11736493.69901209
2021-10-10T22:00:02.666Z,-USD,0000180.93,0000183.99,00000174.3,256885.61568551,0000176.33,11761426.5679127
2021-10-10T23:00:02.191Z,-USD,00000180.7,0000183.99,00000174.3,264154.66851532,0000177.37,11777228.88054685
2021-10-11T00:00:02.154Z,-USD,0000179.99,0000183.99,0000174.13,263885.28144031,00000175.0,11787560.06635874
2021-10-11T01:00:02.527Z,-USD,0000178.22,0000183.99,0000172.41,265862.33546892,0000176.15,11525378.49597598
2021-10-11T02:00:02.635Z,-USD,0000177.61,0000183.99,0000172.41,263862.33755114,0000176.79,11534228.85874659
2021-10-11T03:00:02.558Z,-USD,0000178.55,0000183.99,0000172.41,257776.81093461,0000177.55,11538299.9764475
2021-10-11T04:00:01.875Z,-USD,0000181.88,0000183.99,0000172.41,250322.42678408,0000180.62,11552814.19171123
2021-10-11T05:00:02.204Z,-USD,0000183.58,0000183.99,0000172.41,253951.53541593,0000181.52,11573782.24988964
2021-10-11T06:00:02.139Z,-USD,0000183.01,0000183.77,0000172.41,251590.4343891,0000180.97,11579415.58550675
2021-10-11T07:00:02.069Z,-USD,0000183.34,0000183.38,0000172.41,248901.33618069,0000181.13,11585751.08441284
2021-10-11T08:00:02.235Z,-USD,0000182.78,0000184.75,0000172.41,261210.5817818,0000184.65,11601252.27677075
2021-10-11T09:00:02.208Z,-USD,0000183.09,0000185.34,0000172.41,270147.03001248,0000183.51,11614158.77317034
2021-10-11T10:00:02.067Z,-USD,0000180.88,0000185.34,0000172.41,269836.95254869,0000183.37,11620905.78811071
2021-10-11T11:00:02.16Z,-USD,00000180.6,0000185.34,0000172.41,272667.08947829,0000182.48,11628878.82419691
2021-10-11T12:00:02.145Z,-USD,0000180.77,0000185.34,0000172.41,287152.27342403,0000179.73,11649837.70485647
2021-10-11T13:00:02.285Z,-USD,0000179.56,0000185.34,0000172.41,289021.7583015,0000180.19,11658755.75783531
2021-10-11T14:00:02.568Z,-USD,00000180.0,0000185.34,0000172.41,293911.59624967,0000183.26,11672332.57052177
2021-10-11T15:00:01.913Z,-USD,0000180.46,0000185.34,0000172.41,301595.05448476,0000183.22,11689778.57960038
2021-10-11T16:00:02.399Z,-USD,0000180.64,0000185.34,0000172.41,304335.7071637,0000182.35,11701627.93274757
2021-10-11T17:00:02.792Z,-USD,0000179.89,0000185.34,0000172.41,305304.87203042,0000181.68,11712173.2941701
2021-10-11T18:00:02.105Z,-USD,0000178.82,0000185.34,0000172.41,302314.78678079,0000180.33,11722978.56019438
2021-10-11T19:00:02.186Z,-USD,0000178.95,0000185.34,0000172.41,306406.39749556,0000179.31,11735256.21416737
2021-10-11T20:00:02.657Z,-USD,00000178.6,0000185.34,0000172.41,314740.29900697,00000177.8,11749387.16945952
2021-10-11T21:00:01.781Z,-USD,0000178.28,0000185.34,0000172.41,316207.21323059,0000175.87,11773985.45475567
2021-10-11T22:00:02.029Z,-USD,00000175.9,0000185.34,0000172.41,302396.17169691,0000176.62,11785249.04113299
2021-10-11T23:00:02.517Z,-USD,0000177.21,0000185.34,0000172.41,302131.08079493,0000178.61,11800728.24512605
2021-10-12T00:00:01.841Z,-USD,0000174.78,0000185.34,0000172.41,303577.33439142,0000179.26,11812639.11589972
2021-10-12T01:00:02.656Z,-USD,0000175.99,0000185.34,0000174.93,305419.16561149,00000175.9,11568046.6196953
2021-10-12T02:00:02.318Z,-USD,0000176.51,0000185.34,0000174.93,305547.26590899,0000176.72,11577088.53939787
2021-10-12T03:00:01.942Z,-USD,0000177.45,0000185.34,0000173.41,321686.56545232,0000174.12,11597192.3139936
2021-10-12T04:00:02.146Z,-USD,0000180.46,0000185.34,0000172.15,321612.26761502,0000173.56,11611631.37875088
2021-10-12T05:00:02.04Z,-USD,0000181.42,0000185.34,0000172.15,307610.24308763,0000174.82,11618719.57824121
2021-10-12T06:00:02.041Z,-USD,0000181.01,0000185.34,00000171.2,324718.53955883,0000175.15,11641507.24031056
2021-10-12T07:00:02.005Z,-USD,0000181.18,0000185.34,00000171.2,331345.27312494,0000173.04,11654211.38911918
2021-10-12T08:00:02.023Z,-USD,0000184.62,0000185.34,00000171.2,322575.35827604,0000173.93,11661100.74997539
2021-10-12T09:00:01.857Z,-USD,0000183.66,0000184.69,00000171.2,316955.54877887,00000174.3,11668272.57191327
2021-10-12T10:00:02.173Z,-USD,0000183.37,0000184.69,00000166.5,338529.05857758,00000167.6,11696576.39668293
2021-10-12T11:00:02.102Z,-USD,0000181.85,0000183.61,00000166.5,350377.33632481,0000170.18,11717196.61895685
2021-10-12T12:00:04.158Z,-USD,0000179.59,0000183.61,00000166.5,342604.07301907,0000170.73,11729879.54230533
2021-10-12T13:00:02.162Z,-USD,0000180.17,0000183.61,00000166.5,348233.45019213,0000168.45,11744174.81813436
2021-10-12T14:00:02.326Z,-USD,0000183.45,0000183.61,00000166.5,358879.6727307,0000172.45,11768439.50004276
2021-10-12T15:00:02.526Z,-USD,0000183.19,0000183.25,00000166.5,363118.70928472,0000169.91,11790122.94873154
2021-10-12T16:00:02.687Z,-USD,0000182.52,0000183.25,00000166.5,383696.72884468,0000171.91,11822441.62818203
2021-10-12T17:00:02.293Z,-USD,0000181.47,0000182.12,00000166.5,400374.16021085,0000172.31,11849731.17520895
2021-10-12T18:00:02.619Z,-USD,00000180.3,0000180.48,00000166.5,403713.48758327,0000170.46,11863855.49891152
2021-10-12T19:00:01.827Z,-USD,0000179.14,0000180.03,00000166.5,401394.44194065,0000172.06,11873884.95916131
2021-10-12T20:00:02.18Z,-USD,0000177.58,0000179.58,00000166.5,400479.21972453,0000170.76,11887134.87375701
2021-10-12T21:00:02.512Z,-USD,0000175.57,0000179.58,00000166.5,393817.67878151,0000172.12,11904939.45709931
2021-10-12T22:00:02.088Z,-USD,0000176.72,0000179.58,00000166.5,389883.35169139,0000171.91,11912439.98562919
2021-10-12T23:00:02.493Z,-USD,0000178.34,0000179.41,00000166.5,383676.23255876,0000172.78,11921661.07027186
2021-10-13T00:00:01.744Z,-USD,0000179.15,0000179.22,00000166.5,377505.48759945,0000172.69,11927456.84080676
2021-10-13T01:00:02.208Z,-USD,0000175.89,0000177.15,00000166.5,372490.3608129,0000174.15,10444687.46297136
2021-10-13T02:00:02.689Z,-USD,0000176.66,0000177.15,00000166.5,370271.96690046,0000173.46,10451372.95276012
2021-10-13T03:00:01.885Z,-USD,0000174.01,0000175.88,00000166.5,359845.76065715,00000174.5,10460959.38271916
2021-10-13T04:00:01.985Z,-USD,0000173.87,0000175.88,00000166.5,352143.06099175,00000174.0,10467783.43642462
2021-10-13T05:00:02.285Z,-USD,0000174.66,0000175.88,00000166.5,350513.3190005,0000173.69,10473074.93937651
2021-10-13T06:00:02.133Z,-USD,0000175.08,0000175.88,00000166.5,346258.99906674,0000169.51,10492077.80332159
2021-10-13T07:00:02.124Z,-USD,0000172.85,0000175.88,00000166.5,344297.49954788,0000170.13,10502446.7175947
2021-10-13T08:00:02.214Z,-USD,0000173.82,0000175.88,00000166.5,346798.41682462,0000168.02,10511773.85079075
2021-10-13T09:00:02.105Z,-USD,0000174.32,0000174.81,00000166.5,354222.40713025,0000168.56,10526437.25453468
2021-10-13T10:00:02.579Z,-USD,0000168.06,0000174.81,0000166.77,335360.22674473,0000169.24,10536144.23853815
2021-10-13T11:00:02.093Z,-USD,0000169.87,0000174.81,0000167.42,326674.80134853,0000169.21,10547941.38757937
2021-10-13T12:00:02.298Z,-USD,0000170.68,0000174.81,0000167.42,331909.06719049,0000173.12,10565717.74236339
2021-10-13T13:00:01.833Z,-USD,0000168.37,0000178.95,0000167.61,343476.41487566,0000177.43,10591531.96791622
2021-10-13T14:00:01.99Z,-USD,0000172.23,0000178.95,0000167.61,355502.0234416,00000171.9,10627948.75902294
2021-10-13T15:00:02.007Z,-USD,0000170.34,0000178.95,0000167.61,352555.24492574,00000173.5,10647093.6690777
2021-10-13T16:00:02.355Z,-USD,0000171.74,0000178.95,0000167.61,329657.05902471,00000174.5,10656154.35716857
2021-10-13T17:00:01.918Z,-USD,0000172.11,0000178.95,0000167.61,314184.08001082,0000174.72,10667829.82443824
2021-10-13T18:00:02.304Z,-USD,0000170.48,0000178.95,0000167.61,313848.45140056,0000175.07,10681567.36430781
2021-10-13T19:00:02.617Z,-USD,0000171.74,0000178.95,0000167.61,317939.16039124,0000175.12,10695779.62863249
2021-10-13T20:00:02.707Z,-USD,0000170.72,0000178.95,0000167.61,318109.43420906,0000176.08,10709251.9155133
2021-10-13T21:00:02.185Z,-USD,0000172.29,0000178.95,0000167.61,314652.2106145,0000176.17,10723512.20339639
2021-10-13T22:00:02.473Z,-USD,0000172.03,0000178.95,0000167.61,318928.56163174,0000176.79,10735246.69783804
2021-10-13T23:00:01.978Z,-USD,0000172.53,0000179.66,0000167.61,334736.1508181,0000179.18,10760304.70499398
2021-10-14T00:00:02.046Z,-USD,0000172.62,0000179.66,0000167.61,341514.33294316,0000177.64,10773045.59988749
2021-10-14T01:00:05.243Z,-USD,0000174.53,0000179.66,0000167.61,338737.44628692,0000177.14,10385906.86056438
2021-10-14T02:00:03.006Z,-USD,00000173.5,0000180.35,0000167.61,349365.18247999,00000180.1,10403188.50935222
2021-10-14T03:00:02.7Z,-USD,0000174.59,0000180.39,0000167.61,355130.80423238,0000180.23,10418583.73826491
2021-10-14T04:00:02.047Z,-USD,0000174.15,0000180.99,0000167.61,360893.20588851,0000180.57,10431245.88036222
2021-10-14T05:00:02.507Z,-USD,0000173.83,0000181.25,0000167.61,368894.84720413,0000180.15,10444472.48626311
2021-10-14T06:00:02.568Z,-USD,00000169.0,0000181.25,0000167.61,357928.02282501,0000179.59,10453060.78973938
2021-10-14T07:00:02.595Z,-USD,00000170.1,0000181.25,0000167.61,361830.66005278,0000179.17,10466890.28956758
2021-10-14T08:00:02.577Z,-USD,00000167.9,0000181.25,0000167.61,362059.17345778,0000178.65,10476412.00249837
2021-10-14T09:00:02.551Z,-USD,0000168.29,0000181.25,0000167.61,355073.98904196,00000179.7,10484130.75710757
2021-10-14T10:00:01.905Z,-USD,0000169.13,0000181.25,0000168.67,352539.65236956,0000179.49,10491090.16969657
2021-10-14T11:00:02.068Z,-USD,0000169.43,0000181.25,0000168.87,344604.95598404,0000179.18,10495044.03250182
2021-10-14T12:00:02.265Z,-USD,0000173.28,0000182.14,0000170.62,340221.04869135,00000181.5,10508529.75030332
2021-10-14T13:00:02.14Z,-USD,0000177.86,0000183.43,0000170.62,329956.19413314,0000181.22,10524552.67404432
2021-10-14T14:00:02.068Z,-USD,00000172.0,0000183.43,0000170.71,305016.82557411,00000181.0,10535395.55715555
2021-10-14T15:00:02.441Z,-USD,0000173.59,0000183.43,0000173.31,305634.70653595,0000182.54,10555169.89371099
2021-10-14T16:00:04.16Z,-USD,0000174.52,0000183.43,0000173.82,326557.38232197,0000181.59,10585238.19424906
2021-10-14T17:00:02.106Z,-USD,0000174.45,0000186.52,0000174.44,356247.532658,00000180.9,10626799.94967438
2021-10-14T18:00:02.311Z,-USD,00000175.0,0000186.52,0000174.56,359796.92610116,0000182.14,10644430.21042902
2021-10-14T19:00:02.462Z,-USD,0000175.15,0000186.52,0000174.98,383078.40207231,0000183.13,10681288.00070476
2021-10-14T20:00:07.559Z,-USD,0000175.96,0000186.52,0000175.08,393143.75598103,0000180.81,10704948.37609006
2021-10-14T21:00:10.523Z,-USD,0000176.12,0000186.52,0000175.88,394276.80610243,0000179.64,10720230.85683542
2021-10-14T22:00:14.151Z,-USD,0000176.52,0000186.52,0000176.28,389958.86657379,0000180.49,10727751.34474658
2021-10-14T23:00:12.339Z,-USD,0000178.95,0000186.52,0000176.95,371277.73364467,0000180.21,10734121.06969799
2021-10-15T00:00:17.239Z,-USD,0000177.69,0000186.52,0000176.95,374147.30804998,0000180.42,10749653.97700066
2021-10-15T01:00:12.464Z,-USD,0000177.34,0000186.52,0000176.95,381083.8190667,0000178.46,10457098.71536742
2021-10-15T02:00:12.334Z,-USD,0000179.64,0000186.52,0000176.61,380338.80893904,0000178.14,10473904.03508084
2021-10-15T03:00:11.185Z,-USD,0000180.24,0000186.52,0000176.61,403183.32867242,0000183.47,10511812.8645496
2021-10-15T04:00:22.641Z,-USD,0000180.56,0000186.52,0000176.61,423897.91072785,0000184.28,10545237.80878586
2021-10-15T05:00:10.149Z,-USD,0000179.88,0000186.52,0000176.61,429963.44674858,0000185.37,10564530.92476551
2021-10-15T06:00:07.409Z,-USD,0000179.64,0000186.52,0000176.61,439653.73919924,0000184.93,10582715.40826533
2021-10-15T07:00:03.474Z,-USD,0000179.31,0000186.52,0000176.61,438181.62235805,0000183.93,10595190.23914571
2021-10-15T08:00:03.829Z,-USD,0000178.51,0000186.52,0000176.61,434460.41523786,0000182.45,10601039.93813997
2021-10-15T09:00:02.657Z,-USD,0000179.81,0000186.52,0000176.61,443778.81581036,0000179.42,10617876.48222775
2021-10-15T10:00:02.516Z,-USD,0000179.24,0000186.52,0000176.61,453134.54014963,0000179.63,10634277.24544087
2021-10-15T11:00:04.493Z,-USD,0000179.41,0000186.52,0000176.61,458735.24021593,0000179.89,10643882.72227659
2021-10-15T12:00:04.313Z,-USD,00000181.4,0000186.52,0000176.61,454074.47867796,0000180.42,10652553.87397612
2021-10-15T13:00:03.096Z,-USD,0000180.99,0000186.52,0000176.61,445736.62730176,0000179.49,10660404.66746241
2021-10-15T14:00:08.91Z,-USD,0000181.19,0000186.52,0000176.61,445065.70190612,0000180.93,10670410.70185435
2021-10-15T15:00:10.762Z,-USD,0000182.33,0000186.52,0000176.61,443855.28935704,0000183.21,10689018.15295178
2021-10-15T16:00:10.703Z,-USD,0000182.04,0000188.31,0000176.61,447085.66586708,0000185.45,10722498.88886519
2021-10-15T17:00:09.903Z,-USD,0000181.04,0000191.68,0000176.61,451135.19767468,0000190.42,10768089.18349513
2021-10-15T18:00:08.961Z,-USD,0000182.13,0000191.83,0000176.61,456381.77545859,0000190.07,10790869.03501378
2021-10-15T19:00:02.023Z,-USD,0000183.32,0000191.83,0000176.61,438953.42701502,0000190.04,10810348.59276795
2021-10-15T20:00:02.445Z,-USD,0000181.13,0000191.83,0000176.61,430191.49593738,0000190.38,10825194.77706181
2021-10-15T21:00:02.621Z,-USD,0000179.68,0000192.84,0000176.61,446776.01642174,0000191.62,10856991.90028763
2021-10-15T22:00:01.816Z,-USD,0000180.44,0000192.84,0000176.61,457756.68679169,0000189.11,10875495.03360609
2021-10-15T23:00:02.561Z,-USD,0000180.09,0000192.84,0000176.61,461916.7117376,0000189.39,10886652.64365645
2021-10-16T00:00:01.776Z,-USD,0000181.47,0000192.84,0000176.61,460328.77898833,0000189.19,10900945.36796364
2021-10-16T01:00:10.841Z,-USD,0000178.62,0000192.84,0000176.61,457514.20704793,0000190.26,10498208.01622027
2021-10-16T02:00:11.121Z,-USD,0000178.12,0000192.84,0000177.14,458668.18308478,0000190.23,10516166.64521129
2021-10-16T03:00:11.374Z,-USD,0000183.63,0000192.84,0000177.81,431929.97262247,0000190.85,10527423.71544735
2021-10-16T04:00:23.43Z,-USD,0000184.62,0000192.84,0000177.81,419551.9662196,0000189.66,10548689.4848352
2021-10-16T05:00:09.936Z,-USD,0000185.16,0000192.84,0000177.81,417764.07629219,0000189.24,10565934.95019717
2021-10-16T06:00:10.923Z,-USD,0000184.96,0000192.84,0000177.81,408495.92604964,00000189.7,10575308.25394731
2021-10-16T07:00:08.629Z,-USD,0000183.67,0000192.84,0000177.81,403025.62372452,0000189.45,10581921.26157342
2021-10-16T08:00:02.213Z,-USD,00000182.3,0000192.84,0000177.81,409511.39531491,00000188.4,10594929.46101781
2021-10-16T09:00:02.128Z,-USD,0000179.24,0000192.84,0000177.81,405749.93522397,0000190.78,10607213.39381791
2021-10-16T10:00:02.706Z,-USD,0000179.66,0000192.84,00000178.4,403163.6118259,0000191.35,10621119.54155911
2021-10-16T11:00:03.731Z,-USD,0000179.98,0000192.84,0000179.12,397640.66544317,0000191.18,10625140.85509645
2021-10-16T12:00:02.202Z,-USD,0000180.45,0000192.84,0000179.12,398829.20919507,0000190.96,10635037.80417219
2021-10-16T13:00:11.501Z,-USD,0000179.36,0000192.84,0000179.12,410015.0250635,0000187.73,10653943.37817482
2021-10-16T14:00:11.199Z,-USD,0000181.11,0000192.84,0000179.42,420089.49825137,0000187.94,10674286.37959711
2021-10-16T15:00:17.788Z,-USD,00000183.3,0000192.84,0000181.95,410352.21979395,0000187.93,10683782.66634778
2021-10-16T16:00:11.248Z,-USD,00000185.5,0000192.84,0000183.55,391739.92379855,0000187.94,10697976.9083469
2021-10-16T17:00:10.684Z,-USD,0000190.89,0000192.84,00000186.4,365072.4584882,0000188.05,10717039.05895211
2021-10-16T18:00:10.018Z,-USD,0000191.13,0000192.84,0000185.99,363098.83495415,0000186.86,10738758.98151245
2021-10-16T19:00:11.792Z,-USD,0000189.97,0000192.84,0000185.99,355246.46664728,0000186.81,10749265.51153155
2021-10-16T20:00:10.055Z,-USD,00000190.6,0000192.84,0000185.99,347419.82708973,0000186.68,10756270.56622179
2021-10-16T21:00:02.455Z,-USD,0000192.42,0000192.62,0000185.04,330568.18516811,0000186.41,10771166.60499678
2021-10-16T22:00:02.416Z,-USD,0000189.22,0000192.62,0000185.04,318218.46391969,00000185.5,10777266.20811097
2021-10-16T23:00:02.255Z,-USD,0000189.72,0000192.62,0000185.04,313419.43220351,0000186.71,10784257.24967472
2021-10-17T00:00:01.695Z,-USD,0000189.62,0000192.62,0000185.04,307319.8740055,0000185.84,10792106.97774907
2021-10-17T01:00:11.042Z,-USD,00000190.7,0000192.62,00000183.6,307276.74622558,0000185.39,10494480.40957207
2021-10-17T02:00:11.159Z,-USD,00000190.5,0000192.19,00000183.6,299675.8067538,0000186.56,10504441.58351699
2021-10-17T03:00:11.036Z,-USD,00000191.3,0000192.19,00000183.6,293719.27437751,0000186.51,10509444.62197991
2021-10-17T04:00:42.256Z,-USD,0000189.09,0000192.19,00000183.6,262566.3140384,0000187.31,10516788.82495849
2021-10-17T05:00:08.356Z,-USD,0000189.09,0000192.19,00000183.6,269826.51220202,0000187.02,10524049.02312211
2021-10-17T06:00:09.229Z,-USD,0000189.62,0000192.19,00000183.6,266846.55983233,00000186.8,10530514.47058058
2021-10-17T07:00:09.424Z,-USD,0000189.49,0000192.19,00000183.6,264714.11104062,0000186.78,10534977.75551695
2021-10-17T08:00:08.545Z,-USD,0000188.35,0000192.19,00000183.6,263408.30245219,0000185.75,10546666.98997239
2021-10-17T09:00:09.307Z,-USD,0000190.72,0000192.19,00000183.6,255521.06256415,0000185.83,10551042.06401201
2021-10-17T10:00:09.766Z,-USD,0000191.41,00000191.8,00000183.6,246760.08770236,0000186.37,10556086.08422205
2021-10-17T11:00:10.085Z,-USD,0000191.12,0000191.58,00000183.6,246039.24093698,0000186.24,10559484.28704935
2021-10-17T12:00:08.446Z,-USD,0000190.79,0000191.32,00000183.6,242059.17339854,0000185.45,10565460.67139027
2021-10-17T13:00:11.507Z,-USD,0000186.98,0000188.71,00000183.6,231859.87197149,00000185.0,10574335.36074498
2021-10-17T14:00:09.855Z,-USD,0000188.08,0000188.71,00000183.6,218302.17500479,0000185.76,10580838.81340711
2021-10-17T15:00:09.417Z,-USD,00000188.0,0000188.71,00000183.6,212698.16870525,0000185.37,10584870.83130443
2021-10-17T16:00:08.9Z,-USD,0000188.03,0000188.71,0000183.19,214913.64721701,0000183.98,10601174.13311862
2021-10-17T17:00:02.403Z,-USD,0000188.25,0000188.26,0000183.19,202671.71420967,0000183.79,10607961.15584391
2021-10-17T18:00:03.747Z,-USD,0000187.03,00000188.0,0000183.19,187575.14204125,0000184.43,10615032.29223716
2021-10-17T19:00:01.935Z,-USD,0000186.93,00000188.0,0000183.19,181215.90564656,0000185.15,10618969.83616607
2021-10-17T20:00:02.498Z,-USD,0000186.62,00000188.0,0000183.19,181729.17180712,0000184.05,10626573.5139161
2021-10-17T21:00:02.149Z,-USD,0000186.51,00000188.0,0000176.56,207825.65210474,0000179.07,10667533.23554347
2021-10-17T22:00:02.532Z,-USD,0000185.45,00000188.0,0000176.56,212051.57767805,0000181.99,10678024.50445567
2021-10-17T23:00:01.82Z,-USD,0000186.73,00000188.0,0000176.56,220605.15538877,0000184.05,10693209.07016676
2021-10-18T00:00:08.546Z,-USD,00000186.0,00000188.0,0000176.56,224084.26058683,0000183.69,10704535.81564672
2021-10-18T01:00:02.724Z,-USD,0000185.52,00000188.0,0000176.56,219967.28806256,0000185.85,10493084.52276284
2021-10-18T02:00:01.902Z,-USD,00000186.5,00000188.0,0000176.56,218373.62928706,0000185.85,10501642.16562551
2021-10-18T03:00:01.983Z,-USD,0000186.56,00000188.0,0000176.56,219070.096099,0000185.58,10507243.02442281
2021-10-18T04:00:02.164Z,-USD,0000187.29,00000188.0,0000176.56,221051.88051155,0000185.65,10516285.6540518
2021-10-18T05:00:01.742Z,-USD,0000187.01,00000188.0,0000176.56,225775.08249545,0000186.78,10528331.43616725
2021-10-18T06:00:01.777Z,-USD,0000186.78,00000188.0,0000176.56,227284.29702912,0000186.72,10536509.12411246
2021-10-18T07:00:01.706Z,-USD,0000186.86,00000188.0,0000176.56,228168.70789102,0000186.29,10541778.46091265
2021-10-18T08:00:02.552Z,-USD,0000185.51,00000187.5,0000176.56,225919.62846461,0000185.05,10551114.88854993
2021-10-18T09:00:02.451Z,-USD,0000185.89,00000187.5,0000176.56,231372.06208496,0000184.41,10560928.57358867
2021-10-18T10:00:02.248Z,-USD,0000186.48,00000187.5,0000176.56,242031.07345458,0000182.83,10576670.42434916
2021-10-18T11:00:02.559Z,-USD,0000186.33,00000187.5,0000176.56,259114.65455742,0000182.19,10597092.1592638
2021-10-18T12:00:02.461Z,-USD,0000185.15,00000187.5,0000176.56,264886.8021346,00000180.6,10609038.36026951
2021-10-18T13:00:02.581Z,-USD,0000185.06,00000187.5,0000176.56,273096.43238632,0000180.67,10625988.96504827
2021-10-18T14:00:01.943Z,-USD,0000185.74,00000187.5,0000176.56,309712.94922015,00000184.5,10669089.30561251
2021-10-18T15:00:02.116Z,-USD,0000185.55,00000187.5,0000176.56,319076.51801432,0000183.77,10682707.7658575
2021-10-18T16:00:02.353Z,-USD,0000183.67,00000187.5,0000176.56,312326.03343638,0000183.62,10692106.16690964
2021-10-18T17:00:01.827Z,-USD,0000184.01,00000187.5,0000176.56,321519.32423968,0000182.58,10708007.19680599
2021-10-18T18:00:02.355Z,-USD,0000184.53,00000187.5,0000176.56,329336.70890267,0000183.66,10723040.50828074
2021-10-18T19:00:02.229Z,-USD,0000185.23,00000187.5,0000176.56,332339.20485501,0000183.72,10729855.84167915
2021-10-18T20:00:02.515Z,-USD,0000184.07,00000187.5,0000176.56,335135.31117321,0000183.89,10740282.12058952
2021-10-18T21:00:01.852Z,-USD,0000178.89,00000187.5,0000178.51,313982.46797157,0000185.17,10760025.45973791
2021-10-18T22:00:02.585Z,-USD,0000182.04,00000187.5,0000178.51,310660.16816051,0000185.65,10767578.06922679
2021-10-18T23:00:01.997Z,-USD,0000183.78,00000187.5,0000178.51,302124.04384864,0000185.58,10774089.60844422
2021-10-19T00:00:02.07Z,-USD,0000183.77,00000187.5,0000178.51,295581.72854455,0000185.59,10778780.12001001
2021-10-19T01:00:02.499Z,-USD,0000185.95,00000187.5,0000178.51,291923.25524803,0000184.96,10569568.03378905
2021-10-19T02:00:01.899Z,-USD,0000185.43,0000188.89,0000178.51,302288.91260237,0000188.24,10588682.4699218
2021-10-19T03:00:02.276Z,-USD,0000185.64,0000189.23,0000178.51,306879.36684759,0000188.35,10598684.03745674
2021-10-19T04:00:02.483Z,-USD,0000185.83,0000191.62,0000178.51,320053.47155706,0000190.79,10621167.88877504
2021-10-19T05:00:01.823Z,-USD,0000186.96,0000191.62,0000178.51,318071.12301731,0000190.04,10631129.9454135
2021-10-19T06:00:02.691Z,-USD,00000186.7,0000191.62,0000178.51,318055.38076369,0000189.96,10639113.36312508
2021-10-19T07:00:01.891Z,-USD,0000186.07,0000191.62,0000178.51,324236.92754212,0000188.27,10650721.17648012
2021-10-19T08:00:01.966Z,-USD,0000185.07,0000191.62,0000178.51,323744.45463335,0000188.61,10659824.30490755
2021-10-19T09:00:02.439Z,-USD,0000184.37,0000191.62,0000178.51,327981.8694665,0000189.42,10673635.25332133
2021-10-19T10:00:02.336Z,-USD,0000182.74,0000191.62,0000178.51,319990.00104974,0000189.47,10681405.79969785
2021-10-19T11:00:02.348Z,-USD,0000182.22,0000191.62,0000178.51,307784.37452134,0000188.11,10689661.20533458
2021-10-19T12:00:02.418Z,-USD,0000180.82,0000191.62,0000178.51,303373.97779713,0000188.13,10697383.90333236
2021-10-19T13:00:02.461Z,-USD,0000180.81,0000191.62,0000178.51,294810.53589318,0000187.84,10705489.51487934
2021-10-19T14:00:02.569Z,-USD,00000184.6,0000191.62,0000181.65,268172.7898449,0000187.04,10721954.43763781
2021-10-19T15:00:01.94Z,-USD,0000183.52,0000191.62,0000181.65,277129.67766349,0000185.01,10744547.23213631
2021-10-19T16:00:02.246Z,-USD,0000183.64,0000191.62,0000181.65,278271.31654391,0000185.12,10754983.34062276
2021-10-19T17:00:02.619Z,-USD,0000182.58,0000191.62,0000181.65,268536.31056687,0000185.74,10761176.93104464
2021-10-19T18:00:02.691Z,-USD,0000183.47,0000191.62,00000182.2,261684.78850504,0000187.04,10769368.64134938
2021-10-19T19:00:02.283Z,-USD,0000183.77,0000191.62,00000182.2,263017.47112942,0000186.68,10777432.52557635
2021-10-19T20:00:02.68Z,-USD,0000183.99,0000191.62,0000183.17,263414.79553838,00000186.6,10788396.70435457
2021-10-19T21:00:02.531Z,-USD,0000184.73,0000191.62,0000183.17,251684.77370284,0000186.02,10798202.75147187
2021-10-19T22:00:02.312Z,-USD,0000185.86,0000191.62,0000183.17,253694.70584635,0000186.29,10806094.20449746
2021-10-19T23:00:02.548Z,-USD,0000185.59,0000191.62,0000183.17,261065.253378,0000187.56,10819712.93483404
2021-10-20T00:00:02.423Z,-USD,0000185.59,0000191.62,0000183.17,266434.38497079,0000188.96,10829772.22418397
2021-10-20T01:00:02.584Z,-USD,0000184.85,0000191.62,0000183.17,266826.5478185,0000187.49,10262576.24507215
2021-10-20T02:00:02.668Z,-USD,0000188.57,0000191.62,0000183.17,256675.20951045,0000186.83,10271694.70731146
2021-10-20T03:00:02.542Z,-USD,0000188.88,0000191.62,0000183.17,252847.46053797,0000186.69,10277710.26551475
2021-10-20T04:00:02.569Z,-USD,0000190.67,00000191.2,0000183.17,242407.14617361,0000186.06,10289723.72484541
2021-10-20T05:00:01.718Z,-USD,0000190.08,0000190.44,0000183.17,239942.5175995,0000186.79,10297253.90156275
2021-10-20T06:00:02.82Z,-USD,0000189.85,0000190.26,0000183.17,238051.36840865,00000186.3,10303341.44398934
2021-10-20T07:00:02.601Z,-USD,00000188.6,0000189.88,0000183.17,231761.53249449,0000186.05,10308935.46024848
2021-10-20T08:00:02.315Z,-USD,0000188.57,0000189.88,0000183.17,227138.27513206,0000186.58,10313077.18720253
2021-10-20T09:00:02.178Z,-USD,0000189.63,0000189.88,0000183.17,220188.37730039,0000187.94,10320093.43671997
2021-10-20T10:00:02.107Z,-USD,0000189.43,0000189.88,0000183.17,219974.98389423,0000188.22,10327685.21303824
2021-10-20T11:00:04.304Z,-USD,0000188.06,0000189.88,0000183.17,217311.28726957,0000187.41,10333122.70222766
2021-10-20T12:00:01.956Z,-USD,0000188.03,0000190.74,0000183.17,223178.2902837,00000189.4,10346899.79915096
2021-10-20T13:00:01.795Z,-USD,00000187.9,0000192.51,0000183.17,239256.99324215,0000191.29,10370864.82100575
2021-10-20T14:00:02.204Z,-USD,0000187.09,0000196.37,0000183.17,254355.56390577,0000195.77,10402467.52714284
2021-10-20T15:00:02.133Z,-USD,00000185.2,0000200.31,0000184.63,285903.91668006,0000198.37,10456644.44528065
2021-10-20T16:00:02.191Z,-USD,0000184.98,00000203.8,0000184.94,316138.65976022,0000203.37,10497293.25484832
2021-10-20T17:00:01.752Z,-USD,0000185.66,0000206.42,0000185.29,355995.1017604,0000205.81,10543349.86557096
2021-10-20T18:00:02.711Z,-USD,0000186.93,0000209.64,0000185.29,384516.52470228,0000206.27,10580070.45915088
2021-10-20T19:00:02.04Z,-USD,0000186.67,0000209.64,0000185.29,400258.96661096,0000207.38,10603840.04741663
2021-10-20T20:00:01.881Z,-USD,0000186.51,0000209.64,0000185.29,411025.99220604,0000207.11,10625697.86189518
2021-10-20T21:00:02.216Z,-USD,00000186.0,0000209.64,0000185.69,439237.22928711,0000207.15,10663551.42682415
2021-10-20T22:00:02.297Z,-USD,0000186.34,0000209.64,0000185.69,443196.3839129,0000206.82,10675439.80874011
2021-10-20T23:00:01.822Z,-USD,0000187.39,0000209.64,0000185.69,445085.30736096,0000205.87,10690972.95994581
2021-10-21T00:00:02.66Z,-USD,0000188.73,0000209.64,0000185.69,446345.16168527,0000206.91,10702272.01330236
2021-10-21T01:00:02.187Z,-USD,0000187.35,00000214.8,0000185.69,476249.33030946,0000210.68,10348379.3821315
2021-10-21T02:00:02.795Z,-USD,0000186.81,00000214.8,0000185.69,491357.91638791,0000208.19,10372574.23215595
2021-10-21T03:00:02.201Z,-USD,0000186.61,00000214.8,0000185.69,519592.4187434,0000208.05,10406804.23179824
2021-10-21T04:00:02.146Z,-USD,0000185.87,00000214.8,0000185.69,523454.27011212,0000208.66,10422984.92415405
2021-10-21T05:00:02.629Z,-USD,0000186.59,00000214.8,0000185.94,527605.18957521,0000208.36,10434386.40558172
2021-10-21T06:00:02.524Z,-USD,0000186.27,00000214.8,0000185.94,530504.37377077,0000209.14,10443395.28546055
2021-10-21T07:00:02.385Z,-USD,0000186.08,00000214.8,0000185.94,539957.42108669,00000206.1,10458612.77645938
2021-10-21T08:00:02.232Z,-USD,0000186.59,00000214.8,0000186.55,551289.96818636,0000208.54,10473839.95821092
2021-10-21T09:00:02.008Z,-USD,0000187.94,00000214.8,0000187.04,552102.49147159,0000208.63,10481706.9097917
2021-10-21T10:00:01.763Z,-USD,0000188.16,00000214.8,0000187.04,554580.0032088,0000210.35,10491740.45804253
2021-10-21T11:00:02.084Z,-USD,0000187.38,00000214.8,0000187.19,558817.03715671,0000209.18,10501387.78452289
2021-10-21T12:00:01.931Z,-USD,0000189.34,00000214.8,0000189.21,585272.59045962,0000204.33,10541741.86990499
2021-10-21T13:00:01.776Z,-USD,0000191.12,00000214.8,0000191.12,582060.60966976,00000205.5,10562473.59276435
2021-10-21T14:00:02.654Z,-USD,0000195.73,00000214.8,0000195.16,563181.0505487,0000205.48,10575708.08983477
2021-10-21T15:00:01.791Z,-USD,0000198.34,00000214.8,0000197.59,557736.2425943,0000200.45,10624087.09529451
2021-10-21T16:00:02.014Z,-USD,0000204.16,00000214.8,00000195.2,554805.65648344,0000199.37,10662225.31178899
2021-10-21T17:00:02.369Z,-USD,0000206.53,00000214.8,00000195.2,521537.7256863,0000197.78,10676556.82277043
2021-10-21T18:00:02.593Z,-USD,0000206.24,00000214.8,00000195.2,501916.92396132,0000196.39,10691671.56810128
2021-10-21T19:00:02.51Z,-USD,0000207.69,00000214.8,00000195.2,494807.7197261,0000198.32,10709809.00798078
2021-10-21T20:00:02.655Z,-USD,0000207.06,00000214.8,00000195.2,490003.51558446,0000198.19,10725218.9575187
2021-10-21T21:00:01.929Z,-USD,0000207.36,00000214.8,00000195.2,470761.59994959,0000198.51,10744236.58821384
2021-10-21T22:00:02.08Z,-USD,0000206.63,00000214.8,00000195.2,466379.03441998,0000198.15,10751522.51767319
2021-10-21T23:00:02.468Z,-USD,0000205.87,00000214.8,00000195.2,461272.8879238,0000196.98,10761817.00212509
2021-10-22T00:00:02.626Z,-USD,0000207.33,00000214.8,00000195.2,462415.79977119,0000196.86,10774437.30515848
2021-10-22T01:00:09.309Z,-USD,0000210.56,0000211.91,00000195.2,441676.55509601,0000200.18,10465345.91963729
2021-10-22T02:00:07.275Z,-USD,0000207.99,0000211.91,00000195.2,433561.64230592,0000198.55,10481583.28032834
2021-10-22T03:00:02.234Z,-USD,0000208.84,0000211.91,00000195.2,409897.48007876,0000199.15,10492208.6362377
2021-10-22T04:00:01.852Z,-USD,0000208.79,0000211.91,00000195.2,409302.43612188,00000200.3,10507389.70324674
2021-10-22T05:00:02.652Z,-USD,0000208.41,0000211.91,00000195.2,406528.17202536,0000199.34,10516104.77637623
2021-10-22T06:00:02.402Z,-USD,0000209.32,0000211.91,00000195.2,406401.20474411,0000199.98,10524892.29428205
2021-10-22T07:00:02.05Z,-USD,00000206.0,0000211.91,00000195.2,400072.23408953,0000197.48,10533779.67152349
2021-10-22T08:00:01.781Z,-USD,0000208.44,0000211.48,00000195.2,392088.99034109,0000198.44,10541206.80374392
2021-10-22T09:00:02.57Z,-USD,0000208.57,0000211.48,00000195.2,392540.91912272,0000199.95,10549340.010816
2021-10-22T10:00:02.161Z,-USD,0000210.53,0000211.07,00000195.2,388296.06829019,0000198.61,10555166.3575941
2021-10-22T11:00:02.351Z,-USD,0000209.13,0000211.07,00000195.2,386079.11667541,0000198.01,10562598.56314909
2021-10-22T12:00:01.743Z,-USD,0000204.78,0000207.68,00000195.2,352038.88636512,00000198.9,10568951.86442581
2021-10-22T13:00:02.639Z,-USD,0000205.47,0000207.68,00000195.2,339993.63767018,0000199.29,10577565.30196546
2021-10-22T14:00:02.466Z,-USD,0000205.23,0000206.27,00000195.2,344833.62012538,00000196.6,10596027.35974758
2021-10-22T15:00:01.819Z,-USD,0000200.21,0000201.47,0000192.61,331932.68564577,0000194.73,10631492.11823966
2021-10-22T16:00:01.939Z,-USD,0000198.94,0000201.47,0000192.56,314881.50103437,0000192.83,10652440.51044897
2021-10-22T17:00:02.393Z,-USD,0000197.67,0000201.47,0000190.27,325987.4593836,0000193.99,10678129.5080666
2021-10-22T18:00:02.025Z,-USD,00000196.4,0000201.47,0000190.27,324195.82633516,0000192.19,10691321.91924979
2021-10-22T19:00:02.161Z,-USD,0000198.53,0000201.47,0000190.27,318451.04517994,0000193.04,10703616.80201862
2021-10-22T20:00:02.173Z,-USD,0000198.45,0000201.47,0000190.27,312483.50039774,0000192.84,10713328.92723361
2021-10-22T21:00:02.418Z,-USD,0000198.41,0000201.47,0000190.27,303879.03998573,0000192.25,10723342.75392466
2021-10-22T22:00:02.198Z,-USD,0000198.01,0000201.47,0000189.21,312348.40004073,00000189.4,10739154.93608578
2021-10-22T23:00:02.568Z,-USD,0000196.97,0000201.47,0000187.97,317932.6893522,0000190.97,10754946.69868605
2021-10-23T00:00:02.446Z,-USD,0000196.82,0000201.47,0000187.97,311364.73839851,0000190.84,10761096.46339036
2021-10-23T01:00:02.283Z,-USD,0000200.38,0000201.47,0000187.97,305836.27174683,0000192.32,10499067.64886834
2021-10-23T02:00:02.096Z,-USD,0000198.48,0000201.47,0000187.97,295756.76131195,0000193.08,10505259.94136803
2021-10-23T03:00:02.102Z,-USD,0000199.16,0000201.47,0000187.97,292160.46341279,0000193.03,10512287.23388616
2021-10-23T04:00:02.17Z,-USD,0000200.65,0000200.65,0000187.97,284615.29397131,0000193.66,10519838.78526495
2021-10-23T05:00:02.322Z,-USD,0000199.41,0000200.49,0000187.97,284751.3721735,0000193.95,10528674.59880341
2021-10-23T06:00:02.227Z,-USD,0000200.01,0000200.49,0000187.97,284412.37864656,0000193.25,10537189.20648028
2021-10-23T07:00:02.1Z,-USD,0000197.55,00000200.1,0000187.97,282405.60116728,0000193.58,10544008.01444367
2021-10-23T08:00:01.833Z,-USD,0000198.54,00000200.1,0000187.97,278391.45278521,0000193.02,10547542.51228446
2021-10-23T09:00:01.76Z,-USD,0000199.77,00000200.1,0000187.97,274140.37540139,0000193.06,10551285.48024608
2021-10-23T10:00:02.585Z,-USD,0000198.42,0000199.68,0000187.97,273947.33044939,0000191.99,10556916.92133315
2021-10-23T11:00:01.767Z,-USD,0000197.92,0000199.68,0000187.97,270636.7468054,00000190.7,10561031.5527325
2021-10-23T12:00:02.463Z,-USD,00000198.9,0000199.68,0000187.97,282317.33033865,0000193.81,10579284.78059044
2021-10-23T13:00:02.387Z,-USD,0000199.27,0000199.68,0000187.97,282724.29718051,0000194.55,10588162.6856508
2021-10-23T14:00:02.271Z,-USD,0000196.55,00000198.0,0000187.97,274189.41023715,0000197.46,10598276.5288052
2021-10-31T18:00:08.706Z,-USD,0000191.17,0000195.25,0000186.68,345346.35448779,00000191.1,10560289.57001844
2021-10-31T19:00:01.791Z,-USD,0000192.05,0000195.25,0000186.68,344042.67036106,0000191.55,10567825.06647465
2021-10-31T20:00:01.778Z,-USD,0000191.96,0000195.25,0000186.68,343243.44097616,00000191.1,10575228.65528313
2021-10-31T21:00:02.684Z,-USD,0000191.59,0000195.25,0000186.68,340402.5869149,0000191.48,10582461.61557369
2021-10-31T22:00:01.709Z,-USD,0000190.38,0000195.25,0000186.68,336889.33663586,0000192.31,10589112.56587564
2021-10-31T23:00:03.094Z,-USD,0000189.12,0000195.25,0000186.87,318199.54268473,0000192.17,10597667.01870221
2021-11-01T00:00:04.868Z,-USD,0000190.34,0000195.25,0000186.87,307959.9309414,0000191.84,10606898.86624374
2021-11-01T01:00:04.338Z,-USD,0000191.86,0000195.25,0000186.87,304894.00379017,0000193.37,10389123.46007597
2021-11-01T02:00:03.854Z,-USD,0000190.67,0000195.25,0000186.87,297477.47927352,00000192.1,10396243.05183594
2021-11-01T03:00:03.703Z,-USD,0000193.41,0000194.43,0000186.87,282911.94144774,0000190.35,10421282.94909442
2021-11-01T04:00:13.388Z,-USD,0000193.07,0000193.89,0000186.87,281822.72117973,0000188.97,10433549.06111466
2021-11-01T05:00:07.284Z,-USD,0000192.76,0000193.89,0000186.87,287922.26662079,0000191.71,10448503.09728098
2021-11-01T06:00:06.049Z,-USD,0000191.97,0000193.89,0000186.87,282709.26837509,0000191.56,10456863.47987052
2021-11-01T07:00:06.388Z,-USD,0000191.48,0000193.89,0000186.87,283059.11571916,0000191.78,10464280.16293283
2021-11-01T08:00:02.266Z,-USD,00000191.7,0000194.87,0000186.87,295969.90487175,0000194.36,10482098.87433801
2021-11-01T09:00:01.782Z,-USD,0000189.94,0000194.87,0000186.87,288998.92181577,0000193.31,10489485.41101854
2021-11-01T10:00:02.202Z,-USD,0000190.52,0000195.09,0000186.87,285320.76887199,0000193.56,10496803.27119574
2021-11-01T11:00:03.213Z,-USD,0000190.44,0000195.09,0000186.87,277536.86836854,0000193.01,10503736.6874683
2021-11-01T12:00:02.513Z,-USD,0000188.99,0000195.09,0000186.87,274403.86493393,00000192.0,10512070.96143195
2021-11-01T13:00:02.256Z,-USD,0000188.39,0000195.09,0000186.87,267268.72311606,0000191.58,10520565.35836741
2021-11-01T14:00:02.194Z,-USD,0000188.99,0000195.09,0000187.96,260030.53530259,0000192.87,10531012.93054441
2021-11-01T15:00:02.248Z,-USD,0000188.94,0000195.09,0000188.02,253500.61481874,0000192.01,10543876.63156162
2021-11-01T16:00:01.801Z,-USD,0000189.46,0000195.75,0000188.02,258212.84459161,0000194.74,10563075.3543515
2021-11-01T17:00:03.98Z,-USD,0000190.84,0000201.31,0000188.02,300720.60615817,0000194.16,10619941.87267515
2021-11-01T18:00:02.944Z,-USD,00000191.0,0000201.31,0000188.02,305558.49506254,0000193.16,10633592.96214894
2021-11-01T19:00:02.167Z,-USD,0000191.36,0000201.31,0000188.02,309563.33238442,00000192.3,10645082.99253312
2021-11-01T20:00:02.283Z,-USD,0000191.24,0000201.31,0000188.02,316738.62838176,0000194.74,10659669.44524643
2021-11-01T21:00:02.427Z,-USD,0000191.54,0000201.31,0000188.02,319762.71986607,0000193.16,10670020.85571918
2021-11-01T22:00:02.478Z,-USD,0000192.35,0000201.31,0000188.02,319940.43075084,0000194.27,10676779.34216262
2021-11-01T23:00:03.419Z,-USD,0000192.14,0000201.31,0000188.02,329308.93088901,0000196.68,10694745.0833422
2021-11-02T00:00:01.929Z,-USD,0000192.01,0000201.31,0000188.02,340421.94205956,0000197.52,10715094.42101417
2021-11-02T01:00:01.873Z,-USD,0000193.62,0000201.31,0000188.02,341751.86511627,0000196.05,10466774.4872292
2021-11-02T02:00:01.986Z,-USD,00000192.1,0000201.31,0000188.02,347020.18004936,0000196.54,10479519.57867971
2021-11-02T03:00:01.903Z,-USD,0000188.93,0000201.31,0000188.02,325197.35437823,0000195.81,10495758.95706689
2021-11-02T04:00:02.082Z,-USD,0000188.93,0000201.31,0000188.02,330977.1938679,0000196.01,10501538.79655656
2021-11-02T05:01:03.096Z,-USD,0000191.53,0000201.31,0000190.55,319301.26963594,00000197.0,10512055.80119148
2021-11-02T06:00:02.166Z,-USD,0000191.53,0000201.31,0000190.55,326793.85362078,0000196.58,10519548.38517632
2021-11-02T07:00:01.91Z,-USD,0000192.01,0000201.31,0000191.13,326791.36492351,0000197.24,10527050.81006306
2021-11-02T08:00:01.852Z,-USD,0000194.22,0000201.31,0000191.13,312513.89115963,0000196.64,10530650.93350145
2021-11-02T09:00:01.775Z,-USD,00000193.3,0000201.31,0000191.13,312882.19583004,0000197.24,10538295.01224983
2021-11-02T10:00:01.714Z,-USD,0000193.48,00000201.6,0000191.13,323919.78080339,0000200.57,10556732.11195234
2021-11-02T11:00:04.183Z,-USD,0000192.97,0000202.73,0000191.13,331742.17676577,0000201.31,10571354.13896708
2021-11-02T12:00:01.711Z,-USD,0000192.03,0000204.27,0000191.13,340152.32522292,0000200.56,10588202.15565916
2021-11-02T13:00:02.582Z,-USD,0000191.67,0000204.27,0000191.13,342148.35408663,0000200.23,10598583.47962236
2021-11-02T14:00:02.686Z,-USD,0000192.87,0000204.27,00000191.5,340997.61428654,0000201.27,10608011.91901022
2021-11-02T15:00:02.009Z,-USD,0000192.32,0000204.27,00000191.5,340345.72077697,0000200.14,10620145.56338154
2021-11-02T16:00:02.22Z,-USD,0000195.08,0000204.27,00000191.5,337646.74532137,0000202.49,10636752.643204
2021-11-02T17:00:03.37Z,-USD,0000194.37,0000204.27,00000191.5,301676.51206588,0000202.22,10657598.73566304
2021-11-02T18:00:02.126Z,-USD,0000193.16,0000204.27,00000191.5,303111.67722719,0000202.52,10672603.453727
2021-11-02T19:00:02.42Z,-USD,0000192.33,0000204.27,0000191.75,303294.38921255,0000203.12,10684354.65232966
2021-11-02T20:00:01.771Z,-USD,00000194.6,0000204.75,00000192.5,307528.31733425,0000202.36,10703457.92839685
2021-11-02T21:00:01.886Z,-USD,0000193.53,0000204.75,00000192.5,316907.84524836,0000200.58,10722906.72047605
2021-11-02T22:00:02.016Z,-USD,0000194.08,0000204.75,00000194.0,327131.51301264,0000200.32,10739817.80121229
2021-11-02T23:00:02.751Z,-USD,0000196.85,0000204.75,0000195.24,320692.66742496,0000200.71,10751449.86601661
2021-11-03T00:00:02.489Z,-USD,00000197.7,0000204.75,0000195.24,316123.79921672,0000200.83,10767235.05030543
2021-11-03T01:00:02.616Z,-USD,0000196.28,0000204.75,00000195.5,322474.72073253,0000200.31,10484353.29828651
2021-11-03T02:00:02.352Z,-USD,0000196.53,0000204.75,00000195.5,323650.19994216,0000200.97,10498286.47703423
2021-11-03T03:00:02.521Z,-USD,0000195.82,0000204.82,00000195.5,331160.91800858,0000203.39,10522004.95611305
2021-11-03T04:00:02.703Z,-USD,0000195.96,0000204.82,0000195.58,339620.19646177,0000201.38,10536359.48168545
2021-11-03T05:00:03.72Z,-USD,00000197.0,0000204.82,0000195.58,346373.29592466,00000200.2,10553514.17815372
2021-11-03T06:00:02.825Z,-USD,0000196.68,00000205.3,00000195.9,369684.48272963,0000204.48,10584582.00860448
2021-11-03T07:00:01.666Z,-USD,0000197.34,0000208.05,00000195.9,390078.61228457,0000205.78,10612341.86274291
2021-11-03T08:00:02.667Z,-USD,0000196.61,0000209.44,00000195.9,405337.91447171,0000207.81,10631643.34478312
2021-11-03T09:00:02.682Z,-USD,0000196.97,0000209.44,0000196.74,414226.14872854,00000205.7,10647661.65763241
2021-11-03T10:00:02.489Z,-USD,0000200.18,0000209.44,0000198.36,407499.7513532,0000207.52,10659420.37080641
2021-11-03T11:00:04.508Z,-USD,00000201.4,0000209.44,0000198.36,402268.41231855,0000205.88,10668750.07293489
2021-11-03T12:00:01.942Z,-USD,0000200.44,0000209.44,0000198.36,398362.19464143,0000205.29,10681697.13105296
2021-11-03T13:00:01.863Z,-USD,0000200.32,0000209.44,00000198.3,415382.00160516,0000200.65,10709142.21251232
2021-11-03T14:00:01.998Z,-USD,0000201.26,0000209.44,0000197.69,433727.35257492,0000198.89,10736851.06273876
2021-11-03T15:00:02.207Z,-USD,00000200.2,0000209.44,0000197.51,442478.95317885,0000199.96,10757959.34427261
2021-11-03T16:00:01.68Z,-USD,00000202.5,0000209.44,0000197.51,441766.69084312,0000201.33,10774507.1895657
2021-11-03T17:00:03.277Z,-USD,00000202.4,0000209.44,0000197.51,439614.65179454,0000200.22,10792497.97912502
2021-11-03T18:00:01.882Z,-USD,0000202.79,0000209.44,0000197.51,436929.64477868,0000201.57,10804888.11140291
2021-11-03T19:00:02.278Z,-USD,0000203.42,0000209.44,0000197.51,469561.70576986,00000208.2,10849057.87326092
2021-11-03T20:00:02.568Z,-USD,0000202.21,0000209.44,0000197.51,488118.51085985,0000207.78,10886969.16221845
2021-11-03T21:00:01.933Z,-USD,0000200.35,0000209.44,0000197.51,484896.8102523,0000208.27,10903419.60746497
