Coin on file:	MANA
Created by:	chris
Created on:	09/18/2021T03:00:1631948402Z

Recorded,Currency,Open,High,Low,Volume,Last,Volume30day
2021-09-18T03:00:02.659Z,-USD,000000.838,000000.853,000000.804,3172555.16,000000.822,275893786.89
2021-09-18T04:00:01.983Z,-USD,000000.846,000000.853,000000.804,3177702.91,000000.826,275965269.79
2021-09-18T05:00:02.052Z,-USD,000000.848,000000.853,000000.804,3119878.08,000000.829,276102973.57
2021-09-18T06:00:02.083Z,-USD,000000.847,000000.849,000000.804,3165490.77,000000.834,276244559.21
2021-09-18T07:00:02.385Z,-USD,000000.846,000000.849,000000.804,3129511.21,000000.835,276285914.04
2021-09-18T08:00:02.626Z,-USD,000000.837,000000.845,000000.804,3104436.87,000000.834,276306774.72
2021-09-18T09:00:01.852Z,-USD,000000.843,000000.845,000000.804,3051370.55,000000.833,276338181.81
2021-09-18T10:00:01.968Z,-USD,0000000.83,000000.838,000000.804,3091425.59,000000.831,276430492.92
2021-09-18T11:00:02.344Z,-USD,000000.815,000000.838,000000.804,2825608.04,000000.833,276455468.26
2021-09-18T12:00:02.46Z,-USD,000000.812,000000.838,000000.804,2617453.97,000000.825,276491249.66
2021-09-18T13:00:02.675Z,-USD,000000.823,000000.838,000000.806,2474144.61,000000.824,276569771.82
2021-09-18T14:00:01.88Z,-USD,000000.817,000000.838,000000.806,2439616.21,000000.826,276671043.91
2021-09-18T14:27:57.952Z,-USD,000000.825,000000.838,000000.806,2359939.89,000000.829,276730320.45
2021-09-18T14:28:37.246Z,-USD,000000.825,000000.838,000000.806,2359945.88,0000000.83,276730326.44
2021-09-18T14:31:17.504Z,-USD,000000.825,000000.838,000000.806,2388503.47,000000.832,276758884.03
2021-09-18T15:00:02.118Z,-USD,000000.825,000000.838,000000.806,2426112.95,000000.832,276796493.51
2021-09-18T16:00:02.322Z,-USD,000000.825,000000.838,000000.806,2408656.69,000000.829,276928820.03
2021-09-18T17:00:02.107Z,-USD,000000.828,000000.838,000000.806,2421224.63,000000.823,277037193.62
2021-09-18T18:00:07.221Z,-USD,0000000.82,000000.838,000000.806,2412419.05,000000.825,277110943.37
2021-09-18T19:00:01.787Z,-USD,000000.814,000000.838,000000.806,2367606.82,0000000.82,277170661.08
2021-09-18T20:00:02.515Z,-USD,0000000.82,000000.838,000000.806,2318176.44,000000.823,277266638.33
2021-09-18T21:00:02.121Z,-USD,000000.816,000000.838,000000.806,2209086.65,000000.818,277358899.29
2021-09-18T22:00:02.335Z,-USD,000000.819,000000.838,000000.806,2073607.72,000000.817,277419001.24
2021-09-18T23:00:01.768Z,-USD,000000.812,000000.838,000000.806,02101152.5,000000.822,277534123.81
2021-09-19T00:00:02.394Z,-USD,000000.818,000000.838,000000.806,2149932.03,000000.823,277675046.95
2021-09-19T01:00:02.002Z,-USD,0000000.82,000000.838,000000.812,2100275.13,000000.813,273123808.76
2021-09-19T02:00:02.019Z,-USD,000000.824,000000.838,000000.806,02093660.3,000000.819,273253262.0
2021-09-19T03:00:02.664Z,-USD,000000.822,000000.838,000000.806,2127492.94,000000.818,273338615.77
2021-09-19T04:00:02.654Z,-USD,000000.825,000000.838,000000.806,2137649.41,000000.813,273420265.73
2021-09-19T05:00:02.407Z,-USD,000000.829,000000.838,000000.806,2196692.46,000000.813,273617272.81
2021-09-19T06:00:02.187Z,-USD,000000.837,000000.838,000000.806,2088540.01,000000.818,273650438.41
2021-09-19T07:00:02.005Z,-USD,000000.835,000000.838,000000.806,2070260.59,000000.819,273673778.7
2021-09-19T08:00:02.143Z,-USD,000000.835,000000.838,000000.806,2102477.17,000000.822,273726604.76
2021-09-19T09:00:01.925Z,-USD,000000.833,000000.835,000000.806,2113606.93,000000.824,273769308.21
2021-09-19T10:00:01.868Z,-USD,000000.832,000000.835,000000.806,2038125.41,000000.821,273786866.44
2021-09-19T11:00:02.48Z,-USD,000000.833,000000.835,000000.806,2037319.48,000000.818,273810129.24
2021-09-19T12:00:02.523Z,-USD,000000.826,000000.833,00000000.8,2337769.51,000000.803,274146768.51
2021-09-19T13:00:02.684Z,-USD,000000.825,000000.833,00000000.8,2419411.68,000000.805,274306520.38
2021-09-19T14:00:02.607Z,-USD,000000.827,000000.833,00000000.8,2405249.33,000000.809,274393681.14
2021-09-19T15:00:02.684Z,-USD,000000.832,000000.833,00000000.8,02349871.4,000000.811,274463704.28
2021-09-19T16:00:02.634Z,-USD,0000000.83,0000000.83,00000000.8,2332012.08,000000.812,274578240.08
2021-09-19T17:00:02.62Z,-USD,000000.821,000000.826,00000000.8,02306043.0,000000.809,274660583.19
2021-09-19T18:00:01.7Z,-USD,000000.824,000000.826,00000000.8,2375501.17,000000.806,274805130.12
2021-09-19T19:00:01.839Z,-USD,000000.821,000000.826,00000000.8,2370822.95,0000000.81,274859026.38
2021-09-19T20:00:01.841Z,-USD,000000.821,000000.826,00000000.8,2346494.21,000000.805,274930578.04
2021-09-19T21:00:02.299Z,-USD,000000.816,000000.826,00000000.8,2401026.04,000000.809,275077802.46
2021-09-19T22:00:02.24Z,-USD,000000.815,000000.826,00000000.8,2392307.28,000000.805,275128662.99
2021-09-19T23:00:02.396Z,-USD,000000.822,000000.826,000000.786,2517951.23,000000.791,275369422.35
2021-09-20T00:00:01.696Z,-USD,000000.822,000000.824,000000.786,2584539.21,000000.798,275576931.98
2021-09-20T01:00:01.876Z,-USD,000000.811,000000.824,0000000.78,02775896.4,000000.784,263882318.0
2021-09-20T02:00:02.151Z,-USD,000000.816,000000.824,0000000.78,2811860.52,000000.793,264047929.17
2021-09-20T03:00:02.274Z,-USD,000000.818,000000.824,000000.762,3726442.07,000000.763,265057327.69
2021-09-20T04:00:02.153Z,-USD,000000.813,000000.824,000000.746,4765351.22,000000.754,266169448.25
2021-09-20T05:00:01.965Z,-USD,000000.814,000000.824,000000.745,4901226.93,000000.758,266501078.97
2021-09-20T06:00:01.919Z,-USD,000000.819,000000.824,000000.745,4980555.34,000000.757,266613620.18
2021-09-20T07:00:02.042Z,-USD,0000000.82,000000.824,000000.745,5132713.88,000000.751,266789071.47
2021-09-20T08:00:02.121Z,-USD,000000.821,000000.824,000000.729,5587026.11,000000.733,267296189.66
2021-09-20T09:00:01.892Z,-USD,000000.823,000000.824,000000.729,5716505.47,0000000.74,267468371.48
2021-09-20T10:00:01.701Z,-USD,0000000.82,000000.821,000000.729,5909222.34,000000.733,267678811.87
2021-09-20T11:00:02.361Z,-USD,000000.819,000000.819,000000.724,6422867.32,000000.726,268218949.21
2021-09-20T12:00:02.361Z,-USD,000000.801,000000.814,000000.696,7349707.07,000000.705,269480033.99
2021-09-20T13:00:02.403Z,-USD,000000.804,000000.814,000000.664,8484304.55,000000.695,270773386.3
2021-09-20T14:00:02.73Z,-USD,0000000.81,000000.814,000000.664,9284071.07,000000.713,271660420.83
2021-09-20T15:00:01.832Z,-USD,000000.809,000000.814,000000.664,9775986.48,000000.704,272222281.02
2021-09-20T16:00:02.357Z,-USD,000000.811,000000.814,000000.664,10126734.73,000000.711,272687704.77
2021-09-20T17:00:02.536Z,-USD,0000000.81,000000.814,000000.664,10647177.49,000000.707,273290570.13
2021-09-20T18:00:02.544Z,-USD,000000.805,000000.814,000000.664,10716566.43,000000.712,273504277.1
2021-09-20T19:00:02.469Z,-USD,000000.809,000000.812,000000.664,11152726.41,0000000.69,273997618.95
2021-09-20T20:00:02.434Z,-USD,000000.802,000000.812,000000.664,11502993.72,000000.697,274416143.08
2021-09-20T21:00:02.46Z,-USD,000000.811,000000.812,000000.664,11796901.2,000000.688,274857261.83
2021-09-20T22:00:02.44Z,-USD,000000.806,000000.808,000000.664,12043620.79,000000.686,275154852.57
2021-09-20T23:00:02.52Z,-USD,000000.789,000000.801,000000.664,12187415.1,0000000.68,275546179.13
2021-09-21T00:00:02.956Z,-USD,00000000.8,000000.801,000000.664,12483185.53,000000.678,276044037.66
2021-09-21T01:00:02.191Z,-USD,000000.784,00000000.8,000000.626,14013434.85,000000.647,272652892.4
2021-09-21T02:00:01.777Z,-USD,000000.793,00000000.8,000000.626,14611762.63,000000.676,273417068.63
2021-09-21T03:00:02.103Z,-USD,0000000.76,000000.766,000000.626,14064068.31,000000.684,273879112.6
2021-09-21T04:00:02.34Z,-USD,000000.751,000000.762,000000.626,13244746.22,000000.674,274191134.97
2021-09-21T05:00:02.612Z,-USD,0000000.76,000000.762,000000.626,13271380.9,000000.664,274530194.35
2021-09-21T06:00:02.518Z,-USD,000000.757,000000.759,000000.626,13455734.69,000000.664,274833367.73
2021-09-21T07:00:02.272Z,-USD,000000.752,000000.756,000000.626,13684230.96,000000.676,275230931.49
2021-09-21T08:00:02.419Z,-USD,000000.737,000000.744,000000.626,13543112.54,0000000.69,275596441.75
2021-09-21T09:00:02.545Z,-USD,0000000.74,000000.744,000000.626,13607730.13,000000.689,275833178.91
2021-09-21T10:00:02.395Z,-USD,000000.733,000000.742,000000.626,13671310.47,0000000.68,276110165.69
2021-09-21T11:00:02.6Z,-USD,000000.726,000000.729,000000.626,13418210.46,000000.689,276399059.95
2021-09-21T12:00:02.507Z,-USD,000000.702,000000.717,000000.626,12478804.61,000000.687,276716281.3
2021-09-21T13:00:02.679Z,-USD,000000.697,000000.717,000000.626,11576911.11,000000.683,277109769.92
2021-09-21T14:00:01.857Z,-USD,000000.711,000000.717,000000.626,10908555.79,000000.681,277326851.18
2021-09-21T15:00:02.144Z,-USD,000000.704,000000.717,000000.626,10594224.65,000000.666,277573730.56
2021-09-21T16:00:02.617Z,-USD,000000.708,000000.717,000000.626,10324690.37,000000.679,277784412.68
2021-09-21T17:00:03.462Z,-USD,000000.707,000000.714,000000.626,9914175.79,000000.659,277962516.69
2021-09-21T18:00:01.824Z,-USD,000000.712,000000.713,000000.626,10071793.78,000000.647,278333151.04
2021-09-21T19:00:02.438Z,-USD,000000.694,000000.704,000000.626,10185260.0,000000.642,278941568.84
2021-09-21T20:00:02.298Z,-USD,000000.699,000000.704,000000.626,10073240.95,000000.643,279246501.75
2021-09-21T21:00:01.766Z,-USD,000000.688,000000.695,000000.617,10594404.88,000000.619,280208898.15
2021-09-21T22:00:02.225Z,-USD,000000.685,000000.695,000000.597,11344019.32,000000.631,281255948.08
2021-09-21T23:00:02.124Z,-USD,0000000.68,000000.695,000000.597,11169833.11,000000.613,281473808.74
2021-09-22T00:00:02.323Z,-USD,0000000.68,000000.695,000000.597,11124443.21,000000.613,281926858.67
2021-09-22T01:00:02.686Z,-USD,000000.646,000000.695,000000.597,9636903.83,000000.612,275278059.42
2021-09-22T02:00:01.838Z,-USD,000000.675,000000.695,000000.597,9215022.44,000000.639,275623180.37
2021-09-22T03:00:02.496Z,-USD,000000.683,000000.695,000000.597,9033698.41,000000.643,275904765.78
2021-09-22T04:00:01.855Z,-USD,000000.674,000000.695,000000.597,9113829.49,000000.641,276301967.43
2021-09-22T05:00:01.961Z,-USD,000000.665,000000.695,000000.597,8992315.14,000000.636,276511110.69
2021-09-22T06:00:02.356Z,-USD,000000.666,000000.695,000000.597,8804537.62,000000.645,276626300.23
2021-09-22T07:00:02.359Z,-USD,000000.677,000000.695,000000.597,08536906.2,000000.653,276756383.04
2021-09-22T08:00:02.458Z,-USD,000000.691,000000.695,000000.597,8308742.76,0000000.66,276905270.38
2021-09-22T09:00:03.657Z,-USD,0000000.69,000000.695,000000.597,8189894.71,0000000.66,277011358.76
2021-09-22T10:00:01.805Z,-USD,000000.681,000000.695,000000.597,8049799.92,000000.669,277149047.06
2021-09-22T11:00:02.368Z,-USD,000000.689,000000.695,000000.597,7859881.37,000000.666,277248202.07
2021-09-22T12:00:02.378Z,-USD,000000.686,000000.695,000000.597,7711999.29,000000.652,277416542.51
2021-09-22T13:00:02.638Z,-USD,000000.683,000000.685,000000.597,7423610.53,0000000.66,277522393.37
2021-09-22T14:00:01.835Z,-USD,000000.682,000000.683,000000.597,7562567.94,000000.665,277878015.27
2021-09-22T15:00:01.945Z,-USD,000000.666,000000.683,000000.597,7636864.24,000000.675,278199846.66
2021-09-22T16:00:02.268Z,-USD,000000.681,000000.693,000000.597,7745009.24,000000.692,278541164.92
2021-09-22T17:00:02.156Z,-USD,0000000.66,000000.703,000000.597,8093514.42,000000.703,279044567.25
2021-09-22T18:00:02.557Z,-USD,000000.643,000000.704,000000.597,8077447.02,000000.702,279445504.86
2021-09-22T19:00:02.158Z,-USD,000000.642,000000.716,000000.597,8123464.49,000000.701,280055619.08
2021-09-22T20:00:02.676Z,-USD,000000.641,000000.716,000000.597,7963134.32,0000000.71,280199602.04
2021-09-22T21:00:01.933Z,-USD,000000.618,0000000.72,000000.597,7263909.51,000000.718,280461217.99
2021-09-22T22:00:02.514Z,-USD,000000.629,000000.723,000000.601,6541498.48,000000.716,280785702.23
2021-09-22T23:00:02.005Z,-USD,000000.613,000000.724,000000.601,6526975.01,000000.724,281001111.4
2021-09-23T00:00:03.545Z,-USD,000000.613,000000.739,000000.601,6598844.37,000000.734,281516411.85
2021-09-23T01:00:02.49Z,-USD,000000.613,000000.739,000000.607,6487243.98,000000.725,268500949.72
2021-09-23T02:00:02.357Z,-USD,0000000.64,000000.739,000000.633,6372447.89,000000.733,268724817.62
2021-09-23T03:00:02.712Z,-USD,000000.641,000000.739,000000.635,6335928.15,000000.735,268970075.51
2021-09-23T04:00:01.926Z,-USD,0000000.64,000000.741,000000.635,6193363.46,0000000.74,269225210.88
2021-09-23T05:00:02.221Z,-USD,000000.637,000000.741,000000.637,06221548.4,000000.735,269462560.74
2021-09-23T06:00:02.32Z,-USD,000000.646,000000.741,000000.638,6366474.14,000000.726,269721890.67
2021-09-23T07:00:03.134Z,-USD,000000.655,000000.741,000000.649,6338908.86,000000.735,269824409.86
2021-09-23T08:00:02.122Z,-USD,000000.659,000000.741,000000.649,06271088.6,000000.739,269906486.65
2021-09-23T09:00:02.3Z,-USD,0000000.66,000000.742,000000.649,06273107.6,000000.729,270013725.83
2021-09-23T10:00:02.464Z,-USD,0000000.67,000000.742,000000.649,6237302.59,000000.727,270116215.3
2021-09-23T11:00:05.825Z,-USD,000000.667,000000.742,000000.649,06286397.7,000000.717,270266249.39
2021-09-23T12:00:02.063Z,-USD,000000.653,000000.742,0000000.65,6377979.52,000000.709,270523698.75
2021-09-23T13:00:02.551Z,-USD,000000.659,000000.742,000000.656,6382032.65,000000.712,270634432.03
2021-09-23T14:00:01.849Z,-USD,000000.666,000000.742,000000.665,6237576.66,0000000.73,270845106.53
2021-09-23T15:00:02.469Z,-USD,000000.677,000000.742,000000.677,6279727.77,000000.734,271208773.52
2021-09-23T16:00:01.835Z,-USD,000000.692,000000.742,0000000.69,6115328.83,000000.722,271386412.98
2021-09-23T17:00:02.388Z,-USD,000000.703,000000.742,000000.691,5692871.67,000000.727,271466566.45
2021-09-23T18:00:01.982Z,-USD,000000.698,000000.744,000000.698,5444769.52,000000.743,271622566.59
2021-09-23T19:00:01.805Z,-USD,000000.702,000000.744,000000.699,5119113.89,000000.742,271905541.97
2021-09-23T20:00:02.516Z,-USD,0000000.71,000000.747,000000.704,05121810.7,000000.746,272050560.41
2021-09-23T21:00:02.25Z,-USD,000000.718,000000.763,000000.704,6895693.26,000000.762,274086274.98
2021-09-23T22:00:02.175Z,-USD,000000.716,000000.778,000000.704,7803624.01,000000.774,275318716.83
2021-09-23T23:00:01.951Z,-USD,000000.724,000000.779,000000.704,08043994.9,000000.769,275774231.02
2021-09-24T00:00:02.48Z,-USD,000000.734,000000.779,000000.704,7782775.59,000000.764,276028308.5
2021-09-24T01:00:02.228Z,-USD,000000.724,000000.779,000000.704,7895266.65,0000000.75,263978673.18
2021-09-24T02:00:02.084Z,-USD,000000.733,000000.779,000000.704,8010998.08,000000.747,264319722.96
2021-09-24T03:00:01.973Z,-USD,000000.735,000000.779,000000.704,8034867.96,000000.743,264591199.04
2021-09-24T04:00:02.45Z,-USD,0000000.74,000000.779,000000.704,9057609.05,000000.751,265865468.47
2021-09-24T05:00:02.206Z,-USD,000000.736,000000.779,000000.704,9471166.73,000000.748,266516650.05
2021-09-24T06:00:02.643Z,-USD,000000.727,000000.779,000000.704,9839702.73,000000.737,267152143.18
2021-09-24T07:00:02.623Z,-USD,000000.733,000000.779,000000.704,9851082.85,000000.731,267258624.35
2021-09-24T08:00:01.884Z,-USD,0000000.74,000000.779,000000.704,9939072.55,000000.742,267435989.51
2021-09-24T09:00:02.126Z,-USD,000000.728,000000.779,000000.704,9935070.48,000000.729,267531350.42
2021-09-24T10:00:02.248Z,-USD,000000.726,000000.779,000000.671,10907914.28,000000.672,268606607.07
2021-09-24T11:00:02.663Z,-USD,000000.718,000000.779,000000.659,11417116.47,000000.668,269267953.44
2021-09-24T12:00:02.133Z,-USD,000000.708,000000.779,000000.638,12187471.48,0000000.67,270293711.1
2021-09-24T13:00:02.817Z,-USD,000000.715,000000.779,000000.638,12567585.78,000000.658,270785169.39
2021-09-24T14:00:02.591Z,-USD,000000.732,000000.779,000000.638,14108747.51,000000.692,272536312.01
2021-09-24T15:00:02.124Z,-USD,000000.733,000000.779,000000.638,17087863.75,000000.691,275883078.22
2021-09-24T16:00:01.961Z,-USD,0000000.72,000000.779,000000.638,17583365.35,000000.688,276552239.01
2021-09-24T17:00:02.316Z,-USD,000000.728,000000.779,000000.638,17919998.49,000000.694,276969081.14
2021-09-24T18:00:02.431Z,-USD,000000.743,000000.779,000000.638,18073173.66,000000.683,277278201.67
2021-09-24T19:00:02.41Z,-USD,000000.743,000000.779,000000.638,18229961.0,000000.693,277718020.27
2021-09-24T20:00:01.732Z,-USD,000000.746,000000.779,000000.638,18249847.14,000000.696,277883276.85
2021-09-24T21:00:02.101Z,-USD,000000.762,000000.779,000000.638,16526544.26,000000.709,278201711.29
2021-09-24T22:00:02.204Z,-USD,000000.773,000000.779,000000.638,15553359.1,000000.712,278455233.9
2021-09-24T23:00:01.997Z,-USD,000000.768,000000.776,000000.638,15243418.0,000000.714,278600755.74
2021-09-25T00:00:02.169Z,-USD,000000.765,000000.776,000000.638,15157670.4,000000.702,278768436.45
2021-09-25T01:00:02.578Z,-USD,0000000.75,000000.776,000000.638,14951575.16,000000.712,250790185.45
2021-09-25T02:00:01.928Z,-USD,000000.749,000000.776,000000.638,14752386.83,000000.701,250932055.74
2021-09-25T03:00:01.987Z,-USD,000000.746,000000.776,000000.638,14553659.11,000000.697,251005506.94
2021-09-25T04:00:02.605Z,-USD,000000.749,000000.763,000000.638,13344197.48,000000.705,251072088.83
2021-09-25T05:00:02.68Z,-USD,000000.749,000000.763,000000.638,12764945.0,000000.702,251143824.09
2021-09-25T06:00:02.668Z,-USD,000000.737,000000.763,000000.638,12227850.03,000000.694,251241221.13
2021-09-25T07:00:01.846Z,-USD,0000000.73,000000.763,000000.638,12179239.68,000000.701,251316576.03
2021-09-25T08:00:01.884Z,-USD,000000.741,000000.763,000000.638,12171664.33,000000.685,251469830.81
2021-09-25T09:00:02.034Z,-USD,000000.731,000000.763,000000.638,12418242.24,000000.687,251809102.83
2021-09-25T10:00:01.83Z,-USD,0000000.67,000000.763,000000.638,11397151.02,000000.694,251868556.48
2021-09-25T11:00:02.586Z,-USD,000000.667,000000.763,000000.638,10821845.81,0000000.69,251949465.2
2021-09-25T12:00:02.497Z,-USD,0000000.67,000000.763,000000.654,9871267.46,000000.684,252025305.08
2021-09-25T13:00:02.182Z,-USD,000000.662,000000.763,000000.654,9478782.59,000000.684,252131306.45
2021-09-25T14:00:02.678Z,-USD,000000.692,000000.763,000000.664,7869816.97,000000.691,252267207.46
2021-09-25T15:00:02.678Z,-USD,000000.689,000000.717,000000.664,4748459.06,000000.683,252499867.92
2021-09-25T16:00:01.769Z,-USD,000000.687,000000.717,000000.664,4229953.78,0000000.69,252641862.24
2021-09-25T17:00:02.512Z,-USD,000000.692,000000.717,000000.664,4057859.46,000000.685,252891419.84
2021-09-25T18:00:01.743Z,-USD,000000.685,000000.717,000000.664,3869873.82,000000.685,253007584.43
2021-09-25T19:00:01.831Z,-USD,000000.694,000000.717,000000.664,3593631.02,000000.682,253171254.66
2021-09-25T20:00:02.078Z,-USD,000000.698,000000.717,000000.664,3522983.46,000000.688,253265932.75
2021-09-25T21:00:02.047Z,-USD,000000.711,000000.717,000000.664,3356009.68,000000.688,253417225.81
2021-09-25T22:00:01.967Z,-USD,000000.712,000000.716,000000.664,3167171.24,000000.687,253481889.67
2021-09-25T23:00:02.555Z,-USD,000000.711,000000.714,000000.664,3082246.72,000000.692,253542749.97
2021-09-26T00:00:01.749Z,-USD,000000.703,000000.714,000000.664,3067311.56,000000.692,253695227.74
2021-09-26T01:00:01.825Z,-USD,000000.712,000000.713,000000.664,3068601.32,000000.677,243777184.94
2021-09-26T02:00:02.1Z,-USD,000000.703,0000000.71,000000.664,3104731.89,000000.667,243952475.21
2021-09-26T03:00:01.99Z,-USD,000000.699,0000000.71,000000.658,3319753.88,000000.665,244242029.68
2021-09-26T04:00:02.515Z,-USD,000000.706,0000000.71,000000.658,3424557.51,000000.669,244412274.52
2021-09-26T05:00:01.75Z,-USD,000000.702,000000.718,000000.658,3833691.56,000000.717,244893213.48
2021-09-26T06:00:02.535Z,-USD,000000.695,000000.764,000000.658,6384293.36,000000.747,247546775.1
2021-09-26T07:00:02.664Z,-USD,000000.703,000000.764,000000.658,07681741.2,000000.729,248913767.08
2021-09-26T08:00:02.631Z,-USD,000000.685,000000.764,000000.658,9043903.71,000000.708,250442217.89
2021-09-26T09:00:02.674Z,-USD,000000.688,000000.764,000000.658,09321635.5,000000.726,251046316.7
2021-09-26T10:00:01.845Z,-USD,000000.694,000000.764,000000.658,09707239.7,000000.728,251491805.08
2021-09-26T11:00:01.798Z,-USD,000000.691,000000.764,000000.658,9841549.76,000000.723,251706465.31
2021-09-26T12:00:02.079Z,-USD,000000.684,000000.764,000000.658,9908586.76,000000.726,251849403.6
2021-09-26T13:00:02.198Z,-USD,000000.685,000000.764,000000.658,9968049.75,000000.723,252016101.59
2021-09-26T14:00:02.218Z,-USD,000000.689,000000.764,000000.658,09914606.9,000000.717,252099106.71
2021-09-26T15:00:02.375Z,-USD,000000.683,000000.764,000000.658,9844356.43,000000.717,252259854.48
2021-09-26T16:00:02.518Z,-USD,0000000.69,000000.764,000000.658,9910988.99,0000000.72,252469511.11
2021-09-26T17:00:02.496Z,-USD,000000.687,000000.764,000000.658,9874744.07,000000.715,252681783.61
2021-09-26T18:00:01.767Z,-USD,000000.684,000000.764,000000.658,9861219.73,000000.713,252784355.91
2021-09-26T19:00:01.978Z,-USD,000000.681,000000.764,000000.658,9780410.07,000000.712,252867120.31
2021-09-26T20:00:02.12Z,-USD,000000.689,000000.764,000000.658,9938308.92,000000.714,253119692.08
2021-09-26T21:00:02.114Z,-USD,000000.688,000000.764,000000.658,9852272.72,000000.719,253184962.71
2021-09-26T22:00:02.208Z,-USD,000000.687,000000.764,000000.658,09848373.2,000000.717,253245717.98
2021-09-26T23:00:02.421Z,-USD,000000.693,000000.764,000000.658,9986708.12,000000.703,253445049.2
2021-09-27T00:00:02.585Z,-USD,000000.692,000000.764,000000.658,10233795.74,000000.713,253845180.6
2021-09-27T01:00:01.792Z,-USD,000000.678,000000.764,000000.658,10557528.17,000000.712,248693731.61
2021-09-27T02:00:01.815Z,-USD,000000.668,000000.764,000000.658,10527976.38,000000.719,248821730.66
2021-09-27T03:00:01.926Z,-USD,000000.663,000000.764,000000.662,10424021.67,000000.713,249007688.98
2021-09-27T04:00:02.541Z,-USD,000000.668,000000.764,000000.665,10312371.26,000000.708,249067464.0
2021-09-27T05:00:02.144Z,-USD,000000.717,000000.764,000000.689,9879003.01,000000.705,249130093.64
2021-09-27T06:00:02.117Z,-USD,000000.747,000000.757,000000.689,07628922.1,000000.708,249516989.26
2021-09-27T07:00:02.227Z,-USD,000000.729,000000.745,000000.689,6362154.39,000000.704,249625002.66
2021-09-27T08:00:02.214Z,-USD,000000.708,000000.745,000000.691,4913338.74,000000.705,249716646.95
2021-09-27T09:00:02.262Z,-USD,000000.726,000000.745,000000.691,4419089.49,000000.706,249813312.7
2021-09-27T10:00:02.303Z,-USD,000000.731,000000.736,000000.691,4085230.61,000000.699,249922758.99
2021-09-27T11:00:01.866Z,-USD,000000.721,000000.733,000000.691,3918854.22,000000.705,249966572.91
2021-09-27T12:00:01.882Z,-USD,000000.728,000000.733,000000.691,3824116.38,000000.708,250038239.22
2021-09-27T13:00:02.11Z,-USD,000000.725,000000.728,000000.691,3777271.71,000000.697,250136685.01
2021-09-27T14:00:02.199Z,-USD,000000.718,000000.728,000000.691,3901516.29,000000.694,250342044.84
2021-09-27T15:00:02.738Z,-USD,000000.719,000000.728,000000.678,4221590.43,0000000.68,250824794.13
2021-09-27T16:00:02.049Z,-USD,000000.721,000000.728,000000.678,4422581.48,000000.684,251233321.36
2021-09-27T17:00:02.063Z,-USD,000000.715,000000.724,000000.666,4589588.43,000000.671,251612777.51
2021-09-27T18:00:02.964Z,-USD,000000.712,000000.724,000000.666,4723894.92,000000.669,251849613.29
2021-09-27T19:00:02.296Z,-USD,000000.711,000000.724,000000.666,4786203.41,000000.671,251994597.98
2021-09-27T20:00:02.256Z,-USD,000000.715,000000.724,000000.666,4823367.48,000000.675,252286515.9
2021-09-27T21:00:02.424Z,-USD,0000000.72,000000.724,000000.664,4993380.14,000000.666,252519609.82
2021-09-27T22:00:02.669Z,-USD,000000.716,000000.724,000000.664,5053793.18,000000.678,252652853.17
2021-09-27T23:00:01.766Z,-USD,00000000.7,0000000.72,000000.664,04973523.3,000000.679,252759993.71
2021-09-28T00:00:02.209Z,-USD,000000.711,0000000.72,000000.662,4783816.09,000000.662,252988825.31
2021-09-28T01:00:02.458Z,-USD,000000.711,0000000.72,000000.656,4566719.32,000000.664,237045084.61
2021-09-28T02:00:01.85Z,-USD,000000.719,0000000.72,000000.656,5014402.89,000000.674,237619593.56
2021-09-28T03:00:01.975Z,-USD,000000.712,000000.716,000000.656,05178985.1,000000.679,237972075.7
2021-09-28T04:00:02.216Z,-USD,000000.709,000000.716,000000.656,5285973.58,000000.681,238136763.69
2021-09-28T05:00:01.939Z,-USD,000000.705,000000.716,000000.656,5386932.58,000000.678,238300327.47
2021-09-28T06:00:02.042Z,-USD,0000000.71,000000.716,000000.656,5180083.61,0000000.67,238480385.44
2021-09-28T07:00:02.341Z,-USD,000000.705,000000.714,000000.656,5185884.51,000000.665,238594221.74
2021-09-28T08:00:02.528Z,-USD,000000.703,000000.714,000000.652,5355616.15,000000.654,238863965.41
2021-09-28T09:00:02.378Z,-USD,000000.706,000000.714,0000000.65,5566418.27,000000.656,239163046.95
2021-09-28T10:00:02.386Z,-USD,00000000.7,0000000.71,0000000.65,5653335.98,000000.659,239359515.27
2021-09-28T11:00:02.074Z,-USD,000000.704,000000.709,0000000.65,5777466.53,000000.653,239527368.92
2021-09-28T12:00:02.338Z,-USD,000000.706,000000.708,0000000.65,5949699.79,000000.659,239771240.33
2021-09-28T13:00:02.449Z,-USD,000000.698,000000.702,000000.649,6085537.81,000000.651,240011246.87
2021-09-28T14:00:02.665Z,-USD,000000.694,000000.702,000000.649,6398344.08,000000.652,240524019.57
2021-09-28T15:00:01.936Z,-USD,000000.681,000000.686,000000.638,6367166.76,000000.645,241134051.32
2021-09-28T16:00:02.569Z,-USD,000000.683,000000.686,000000.635,6477560.01,000000.636,241496247.52
2021-09-28T17:00:02.866Z,-USD,000000.673,000000.684,000000.631,06355044.8,000000.633,241767548.24
2021-09-28T18:00:02.31Z,-USD,000000.668,000000.684,000000.631,6328633.94,000000.634,241963230.13
2021-09-28T19:00:02.452Z,-USD,0000000.67,000000.684,000000.628,6520809.54,000000.635,242300238.99
2021-09-28T20:00:02.524Z,-USD,000000.673,000000.684,000000.623,6707385.71,000000.627,242777217.21
2021-09-28T21:00:02.277Z,-USD,000000.666,000000.684,000000.623,6700033.85,000000.631,243008327.22
2021-09-28T22:00:01.703Z,-USD,000000.676,000000.684,000000.623,6846963.09,000000.636,243283256.05
2021-09-28T23:00:02.446Z,-USD,000000.678,000000.684,000000.623,6869224.44,000000.628,243413831.24
2021-09-29T00:00:02.799Z,-USD,000000.661,000000.684,000000.616,7161876.99,000000.619,243934310.13
2021-09-29T01:00:02.151Z,-USD,000000.663,000000.684,000000.616,7246267.86,000000.633,220133179.37
2021-09-29T02:00:01.875Z,-USD,000000.676,000000.684,000000.616,06938014.7,000000.631,220401077.69
2021-09-29T03:00:02.624Z,-USD,0000000.68,000000.683,000000.616,6806326.47,000000.633,220631356.68
2021-09-29T04:00:02.225Z,-USD,0000000.68,000000.683,000000.616,6819951.79,000000.642,220798342.44
2021-09-29T05:00:01.856Z,-USD,000000.677,0000000.68,000000.616,07036035.1,000000.649,221177994.83
2021-09-29T06:00:02.48Z,-USD,000000.671,000000.674,000000.616,6985534.72,000000.652,221307715.55
2021-09-29T07:00:02.046Z,-USD,000000.666,000000.666,000000.616,7007341.17,000000.656,221443653.23
2021-09-29T08:00:02.639Z,-USD,000000.654,000000.665,000000.616,6844516.26,000000.656,221562835.86
2021-09-29T09:00:02.32Z,-USD,000000.658,000000.665,000000.616,6717620.64,000000.654,221729801.03
2021-09-29T10:00:02.706Z,-USD,000000.658,000000.661,000000.616,06670259.5,000000.645,221871522.79
2021-09-29T11:00:03.436Z,-USD,000000.653,000000.661,000000.616,6638969.05,000000.659,222008057.33
2021-09-29T12:00:02.427Z,-USD,000000.659,000000.661,000000.616,6621496.62,000000.658,222234352.54
2021-09-29T13:00:02.041Z,-USD,000000.652,000000.662,000000.616,6552847.35,000000.649,222405724.07
2021-09-29T14:00:02.192Z,-USD,000000.651,000000.662,000000.616,06187743.0,000000.653,222553372.35
2021-09-29T15:00:02.089Z,-USD,000000.645,000000.662,000000.616,5708810.91,000000.655,222686433.29
2021-09-29T16:00:01.756Z,-USD,000000.634,000000.662,000000.616,5516319.11,0000000.64,222861727.34
2021-09-29T17:00:02.569Z,-USD,000000.633,000000.662,000000.616,5378304.14,000000.636,222988476.38
2021-09-29T18:00:02.127Z,-USD,000000.632,000000.662,000000.616,05299764.6,000000.631,223104949.38
2021-09-29T19:00:01.734Z,-USD,000000.635,000000.662,000000.616,5109915.11,000000.632,223253369.82
2021-09-29T20:00:02.534Z,-USD,000000.629,000000.662,000000.616,5458532.14,0000000.64,224079202.17
2021-09-29T21:00:02.245Z,-USD,000000.631,000000.662,000000.616,6076942.47,000000.647,224926881.14
2021-09-29T22:00:02.118Z,-USD,000000.635,000000.662,000000.616,6084903.07,000000.643,225209914.42
2021-09-29T23:00:02.473Z,-USD,000000.628,000000.662,000000.616,6108440.65,000000.643,225365190.43
2021-09-30T20:00:24.953Z,-USD,000000.638,000000.699,000000.625,6614106.67,0000000.69,222509331.74
2021-09-30T21:00:01.877Z,-USD,000000.646,000000.699,000000.636,5901436.75,000000.685,222652584.43
2021-09-30T22:00:01.971Z,-USD,000000.642,000000.699,000000.636,5696145.63,000000.686,222722077.96
2021-09-30T23:00:01.898Z,-USD,000000.643,000000.699,000000.641,5724436.39,000000.687,222905798.77
2021-10-01T00:00:02.236Z,-USD,000000.645,000000.699,000000.641,5793519.99,000000.689,223075270.97
2021-10-01T01:00:02.43Z,-USD,000000.658,000000.699,000000.654,5591692.42,000000.694,216404395.9
2021-10-01T02:00:01.807Z,-USD,000000.663,000000.699,000000.658,5320104.39,0000000.69,216530738.48
2021-10-01T03:00:02.143Z,-USD,0000000.67,000000.699,000000.658,5134860.23,000000.681,216670950.66
2021-10-01T04:00:01.981Z,-USD,000000.668,000000.699,000000.658,5075780.54,000000.683,216768279.55
2021-10-01T05:00:01.806Z,-USD,000000.665,000000.699,000000.658,4888119.26,000000.685,216828687.99
2021-10-01T06:00:01.719Z,-USD,0000000.67,000000.699,000000.658,4770353.82,000000.693,216953402.16
2021-10-01T07:00:02.628Z,-USD,000000.667,000000.699,000000.658,4627016.43,000000.693,217005413.56
2021-10-01T08:00:02.645Z,-USD,000000.672,000000.703,000000.658,4698073.49,000000.702,217219342.84
2021-10-01T09:00:02.609Z,-USD,000000.663,000000.707,000000.658,4805664.52,000000.707,217484065.78
2021-10-01T10:00:02.404Z,-USD,000000.667,000000.707,000000.658,4757338.14,00000000.7,217535877.14
2021-10-01T11:00:02.164Z,-USD,0000000.66,000000.722,000000.659,5372613.59,000000.717,218198651.9
2021-10-01T12:00:02.314Z,-USD,000000.665,0000000.74,000000.664,5696891.68,000000.731,218655896.22
2021-10-01T13:00:02.328Z,-USD,000000.667,0000000.74,000000.664,05844908.8,000000.723,218901280.48
2021-10-01T14:00:02.419Z,-USD,000000.673,0000000.74,000000.664,6025245.84,000000.724,219193130.32
2021-10-01T15:00:02.422Z,-USD,000000.671,0000000.74,000000.668,6105667.06,0000000.73,219456495.01
2021-10-01T16:00:02.633Z,-USD,000000.673,0000000.74,0000000.67,6288010.59,000000.736,219958003.54
2021-10-01T17:00:01.817Z,-USD,0000000.69,0000000.74,000000.679,6103585.19,000000.735,220436577.51
2021-10-01T18:00:02.137Z,-USD,000000.696,000000.746,000000.679,6091023.11,000000.744,221019913.61
2021-10-01T19:00:02.528Z,-USD,000000.695,000000.746,000000.679,6024609.01,000000.738,221236925.77
2021-10-01T20:00:02.642Z,-USD,000000.689,000000.746,000000.679,5713376.81,000000.742,221433111.44
2021-10-01T21:00:01.797Z,-USD,000000.687,000000.758,000000.679,6297921.48,000000.757,222161994.55
2021-10-01T22:00:01.864Z,-USD,000000.686,000000.759,000000.679,6483312.94,000000.758,222415937.06
2021-10-01T23:00:01.744Z,-USD,000000.687,000000.759,000000.679,6566491.43,000000.747,222682677.58
2021-10-02T00:00:02.671Z,-USD,0000000.69,000000.759,000000.679,6774868.78,000000.753,223060564.44
2021-10-02T01:00:02.583Z,-USD,000000.693,000000.766,000000.679,7185858.32,000000.763,217699750.81
2021-10-02T02:00:01.75Z,-USD,000000.692,000000.766,000000.679,7489083.49,000000.759,218139463.49
2021-10-02T03:00:01.917Z,-USD,000000.682,000000.766,000000.681,7784344.66,000000.754,218566650.61
2021-10-02T04:00:02.267Z,-USD,000000.686,000000.766,000000.681,8235237.48,000000.741,219112743.77
2021-10-02T05:00:01.935Z,-USD,000000.683,000000.766,000000.682,8379264.16,000000.742,219320673.82
2021-10-02T06:00:02.018Z,-USD,000000.694,000000.766,0000000.69,8404577.31,000000.744,219469333.54
2021-10-02T07:00:02.099Z,-USD,000000.694,000000.766,000000.692,8574004.54,000000.747,219691602.12
2021-10-02T08:00:01.754Z,-USD,000000.702,000000.766,00000000.7,8595861.22,000000.755,219924356.93
2021-10-02T09:00:02.683Z,-USD,000000.706,000000.766,00000000.7,08390172.9,000000.748,219986626.56
2021-10-02T10:00:02.272Z,-USD,000000.702,000000.766,00000000.7,08457620.9,000000.759,220108939.23
2021-10-02T11:00:02.409Z,-USD,000000.718,000000.766,000000.716,8101966.39,000000.751,220409770.01
2021-10-02T12:00:02.429Z,-USD,000000.732,000000.766,0000000.72,7996999.92,000000.753,220762355.31
2021-10-02T13:00:02.295Z,-USD,000000.722,000000.766,0000000.72,7876170.53,000000.758,220886944.58
2021-10-02T14:00:02.394Z,-USD,000000.722,000000.767,0000000.72,7804644.42,000000.758,221109964.13
2021-10-02T15:00:02.37Z,-USD,000000.731,000000.767,000000.725,7667459.62,000000.765,221233163.36
2021-10-02T16:00:02.284Z,-USD,000000.737,0000000.77,000000.725,7418559.34,0000000.77,221489128.94
2021-10-02T17:00:01.853Z,-USD,000000.734,000000.772,000000.732,7109770.92,000000.769,221655528.65
2021-10-02T18:00:01.996Z,-USD,000000.741,000000.774,000000.736,6792136.39,000000.772,221936943.72
2021-10-02T19:00:03.21Z,-USD,000000.737,000000.777,000000.737,6892226.34,0000000.77,222238291.93
2021-10-02T20:00:02.449Z,-USD,000000.742,000000.782,000000.738,6923042.09,0000000.78,222465511.71
2021-10-02T21:00:02.484Z,-USD,000000.755,000000.782,000000.738,6378919.84,000000.771,222684583.57
2021-10-02T22:00:02.619Z,-USD,000000.757,000000.782,000000.738,6354837.57,000000.773,222880160.81
2021-10-02T23:00:02.232Z,-USD,0000000.75,000000.782,000000.738,6234023.72,0000000.77,223070342.73
2021-10-03T00:00:02.159Z,-USD,000000.754,000000.782,000000.738,6453245.38,000000.752,223625558.82
2021-10-03T01:00:02.643Z,-USD,000000.765,000000.782,000000.738,6358632.57,000000.744,214555087.43
2021-10-03T02:00:02.455Z,-USD,000000.756,000000.782,000000.738,6241277.91,000000.752,214871164.38
2021-10-03T03:00:02.212Z,-USD,000000.753,000000.782,000000.738,5941334.24,000000.752,214998405.16
2021-10-03T04:00:02.056Z,-USD,000000.741,000000.782,000000.738,5483775.17,000000.757,215090714.56
2021-10-03T05:00:02.271Z,-USD,000000.742,000000.782,000000.738,5328262.87,0000000.76,215140221.84
2021-10-03T06:00:01.704Z,-USD,000000.742,000000.782,000000.738,5269232.24,000000.764,215229119.53
2021-10-03T07:00:02.137Z,-USD,000000.747,000000.782,000000.738,5265655.64,000000.769,215449728.46
2021-10-03T08:00:01.747Z,-USD,000000.754,000000.782,000000.738,5218222.56,000000.763,215633925.99
2021-10-03T09:00:02.23Z,-USD,000000.748,000000.782,000000.738,5231525.99,000000.762,215708576.02
2021-10-03T10:00:01.83Z,-USD,000000.758,000000.782,000000.738,5321412.32,000000.756,215920880.35
2021-10-03T11:00:02.311Z,-USD,000000.753,000000.782,000000.738,5492056.77,0000000.76,216392246.15
2021-10-03T12:00:02.605Z,-USD,000000.752,000000.782,000000.738,5259475.81,000000.762,216512280.29
2021-10-03T13:00:02.294Z,-USD,000000.758,000000.782,000000.738,5460753.57,000000.759,216838153.0
2021-10-03T14:00:02.107Z,-USD,0000000.76,000000.782,000000.738,5392217.39,000000.764,216992623.9
2021-10-03T15:00:01.771Z,-USD,000000.766,000000.782,000000.738,5398573.33,000000.761,217122223.0
2021-10-03T16:00:02.635Z,-USD,000000.769,000000.782,000000.738,5366837.65,000000.753,217353204.65
2021-10-03T17:00:02.595Z,-USD,0000000.77,000000.782,000000.738,5293989.33,000000.757,217444229.33
2021-10-03T18:00:02.164Z,-USD,000000.774,000000.782,000000.738,5203981.92,0000000.76,217635504.72
2021-10-03T19:00:02.339Z,-USD,000000.771,000000.782,000000.738,5381579.83,000000.768,218112856.96
2021-10-03T20:00:02.394Z,-USD,000000.781,000000.782,000000.738,5273098.85,000000.766,218229069.17
2021-10-03T21:00:02.153Z,-USD,000000.771,000000.778,000000.738,05537116.7,000000.757,218712121.86
2021-10-03T22:00:02.068Z,-USD,000000.774,000000.778,000000.738,5544643.44,0000000.75,218915303.47
2021-10-03T23:00:01.757Z,-USD,000000.769,000000.776,000000.738,5628606.78,000000.758,219191441.5
2021-10-04T00:00:01.766Z,-USD,000000.752,000000.772,000000.738,5281446.95,000000.764,219412123.92
2021-10-04T01:00:01.911Z,-USD,000000.743,000000.772,000000.739,5181046.11,000000.756,210947314.07
2021-10-04T02:00:02.161Z,-USD,000000.751,000000.772,000000.745,05097502.1,000000.753,211156332.8
2021-10-04T03:00:02.437Z,-USD,000000.752,000000.772,000000.742,05385788.6,000000.744,211566899.54
2021-10-04T04:00:02.577Z,-USD,000000.757,000000.772,000000.736,5601302.99,000000.737,211875766.12
2021-10-04T05:00:02.206Z,-USD,0000000.76,000000.772,000000.722,5927247.88,0000000.74,212250072.49
2021-10-04T06:00:02.478Z,-USD,000000.764,000000.772,000000.722,06054416.9,000000.747,212475912.53
2021-10-04T07:00:02.295Z,-USD,000000.769,000000.772,000000.722,5968191.21,000000.746,212600540.46
2021-10-04T08:00:02.455Z,-USD,000000.762,000000.788,000000.722,06999347.8,000000.777,213815888.28
2021-10-04T09:00:02.365Z,-USD,0000000.76,000000.794,000000.722,7659802.75,000000.783,214555595.53
2021-10-04T10:00:02.176Z,-USD,000000.757,000000.797,000000.722,8269272.71,000000.791,215374917.33
2021-10-04T11:00:02.405Z,-USD,000000.759,00000000.8,000000.722,8408936.74,000000.799,215997607.76
2021-10-04T12:00:02.181Z,-USD,000000.764,000000.805,000000.722,09901341.9,000000.799,217609667.64
2021-10-04T13:00:03.229Z,-USD,000000.759,000000.829,000000.722,11267903.59,000000.823,219320986.4
2021-10-04T14:00:02.249Z,-USD,000000.766,000000.829,000000.722,12248169.68,00000000.8,220423473.49
2021-10-04T15:00:02.514Z,-USD,000000.762,000000.829,000000.722,12794670.05,000000.771,221101952.07
2021-10-04T16:00:01.811Z,-USD,000000.754,000000.829,000000.722,13861853.06,000000.781,222400624.13
2021-10-04T17:00:01.975Z,-USD,000000.758,000000.829,000000.722,14958649.8,000000.789,223585967.46
2021-10-04T18:00:02.628Z,-USD,000000.763,000000.829,000000.722,15235563.26,000000.794,224054186.11
2021-10-04T19:00:02.19Z,-USD,000000.769,000000.829,000000.722,15283780.14,000000.781,224579287.4
2021-10-04T20:00:02.612Z,-USD,000000.766,000000.829,000000.722,15508245.65,000000.775,224933346.3
2021-10-04T21:00:02.314Z,-USD,000000.756,000000.829,000000.722,15755114.58,000000.767,225657515.11
2021-10-04T22:00:02.616Z,-USD,000000.749,000000.829,000000.722,15787464.05,000000.763,225888548.21
2021-10-04T23:00:01.945Z,-USD,0000000.76,000000.829,000000.722,15759093.81,0000000.76,226133669.09
2021-10-05T00:00:01.829Z,-USD,000000.768,000000.829,000000.722,16249438.99,000000.766,226891050.33
2021-10-05T01:00:01.97Z,-USD,000000.753,000000.829,000000.722,16344459.83,000000.763,221658013.98
2021-10-05T02:00:02.235Z,-USD,000000.754,000000.829,000000.722,16691023.58,000000.756,222211778.98
2021-10-05T03:00:02.364Z,-USD,000000.741,000000.829,000000.722,16503532.42,000000.754,222449753.79
2021-10-05T04:00:02.384Z,-USD,000000.734,000000.829,000000.722,16358564.64,000000.758,222629789.31
2021-10-05T05:00:01.837Z,-USD,000000.739,000000.829,000000.737,16173319.41,000000.749,222789936.34
2021-10-05T06:00:01.692Z,-USD,000000.741,000000.829,000000.737,16008880.8,000000.757,222852958.62
2021-10-05T07:00:02.624Z,-USD,000000.743,000000.829,000000.742,16012963.04,000000.762,222984099.09
2021-10-05T08:00:02.359Z,-USD,000000.784,000000.829,000000.748,14827882.54,0000000.76,223066690.5
2021-10-05T09:00:02.454Z,-USD,000000.786,000000.829,000000.748,14207413.43,000000.769,223188801.32
2021-10-05T10:00:02.347Z,-USD,000000.796,000000.829,000000.748,13578210.46,000000.776,223364989.19
2021-10-05T11:00:02.138Z,-USD,000000.798,000000.829,000000.748,13263996.31,000000.768,223677654.91
2021-10-05T12:00:02.334Z,-USD,000000.799,000000.829,000000.748,11888955.83,0000000.77,223883875.38
2021-10-05T13:00:02.277Z,-USD,000000.825,000000.826,000000.748,10354960.7,000000.769,224062289.67
2021-10-05T14:00:02.345Z,-USD,000000.804,000000.808,000000.748,9556778.94,0000000.77,224357011.31
2021-10-05T15:00:02.507Z,-USD,000000.773,000000.802,000000.742,9871276.77,000000.753,225347302.36
2021-10-05T16:00:02.682Z,-USD,000000.788,000000.802,000000.742,9063778.29,000000.753,225879673.96
2021-10-05T17:00:02.625Z,-USD,000000.793,00000000.8,000000.742,8519669.07,000000.758,226475760.69
2021-10-05T18:00:02.044Z,-USD,000000.795,000000.798,000000.742,8507462.16,000000.757,226938195.78
2021-10-05T19:00:02.356Z,-USD,000000.782,000000.783,000000.742,8204259.09,000000.766,227160221.53
2021-10-05T20:00:02.651Z,-USD,000000.777,000000.778,000000.742,8273388.34,000000.765,227574542.45
2021-10-05T21:00:01.92Z,-USD,000000.764,000000.779,000000.742,7916968.97,000000.776,227939648.37
2021-10-05T22:00:02.228Z,-USD,000000.762,0000000.78,000000.742,7879986.24,000000.777,228134354.39
2021-10-05T23:00:02.554Z,-USD,0000000.76,000000.783,000000.742,7932407.31,000000.777,228438819.87
2021-10-06T00:00:02.48Z,-USD,000000.767,000000.784,000000.742,7385336.47,000000.781,228650209.18
2021-10-06T01:00:03.848Z,-USD,000000.762,000000.795,000000.742,7394984.46,0000000.78,222372912.63
2021-10-06T02:00:02.558Z,-USD,000000.757,000000.795,000000.742,7239842.36,000000.772,222772119.84
2021-10-06T03:00:02.558Z,-USD,000000.754,000000.795,000000.742,7163501.25,000000.773,222943943.7
2021-10-06T04:00:02.525Z,-USD,000000.759,000000.795,000000.742,7292486.44,000000.765,223245756.73
2021-10-06T05:00:02.242Z,-USD,000000.751,000000.795,000000.742,7507807.96,000000.763,223617762.37
2021-10-06T06:00:02.1Z,-USD,000000.755,000000.795,000000.742,7568617.09,000000.764,223751511.82
2021-10-06T07:00:01.857Z,-USD,000000.764,000000.795,000000.742,7563459.78,000000.761,223867137.31
2021-10-06T08:00:01.881Z,-USD,000000.761,000000.795,000000.742,7671058.62,000000.756,224061296.36
2021-10-06T09:00:01.785Z,-USD,000000.767,000000.795,000000.721,8133184.21,000000.735,224659390.71
2021-10-06T10:00:01.918Z,-USD,000000.773,000000.795,000000.721,8405448.82,000000.736,225097506.11
2021-10-06T11:00:02.583Z,-USD,000000.768,000000.795,000000.721,8307405.23,000000.742,225312063.62
2021-10-06T12:00:02.527Z,-USD,0000000.77,000000.795,000000.721,8584145.95,000000.741,225790786.51
2021-10-06T13:00:02.795Z,-USD,000000.769,000000.795,000000.721,8721839.44,000000.752,226114461.26
2021-10-06T14:00:02.037Z,-USD,000000.769,000000.795,000000.721,9249506.47,000000.766,226946727.18
2021-10-06T15:00:01.789Z,-USD,000000.752,000000.795,000000.721,8642306.53,000000.774,227313486.39
2021-10-06T16:00:02.198Z,-USD,000000.753,000000.795,000000.721,8393324.01,000000.773,227599053.5
2021-10-06T17:00:02.432Z,-USD,000000.756,000000.795,000000.721,8162273.62,000000.777,227961485.55
2021-10-06T18:00:02.61Z,-USD,000000.757,000000.795,000000.721,07823245.2,000000.776,228089963.3
2021-10-06T19:00:02.044Z,-USD,000000.763,000000.795,000000.721,7787439.41,000000.773,228267772.09
2021-10-06T20:00:02.302Z,-USD,000000.766,000000.795,000000.721,7562348.03,000000.769,228462708.19
2021-10-06T21:00:02.267Z,-USD,000000.778,000000.795,000000.721,07533054.5,000000.759,228793350.68
2021-10-06T22:00:02.387Z,-USD,000000.776,000000.795,000000.721,7496361.11,000000.766,228950754.59
2021-10-06T23:00:02.252Z,-USD,0000000.78,000000.795,000000.721,7597334.21,000000.773,229365221.6
2021-10-07T00:00:02.344Z,-USD,000000.781,000000.795,000000.721,07747768.0,000000.774,229718547.58
2021-10-07T01:00:02.619Z,-USD,000000.782,000000.782,000000.721,7638283.35,000000.764,202517694.21
2021-10-07T02:00:01.765Z,-USD,000000.774,000000.779,000000.721,7718080.19,000000.755,202996667.07
2021-10-07T03:00:01.924Z,-USD,000000.771,000000.779,000000.721,7750457.05,000000.756,203203516.16
2021-10-07T04:00:01.977Z,-USD,000000.764,000000.779,000000.721,7754330.34,000000.753,203521810.5
2021-10-07T05:00:01.982Z,-USD,000000.762,000000.779,000000.721,7624588.14,000000.764,203749609.4
2021-10-07T06:00:02.06Z,-USD,000000.765,000000.779,000000.721,7710932.67,000000.763,203972812.92
2021-10-07T07:00:02.06Z,-USD,0000000.76,000000.779,000000.721,7798589.32,000000.764,204173792.59
2021-10-07T08:00:01.954Z,-USD,000000.758,000000.779,000000.721,7784182.62,000000.774,204350192.81
2021-10-07T09:00:02.462Z,-USD,000000.732,000000.781,000000.728,7444950.17,0000000.78,204617599.25
2021-10-07T10:00:01.882Z,-USD,000000.735,000000.781,000000.732,07208976.0,000000.769,204826591.78
2021-10-07T11:00:02.552Z,-USD,0000000.74,000000.781,000000.737,7123296.88,000000.762,204940264.36
2021-10-07T12:00:02.381Z,-USD,000000.741,000000.781,0000000.74,7026610.48,000000.771,205321924.24
2021-10-07T13:00:02.003Z,-USD,000000.751,000000.781,000000.746,6867412.54,000000.765,205486722.87
2021-10-07T14:00:02.354Z,-USD,000000.765,000000.781,000000.746,6255959.13,000000.771,205714910.3
2021-10-07T15:00:02.174Z,-USD,000000.777,000000.781,000000.746,6162046.38,000000.759,206002607.36
2021-10-07T16:00:02.337Z,-USD,000000.774,000000.781,000000.746,6158286.21,000000.759,206272295.31
2021-10-07T17:00:02.827Z,-USD,000000.777,000000.781,000000.746,06063810.1,000000.759,206531537.2
2021-10-07T18:00:02.286Z,-USD,000000.776,000000.781,000000.746,6136685.02,000000.756,206742422.61
2021-10-07T19:00:02.466Z,-USD,000000.768,000000.781,000000.746,6070688.95,000000.758,206848806.92
2021-10-07T20:00:02.612Z,-USD,0000000.77,000000.781,000000.746,6205434.77,000000.765,207188358.39
2021-10-07T21:00:02.671Z,-USD,000000.758,000000.781,000000.746,06063379.2,000000.771,207364718.24
2021-10-07T22:00:02.414Z,-USD,000000.764,000000.781,000000.746,6014937.03,000000.769,207485883.61
2021-10-07T23:00:01.81Z,-USD,000000.771,000000.781,000000.746,5946522.69,000000.776,207822023.18
2021-10-08T00:00:02.056Z,-USD,000000.775,000000.781,000000.746,5831100.01,0000000.77,208055746.79
2021-10-08T01:00:02.337Z,-USD,000000.763,0000000.79,000000.746,05957230.3,000000.786,194062663.25
2021-10-08T02:00:02.461Z,-USD,000000.756,000000.793,000000.748,5696288.68,000000.788,194281112.03
2021-10-08T03:00:02.42Z,-USD,000000.756,000000.793,000000.748,05751477.9,000000.782,194544844.71
2021-10-08T04:00:02.64Z,-USD,000000.752,000000.793,000000.749,5653204.06,000000.784,194766182.8
2021-10-08T05:00:02.097Z,-USD,000000.764,000000.801,000000.752,5995725.98,000000.794,195332597.99
2021-10-08T06:00:02.779Z,-USD,000000.765,000000.802,000000.752,6264675.26,000000.798,195825555.53
2021-10-08T07:00:01.68Z,-USD,000000.763,000000.807,000000.752,6368948.77,000000.805,196137836.01
2021-10-08T08:00:02.649Z,-USD,000000.774,0000000.81,000000.752,06550743.6,000000.802,196488143.55
2021-10-08T09:00:01.806Z,-USD,000000.779,0000000.81,000000.752,6511372.16,000000.806,196720433.77
2021-10-08T10:00:02.664Z,-USD,000000.771,0000000.81,000000.752,6541286.38,000000.802,196955034.43
2021-10-08T11:00:02.738Z,-USD,000000.764,0000000.81,000000.752,6524588.32,000000.802,197054439.1
2021-10-08T12:00:01.729Z,-USD,000000.771,0000000.81,000000.752,6294428.71,000000.798,197203556.12
2021-10-08T13:00:01.748Z,-USD,000000.765,0000000.81,000000.752,6494611.32,000000.795,197568952.03
2021-10-08T14:00:01.788Z,-USD,000000.772,0000000.81,000000.752,06474163.1,000000.787,197780651.11
2021-10-08T15:00:01.932Z,-USD,000000.757,0000000.81,000000.752,6310880.34,00000000.8,197906523.85
2021-10-08T16:00:01.733Z,-USD,0000000.76,0000000.81,000000.752,6230901.37,000000.796,198102227.78
2021-10-08T17:00:02.074Z,-USD,000000.761,0000000.81,000000.754,6122997.58,000000.798,198243870.49
2021-10-08T18:00:02.349Z,-USD,000000.756,0000000.81,000000.754,6115848.18,000000.796,198445362.0
2021-10-08T19:00:02.991Z,-USD,000000.758,0000000.81,000000.758,6407940.37,000000.806,198844276.22
2021-10-08T20:00:02.668Z,-USD,000000.767,0000000.81,000000.763,6751099.84,000000.803,199528358.13
2021-10-08T21:00:01.935Z,-USD,000000.772,0000000.81,000000.763,6782923.62,000000.789,199735990.39
2021-10-08T22:00:02.123Z,-USD,000000.768,0000000.81,000000.763,6800662.06,000000.788,199876046.91
2021-10-08T23:00:02.58Z,-USD,000000.774,0000000.81,000000.764,6858610.78,000000.799,200268573.45
2021-10-09T00:00:01.744Z,-USD,000000.772,000000.814,000000.769,7315934.77,000000.814,200961986.7
2021-10-09T01:00:01.779Z,-USD,000000.787,000000.823,000000.776,7922619.72,000000.816,194892948.77
2021-10-09T02:00:01.757Z,-USD,000000.791,000000.823,000000.776,8133499.31,000000.802,195328311.24
2021-10-09T03:00:01.973Z,-USD,000000.783,000000.823,000000.779,8297052.25,000000.812,195747334.46
2021-10-09T04:00:02.461Z,-USD,000000.788,000000.824,000000.783,08349922.3,000000.823,196026955.64
2021-10-09T05:00:02.076Z,-USD,000000.798,000000.831,000000.783,8269362.53,000000.829,196530009.72
2021-10-09T06:00:02.058Z,-USD,000000.801,000000.831,000000.783,8161998.65,000000.821,196938547.15
2021-10-09T07:00:01.978Z,-USD,000000.808,000000.831,000000.783,8046053.36,000000.818,197124873.55
2021-10-09T08:00:01.965Z,-USD,000000.805,000000.831,000000.783,7903340.14,000000.817,197318692.16
2021-10-09T09:00:01.831Z,-USD,000000.808,000000.831,000000.783,7804691.59,0000000.81,197430087.42
2021-10-09T10:00:01.974Z,-USD,000000.802,000000.831,000000.783,7695142.35,000000.814,197555713.12
2021-10-09T11:00:02.63Z,-USD,000000.803,000000.831,000000.783,7730156.89,000000.816,197691713.43
2021-10-09T12:00:02.557Z,-USD,000000.798,000000.831,000000.783,7957043.41,000000.808,198070347.51
2021-10-09T13:00:02.488Z,-USD,000000.798,000000.831,000000.783,7754993.84,000000.812,198230809.02
2021-10-09T14:00:02.565Z,-USD,000000.788,000000.831,000000.783,7793149.64,000000.823,198478646.65
2021-10-09T15:00:02.382Z,-USD,000000.802,000000.837,000000.783,8069889.37,0000000.83,198891600.42
2021-10-09T16:00:01.741Z,-USD,000000.797,000000.837,000000.783,08132856.0,000000.826,199140391.27
2021-10-09T17:00:02.433Z,-USD,000000.797,000000.837,000000.783,08367199.0,000000.824,199516979.36
2021-10-09T18:00:01.824Z,-USD,000000.797,000000.837,000000.783,8317290.25,000000.831,199676034.91
2021-10-09T19:00:02.075Z,-USD,000000.808,000000.837,000000.783,8122370.64,0000000.83,199871229.24
2021-10-09T20:00:01.879Z,-USD,000000.803,000000.837,000000.783,7588136.52,000000.827,200028998.54
2021-10-09T21:00:02.673Z,-USD,000000.789,000000.837,000000.784,7539110.88,000000.828,200179730.38
2021-10-09T22:00:02.583Z,-USD,000000.789,000000.837,000000.785,7452462.57,000000.831,200250852.78
2021-10-09T23:00:02.295Z,-USD,000000.802,000000.837,000000.797,07301940.2,000000.831,200475472.83
2021-10-10T00:00:02.547Z,-USD,000000.812,0000000.84,000000.797,7095371.24,0000000.84,201030164.58
2021-10-10T01:00:02.553Z,-USD,000000.822,000000.842,000000.797,6520916.24,000000.816,195396610.41
2021-10-10T02:00:02.552Z,-USD,000000.802,000000.842,000000.797,6297495.32,000000.813,195605583.68
2021-10-10T03:00:01.861Z,-USD,000000.816,000000.842,000000.805,6033470.27,000000.816,195786480.97
2021-10-10T04:00:01.882Z,-USD,000000.825,000000.842,000000.805,5883922.82,000000.816,195891964.2
2021-10-10T05:00:02.18Z,-USD,000000.828,000000.842,000000.805,5426905.67,000000.819,195952563.44
2021-10-10T06:00:02.301Z,-USD,000000.823,000000.842,000000.805,5210766.31,000000.817,196153435.69
2021-10-10T07:00:02.218Z,-USD,000000.819,000000.842,000000.805,5103626.97,0000000.82,196210576.36
2021-10-10T08:00:02.251Z,-USD,000000.817,000000.842,000000.805,04966047.8,000000.817,196259402.99
2021-10-10T09:00:02.179Z,-USD,000000.812,000000.842,000000.805,4943183.26,000000.821,196375744.67
2021-10-10T10:00:02.269Z,-USD,000000.814,000000.842,000000.805,4914314.44,000000.812,196495521.6
2021-10-10T11:00:02.648Z,-USD,000000.819,000000.842,000000.805,4841271.53,0000000.81,196522665.01
2021-10-10T12:00:07.664Z,-USD,0000000.81,000000.842,000000.805,4511624.09,000000.809,196561957.6
2021-10-10T13:00:02.71Z,-USD,000000.813,000000.842,000000.802,4443442.34,000000.804,196651066.94
2021-10-10T14:00:01.793Z,-USD,000000.822,000000.842,000000.802,4302270.26,000000.804,196759615.0
2021-10-10T15:00:02.025Z,-USD,000000.833,000000.842,000000.802,3961982.24,000000.807,196835824.32
2021-10-10T16:00:02.139Z,-USD,000000.829,000000.842,000000.802,03777981.1,000000.806,196905242.88
2021-10-10T17:00:02.385Z,-USD,000000.828,000000.842,00000000.8,3538511.61,000000.802,197056274.16
2021-10-10T18:00:02.252Z,-USD,000000.832,000000.842,000000.791,03638931.2,000000.797,197296580.24
2021-10-10T19:00:02.349Z,-USD,000000.832,000000.842,000000.791,3559116.55,000000.798,197415174.21
2021-10-10T20:00:02.364Z,-USD,000000.825,000000.842,000000.791,3571348.11,000000.796,197583112.12
2021-10-10T21:00:02.48Z,-USD,000000.831,000000.842,000000.791,3589070.74,000000.793,197748724.39
2021-10-10T22:00:02.666Z,-USD,000000.828,000000.842,000000.772,3951947.06,000000.781,198277801.54
2021-10-10T23:00:02.191Z,-USD,000000.831,000000.842,000000.772,3901446.05,000000.781,198357292.87
2021-10-11T00:00:02.154Z,-USD,0000000.84,000000.842,000000.766,3555763.64,000000.771,198574571.63
2021-10-11T01:00:02.527Z,-USD,000000.814,000000.824,000000.758,03406832.6,000000.775,196409863.44
2021-10-11T02:00:02.635Z,-USD,0000000.81,000000.824,000000.758,3879312.58,000000.788,197091055.01
2021-10-11T03:00:02.558Z,-USD,000000.814,000000.824,000000.758,3854875.72,000000.787,197252374.36
2021-10-11T04:00:01.875Z,-USD,000000.816,000000.824,000000.758,3963369.35,000000.789,197462452.5
2021-10-11T05:00:02.204Z,-USD,0000000.82,000000.824,000000.758,4039987.15,0000000.79,197602855.96
2021-10-11T06:00:02.139Z,-USD,000000.817,000000.824,000000.758,3981339.37,0000000.79,197738139.28
2021-10-11T07:00:02.069Z,-USD,0000000.82,000000.824,000000.758,4432926.01,000000.792,198249536.54
2021-10-11T08:00:02.235Z,-USD,000000.818,000000.824,000000.758,04573457.4,000000.794,198436903.73
2021-10-11T09:00:02.208Z,-USD,000000.821,000000.821,000000.758,4591151.72,000000.792,198573384.96
2021-10-11T10:00:02.067Z,-USD,000000.811,000000.813,000000.758,4518052.08,000000.791,198627036.0
2021-10-11T11:00:02.16Z,-USD,000000.811,000000.812,000000.758,4677940.91,0000000.78,198805412.59
2021-10-11T12:00:02.145Z,-USD,000000.809,000000.811,000000.758,4853558.52,000000.774,199019170.3
2021-10-11T13:00:02.285Z,-USD,000000.807,000000.811,000000.758,4892922.15,000000.776,199148174.9
2021-10-11T14:00:02.568Z,-USD,000000.804,000000.811,000000.758,5046306.94,0000000.78,199414630.47
2021-10-11T15:00:01.913Z,-USD,000000.809,000000.809,000000.758,5205596.71,000000.776,199646757.26
2021-10-11T16:00:02.399Z,-USD,000000.804,000000.807,000000.758,5291771.45,0000000.77,199801736.6
2021-10-11T17:00:02.792Z,-USD,000000.801,000000.802,000000.758,5280595.47,000000.769,199943316.33
2021-10-11T18:00:02.105Z,-USD,000000.795,000000.802,000000.758,5156463.56,000000.765,200070645.03
2021-10-11T19:00:02.186Z,-USD,000000.797,000000.802,000000.757,5267145.67,000000.764,200311282.08
2021-10-11T20:00:02.657Z,-USD,000000.795,000000.802,000000.754,05390217.1,000000.755,200577671.64
2021-10-11T21:00:01.781Z,-USD,000000.792,000000.799,000000.746,05621444.3,0000000.75,200983863.2
2021-10-11T22:00:02.029Z,-USD,000000.777,000000.799,000000.745,5202280.81,000000.756,201087280.56
2021-10-11T23:00:02.517Z,-USD,0000000.78,000000.799,000000.745,5200623.92,000000.759,201162675.88
2021-10-12T00:00:01.841Z,-USD,000000.768,000000.799,000000.745,5087763.44,000000.762,201266507.95
2021-10-12T01:00:02.656Z,-USD,000000.775,000000.799,000000.744,5066615.08,000000.751,196524968.07
2021-10-12T02:00:02.318Z,-USD,000000.788,000000.799,000000.744,4556527.32,0000000.75,196709979.42
2021-10-12T03:00:01.942Z,-USD,000000.786,000000.799,000000.735,4563429.11,000000.738,196864428.49
2021-10-12T04:00:02.146Z,-USD,000000.788,000000.799,000000.727,4640752.64,000000.732,197155819.15
2021-10-12T05:00:02.04Z,-USD,000000.788,000000.799,000000.727,4657594.01,000000.741,197309492.61
2021-10-12T06:00:02.041Z,-USD,0000000.79,000000.799,000000.727,4648707.48,000000.736,197436622.55
2021-10-12T07:00:02.005Z,-USD,000000.792,000000.799,000000.727,4195331.75,000000.732,197493347.58
2021-10-12T08:00:02.023Z,-USD,000000.796,000000.799,000000.727,4063782.47,000000.735,197549170.57
2021-10-12T09:00:01.857Z,-USD,000000.792,000000.793,000000.727,4016924.43,000000.736,197638786.19
2021-10-12T10:00:02.173Z,-USD,0000000.79,000000.793,000000.716,4204421.46,000000.721,197884462.35
2021-10-12T11:00:02.102Z,-USD,000000.777,000000.781,000000.715,4198365.45,000000.722,198059824.57
2021-10-12T12:00:04.158Z,-USD,000000.774,000000.781,000000.715,4058268.77,000000.728,198166652.29
2021-10-12T13:00:02.162Z,-USD,000000.778,000000.781,000000.712,4121478.03,000000.718,198320702.59
2021-10-12T14:00:02.326Z,-USD,0000000.78,0000000.78,000000.712,4039026.98,000000.736,198510869.85
2021-10-12T15:00:02.526Z,-USD,000000.774,000000.775,000000.712,4176527.32,000000.729,198877506.95
2021-10-12T16:00:02.687Z,-USD,0000000.77,000000.772,000000.712,4197859.45,000000.738,199051948.67
2021-10-12T17:00:02.293Z,-USD,000000.766,0000000.77,000000.712,4152120.65,000000.745,199153370.54
2021-10-12T18:00:02.619Z,-USD,000000.765,000000.766,000000.712,4140593.88,000000.732,199272226.33
2021-10-12T19:00:01.827Z,-USD,000000.762,000000.766,000000.712,4013375.67,000000.739,199374325.12
2021-10-12T20:00:02.18Z,-USD,000000.753,000000.763,000000.712,3829894.16,000000.733,199456750.93
2021-10-12T21:00:02.512Z,-USD,0000000.75,000000.763,000000.712,3679043.49,000000.743,199713823.89
2021-10-12T22:00:02.088Z,-USD,000000.755,000000.763,000000.712,3660016.89,000000.742,199795795.34
2021-10-12T23:00:02.493Z,-USD,000000.759,000000.763,000000.712,3639608.46,000000.746,199855440.35
2021-10-13T00:00:01.744Z,-USD,000000.761,000000.761,000000.712,3706259.46,000000.753,200021466.87
2021-10-13T01:00:02.208Z,-USD,000000.748,000000.758,000000.712,3687430.97,000000.756,193705718.0
2021-10-13T02:00:02.689Z,-USD,000000.751,000000.758,000000.712,3616825.28,000000.753,193815032.37
2021-10-13T03:00:01.885Z,-USD,000000.738,000000.758,000000.712,3593329.94,000000.756,193946474.22
2021-10-13T04:00:01.985Z,-USD,000000.733,000000.758,000000.712,03374372.6,000000.756,194032005.19
2021-10-13T05:00:02.285Z,-USD,000000.739,0000000.76,000000.712,3403114.32,000000.755,194205476.02
2021-10-13T06:00:02.133Z,-USD,000000.737,0000000.76,000000.712,3705264.99,000000.736,194630090.1
2021-10-13T07:00:02.124Z,-USD,000000.732,0000000.76,000000.712,3799928.46,000000.741,194786552.76
2021-10-13T08:00:02.214Z,-USD,000000.737,0000000.76,000000.712,3869058.65,000000.735,194906847.33
2021-10-13T09:00:02.105Z,-USD,000000.737,0000000.76,000000.712,03979111.3,000000.738,195106140.7
2021-10-13T10:00:02.579Z,-USD,000000.721,0000000.76,000000.712,3805510.66,000000.743,195189456.68
2021-10-13T11:00:02.093Z,-USD,000000.723,0000000.76,000000.712,3690210.26,000000.742,195242818.44
2021-10-13T12:00:02.298Z,-USD,000000.729,0000000.76,000000.712,3646118.78,000000.747,195301536.06
2021-10-13T13:00:01.833Z,-USD,0000000.72,0000000.76,0000000.72,3628898.09,000000.753,195441014.85
2021-10-13T14:00:01.99Z,-USD,000000.735,0000000.76,000000.725,3574323.59,000000.743,195575472.35
2021-10-13T15:00:02.007Z,-USD,000000.733,0000000.76,000000.725,3444777.57,000000.746,195815068.82
2021-10-13T16:00:02.355Z,-USD,000000.739,0000000.76,000000.727,3433771.23,000000.751,195974177.64
2021-10-13T17:00:01.918Z,-USD,000000.745,0000000.76,000000.727,3493105.49,0000000.75,196138652.71
2021-10-13T18:00:02.304Z,-USD,000000.735,0000000.76,000000.727,3532722.17,000000.752,196293579.63
2021-10-13T19:00:02.617Z,-USD,000000.736,0000000.76,000000.727,3647135.55,0000000.75,196509737.75
2021-10-13T20:00:02.707Z,-USD,000000.734,0000000.76,000000.727,3655097.48,000000.754,196600064.61
2021-10-13T21:00:02.185Z,-USD,000000.744,000000.761,000000.731,3568869.91,000000.759,196773165.58
2021-10-13T22:00:02.473Z,-USD,000000.742,000000.764,000000.731,3603488.45,000000.763,196887548.16
2021-10-13T23:00:01.978Z,-USD,000000.746,000000.769,000000.731,3644852.73,000000.768,196988472.44
2021-10-14T00:00:02.046Z,-USD,000000.753,000000.769,000000.731,3647881.19,000000.768,197158530.7
2021-10-14T01:00:05.243Z,-USD,000000.757,0000000.77,000000.731,3663548.15,000000.761,194034761.73
2021-10-14T02:00:03.006Z,-USD,000000.755,0000000.77,000000.731,3751323.05,000000.767,194229269.36
2021-10-14T03:00:02.7Z,-USD,000000.758,0000000.77,000000.731,3721076.37,000000.768,194330675.37
2021-10-14T04:00:02.047Z,-USD,000000.755,000000.771,000000.731,3732584.44,000000.769,194427553.48
2021-10-14T05:00:02.507Z,-USD,000000.754,000000.773,000000.731,3698632.34,000000.772,194572187.89
2021-10-14T06:00:02.568Z,-USD,000000.732,000000.777,000000.731,03500905.4,000000.772,194798064.67
2021-10-14T07:00:02.595Z,-USD,000000.742,000000.777,000000.732,3445646.25,000000.774,194895771.8
2021-10-14T08:00:02.577Z,-USD,000000.735,000000.778,000000.735,3529612.01,000000.772,195099440.16
2021-10-14T09:00:02.551Z,-USD,000000.738,000000.778,000000.735,03416220.2,000000.776,195185293.98
2021-10-14T10:00:01.905Z,-USD,000000.744,000000.778,000000.737,3479243.69,000000.777,195331642.17
2021-10-14T11:00:02.068Z,-USD,000000.743,000000.778,000000.737,3494083.75,000000.773,195403960.42
2021-10-14T12:00:02.265Z,-USD,000000.747,000000.784,000000.737,3834884.81,000000.782,195799392.17
2021-10-14T13:00:02.14Z,-USD,000000.751,000000.789,000000.737,4056873.35,000000.779,196162942.03
2021-10-14T14:00:02.068Z,-USD,000000.742,000000.789,000000.737,4058631.87,000000.778,196297752.17
2021-10-14T15:00:02.441Z,-USD,000000.746,000000.789,000000.746,4033424.13,000000.784,196517497.56
2021-10-14T16:00:04.16Z,-USD,0000000.75,000000.789,000000.747,4126003.14,000000.781,196772816.05
2021-10-14T17:00:02.106Z,-USD,000000.749,000000.789,000000.748,4331746.52,000000.771,197135449.8
2021-10-14T18:00:02.311Z,-USD,000000.753,000000.789,000000.748,4330837.29,000000.778,197296557.57
2021-10-14T19:00:02.462Z,-USD,000000.749,000000.789,000000.749,4289854.27,000000.775,197473817.57
2021-10-14T20:00:07.559Z,-USD,000000.755,000000.789,000000.751,4419916.85,000000.771,197682911.48
2021-10-14T21:00:10.523Z,-USD,000000.759,000000.789,000000.758,4330448.02,0000000.77,197766761.27
2021-10-14T22:00:14.151Z,-USD,000000.762,000000.789,000000.759,4340048.51,000000.776,197890874.35
2021-10-14T23:00:12.339Z,-USD,000000.768,000000.789,000000.759,4271035.38,000000.775,197924619.21
2021-10-15T00:00:17.239Z,-USD,000000.769,000000.789,000000.759,4312695.24,000000.773,198135272.57
2021-10-15T01:00:12.464Z,-USD,0000000.76,000000.789,000000.757,4405775.33,0000000.76,194698404.41
2021-10-15T02:00:12.334Z,-USD,000000.766,000000.789,000000.752,04621475.9,0000000.76,195107954.37
2021-10-15T03:00:11.185Z,-USD,0000000.77,000000.789,000000.752,4742341.56,0000000.77,195329928.48
2021-10-15T04:00:22.641Z,-USD,0000000.77,000000.789,000000.752,4930086.42,000000.772,195614535.31
2021-10-15T05:00:10.149Z,-USD,0000000.77,000000.789,000000.752,5018025.37,0000000.77,195856169.22
2021-10-15T06:00:07.409Z,-USD,000000.774,000000.789,000000.752,5041574.32,000000.771,196105037.06
2021-10-15T07:00:03.474Z,-USD,000000.776,000000.789,000000.752,5171761.42,000000.763,196326488.31
2021-10-15T08:00:03.829Z,-USD,000000.773,000000.789,000000.752,5134190.74,000000.761,196497573.69
2021-10-15T09:00:02.657Z,-USD,000000.776,000000.789,000000.741,5528951.71,000000.743,196971175.49
2021-10-15T10:00:02.516Z,-USD,000000.777,000000.789,000000.736,5770294.86,000000.748,197371760.31
2021-10-15T11:00:04.493Z,-USD,000000.774,000000.789,000000.736,5911368.82,000000.751,197607981.97
2021-10-15T12:00:04.313Z,-USD,000000.784,000000.789,000000.736,5759066.96,000000.752,197815399.96
2021-10-15T13:00:03.096Z,-USD,0000000.78,000000.789,000000.736,6089701.57,000000.753,198509552.11
2021-10-15T14:00:08.91Z,-USD,000000.779,000000.789,000000.736,6225484.39,000000.749,198796782.31
2021-10-15T15:00:10.762Z,-USD,000000.783,000000.786,000000.736,6518450.77,000000.747,199301596.28
2021-10-15T16:00:10.703Z,-USD,000000.782,000000.786,000000.736,6524014.13,000000.748,199561582.74
2021-10-15T17:00:09.903Z,-USD,000000.772,000000.782,000000.736,6698689.27,000000.749,200093702.48
2021-10-15T18:00:08.961Z,-USD,000000.778,000000.778,000000.736,7218716.57,000000.759,200772311.19
2021-10-15T19:00:02.023Z,-USD,000000.774,000000.777,000000.736,7314769.65,000000.762,201045679.89
2021-10-15T20:00:02.445Z,-USD,000000.771,000000.777,000000.736,7405382.81,000000.765,201348336.02
2021-10-15T21:00:02.621Z,-USD,000000.769,000000.777,000000.736,7931369.73,000000.767,201959844.77
2021-10-15T22:00:01.816Z,-USD,000000.776,000000.777,000000.736,8091009.09,000000.759,202238904.42
2021-10-15T23:00:02.561Z,-USD,000000.775,000000.777,000000.736,8253330.22,0000000.76,202436110.51
2021-10-16T00:00:01.776Z,-USD,000000.775,000000.776,000000.736,08429482.3,000000.757,202831349.55
2021-10-16T01:00:10.841Z,-USD,000000.761,000000.776,000000.736,9091155.37,000000.763,197776232.56
2021-10-16T02:00:11.121Z,-USD,000000.759,000000.776,000000.736,9261053.93,000000.762,198355359.45
2021-10-16T03:00:11.374Z,-USD,0000000.77,000000.776,000000.736,9301907.17,000000.768,198618345.53
2021-10-16T04:00:23.43Z,-USD,000000.775,000000.775,000000.736,9234512.79,000000.763,198845006.77
2021-10-16T05:00:09.936Z,-USD,0000000.77,000000.773,000000.736,9362379.55,000000.759,199209910.02
2021-10-16T06:00:10.923Z,-USD,000000.771,000000.772,000000.736,9320700.29,000000.762,199414053.41
2021-10-16T07:00:08.629Z,-USD,000000.763,000000.771,000000.736,9251951.27,000000.764,199611524.81
2021-10-16T08:00:02.213Z,-USD,000000.759,000000.771,000000.736,9179621.51,000000.764,199674199.98
2021-10-16T09:00:02.128Z,-USD,000000.741,000000.771,000000.736,8813803.35,000000.769,199783280.74
2021-10-16T10:00:02.706Z,-USD,000000.746,000000.771,000000.741,8676116.01,0000000.77,200043305.93
2021-10-16T11:00:03.731Z,-USD,000000.748,000000.777,000000.743,8545844.39,000000.773,200150253.47
2021-10-16T12:00:02.202Z,-USD,0000000.75,000000.778,000000.743,8461498.56,000000.778,200271578.48
2021-10-16T13:00:11.501Z,-USD,000000.751,0000000.78,000000.743,8187407.34,000000.763,200686248.21
2021-10-16T14:00:11.199Z,-USD,000000.749,0000000.78,000000.743,8102266.98,000000.767,200896279.21
2021-10-16T15:00:17.788Z,-USD,000000.745,0000000.78,000000.744,7776538.41,0000000.77,201069410.24
2021-10-16T16:00:11.248Z,-USD,000000.746,0000000.78,000000.744,7773830.75,000000.772,201321790.76
2021-10-16T17:00:10.684Z,-USD,0000000.75,0000000.78,000000.749,7434660.11,000000.771,201529537.94
2021-10-16T18:00:10.018Z,-USD,000000.758,0000000.78,000000.754,7089057.02,0000000.77,201864872.73
2021-10-16T19:00:11.792Z,-USD,000000.762,0000000.78,000000.754,06975132.4,000000.772,202007716.45
2021-10-16T20:00:10.055Z,-USD,000000.762,0000000.78,000000.754,6926517.49,000000.772,202264634.53
2021-10-16T21:00:02.455Z,-USD,000000.765,000000.843,000000.754,10397680.03,0000000.83,206349589.1
2021-10-16T22:00:02.416Z,-USD,000000.758,000000.871,000000.756,14064534.21,000000.819,210333966.19
2021-10-16T23:00:02.255Z,-USD,0000000.76,000000.871,000000.756,15056484.3,000000.803,211486976.51
2021-10-17T00:00:01.695Z,-USD,000000.756,000000.871,000000.756,15062334.75,000000.806,211880990.55
2021-10-17T01:00:11.042Z,-USD,000000.764,000000.871,000000.756,14539215.23,000000.805,209186792.73
2021-10-17T02:00:11.159Z,-USD,000000.762,000000.871,000000.756,14149774.68,000000.803,209374950.72
2021-10-17T03:00:11.036Z,-USD,000000.768,000000.871,000000.756,14304212.46,0000000.79,209800129.9
2021-10-17T04:00:42.256Z,-USD,000000.758,000000.871,000000.756,13925562.63,000000.795,210003912.85
2021-10-17T05:00:08.356Z,-USD,000000.758,000000.871,000000.756,14289255.47,000000.797,210367605.69
2021-10-17T06:00:09.229Z,-USD,000000.762,000000.871,000000.756,14576856.74,000000.784,210862074.56
2021-10-17T07:00:09.424Z,-USD,000000.764,000000.871,000000.756,14560075.21,000000.789,211040343.5
2021-10-17T08:00:08.545Z,-USD,000000.765,000000.871,000000.756,14681227.56,000000.789,211227631.12
2021-10-17T09:00:09.307Z,-USD,000000.769,000000.871,000000.756,14684377.92,0000000.79,211336132.25
2021-10-17T10:00:09.766Z,-USD,000000.771,000000.871,000000.756,14495919.85,000000.792,211419028.31
2021-10-17T11:00:10.085Z,-USD,000000.775,000000.871,000000.756,14465637.66,0000000.79,211488448.25
2021-10-17T12:00:08.446Z,-USD,000000.778,000000.871,000000.756,14449547.2,000000.788,211589562.29
2021-10-17T13:00:11.507Z,-USD,000000.763,000000.871,000000.758,14254410.44,000000.778,211810361.98
2021-10-17T14:00:09.855Z,-USD,000000.769,000000.871,000000.765,14282259.41,000000.783,212048211.99
2021-10-17T15:00:09.417Z,-USD,000000.772,000000.871,000000.765,14219573.31,000000.781,212157413.36
2021-10-17T16:00:08.9Z,-USD,000000.773,000000.871,000000.765,14180032.19,0000000.77,212384155.15
2021-10-17T17:00:02.403Z,-USD,000000.776,000000.871,000000.765,14146479.84,0000000.77,212580258.5
2021-10-17T18:00:03.747Z,-USD,000000.772,000000.871,000000.766,13907505.08,000000.773,212652101.71
2021-10-17T19:00:01.935Z,-USD,000000.776,000000.871,000000.766,13881730.79,000000.774,212793099.18
2021-10-17T20:00:02.498Z,-USD,000000.776,000000.871,000000.763,13736011.92,000000.766,212974510.19
2021-10-17T21:00:02.149Z,-USD,000000.832,000000.871,000000.738,10609276.52,000000.748,213867264.25
2021-10-17T22:00:02.532Z,-USD,000000.819,000000.821,000000.738,6918882.92,000000.763,214193688.22
2021-10-17T23:00:01.82Z,-USD,000000.807,000000.817,000000.738,6021652.85,000000.765,214395694.5
2021-10-18T00:00:08.546Z,-USD,000000.809,000000.814,000000.738,5761016.81,000000.766,214540600.51
2021-10-18T01:00:02.724Z,-USD,000000.808,000000.814,000000.738,5523611.45,0000000.77,212564736.2
2021-10-18T02:00:01.902Z,-USD,000000.803,000000.806,000000.738,05460898.5,000000.769,212746349.96
2021-10-18T03:00:01.983Z,-USD,000000.792,000000.806,000000.738,5317456.05,000000.765,212970650.53
2021-10-18T04:00:02.164Z,-USD,000000.794,000000.806,000000.738,05299039.1,000000.758,213153009.77
2021-10-18T05:00:01.742Z,-USD,000000.798,000000.798,000000.738,5063630.55,0000000.76,213282537.06
2021-10-18T06:00:01.777Z,-USD,000000.784,000000.797,000000.738,4705727.58,000000.763,213418919.76
2021-10-18T07:00:01.706Z,-USD,0000000.79,000000.797,000000.738,04615836.9,000000.759,213508995.16
2021-10-18T08:00:02.552Z,-USD,000000.789,000000.794,000000.738,4528335.75,000000.755,213606933.7
2021-10-18T09:00:02.451Z,-USD,000000.789,000000.794,000000.738,4535431.53,000000.755,213722042.19
2021-10-18T10:00:02.248Z,-USD,000000.794,000000.794,000000.738,4604655.21,000000.752,213874420.84
2021-10-18T11:00:02.559Z,-USD,000000.792,000000.794,000000.738,4641812.75,000000.751,213980374.87
2021-10-18T12:00:02.461Z,-USD,000000.786,000000.788,000000.738,4635345.54,000000.746,214075392.87
2021-10-18T13:00:02.581Z,-USD,000000.778,000000.785,000000.738,4658975.31,000000.743,214319886.43
2021-10-18T14:00:01.943Z,-USD,000000.784,000000.784,000000.737,4662437.52,000000.751,214562642.6
2021-10-18T15:00:02.116Z,-USD,000000.782,000000.782,000000.737,4697175.66,000000.748,214717447.48
2021-10-18T16:00:02.353Z,-USD,0000000.77,000000.775,000000.737,4608040.74,000000.746,214844467.53
2021-10-18T17:00:01.827Z,-USD,000000.773,000000.775,000000.737,4620953.18,000000.743,215051708.34
2021-10-18T18:00:02.355Z,-USD,000000.771,000000.775,000000.737,4745456.69,000000.744,215248858.0
2021-10-18T19:00:02.229Z,-USD,000000.774,000000.775,000000.737,4772916.62,000000.744,215416082.72
2021-10-18T20:00:02.515Z,-USD,000000.765,000000.772,000000.737,4821405.61,000000.747,215647989.92
2021-10-18T21:00:01.852Z,-USD,000000.745,000000.772,000000.737,4137255.06,000000.749,215867052.76
2021-10-18T22:00:02.585Z,-USD,000000.764,000000.772,000000.737,03942359.8,000000.748,215993955.71
2021-10-18T23:00:01.997Z,-USD,000000.761,000000.772,000000.737,3818768.23,000000.749,216065670.96
2021-10-19T00:00:02.07Z,-USD,000000.765,000000.772,000000.737,3767340.45,000000.748,216175671.8
2021-10-19T01:00:02.499Z,-USD,000000.769,000000.771,000000.737,3799331.74,000000.744,213778842.88
2021-10-19T02:00:01.899Z,-USD,000000.768,0000000.77,000000.737,03730735.5,000000.751,213899678.1
2021-10-19T03:00:02.276Z,-USD,000000.762,000000.764,000000.737,3599578.76,000000.752,213984944.18
2021-10-19T04:00:02.483Z,-USD,000000.757,000000.764,000000.737,3740777.02,0000000.76,214307948.61
2021-10-19T05:00:01.823Z,-USD,000000.761,000000.764,000000.737,3812281.61,000000.758,214516025.4
2021-10-19T06:00:02.691Z,-USD,000000.763,000000.764,000000.737,3878602.61,000000.758,214711702.15
2021-10-19T07:00:01.891Z,-USD,0000000.76,000000.764,000000.737,4007681.59,000000.757,214930875.06
2021-10-19T08:00:01.966Z,-USD,000000.757,000000.764,000000.737,4009697.27,000000.757,215033112.43
2021-10-19T09:00:02.439Z,-USD,000000.754,000000.767,000000.737,4059704.91,000000.764,215195982.71
2021-10-19T10:00:02.336Z,-USD,0000000.75,0000000.77,000000.737,04007606.3,000000.767,215296406.13
2021-10-19T11:00:02.348Z,-USD,000000.752,0000000.77,000000.737,3980313.98,000000.762,215374796.7
2021-10-19T12:00:02.418Z,-USD,000000.746,0000000.77,000000.737,3975392.26,000000.762,215465191.36
2021-10-19T13:00:02.461Z,-USD,000000.743,0000000.77,000000.737,3751248.01,000000.759,215546536.93
2021-10-19T14:00:02.569Z,-USD,000000.751,0000000.77,000000.738,3828169.99,000000.755,215805388.27
2021-10-19T15:00:01.94Z,-USD,000000.747,0000000.77,000000.738,3957212.61,000000.752,216090893.2
2021-10-19T16:00:02.246Z,-USD,000000.746,0000000.77,000000.738,4097102.06,000000.756,216358388.06
2021-10-19T17:00:02.619Z,-USD,000000.741,0000000.77,000000.738,4333144.28,000000.754,216800041.67
2021-10-19T18:00:02.691Z,-USD,000000.741,0000000.77,000000.738,4227189.57,000000.753,216890390.44
2021-10-19T19:00:02.283Z,-USD,000000.742,0000000.77,000000.738,4162269.45,000000.751,217002013.05
2021-10-19T20:00:02.68Z,-USD,000000.745,0000000.77,000000.742,4231478.86,000000.747,217299292.61
2021-10-19T21:00:02.531Z,-USD,000000.747,0000000.77,000000.739,4346632.87,000000.742,217628057.88
2021-10-19T22:00:02.312Z,-USD,000000.749,0000000.77,000000.739,4484541.56,000000.749,217894413.89
2021-10-19T23:00:02.548Z,-USD,000000.749,0000000.77,000000.739,4673441.86,000000.765,218154355.09
2021-10-20T00:00:02.423Z,-USD,0000000.75,000000.778,000000.739,4979971.55,000000.773,218569871.56
2021-10-20T01:00:02.584Z,-USD,000000.747,000000.778,000000.739,5263292.05,000000.773,206557794.33
2021-10-20T02:00:02.668Z,-USD,000000.752,000000.783,000000.739,5562021.65,000000.773,206978033.86
2021-10-20T03:00:02.542Z,-USD,000000.754,000000.787,000000.739,5765177.17,000000.783,207266355.57
2021-10-20T04:00:02.569Z,-USD,000000.758,000000.793,000000.739,6045389.86,000000.777,207869145.54
2021-10-20T05:00:01.718Z,-USD,000000.762,000000.793,000000.739,6172879.86,000000.786,208210371.3
2021-10-20T06:00:02.82Z,-USD,000000.758,000000.793,000000.739,6222476.19,000000.781,208449736.84
2021-10-20T07:00:02.601Z,-USD,000000.758,000000.793,000000.739,6133349.19,000000.783,208591706.39
2021-10-20T08:00:02.315Z,-USD,000000.765,000000.793,000000.739,6105185.98,000000.781,208724793.29
2021-10-20T09:00:02.178Z,-USD,000000.767,000000.793,000000.739,6066042.01,000000.778,208785601.97
2021-10-20T10:00:02.107Z,-USD,000000.767,000000.793,000000.739,6014436.64,000000.779,208826656.48
2021-10-20T11:00:04.304Z,-USD,000000.762,000000.793,000000.739,6253269.03,000000.782,209143589.07
2021-10-20T12:00:01.956Z,-USD,000000.763,000000.793,000000.739,6249840.46,000000.784,209231370.05
2021-10-20T13:00:01.795Z,-USD,000000.761,000000.793,000000.739,6280569.72,000000.788,209349243.74
2021-10-20T14:00:02.204Z,-USD,000000.755,000000.795,000000.739,6567282.76,000000.793,209888265.53
2021-10-20T15:00:02.133Z,-USD,000000.752,000000.804,000000.739,6793696.97,000000.799,210400155.69
2021-10-20T16:00:02.191Z,-USD,000000.759,000000.806,000000.739,7028525.66,000000.804,210912232.05
2021-10-20T17:00:01.752Z,-USD,000000.754,000000.809,000000.739,07033522.1,000000.804,211351978.93
2021-10-20T18:00:02.711Z,-USD,000000.754,000000.809,000000.739,7237688.22,000000.802,211660441.72
2021-10-20T19:00:02.04Z,-USD,000000.751,000000.809,000000.739,7368025.77,000000.805,211892425.09
2021-10-20T20:00:01.881Z,-USD,000000.747,000000.816,000000.739,7410828.43,000000.814,212240542.25
2021-10-20T21:00:02.216Z,-USD,000000.742,000000.845,000000.742,8466526.09,000000.831,213610329.79
2021-10-20T22:00:02.297Z,-USD,000000.749,000000.845,000000.748,8814532.78,0000000.81,214225464.14
2021-10-20T23:00:01.822Z,-USD,000000.767,000000.845,000000.764,8882862.55,000000.813,214563687.02
2021-10-21T00:00:02.66Z,-USD,000000.773,000000.845,000000.768,8996474.97,000000.816,215083241.78
2021-10-21T01:00:02.187Z,-USD,000000.775,000000.845,000000.771,8763994.49,000000.818,204258604.74
2021-10-21T02:00:02.795Z,-USD,000000.778,000000.845,000000.774,8946263.56,000000.817,204801567.78
2021-10-21T03:00:02.201Z,-USD,000000.786,000000.845,000000.774,9102997.89,000000.816,205248096.56
2021-10-21T04:00:02.146Z,-USD,000000.777,000000.845,000000.774,8683946.13,000000.812,205444654.94
2021-10-21T05:00:02.629Z,-USD,000000.787,000000.845,000000.776,8683236.94,000000.811,205789820.06
2021-10-21T06:00:02.524Z,-USD,000000.781,000000.845,000000.776,8810424.97,000000.817,206136534.78
2021-10-21T07:00:02.385Z,-USD,000000.783,000000.845,000000.776,9376002.31,000000.808,206850718.64
2021-10-21T08:00:02.232Z,-USD,0000000.78,000000.845,000000.776,9349503.92,000000.813,206954403.07
2021-10-21T09:00:02.008Z,-USD,0000000.78,000000.845,000000.777,9372983.03,000000.818,207036856.58
2021-10-21T10:00:01.763Z,-USD,0000000.78,000000.845,000000.777,9509640.23,000000.825,207209409.62
2021-10-21T11:00:02.084Z,-USD,000000.781,000000.845,0000000.78,9389501.57,000000.824,207420948.9
2021-10-21T12:00:01.931Z,-USD,000000.785,000000.845,000000.783,10363164.78,000000.807,208468196.22
2021-10-21T13:00:01.776Z,-USD,000000.789,000000.845,000000.787,10596293.82,000000.807,208824450.55
2021-10-21T14:00:02.654Z,-USD,000000.794,000000.845,000000.792,10329791.79,000000.808,209093148.58
2021-10-21T15:00:01.791Z,-USD,000000.797,000000.845,000000.792,10252542.41,000000.795,209529362.45
2021-10-21T16:00:02.014Z,-USD,000000.804,000000.845,0000000.78,10327124.79,000000.791,210115694.38
2021-10-21T17:00:02.369Z,-USD,000000.804,000000.845,0000000.78,10282246.85,000000.787,210513545.95
2021-10-21T18:00:02.593Z,-USD,000000.802,000000.845,0000000.78,10169907.51,000000.785,210703513.62
2021-10-21T19:00:02.51Z,-USD,000000.804,000000.845,0000000.78,10261068.81,000000.793,211027232.57
2021-10-21T20:00:02.655Z,-USD,000000.813,000000.845,0000000.78,10045052.4,000000.793,211180099.89
2021-10-21T21:00:01.929Z,-USD,000000.828,000000.834,0000000.78,08897000.4,000000.795,211383488.34
2021-10-21T22:00:02.08Z,-USD,0000000.81,000000.834,0000000.78,8389975.52,000000.795,211491978.76
2021-10-21T23:00:02.468Z,-USD,000000.818,000000.834,0000000.78,8050851.34,000000.789,211546673.2
2021-10-22T00:00:02.626Z,-USD,000000.814,000000.834,0000000.78,7711298.13,000000.787,211668683.26
2021-10-22T01:00:09.309Z,-USD,000000.817,000000.834,0000000.78,7539612.89,000000.797,205200604.02
2021-10-22T02:00:07.275Z,-USD,000000.817,000000.828,0000000.78,7179934.77,000000.798,205387274.0
2021-10-22T03:00:02.234Z,-USD,000000.813,000000.828,0000000.78,7007056.68,000000.795,205658672.6
2021-10-22T04:00:01.852Z,-USD,000000.811,000000.828,0000000.78,7195201.77,000000.802,206042259.46
2021-10-22T05:00:02.652Z,-USD,000000.809,000000.828,0000000.78,7217817.54,000000.806,206425794.95
2021-10-22T06:00:02.402Z,-USD,000000.813,000000.828,0000000.78,7135322.57,000000.803,206680557.07
2021-10-22T07:00:02.05Z,-USD,000000.807,000000.828,0000000.78,6525399.19,000000.801,206778535.05
2021-10-22T08:00:01.781Z,-USD,0000000.81,000000.828,0000000.78,6458990.68,000000.804,206816267.65
2021-10-22T09:00:02.57Z,-USD,000000.817,000000.828,0000000.78,6476482.02,000000.805,206917180.05
2021-10-22T10:00:02.161Z,-USD,000000.825,000000.828,0000000.78,6344427.77,000000.801,206984716.85
2021-10-22T11:00:02.351Z,-USD,000000.824,000000.828,0000000.78,6223294.47,000000.802,207051467.62
2021-10-22T12:00:01.743Z,-USD,000000.802,000000.818,0000000.78,5278063.06,000000.809,207169935.66
2021-10-22T13:00:02.639Z,-USD,000000.808,000000.818,0000000.78,5053616.87,000000.811,207279361.64
2021-10-22T14:00:02.466Z,-USD,000000.808,000000.814,0000000.78,5079464.41,000000.801,207574805.12
2021-10-22T15:00:01.819Z,-USD,000000.796,000000.814,0000000.78,5219898.05,000000.795,208153663.19
2021-10-22T16:00:01.939Z,-USD,000000.792,000000.814,000000.785,4956689.11,000000.789,208490754.07
2021-10-22T17:00:02.393Z,-USD,000000.788,000000.814,000000.776,4914671.41,000000.791,208834148.73
2021-10-22T18:00:02.025Z,-USD,000000.788,000000.814,000000.776,4919081.74,000000.784,209023996.0
2021-10-22T19:00:02.161Z,-USD,000000.793,000000.814,000000.776,4738676.84,000000.785,209168313.36
2021-10-22T20:00:02.173Z,-USD,000000.796,000000.814,000000.776,4755012.08,000000.784,209336650.0
2021-10-22T21:00:02.418Z,-USD,000000.794,000000.814,000000.776,4774135.16,000000.783,209558801.93
2021-10-22T22:00:02.198Z,-USD,000000.797,000000.814,000000.776,4806163.77,0000000.78,209705041.88
2021-10-22T23:00:02.568Z,-USD,000000.792,000000.814,000000.776,4857184.56,000000.786,209805639.78
2021-10-23T00:00:02.446Z,-USD,000000.789,000000.814,000000.776,4887252.41,0000000.79,209957382.67
2021-10-23T01:00:02.283Z,-USD,00000000.8,000000.814,000000.776,4904862.52,000000.792,202350031.56
2021-10-23T02:00:02.096Z,-USD,000000.796,000000.814,000000.776,4889029.11,000000.791,202494628.63
2021-10-23T03:00:02.102Z,-USD,000000.797,000000.814,000000.776,4706341.62,000000.794,202595845.46
2021-10-23T04:00:02.17Z,-USD,000000.805,000000.814,000000.776,4522405.07,000000.793,202782040.02
2021-10-23T05:00:02.322Z,-USD,000000.808,000000.814,000000.776,4211544.53,000000.798,202860449.62
2021-10-23T06:00:02.227Z,-USD,000000.803,000000.814,000000.776,4071847.52,000000.796,202969896.07
2021-10-23T07:00:02.1Z,-USD,000000.802,000000.814,000000.776,4076852.97,000000.796,203074477.48
2021-10-23T08:00:01.833Z,-USD,000000.805,000000.814,000000.776,4141305.82,000000.794,203175919.56
2021-10-23T09:00:01.76Z,-USD,000000.806,000000.814,000000.776,4132926.05,000000.798,203267755.75
2021-10-23T10:00:02.585Z,-USD,000000.803,000000.814,000000.776,4175861.49,0000000.79,203386094.1
2021-10-23T11:00:01.767Z,-USD,000000.801,000000.814,000000.776,4228769.22,000000.783,203497550.32
2021-10-23T12:00:02.463Z,-USD,0000000.81,000000.814,000000.776,4251528.04,000000.791,203644734.32
2021-10-23T13:00:02.387Z,-USD,000000.811,000000.814,000000.776,4309213.58,000000.791,203806702.63
2021-10-23T14:00:02.271Z,-USD,00000000.8,00000000.8,000000.776,4061118.51,000000.792,203865873.28
2021-10-31T18:00:08.706Z,-USD,000002.544,0000004.99,000002.368,622835054.8,000002.694,1434724160.05
2021-10-31T19:00:01.791Z,-USD,000002.449,0000004.99,000002.368,613296738.86,000002.711,1447693253.4
2021-10-31T20:00:01.778Z,-USD,000002.563,0000004.99,000002.507,632396344.27,000003.411,1483239188.05
2021-10-31T21:00:02.684Z,-USD,0000002.83,0000004.99,000002.557,637344349.42,000003.056,1508347801.98
2021-10-31T22:00:01.709Z,-USD,000003.084,0000004.99,000002.557,592503663.4,0000002.81,1520384997.96
2021-10-31T23:00:03.094Z,-USD,000003.465,0000004.19,000002.557,520601031.6,000002.744,1532908248.9
2021-11-01T00:00:04.868Z,-USD,000003.589,0000004.19,000002.557,466092219.87,000002.907,1541220708.22
2021-11-01T01:00:04.338Z,-USD,000003.681,0000004.19,000002.557,437879424.37,000002.856,1549207617.46
2021-11-01T02:00:03.854Z,-USD,000003.734,000003.915,000002.557,401817567.69,000002.656,1563145175.11
2021-11-01T03:00:03.703Z,-USD,000003.429,000003.887,000002.557,381449200.34,0000002.68,1574496289.83
2021-11-01T04:00:13.388Z,-USD,000003.405,000003.887,000002.557,371191587.15,000002.647,1581220476.05
2021-11-01T05:00:07.284Z,-USD,000003.214,000003.887,000002.557,350339905.26,000002.754,1586937253.39
2021-11-01T06:00:06.049Z,-USD,000003.296,000003.887,000002.557,341835261.59,000002.726,1594386897.55
2021-11-01T07:00:06.388Z,-USD,000003.633,000003.887,000002.557,319883978.86,000002.667,1597936931.38
2021-11-01T08:00:02.266Z,-USD,000003.479,0000003.68,000002.557,308589940.95,000002.792,1602579174.07
2021-11-01T09:00:01.782Z,-USD,000003.422,0000003.68,000002.557,299751159.23,000002.709,1605507032.25
2021-11-01T10:00:02.202Z,-USD,000003.322,0000003.68,000002.557,293802483.28,000002.814,1607979389.13
2021-11-01T11:00:03.213Z,-USD,000003.609,0000003.68,000002.557,297985409.37,0000003.08,1621495242.29
2021-11-01T12:00:02.513Z,-USD,000003.389,000003.471,000002.557,299842642.91,000003.045,1632237815.14
2021-11-01T13:00:02.256Z,-USD,000003.203,00000003.5,000002.557,306755218.99,0000003.37,1647927137.2
2021-11-01T14:00:02.194Z,-USD,000002.991,00000003.5,000002.557,298024546.16,000003.125,1662128620.08
2021-11-01T15:00:02.248Z,-USD,000002.793,00000003.5,000002.557,281910037.82,000003.101,1671512830.38
2021-11-01T16:00:01.801Z,-USD,0000002.81,00000003.5,000002.557,272960312.55,000003.035,1678530638.03
2021-11-01T17:00:03.98Z,-USD,000002.764,00000003.5,000002.557,268077923.98,0000002.99,1687523790.97
2021-11-01T18:00:02.944Z,-USD,000002.683,00000003.5,000002.557,266126316.22,000002.989,1694479947.12
2021-11-01T19:00:02.167Z,-USD,000002.671,00000003.5,00000002.6,263704976.35,000003.072,1705188353.15
2021-11-01T20:00:02.283Z,-USD,000003.377,00000003.5,00000002.6,232863893.22,000003.006,1710071551.18
2021-11-01T21:00:02.427Z,-USD,000003.051,00000003.5,00000002.6,214048202.61,000002.939,1716033743.09
2021-11-01T22:00:02.478Z,-USD,000002.813,00000003.5,00000002.6,206778448.76,000003.003,1720755550.15
2021-11-01T23:00:03.419Z,-USD,000002.759,00000003.5,00000002.6,200681623.52,000003.018,1727235681.77
2021-11-02T00:00:01.929Z,-USD,000002.893,00000003.5,00000002.6,197476415.99,000003.042,1732400464.56
2021-11-02T01:00:01.873Z,-USD,000002.852,00000003.5,00000002.6,196314406.76,000003.325,1740615965.13
2021-11-02T02:00:01.986Z,-USD,000002.677,00000003.5,00000002.6,200375779.91,000003.365,1758534915.98
2021-11-02T03:00:01.903Z,-USD,000002.623,00000003.5,00000002.6,192272097.74,0000003.16,1768414221.38
2021-11-02T04:00:02.082Z,-USD,000002.623,00000003.5,00000002.6,198088206.38,000003.229,1774230330.02
2021-11-02T05:01:03.096Z,-USD,000002.712,00000003.5,000002.651,190982857.18,0000003.11,1780077321.72
2021-11-02T06:00:02.166Z,-USD,000002.712,00000003.5,000002.651,194555082.91,000003.153,1783649547.45
2021-11-02T07:00:01.91Z,-USD,000002.666,00000003.5,000002.657,196719571.23,000003.257,1789344404.59
2021-11-02T08:00:01.852Z,-USD,000002.797,00000003.5,000002.696,195671284.17,000003.183,1792927395.67
2021-11-02T09:00:01.775Z,-USD,000002.707,00000003.5,000002.707,195866203.45,000003.233,1796074160.39
2021-11-02T10:00:01.714Z,-USD,000002.825,00000003.5,000002.797,200172352.07,000003.236,1802874200.11
2021-11-02T11:00:04.183Z,-USD,000003.093,00000003.5,000002.878,190023060.1,000003.272,1806230574.29
2021-11-02T12:00:01.711Z,-USD,000003.037,00000003.5,000002.878,183588324.88,000003.122,1810532016.48
2021-11-02T13:00:02.582Z,-USD,000003.367,000003.469,000002.878,174157095.66,000003.085,1817012188.83
2021-11-02T14:00:02.686Z,-USD,000003.146,000003.448,000002.878,165698183.78,000003.092,1822610720.73
2021-11-02T15:00:02.009Z,-USD,000003.115,000003.448,000002.878,161405278.5,000003.099,1827726387.77
2021-11-02T16:00:02.22Z,-USD,000003.038,000003.448,000002.878,160755204.22,000003.031,1834009456.66
2021-11-02T17:00:03.37Z,-USD,0000002.98,000003.448,000002.878,159138781.01,000003.038,1841366772.2
2021-11-02T18:00:02.126Z,-USD,000002.981,000003.448,000002.907,156838213.97,0000003.07,1846015857.1
2021-11-02T19:00:02.42Z,-USD,000003.069,000003.448,000002.907,150343081.12,000003.046,1850262210.27
2021-11-02T20:00:01.771Z,-USD,000003.029,000003.448,000002.907,148727408.63,000003.063,1853575407.75
2021-11-02T21:00:01.886Z,-USD,000002.943,000003.448,000002.907,146894960.03,000002.997,1857631919.77
2021-11-02T22:00:02.016Z,-USD,0000002.99,000003.448,0000002.92,146897299.2,000003.042,1862372990.17
2021-11-02T23:00:02.751Z,-USD,000003.017,000003.448,0000002.92,144723421.8,000003.072,1866649071.63
2021-11-03T00:00:02.489Z,-USD,000003.035,000003.448,0000002.92,146013015.49,000003.085,1873112025.69
2021-11-03T01:00:02.616Z,-USD,000003.317,000003.448,0000002.92,138267765.76,000003.036,1862859146.61
2021-11-03T02:00:02.352Z,-USD,000003.323,000003.448,000002.903,127370642.13,000002.927,1869874591.72
2021-11-03T03:00:02.521Z,-USD,000003.156,000003.448,0000002.89,122933796.85,000002.923,1875055652.06
2021-11-03T04:00:02.703Z,-USD,000003.235,000003.448,000002.805,122886306.61,000002.871,1880883057.7
2021-11-03T05:00:03.72Z,-USD,000003.116,000003.448,000002.705,122693754.78,000002.732,1886296126.53
2021-11-03T06:00:02.825Z,-USD,000003.154,000003.448,000002.705,123356174.9,000002.865,1890788638.54
2021-11-03T07:00:01.666Z,-USD,000003.267,000003.448,000002.705,120867442.88,000002.873,1893995747.32
2021-11-03T08:00:02.667Z,-USD,000003.192,000003.448,000002.705,119187314.84,000002.847,1895904544.25
2021-11-03T09:00:02.682Z,-USD,000003.234,000003.448,000002.705,118614717.24,000002.846,1898449943.95
2021-11-03T10:00:02.489Z,-USD,000003.234,0000003.29,000002.705,114017328.04,000002.876,1900651441.85
2021-11-03T11:00:04.508Z,-USD,000003.273,000003.273,000002.705,113309048.41,000002.856,1903314555.69
2021-11-03T12:00:01.942Z,-USD,000003.123,000003.234,000002.705,113533448.77,000002.949,1907864211.0
2021-11-03T13:00:01.863Z,-USD,000003.099,000003.234,000002.705,113268833.16,000002.819,1914064406.44
2021-11-03T14:00:01.998Z,-USD,000003.089,000003.234,000002.705,112059413.18,000002.802,1918479866.16
2021-11-03T15:00:02.207Z,-USD,000003.093,000003.234,000002.705,112094118.94,000002.892,1923599755.07
2021-11-03T16:00:01.68Z,-USD,000003.022,000003.234,000002.705,108729154.09,000002.865,1926546971.85
2021-11-03T17:00:03.277Z,-USD,0000003.04,000003.234,000002.705,112278340.47,000003.044,1937398657.8
2021-11-03T18:00:01.882Z,-USD,0000003.07,000003.234,000002.705,112576442.43,000002.981,1942352567.88
2021-11-03T19:00:02.278Z,-USD,000003.046,000003.234,000002.705,113060322.37,000002.913,1947109575.06
2021-11-03T20:00:02.568Z,-USD,000003.062,000003.234,000002.705,113941196.92,000002.883,1951360403.17
2021-11-03T21:00:01.933Z,-USD,000002.985,000003.234,000002.705,112973645.02,000002.877,1954463774.95
