Coin on file:	MATIC
Created by:	chris
Created on:	09/18/2021T03:00:1631948402Z

Recorded,Currency,Open,High,Low,Volume,Last,Volume30day
2021-09-18T03:00:02.659Z,-USD,00001.3685,00001.4416,000001.302,65972384.2,00001.3928,2210627473.9
2021-09-18T04:00:01.983Z,-USD,00001.3841,00001.4416,000001.302,66126391.9,00001.4053,2212588789.2
2021-09-18T05:00:02.052Z,-USD,00001.3911,00001.4416,000001.302,66348752.8,00001.4226,2214233551.5
2021-09-18T06:00:02.083Z,-USD,000001.391,00001.4416,000001.302,66014885.4,00001.4355,2216279346.3
2021-09-18T07:00:02.385Z,-USD,00001.3917,00001.4416,000001.302,66757474.1,00001.4196,2218197862.7
2021-09-18T08:00:02.626Z,-USD,00001.3743,00001.4416,000001.302,66652416.3,00001.4033,2219520113.2
2021-09-18T09:00:01.852Z,-USD,00001.3819,00001.4416,000001.302,67412924.0,00001.3917,2221595238.3
2021-09-18T10:00:01.968Z,-USD,00001.3647,00001.4416,000001.302,67773317.5,00001.3898,2222734436.6
2021-09-18T11:00:02.344Z,-USD,00001.3294,00001.4416,000001.302,63910863.6,00001.3948,2223412213.0
2021-09-18T12:00:02.46Z,-USD,00001.3129,00001.4416,000001.302,61730384.7,00001.3865,2225248325.6
2021-09-18T13:00:02.675Z,-USD,00001.3304,00001.4416,00001.3167,62821571.4,00001.3848,2228664472.0
2021-09-18T14:00:01.88Z,-USD,00001.3258,00001.4416,00001.3241,62268163.2,00001.3889,2230511387.6
2021-09-18T14:27:57.952Z,-USD,00001.3395,00001.4416,00001.3286,61200763.6,00001.3888,2231361843.4
2021-09-18T14:28:37.246Z,-USD,00001.3395,00001.4416,00001.3286,61218816.4,00001.3881,2231379896.2
2021-09-18T14:31:17.504Z,-USD,00001.3395,00001.4416,00001.3286,61246833.8,00001.3899,2231407913.6
2021-09-18T15:00:02.118Z,-USD,00001.3395,00001.4416,00001.3286,61746790.5,00001.3889,2231907870.3
2021-09-18T16:00:02.322Z,-USD,00001.3427,00001.4416,00001.3286,62160670.1,00001.3748,2234223102.1
2021-09-18T17:00:02.107Z,-USD,00001.3652,00001.4416,00001.3286,61123924.4,00001.3619,2235664656.4
2021-09-18T18:00:07.221Z,-USD,00001.3552,00001.4416,00001.3286,60369669.8,000001.375,2237539200.7
2021-09-18T19:00:01.787Z,-USD,00001.3425,00001.4416,00001.3391,59513214.6,00001.3499,2240090020.5
2021-09-18T20:00:02.515Z,-USD,00001.3782,00001.4416,00001.3385,57222087.2,00001.3564,2241878356.9
2021-09-18T21:00:02.121Z,-USD,00001.4078,00001.4416,00001.3368,52900860.0,00001.3506,2243725997.6
2021-09-18T22:00:02.335Z,-USD,00001.4353,0000001.44,00001.3368,49275459.7,0000001.35,2244726590.9
2021-09-18T23:00:01.768Z,-USD,00000001.4,0000001.44,00001.3368,46240543.7,00001.3604,2245796832.8
2021-09-19T00:00:02.394Z,-USD,00001.4231,0000001.44,00001.3368,43379977.1,00001.3665,2246990621.7
2021-09-19T01:00:02.002Z,-USD,00001.4137,0000001.44,00001.3368,41657964.2,00001.3577,2174548515.6
2021-09-19T02:00:02.019Z,-USD,00001.4053,0000001.44,00001.3368,41640547.1,00001.3648,2176441738.4
2021-09-19T03:00:02.664Z,-USD,00001.3927,0000001.44,00001.3368,40631873.5,00001.3632,2177480269.6
2021-09-19T04:00:02.654Z,-USD,00001.4062,0000001.44,00001.3368,39801918.7,00001.3547,2178614334.1
2021-09-19T05:00:02.407Z,-USD,00001.4214,0000001.44,00001.3368,39189860.9,00001.3537,2179655441.5
2021-09-19T06:00:02.187Z,-USD,00001.4373,0000001.44,00001.3368,38009541.0,00001.3643,2180548943.1
2021-09-19T07:00:02.005Z,-USD,00001.4207,000001.423,00001.3368,36990483.5,00001.3608,2181415069.4
2021-09-19T08:00:02.143Z,-USD,00001.4053,00001.4102,00001.3368,36327368.9,00001.3636,2182069895.6
2021-09-19T09:00:01.925Z,-USD,00001.3912,00001.4087,00001.3368,34755015.9,00001.3665,2182571300.2
2021-09-19T10:00:01.868Z,-USD,000001.392,00001.4087,00001.3368,34145680.7,00001.3558,2183129845.0
2021-09-19T11:00:02.48Z,-USD,00001.3944,00001.4087,00001.3368,34356637.3,00001.3473,2183998999.7
2021-09-19T12:00:02.523Z,-USD,00001.3879,00001.4013,00001.3161,36899282.2,00001.3192,2188370667.0
2021-09-19T13:00:02.684Z,-USD,00001.3834,00001.3948,00001.3108,36294205.1,000001.329,2191183152.2
2021-09-19T14:00:02.607Z,-USD,00001.3893,00001.3921,00001.3108,35521288.9,000001.337,2192253731.9
2021-09-19T15:00:02.684Z,-USD,00001.3873,00001.3878,00001.3108,35669744.8,00001.3461,2193803260.2
2021-09-19T16:00:02.634Z,-USD,000001.376,00001.3799,00001.3108,34149197.7,00001.3426,2194593929.0
2021-09-19T17:00:02.62Z,-USD,00001.3613,00001.3785,00001.3108,34001631.2,00001.3394,2195916236.7
2021-09-19T18:00:01.7Z,-USD,000001.374,000001.374,00001.3108,33724058.2,00001.3317,2197515077.8
2021-09-19T19:00:01.839Z,-USD,00001.3472,000001.372,00001.3108,33442033.2,00001.3412,2199780697.0
2021-09-19T20:00:01.841Z,-USD,00001.3589,000001.372,00001.3108,33546404.6,00001.3243,2201647708.6
2021-09-19T21:00:02.299Z,-USD,000001.349,000001.372,00001.3108,32901366.5,00001.3384,2202887247.1
2021-09-19T22:00:02.24Z,-USD,00001.3502,000001.372,00001.3108,33353398.8,00001.3274,2204301890.4
2021-09-19T23:00:02.396Z,-USD,00001.3619,000001.372,00001.3012,34976732.3,00001.3044,2206999741.4
2021-09-20T00:00:01.696Z,-USD,00001.3661,000001.372,00001.3012,35267716.3,00001.3151,2208480221.0
2021-09-20T01:00:01.876Z,-USD,00001.3567,0000001.37,0000001.28,38522995.7,00001.2898,2136324009.6
2021-09-20T02:00:02.151Z,-USD,00001.3658,00001.3685,0000001.28,39105156.5,00001.3034,2138823426.5
2021-09-20T03:00:02.274Z,-USD,00001.3623,00001.3685,00001.2579,42419262.7,00001.2631,2143160533.4
2021-09-20T04:00:02.153Z,-USD,00001.3556,00001.3685,00001.2303,45822293.8,00001.2452,2147702110.3
2021-09-20T05:00:01.965Z,-USD,00001.3549,00001.3685,00001.2284,47866123.3,00001.2511,2150776566.7
2021-09-20T06:00:01.919Z,-USD,00001.3628,00001.3685,00001.2284,49251406.5,00001.2514,2153055952.6
2021-09-20T07:00:02.042Z,-USD,00001.3632,00001.3685,00001.2275,50780481.4,00001.2373,2155461416.7
2021-09-20T08:00:02.121Z,-USD,000001.362,00001.3685,000001.201,54742957.1,00001.2074,2160066256.3
2021-09-20T09:00:01.892Z,-USD,00001.3667,00001.3669,000001.201,58942915.9,000001.228,2164764887.0
2021-09-20T10:00:01.701Z,-USD,00001.3569,00001.3586,000001.201,60800805.1,00001.2121,2167181802.4
2021-09-20T11:00:02.361Z,-USD,00001.3479,00001.3525,000001.201,63010829.4,00001.2076,2170268405.9
2021-09-20T12:00:02.361Z,-USD,00001.3173,00001.3525,000001.136,69039083.8,00001.1539,2180719064.7
2021-09-20T13:00:02.403Z,-USD,00001.3319,00001.3525,00001.0953,76229132.1,00001.1641,2190667078.5
2021-09-20T14:00:02.73Z,-USD,00001.3377,00001.3525,00001.0953,83092185.1,00001.2276,2198600485.9
2021-09-20T15:00:01.832Z,-USD,00001.3449,00001.3512,00001.0953,87802692.2,00001.1975,2204859375.5
2021-09-20T16:00:02.357Z,-USD,00001.3416,00001.3511,00001.0953,93382245.3,00000001.2,2211232463.8
2021-09-20T17:00:02.536Z,-USD,00001.3381,0000001.35,00001.0953,97483937.9,00001.1946,2216674767.5
2021-09-20T18:00:02.544Z,-USD,00001.3311,0000001.35,00001.0953,99761634.3,00001.2057,2220536500.5
2021-09-20T19:00:02.469Z,-USD,00001.3425,00001.3487,00001.0953,103224071.8,00001.1635,2226255329.9
2021-09-20T20:00:02.434Z,-USD,00001.3253,00001.3393,00001.0953,111326715.4,00001.1753,2236238939.5
2021-09-20T21:00:02.46Z,-USD,00001.3386,00001.3388,00001.0953,114985329.1,00001.1493,2241129722.1
2021-09-20T22:00:02.44Z,-USD,00001.3273,00001.3333,00001.0953,116520896.2,00001.1506,2244075295.3
2021-09-20T23:00:02.52Z,-USD,000001.305,00001.3196,00001.0953,117839954.5,00001.1439,2248092042.5
2021-09-21T00:00:02.956Z,-USD,00001.3149,000001.319,00001.0953,121270843.6,00001.1319,2253003220.0
2021-09-21T01:00:02.191Z,-USD,00001.2891,00001.3042,00001.0637,126873637.3,00001.1003,2219420782.0
2021-09-21T02:00:01.777Z,-USD,00001.3009,00001.3037,00001.0637,129286958.0,000001.146,2224308461.3
2021-09-21T03:00:02.103Z,-USD,00001.2595,00001.2645,00001.0637,127827921.6,00001.1576,2227222084.8
2021-09-21T04:00:02.34Z,-USD,00001.2436,000001.262,00001.0637,125883523.0,00001.1453,2229792866.9
2021-09-21T05:00:02.612Z,-USD,00001.2503,000001.262,00001.0637,125085898.1,00001.1302,2232054314.8
2021-09-21T06:00:02.518Z,-USD,0000001.25,00001.2551,00001.0637,125205685.7,00001.1324,2234455649.9
2021-09-21T07:00:02.272Z,-USD,00001.2371,00001.2462,00001.0637,124644220.5,00001.1494,2236296015.3
2021-09-21T08:00:02.419Z,-USD,00001.2087,00001.2345,00001.0637,121967820.2,00001.1674,2238244535.6
2021-09-21T09:00:02.545Z,-USD,00001.2264,00001.2319,00001.0637,120608323.6,00001.1726,2241582435.1
2021-09-21T10:00:02.395Z,-USD,00001.2136,00001.2308,00001.0637,120877529.8,00001.1545,2244295140.9
2021-09-21T11:00:02.6Z,-USD,00001.2073,00001.2308,00001.0637,120568046.2,00001.1675,2247026432.3
2021-09-21T12:00:02.507Z,-USD,00001.1529,00001.2308,00001.0637,112831873.9,00001.1773,2249793520.9
2021-09-21T13:00:02.679Z,-USD,00001.1665,00001.2308,00001.0637,106767402.8,00001.1681,2253646694.1
2021-09-21T14:00:01.857Z,-USD,00001.2279,00001.2279,00001.0637,102020837.2,00001.1651,2256836248.7
2021-09-21T15:00:02.144Z,-USD,00001.1974,00001.2171,00001.0637,99629084.5,00001.1389,2260709547.0
2021-09-21T16:00:02.617Z,-USD,00001.1986,00001.2171,00001.0637,95894443.5,00001.1585,2263373094.3
2021-09-21T17:00:03.462Z,-USD,00001.1954,00001.2095,00001.0637,94718433.5,00001.1233,2267586304.1
2021-09-21T18:00:01.824Z,-USD,00001.2061,000001.207,00001.0637,97887062.6,00001.1061,2274613723.8
2021-09-21T19:00:02.438Z,-USD,00001.1654,00001.1877,00001.0637,98057214.5,00001.1072,2280645045.2
2021-09-21T20:00:02.298Z,-USD,00001.1766,00001.1877,00001.0637,92679982.6,00001.0966,2285124021.6
2021-09-21T21:00:01.766Z,-USD,00001.1495,00001.1877,000001.044,97642064.1,00001.0546,2294978247.5
2021-09-21T22:00:02.225Z,-USD,00001.1509,00001.1877,00001.0148,111306867.4,00001.0687,2311576245.1
2021-09-21T23:00:02.124Z,-USD,00001.1441,00001.1877,00001.0148,114065737.2,00001.0376,2318360708.9
2021-09-22T00:00:02.323Z,-USD,00001.1343,00001.1877,00001.0148,115869547.2,00001.0446,2325126958.1
2021-09-22T01:00:02.686Z,-USD,000001.101,00001.1877,00001.0148,112608060.7,00001.0507,2286691831.4
2021-09-22T02:00:01.838Z,-USD,00001.1456,00001.1877,00001.0148,116579154.7,00001.0808,2295563544.5
2021-09-22T03:00:02.496Z,-USD,00001.1554,00001.1877,00001.0148,118515870.5,0000001.08,2300407259.7
2021-09-22T04:00:01.855Z,-USD,00001.1444,00001.1877,00001.0148,120681057.3,00001.0839,2305137004.3
2021-09-22T05:00:01.961Z,-USD,00001.1299,00001.1877,00001.0148,122301065.3,00001.0741,2309037393.0
2021-09-22T06:00:02.356Z,-USD,00001.1317,00001.1877,00001.0148,124444172.1,00001.1025,2313571868.8
2021-09-22T07:00:02.359Z,-USD,00001.1523,00001.1877,00001.0148,126775100.5,000001.122,2317741810.3
2021-09-22T08:00:02.458Z,-USD,00001.1677,00001.1877,00001.0148,128131169.9,000001.152,2321062824.5
2021-09-22T09:00:03.657Z,-USD,00001.1721,00001.1877,00001.0148,126900968.4,00001.1335,2323156747.7
2021-09-22T10:00:01.805Z,-USD,00001.1555,00001.1877,00001.0148,125579285.6,00001.1402,2324613997.5
2021-09-22T11:00:02.368Z,-USD,00001.1682,00001.1877,00001.0148,125043582.4,00001.1386,2326736109.7
2021-09-22T12:00:02.378Z,-USD,00001.1778,00001.1877,00001.0148,125064471.6,00001.1195,2329576178.7
2021-09-22T13:00:02.638Z,-USD,00001.1665,00001.1799,00001.0148,123352433.1,00001.1282,2331665753.6
2021-09-22T14:00:01.835Z,-USD,000001.166,00001.1689,00001.0148,122880727.2,00001.1404,2334412523.7
2021-09-22T15:00:01.945Z,-USD,000001.138,00001.1627,00001.0148,122533482.9,00001.1494,2337920575.4
2021-09-22T16:00:02.268Z,-USD,00001.1603,00001.1831,00001.0148,124220043.0,00001.1803,2342284668.9
2021-09-22T17:00:02.156Z,-USD,00001.1238,000001.216,00001.0148,125007741.4,00001.2087,2347265381.0
2021-09-22T18:00:02.557Z,-USD,00001.1067,000001.216,00001.0148,120867925.4,00001.1895,2350182031.9
2021-09-22T19:00:02.158Z,-USD,00001.1056,00001.2235,00001.0148,120197964.5,00001.1879,2355509337.2
2021-09-22T20:00:02.676Z,-USD,00001.0945,00001.2235,00001.0148,119196243.2,00001.1992,2359011086.1
2021-09-22T21:00:01.933Z,-USD,00001.0545,00001.2235,00001.0148,112024166.2,00001.2095,2361706275.5
2021-09-22T22:00:02.514Z,-USD,00001.0675,00001.2235,00001.0257,97103925.7,00001.2024,2363376585.9
2021-09-22T23:00:02.005Z,-USD,00001.0421,00001.2235,00001.0257,92944334.2,00001.2083,2365991503.7
2021-09-23T00:00:03.545Z,-USD,00001.0475,00001.2358,00001.0291,88562915.4,00001.2298,2368391269.7
2021-09-23T01:00:02.49Z,-USD,00001.0531,00001.2358,000001.044,85054795.2,00001.2017,2313730485.5
2021-09-23T02:00:02.357Z,-USD,00001.0824,00001.2358,00001.0706,77977929.6,00001.2135,2315501533.5
2021-09-23T03:00:02.712Z,-USD,00001.0768,00001.2358,00001.0726,74437314.9,00001.2218,2316841835.9
2021-09-23T04:00:01.926Z,-USD,00001.0823,00001.2373,00001.0726,72161952.0,00001.2327,2319271666.1
2021-09-23T05:00:02.221Z,-USD,00001.0742,000001.246,00001.0742,70303015.7,00001.2316,2321309017.9
2021-09-23T06:00:02.32Z,-USD,00001.1034,000001.246,00001.0871,67198947.2,000001.231,2322758496.7
2021-09-23T07:00:03.134Z,-USD,00001.1221,000001.246,0000001.11,64213674.3,00001.2393,2323904480.8
2021-09-23T08:00:02.122Z,-USD,00001.1476,000001.246,00001.1128,61622687.8,00001.2384,2324937551.0
2021-09-23T09:00:02.3Z,-USD,00001.1362,000001.246,00001.1128,61786990.2,00001.2111,2326890328.9
2021-09-23T10:00:02.464Z,-USD,00001.1425,000001.246,00001.1128,61806793.5,00001.2123,2328400889.2
2021-09-23T11:00:05.825Z,-USD,00001.1394,000001.246,00001.1128,61937426.5,00001.2038,2330623676.6
2021-09-23T12:00:02.063Z,-USD,00001.1189,000001.246,00001.1165,61551111.0,00001.1867,2333076611.2
2021-09-23T13:00:02.551Z,-USD,00001.1282,000001.246,00001.1256,61234615.7,00001.1973,2334847992.9
2021-09-23T14:00:01.849Z,-USD,00001.1412,000001.246,00001.1357,60561916.2,00001.2191,2336932988.3
2021-09-23T15:00:02.469Z,-USD,00001.1485,000001.246,00001.1484,58830520.6,00001.2221,2338698634.3
2021-09-23T16:00:01.835Z,-USD,00001.1793,000001.246,00001.1727,55993564.3,00001.2011,2340339434.4
2021-09-23T17:00:02.388Z,-USD,00001.2086,000001.246,00001.1775,52856315.3,00001.1996,2342099416.7
2021-09-23T18:00:01.982Z,-USD,00001.1901,000001.246,00001.1775,53391142.1,00001.2321,2345537404.9
2021-09-23T19:00:01.805Z,-USD,00001.1876,000001.246,00001.1775,50268485.2,00001.2263,2347762928.2
2021-09-23T20:00:02.516Z,-USD,00001.2004,000001.246,00001.1775,47770893.3,00001.2251,2348763604.5
2021-09-23T21:00:02.25Z,-USD,000001.209,000001.246,00001.1775,46649926.9,000001.213,2350319105.1
2021-09-23T22:00:02.175Z,-USD,00001.2031,000001.246,00001.1775,45842158.4,00001.2219,2351168320.9
2021-09-23T23:00:01.951Z,-USD,00001.2074,000001.246,00001.1775,44909311.7,00001.2196,2352847582.8
2021-09-24T00:00:02.48Z,-USD,000001.231,000001.246,00001.1775,43622058.1,00001.2251,2353995979.7
2021-09-24T01:00:02.228Z,-USD,00001.2016,000001.246,00001.1775,42296850.2,00001.2165,2314443118.1
2021-09-24T02:00:02.084Z,-USD,00001.2155,000001.246,00001.1775,42014454.8,00001.2044,2315927993.1
2021-09-24T03:00:01.973Z,-USD,00001.2219,000001.246,00001.1775,43066655.0,00001.1942,2318314839.9
2021-09-24T04:00:02.45Z,-USD,00001.2342,000001.246,00001.1775,41907451.1,00001.1907,2319585568.6
2021-09-24T05:00:02.206Z,-USD,00001.2306,00001.2439,00001.1775,41022024.2,00001.1933,2320734564.3
2021-09-24T06:00:02.643Z,-USD,00001.2318,00001.2439,000001.172,41597415.5,00001.1844,2322761761.1
2021-09-24T07:00:02.623Z,-USD,00001.2402,00001.2439,000001.172,41253488.0,00001.1797,2323567459.9
2021-09-24T08:00:01.884Z,-USD,00001.2395,000001.243,000001.172,41991694.3,00001.1965,2325357116.5
2021-09-24T09:00:02.126Z,-USD,000001.211,00001.2348,000001.172,40937599.0,00001.1901,2326244323.6
2021-09-24T10:00:02.248Z,-USD,00001.2113,00001.2348,000001.101,46863064.8,000001.101,2333669743.3
2021-09-24T11:00:02.663Z,-USD,00001.2029,00001.2348,00001.0873,49360477.4,00001.1007,2338389903.6
2021-09-24T12:00:02.133Z,-USD,00001.1892,00001.2348,00001.0542,54475447.1,00001.1056,2345955323.6
2021-09-24T13:00:02.817Z,-USD,00001.1966,00001.2348,00001.0542,56737958.7,00001.0978,2349998568.5
2021-09-24T14:00:02.591Z,-USD,000001.219,00001.2348,00001.0542,58685139.7,00001.1233,2354025752.3
2021-09-24T15:00:02.124Z,-USD,00001.2211,00001.2348,00001.0542,60254627.8,00001.1323,2357408857.7
2021-09-24T16:00:01.961Z,-USD,00001.1988,00001.2348,00001.0542,62004641.9,00001.1167,2360750839.6
2021-09-24T17:00:02.316Z,-USD,00001.1999,00001.2348,00001.0542,62298244.3,00001.1244,2362827706.8
2021-09-24T18:00:02.431Z,-USD,00001.2331,00001.2346,00001.0542,60833074.8,000001.111,2364830462.3
2021-09-24T19:00:02.41Z,-USD,00001.2275,00001.2311,00001.0542,60314503.1,00001.1211,2366480856.2
2021-09-24T20:00:01.732Z,-USD,00001.2254,00001.2311,00001.0542,61047552.2,00001.1284,2368240160.7
2021-09-24T21:00:02.101Z,-USD,00001.2137,00001.2311,00001.0542,61619696.2,00001.1379,2370350270.9
2021-09-24T22:00:02.204Z,-USD,00001.2222,00001.2311,00001.0542,62229130.6,00001.1422,2371800598.4
2021-09-24T23:00:01.997Z,-USD,00001.2187,00001.2311,00001.0542,61645314.7,000001.144,2372903267.4
2021-09-25T00:00:02.169Z,-USD,00001.2254,00001.2311,00001.0542,61401450.4,00001.1279,2373812348.8
2021-09-25T01:00:02.578Z,-USD,00001.2169,00001.2248,00001.0542,60934637.7,00001.1391,2320777165.9
2021-09-25T02:00:01.928Z,-USD,00001.2046,00001.2084,00001.0542,61190939.2,00001.1244,2322500002.6
2021-09-25T03:00:01.987Z,-USD,00001.1949,00001.2071,00001.0542,59866288.5,00001.1223,2323548057.8
2021-09-25T04:00:02.605Z,-USD,00001.1901,00001.2071,00001.0542,59737762.4,00001.1316,2324682323.9
2021-09-25T05:00:02.68Z,-USD,00001.1923,00001.2071,00001.0542,60076363.9,00001.1347,2326170283.8
2021-09-25T06:00:02.668Z,-USD,00001.1844,00001.2071,00001.0542,59735843.7,00001.1241,2327856438.9
2021-09-25T07:00:01.846Z,-USD,00001.1796,00001.2071,00001.0542,60038987.9,00001.1364,2328970236.1
2021-09-25T08:00:01.884Z,-USD,00001.1947,00001.2071,00001.0542,61632926.6,00001.1249,2332362016.3
2021-09-25T09:00:02.034Z,-USD,00001.1907,00001.1907,00001.0542,64908933.4,00001.1106,2336512794.9
2021-09-25T10:00:01.83Z,-USD,00001.1009,000001.152,00001.0542,59024152.7,00001.1255,2338098761.8
2021-09-25T11:00:02.586Z,-USD,00001.0996,000001.152,00001.0542,55246282.2,00001.1277,2339022010.4
2021-09-25T12:00:02.497Z,-USD,00001.1042,000001.152,00001.0841,49178667.1,00001.1226,2340507214.8
2021-09-25T13:00:02.182Z,-USD,00001.1003,000001.152,00001.0841,46409006.5,00001.1201,2341787350.1
2021-09-25T14:00:02.678Z,-USD,00001.1241,000001.152,00001.0841,44198514.1,00001.1271,2343594349.8
2021-09-25T15:00:02.678Z,-USD,00001.1322,000001.152,00001.0841,42511263.0,00001.1146,2345287629.1
2021-09-25T16:00:01.769Z,-USD,00001.1147,000001.152,00001.0841,40355748.6,00001.1276,2346478923.4
2021-09-25T17:00:02.512Z,-USD,000001.124,000001.152,00001.0841,39763134.9,00001.1239,2347949538.2
2021-09-25T18:00:01.743Z,-USD,00001.1135,000001.152,00001.0841,38909301.0,000001.124,2349119571.0
2021-09-25T19:00:01.831Z,-USD,00001.1198,000001.152,00001.0841,38569370.2,00001.1198,2350416466.4
2021-09-25T20:00:02.078Z,-USD,00001.1284,000001.152,00001.0841,38124353.4,00001.1254,2351724071.9
2021-09-25T21:00:02.047Z,-USD,000001.138,000001.152,00001.0841,36941025.3,00001.1228,2352650626.7
2021-09-25T22:00:01.967Z,-USD,00001.1431,000001.145,00001.0841,36115263.2,00001.1184,2353279414.1
2021-09-25T23:00:02.555Z,-USD,000001.141,000001.145,00001.0841,36064858.7,00001.1226,2354340985.7
2021-09-26T00:00:01.749Z,-USD,00001.1268,000001.145,00001.0841,36619355.9,00001.1221,2355803393.4
2021-09-26T01:00:01.825Z,-USD,00001.1378,000001.145,00001.0841,37037408.8,00001.1036,2312233050.3
2021-09-26T02:00:02.1Z,-USD,00001.1226,000001.145,00001.0841,36983351.7,00001.0963,2313905334.4
2021-09-26T03:00:01.99Z,-USD,00001.1227,000001.145,00001.0787,38223059.4,000001.089,2316196765.0
2021-09-26T04:00:02.515Z,-USD,0000001.13,000001.145,00001.0787,38028002.0,00001.0948,2317138576.0
2021-09-26T05:00:01.75Z,-USD,00001.1347,00001.1414,00001.0787,38246395.5,00001.0911,2318844410.0
2021-09-26T06:00:02.535Z,-USD,00001.1229,0000001.14,00001.0731,39136668.8,00001.0765,2321416986.4
2021-09-26T07:00:02.664Z,-USD,00001.1372,0000001.14,00001.0686,39100545.7,00001.0686,2322490528.5
2021-09-26T08:00:02.631Z,-USD,000001.126,0000001.14,00001.0381,40431961.4,00001.0454,2327216813.2
2021-09-26T09:00:02.674Z,-USD,00001.1115,0000001.14,00001.0326,38883105.3,00001.0472,2329827729.0
2021-09-26T10:00:01.845Z,-USD,00001.1253,0000001.14,00001.0326,40375653.1,00001.0996,2332892254.9
2021-09-26T11:00:01.798Z,-USD,00001.1289,00001.1355,00001.0326,41140867.2,00001.1078,2334579212.9
2021-09-26T12:00:02.079Z,-USD,00001.1218,00001.1355,00001.0326,40900682.4,00001.1184,2335825449.4
2021-09-26T13:00:02.198Z,-USD,00001.1208,00001.1429,00001.0326,41323041.6,00001.1349,2337545583.8
2021-09-26T14:00:02.218Z,-USD,000001.125,00001.1429,00001.0326,41408824.7,00001.1284,2339430024.7
2021-09-26T15:00:02.375Z,-USD,00001.1129,00001.1657,00001.0326,44228546.3,00001.1618,2343934550.2
2021-09-26T16:00:02.518Z,-USD,00001.1276,00001.1657,00001.0326,45189402.1,00001.1525,2346084670.8
2021-09-26T17:00:02.496Z,-USD,00001.1225,00001.1682,00001.0326,45668969.7,00001.1538,2348036787.9
2021-09-26T18:00:01.767Z,-USD,00001.1229,00001.1682,00001.0326,46142564.1,00001.1584,2349682389.1
2021-09-26T19:00:01.978Z,-USD,0000001.12,00001.1682,00001.0326,48891701.6,00001.1376,2353739883.0
2021-09-26T20:00:02.12Z,-USD,00001.1276,00001.1682,00001.0326,49484516.3,000001.132,2355644495.2
2021-09-26T21:00:02.114Z,-USD,00001.1234,00001.1682,00001.0326,49977327.5,00001.1391,2357043954.5
2021-09-26T22:00:02.208Z,-USD,00001.1186,00001.1682,00001.0326,50044395.1,00001.1351,2357740995.1
2021-09-26T23:00:02.421Z,-USD,00001.1246,00001.1682,00001.0326,51017461.6,00001.1211,2359776527.8
2021-09-27T00:00:02.585Z,-USD,000001.122,00001.1682,00001.0326,51946103.9,00001.1244,2362166292.7
2021-09-27T01:00:01.792Z,-USD,00001.1073,00001.1682,00001.0326,51882089.6,00001.1461,2336487776.6
2021-09-27T02:00:01.815Z,-USD,00001.0961,00001.1682,00001.0326,52787987.3,00001.1676,2339028749.2
2021-09-27T03:00:01.926Z,-USD,00001.0884,00001.1696,00001.0326,51897179.4,00001.1607,2340425993.3
2021-09-27T04:00:02.541Z,-USD,00001.0958,00001.1696,00001.0326,54947696.1,00001.1474,2344420871.1
2021-09-27T05:00:02.144Z,-USD,00001.0907,00001.1696,00001.0326,54285493.3,00001.1419,2345563426.6
2021-09-27T06:00:02.117Z,-USD,00001.0766,00001.1696,00001.0326,52737929.0,00001.1435,2346490068.5
2021-09-27T07:00:02.227Z,-USD,00001.0696,00001.1696,00001.0326,53140612.0,00001.1262,2347988815.0
2021-09-27T08:00:02.214Z,-USD,00001.0442,00001.1696,00001.0326,49583991.1,0000001.13,2349154020.1
2021-09-27T09:00:02.262Z,-USD,000001.048,00001.1696,00001.0454,47623015.6,00001.1304,2349785247.0
2021-09-27T10:00:02.303Z,-USD,00001.1002,00001.1696,00001.0987,45789131.4,00001.1188,2351011298.8
2021-09-27T11:00:01.866Z,-USD,00001.1074,00001.1696,00001.1055,44837854.9,00001.1261,2351752921.5
2021-09-27T12:00:01.882Z,-USD,00001.1204,00001.1696,00001.1105,44664414.8,00001.1346,2352825327.9
2021-09-27T13:00:02.11Z,-USD,00001.1348,00001.1696,00001.1105,44345402.7,00001.1247,2354224940.7
2021-09-27T14:00:02.199Z,-USD,00001.1293,00001.1696,00001.1105,43474237.8,00001.1236,2355235197.9
2021-09-27T15:00:02.738Z,-USD,00001.1604,00001.1696,00001.1077,40798490.0,00001.1101,2357080327.0
2021-09-27T16:00:02.049Z,-USD,00001.1549,00001.1696,00001.1077,39968637.8,00001.1259,2358391330.1
2021-09-27T17:00:02.063Z,-USD,00001.1526,00001.1696,00001.1007,39701067.4,00001.1062,2360066846.2
2021-09-27T18:00:02.964Z,-USD,00001.1556,00001.1696,00001.1007,39266416.9,000001.108,2361294709.0
2021-09-27T19:00:02.296Z,-USD,00001.1366,00001.1696,00001.1007,36324444.4,000001.108,2362393782.8
2021-09-27T20:00:02.256Z,-USD,00001.1328,00001.1696,00001.1007,35330362.5,00001.1049,2363305771.1
2021-09-27T21:00:02.424Z,-USD,0000001.14,00001.1696,00001.0902,36499685.6,000001.093,2365874162.4
2021-09-27T22:00:02.669Z,-USD,00001.1354,00001.1696,00001.0902,37297830.3,00001.1101,2367367947.4
2021-09-27T23:00:01.766Z,-USD,00001.1173,00001.1696,00001.0902,36813746.3,00001.1062,2368924271.4
2021-09-28T00:00:02.209Z,-USD,00001.1232,00001.1696,00001.0826,38091085.1,000001.085,2372598895.8
2021-09-28T01:00:02.458Z,-USD,00001.1448,00001.1696,00001.0811,38224058.7,00001.0897,2345780850.9
2021-09-28T02:00:01.85Z,-USD,00001.1683,00001.1696,00001.0801,37830646.2,00001.0994,2347945454.0
2021-09-28T03:00:01.975Z,-USD,000001.161,00001.1633,00001.0801,37841722.6,000001.094,2349344884.6
2021-09-28T04:00:02.216Z,-USD,000001.149,00001.1545,00001.0801,34865749.9,000001.102,2350394486.2
2021-09-28T05:00:01.939Z,-USD,00001.1415,00001.1533,00001.0801,34769833.3,00001.1078,2351403476.2
2021-09-28T06:00:02.042Z,-USD,00001.1437,00001.1476,00001.0801,34772983.1,000001.094,2352331179.0
2021-09-28T07:00:02.341Z,-USD,00001.1241,00001.1406,0000001.08,34336644.8,00001.0899,2353416128.1
2021-09-28T08:00:02.528Z,-USD,00001.1278,00001.1406,00001.0734,34210631.8,000001.078,2354444095.2
2021-09-28T09:00:02.378Z,-USD,00001.1302,00001.1406,00001.0696,34897255.6,00001.0783,2355750727.8
2021-09-28T10:00:02.386Z,-USD,00001.1185,00001.1394,00001.0696,34980153.9,00001.0756,2357138586.2
2021-09-28T11:00:02.074Z,-USD,00001.1258,00001.1394,00001.0696,35458271.3,00001.0772,2358279488.9
2021-09-28T12:00:02.338Z,-USD,00001.1331,00001.1394,00001.0696,35661888.1,00001.0865,2359561098.4
2021-09-28T13:00:02.449Z,-USD,00001.1227,00001.1394,00001.0696,35322938.9,00001.0749,2360631662.7
2021-09-28T14:00:02.665Z,-USD,00001.1224,00001.1394,00001.0696,37314489.4,000001.079,2363622111.0
2021-09-28T15:00:01.936Z,-USD,00001.1119,00001.1294,000001.059,38660641.2,00001.0631,2366815344.0
2021-09-28T16:00:02.569Z,-USD,00001.1258,00001.1294,00001.0553,39088999.3,000001.056,2368550747.2
2021-09-28T17:00:02.866Z,-USD,00001.1084,00001.1155,00001.0497,39656428.9,00001.0533,2370792168.9
2021-09-28T18:00:02.31Z,-USD,00001.1086,00001.1144,000001.048,40366502.1,00001.0567,2372732928.2
2021-09-28T19:00:02.452Z,-USD,00001.1088,00001.1135,000001.048,40700169.5,00001.0606,2374166986.9
2021-09-28T20:00:02.524Z,-USD,00001.1035,00001.1135,000001.048,41344690.7,00001.0574,2375744520.7
2021-09-28T21:00:02.277Z,-USD,00001.0934,00001.1135,000001.048,40096633.3,00001.0659,2377051710.1
2021-09-28T22:00:01.703Z,-USD,00001.1106,00001.1135,000001.048,39537302.3,00001.0713,2377990276.2
2021-09-28T23:00:02.446Z,-USD,00001.1064,000001.112,000001.048,39305071.1,00001.0588,2379298033.1
2021-09-29T00:00:02.799Z,-USD,00001.0858,000001.112,00001.0459,37755884.5,00001.0501,2381426894.8
2021-09-29T01:00:02.151Z,-USD,00001.0901,000001.112,00001.0444,37713339.4,00001.0647,2332950880.6
2021-09-29T02:00:01.875Z,-USD,00001.0983,000001.112,00001.0444,36837502.1,00001.0667,2334241174.3
2021-09-29T03:00:02.624Z,-USD,00001.0932,000001.112,00001.0444,36722498.6,000001.075,2335522960.2
2021-09-29T04:00:02.225Z,-USD,00001.1018,000001.112,00001.0444,36945864.6,00001.0881,2336801755.4
2021-09-29T05:00:01.856Z,-USD,00001.1072,00001.1117,00001.0444,38240842.3,00001.0941,2339100012.4
2021-09-29T06:00:02.48Z,-USD,00001.0944,00001.1025,00001.0444,38563619.2,00001.0895,2340349666.1
2021-09-29T07:00:02.046Z,-USD,00001.0911,00001.1025,00001.0444,40042255.6,00001.0932,2342913257.0
2021-09-29T08:00:02.639Z,-USD,00001.0788,00001.1025,00001.0444,39906005.7,00001.0925,2343809336.0
2021-09-29T09:00:02.32Z,-USD,00001.0786,00001.1025,00001.0444,39520941.6,00001.0901,2344726142.7
2021-09-29T10:00:02.706Z,-USD,000001.076,00001.1025,00001.0444,40046756.4,00001.0813,2346662461.2
2021-09-29T11:00:03.436Z,-USD,000001.076,00001.1112,00001.0444,41061468.7,00001.1084,2348809115.0
2021-09-29T12:00:02.427Z,-USD,00001.0864,00001.1112,00001.0444,41354076.4,00001.1097,2350374772.1
2021-09-29T13:00:02.041Z,-USD,00001.0749,00001.1119,00001.0444,43123203.1,00001.0924,2353207623.5
2021-09-29T14:00:02.192Z,-USD,00001.0786,00001.1119,00001.0444,42784765.9,000001.094,2355860270.3
2021-09-29T15:00:02.089Z,-USD,00001.0634,00001.1119,00001.0444,41803515.3,000001.101,2358076874.2
2021-09-29T16:00:01.756Z,-USD,00001.0553,00001.1119,00001.0444,42629620.0,00001.0861,2360638984.4
2021-09-29T17:00:02.569Z,-USD,00001.0528,00001.1119,00001.0444,42051579.2,00001.0841,2362307390.8
2021-09-29T18:00:02.127Z,-USD,00001.0565,00001.1119,00001.0444,41897434.2,00001.0729,2364085566.9
2021-09-29T19:00:01.734Z,-USD,0000001.06,00001.1119,00001.0444,42982094.4,00001.0689,2366602678.7
2021-09-29T20:00:02.534Z,-USD,00001.0599,00001.1119,00001.0444,43460785.4,00001.0685,2368662086.3
2021-09-29T21:00:02.245Z,-USD,00001.0642,00001.1119,00001.0444,46758309.7,00001.0832,2373306869.9
2021-09-29T22:00:02.118Z,-USD,00001.0716,00001.1119,00001.0444,46767932.5,00001.0935,2374216680.8
2021-09-29T23:00:02.473Z,-USD,000001.058,00001.1119,00001.0444,50200974.4,00001.0921,2378969057.8
2021-09-30T20:00:24.953Z,-USD,00001.0682,0000001.15,00001.0654,49673688.6,00001.1167,2356789775.5
2021-09-30T21:00:01.877Z,-USD,00001.0834,0000001.15,00001.0751,46768305.5,00001.1169,2358562116.1
2021-09-30T22:00:01.971Z,-USD,00001.0939,0000001.15,00001.0894,46733205.6,00001.1267,2359414820.6
2021-09-30T23:00:01.898Z,-USD,000001.092,0000001.15,00001.0894,43450008.4,00001.1254,2360871606.0
2021-10-01T00:00:02.236Z,-USD,00001.0991,0000001.15,00001.0941,42897406.1,00001.1271,2361909368.7
2021-10-01T01:00:02.43Z,-USD,00001.1274,00001.1584,00001.1035,43454408.6,00001.1463,2260922843.4
2021-10-01T02:00:01.807Z,-USD,00001.1284,00001.1607,00001.1035,41550234.9,00001.1569,2263865947.5
2021-10-01T03:00:02.143Z,-USD,00001.1398,00001.1607,00001.1035,41857204.2,00001.1307,2266247883.8
2021-10-01T04:00:01.981Z,-USD,00001.1484,00001.1607,00001.1035,41028572.5,000001.135,2267318668.9
2021-10-01T05:00:01.806Z,-USD,00001.1375,00001.1607,00001.1035,40277673.0,00001.1368,2268268407.5
2021-10-01T06:00:01.719Z,-USD,000001.138,00001.1607,00001.1035,39554127.9,00001.1458,2269106333.0
2021-10-01T07:00:02.628Z,-USD,00001.1341,00001.1607,00001.1035,39571636.0,00001.1452,2270116090.3
2021-10-01T08:00:02.645Z,-USD,00001.1282,00001.1795,00001.1035,41804912.7,00001.1786,2273428844.7
2021-10-01T09:00:02.609Z,-USD,00001.1092,00001.2173,00001.1035,45168459.5,00001.2164,2278775557.6
2021-10-01T10:00:02.404Z,-USD,00001.1137,00001.2173,00001.1035,45950754.9,00001.2133,2280934744.0
2021-10-01T11:00:02.164Z,-USD,00001.1059,00001.2498,00001.1047,50724821.3,00001.2388,2286779539.7
2021-10-01T12:00:02.314Z,-USD,00001.1142,00001.2498,00001.1075,52424999.5,00001.2441,2289492917.5
2021-10-01T13:00:02.328Z,-USD,00001.1251,00001.2568,00001.1075,55218677.3,00001.2191,2294249390.2
2021-10-01T14:00:02.419Z,-USD,00001.1136,00001.2568,00001.1075,55123249.7,000001.213,2296237019.5
2021-10-01T15:00:02.422Z,-USD,00001.1179,00001.2568,00001.1112,57272773.4,00001.2183,2300050504.7
2021-10-01T16:00:02.633Z,-USD,00001.1224,00001.2568,00001.1112,57756564.5,00001.2336,2302182522.6
2021-10-01T17:00:01.817Z,-USD,00001.1181,00001.2654,00001.1112,59156934.6,00001.2568,2305120984.9
2021-10-01T18:00:02.137Z,-USD,00001.1232,00001.2654,00001.1112,59083924.4,00001.2541,2307400480.1
2021-10-01T19:00:02.528Z,-USD,00001.1355,00001.2654,00001.1112,58914724.8,00001.2466,2309194632.2
2021-10-01T20:00:02.642Z,-USD,00001.1163,00001.2654,00001.1112,59033785.7,00001.2575,2311019496.2
2021-10-01T21:00:01.797Z,-USD,000001.117,00001.2654,00001.1145,59183710.3,00001.2476,2312935432.2
2021-10-01T22:00:01.864Z,-USD,00001.1266,00001.2654,00001.1204,59857265.9,00001.2577,2314466776.2
2021-10-01T23:00:01.744Z,-USD,00001.1257,00001.2654,00001.1204,60617023.5,00001.2419,2316678175.4
2021-10-02T00:00:02.671Z,-USD,00001.1267,00001.2687,00001.1262,61703467.4,00001.2664,2318806436.1
2021-10-02T01:00:02.583Z,-USD,00001.1445,0000001.27,00001.1294,60068173.9,00001.2522,2249842908.9
2021-10-02T02:00:01.75Z,-USD,00001.1572,0000001.27,00001.1294,59055960.5,00001.2466,2251742276.8
2021-10-02T03:00:01.917Z,-USD,00001.1319,0000001.27,00001.1296,58120020.6,000001.241,2253194539.0
2021-10-02T04:00:02.267Z,-USD,00001.1361,0000001.27,00001.1296,59032331.8,00001.2297,2255173863.0
2021-10-02T05:00:01.935Z,-USD,00001.1354,0000001.27,00001.1321,59321986.3,00001.2319,2256426553.4
2021-10-02T06:00:02.018Z,-USD,000001.146,0000001.27,00001.1389,59501934.9,00001.2386,2257425618.6
2021-10-02T07:00:02.099Z,-USD,00001.1449,0000001.27,00001.1436,59199011.1,00001.2433,2258130835.1
2021-10-02T08:00:01.754Z,-USD,00001.1792,0000001.27,00001.1755,56897982.7,00001.2405,2259166367.4
2021-10-02T09:00:02.683Z,-USD,00001.2171,0000001.27,00001.2031,52949964.9,00001.2329,2260556952.2
2021-10-02T10:00:02.272Z,-USD,00001.2147,0000001.27,00001.2057,51549886.3,00001.2399,2261313076.1
2021-10-02T11:00:02.409Z,-USD,00001.2398,0000001.27,00001.2057,46501769.7,00001.2376,2262106371.5
2021-10-02T12:00:02.429Z,-USD,00001.2448,0000001.27,00001.2057,44593792.1,00001.2393,2262951184.7
2021-10-02T13:00:02.295Z,-USD,00001.2192,0000001.27,00001.2057,41020116.7,00001.2503,2264087419.1
2021-10-02T14:00:02.394Z,-USD,000001.213,0000001.27,00001.2057,41443388.6,00001.2548,2266501270.5
2021-10-02T15:00:02.37Z,-USD,00001.2191,0000001.27,00001.2187,39850011.5,00001.2685,2268729770.1
2021-10-02T16:00:02.284Z,-USD,000001.235,00001.2888,00001.2236,41827299.5,00001.2844,2272838566.8
2021-10-02T17:00:01.853Z,-USD,00001.2577,00001.2983,00001.2236,41339806.0,00001.2954,2275279554.8
2021-10-02T18:00:01.996Z,-USD,00001.2551,00001.3013,00001.2236,40998196.2,00001.2995,2277225812.8
2021-10-02T19:00:03.21Z,-USD,00001.2464,00001.3528,00001.2236,43431713.7,00001.3392,2281442910.2
2021-10-02T20:00:02.449Z,-USD,00001.2578,00001.3565,00001.2236,44662379.3,00001.3415,2284502968.3
2021-10-02T21:00:02.484Z,-USD,00001.2486,00001.3565,00001.2236,44882917.0,000001.326,2286671348.5
2021-10-02T22:00:02.619Z,-USD,00001.2584,00001.3565,00001.2236,44592716.4,00001.3368,2287879135.0
2021-10-02T23:00:02.232Z,-USD,00001.2426,00001.3565,00001.2236,44911088.0,0000001.33,2290410226.6
2021-10-03T00:00:02.159Z,-USD,00001.2666,00001.3565,00001.2236,47459467.8,00001.2964,2295090581.8
2021-10-03T01:00:02.643Z,-USD,00001.2544,00001.3565,00001.2236,48343744.1,00001.2784,2241063710.4
2021-10-03T02:00:02.455Z,-USD,000001.246,00001.3565,00001.2236,50407696.4,00001.3022,2244966366.8
2021-10-03T03:00:02.212Z,-USD,0000001.24,00001.3565,00001.2236,51722408.9,00001.3234,2247732364.6
2021-10-03T04:00:02.056Z,-USD,00001.2286,00001.3565,00001.2236,52219897.0,00001.3359,2250220738.8
2021-10-03T05:00:02.271Z,-USD,000001.233,00001.3565,00001.2236,52768940.9,00001.3187,2252013244.4
2021-10-03T06:00:01.704Z,-USD,00001.2385,00001.3565,00001.2236,53148639.8,00001.3265,2253391402.6
2021-10-03T07:00:02.137Z,-USD,00001.2438,00001.3565,00001.2236,53469409.8,00001.3132,2254440395.8
2021-10-03T08:00:01.747Z,-USD,00001.2389,00001.3565,00001.2236,53961004.5,00000001.3,2255948141.3
2021-10-03T09:00:02.23Z,-USD,00001.2318,00001.3565,00001.2295,54078374.6,00001.3069,2257461589.6
2021-10-03T10:00:01.83Z,-USD,00001.2406,00001.3565,00001.2295,55716097.6,00001.2952,2259850258.8
2021-10-03T11:00:02.311Z,-USD,00001.2377,00001.3565,00001.2295,56890684.6,000001.303,2261817511.2
2021-10-03T12:00:02.605Z,-USD,00001.2395,00001.3565,00001.2366,58909885.5,00001.3254,2264684494.6
2021-10-03T13:00:02.294Z,-USD,00001.2502,00001.3565,00001.2485,59672594.1,00001.3279,2266580911.7
2021-10-03T14:00:02.107Z,-USD,00001.2552,00001.3565,000001.255,60035979.3,00001.3397,2269355220.1
2021-10-03T15:00:01.771Z,-USD,00001.2685,00001.3565,00001.2671,59694463.2,00001.3253,2271258699.8
2021-10-03T16:00:02.635Z,-USD,00001.2844,00001.3565,00001.2752,57065014.6,00001.3102,2272755649.7
2021-10-03T17:00:02.595Z,-USD,000001.298,00001.3565,00001.2752,55877746.4,00001.3222,2273988748.1
2021-10-03T18:00:02.164Z,-USD,00001.3001,00001.3565,00001.2752,56888179.1,00001.3361,2276959742.5
2021-10-03T19:00:02.339Z,-USD,00001.3405,00001.3565,00001.2752,55197232.6,000001.333,2279455706.1
2021-10-03T20:00:02.394Z,-USD,00001.3427,00001.3461,00001.2752,53130122.7,00001.3328,2280484258.9
2021-10-03T21:00:02.153Z,-USD,000001.327,00001.3461,00001.2752,52136558.0,00001.3232,2281622736.7
2021-10-03T22:00:02.068Z,-USD,00001.3373,00001.3461,00001.2752,53311602.2,00001.3003,2284007070.1
2021-10-03T23:00:01.757Z,-USD,00001.3275,00001.3461,00001.2752,52845045.6,00001.3049,2286122602.3
2021-10-04T00:00:01.766Z,-USD,000001.293,00001.3461,00001.2752,50413925.4,00001.3269,2288377299.4
2021-10-04T01:00:01.911Z,-USD,00001.2779,00001.3461,00001.2756,50447778.1,00001.2925,2152417551.0
2021-10-04T02:00:02.161Z,-USD,00001.3015,00001.3461,00001.2786,49029945.6,00001.2915,2154899063.2
2021-10-04T03:00:02.437Z,-USD,00001.3249,00001.3461,00001.2562,50538414.2,00001.2614,2159156778.1
2021-10-04T04:00:02.577Z,-USD,00001.3371,00001.3461,00001.2478,50995448.3,00001.2575,2162166575.8
2021-10-04T05:00:02.206Z,-USD,00001.3184,00001.3461,00001.2447,52440411.5,00001.2736,2165339203.9
2021-10-04T06:00:02.478Z,-USD,00001.3253,00001.3461,00001.2447,53100308.0,00001.2776,2167387084.3
2021-10-04T07:00:02.295Z,-USD,00001.3116,00001.3461,00001.2447,53372410.7,00001.2708,2168702422.0
2021-10-04T08:00:02.455Z,-USD,00001.2994,00001.3461,00001.2447,53263584.7,00001.2815,2170111888.7
2021-10-04T09:00:02.365Z,-USD,00001.3049,00001.3461,00001.2447,53034242.2,00001.2711,2171399599.4
2021-10-04T10:00:02.176Z,-USD,000001.299,00001.3461,00001.2447,52243715.3,00001.2755,2173003527.2
2021-10-04T11:00:02.405Z,-USD,00001.3057,00001.3461,00001.2447,51487642.0,00001.2708,2174213062.0
2021-10-04T12:00:02.181Z,-USD,00001.3258,00001.3461,00001.2447,50851737.9,00001.2609,2176441782.2
2021-10-04T13:00:03.229Z,-USD,00001.3275,00001.3461,00001.2447,50530188.1,00001.2741,2178023115.9
2021-10-04T14:00:02.249Z,-USD,00001.3402,00001.3453,00001.2447,50004111.8,00001.2881,2180264080.1
2021-10-04T15:00:02.514Z,-USD,000001.326,00001.3453,00001.2447,51266496.9,00001.2548,2183440601.5
2021-10-04T16:00:01.811Z,-USD,00001.3121,00001.3453,000001.236,53676790.0,000001.262,2187328853.3
2021-10-04T17:00:01.975Z,-USD,00001.3208,00001.3453,000001.236,55241527.0,000001.271,2190126314.5
2021-10-04T18:00:02.628Z,-USD,00001.3388,00001.3453,000001.236,54371163.8,00001.2891,2192264625.2
2021-10-04T19:00:02.19Z,-USD,00001.3328,0000001.34,000001.236,54177324.7,00001.2993,2194538188.6
2021-10-04T20:00:02.612Z,-USD,000001.332,000001.336,000001.236,55170608.1,00001.2866,2196548102.0
2021-10-04T21:00:02.314Z,-USD,00001.3179,000001.329,000001.236,56546741.3,00001.2715,2199139893.0
2021-10-04T22:00:02.616Z,-USD,00001.2986,000001.329,000001.236,55349227.6,00001.2718,2200272298.6
2021-10-04T23:00:01.945Z,-USD,00001.3056,000001.329,000001.236,54961645.1,000001.266,2202022198.7
2021-10-05T00:00:01.829Z,-USD,00001.3278,00001.3281,000001.236,54376567.2,00001.2749,2203652479.1
2021-10-05T01:00:01.97Z,-USD,00001.2881,00001.3074,000001.236,53581795.2,00001.2922,2095123225.8
2021-10-05T02:00:02.235Z,-USD,00001.2915,00001.3074,000001.236,52721110.9,00001.2822,2096724912.3
2021-10-05T03:00:02.364Z,-USD,00001.2658,00001.3074,000001.236,50536554.6,000001.289,2098879458.1
2021-10-05T04:00:02.384Z,-USD,000001.255,00001.3074,000001.236,48818645.0,00001.2984,2100191489.6
2021-10-05T05:00:01.837Z,-USD,00001.2746,00001.3074,000001.236,46963079.5,00001.2803,2101365496.1
2021-10-05T06:00:01.692Z,-USD,00001.2757,00001.3074,000001.236,45904500.6,000001.294,2102412796.0
2021-10-05T07:00:02.624Z,-USD,00001.2682,00001.3074,000001.236,45412846.4,00001.2927,2103231236.3
2021-10-05T08:00:02.359Z,-USD,00001.2867,00001.3116,000001.236,45202831.7,00001.3022,2104451535.5
2021-10-05T09:00:02.454Z,-USD,00001.2752,00001.3128,000001.236,45204149.8,00001.3113,2105732492.4
2021-10-05T10:00:02.347Z,-USD,00001.2772,00001.3403,000001.236,48515484.0,00001.3368,2110627975.7
2021-10-05T11:00:02.138Z,-USD,00001.2695,00001.3403,000001.236,49403365.2,00001.3203,2112730556.9
2021-10-05T12:00:02.334Z,-USD,00001.2583,00001.3403,000001.236,48516195.2,00001.3181,2114071151.2
2021-10-05T13:00:02.277Z,-USD,00001.2729,00001.3403,000001.236,48165883.4,00001.3131,2115289247.0
2021-10-05T14:00:02.345Z,-USD,00001.2913,00001.3403,000001.236,47808767.6,00001.3197,2117207359.5
2021-10-05T15:00:02.507Z,-USD,00001.2575,00001.3403,000001.236,48054053.7,00001.2889,2120624697.7
2021-10-05T16:00:02.682Z,-USD,000001.268,00001.3403,0000001.26,46187222.2,00001.2905,2122652275.1
2021-10-05T17:00:02.625Z,-USD,00001.2717,00001.3403,0000001.26,44671468.7,00001.2929,2123921438.6
2021-10-05T18:00:02.044Z,-USD,00001.2917,00001.3403,0000001.26,43442676.2,00001.2933,2124827370.2
2021-10-05T19:00:02.356Z,-USD,000001.304,00001.3403,0000001.26,42702154.1,00001.3029,2126481092.8
2021-10-05T20:00:02.651Z,-USD,00001.2882,00001.3403,0000001.26,42483173.1,00001.3123,2128142106.1
2021-10-05T21:00:01.92Z,-USD,00001.2701,00001.3403,0000001.26,42021498.6,00001.3133,2130289986.2
2021-10-05T22:00:02.228Z,-USD,00001.2725,00001.3403,0000001.26,42708377.3,00001.3186,2132170561.1
2021-10-05T23:00:02.554Z,-USD,00001.2641,00001.3403,00001.2635,43111900.9,00001.3081,2134245993.2
2021-10-06T00:00:02.48Z,-USD,00001.2755,00001.3403,00001.2655,42957541.2,00001.3143,2135745539.5
2021-10-06T01:00:03.848Z,-USD,00001.2914,00001.3403,00001.2728,42499829.1,00001.3061,2063101499.8
2021-10-06T02:00:02.558Z,-USD,00001.2824,00001.3403,00001.2728,43046999.3,00001.2995,2065238839.2
2021-10-06T03:00:02.558Z,-USD,00001.2898,00001.3403,00001.2785,42027845.3,00001.3001,2066402615.6
2021-10-06T04:00:02.525Z,-USD,00001.2995,00001.3403,00001.2785,41962017.3,00001.2847,2067609637.2
2021-10-06T05:00:02.242Z,-USD,00001.2805,00001.3403,00001.2628,44407510.4,00001.2708,2071267600.5
2021-10-06T06:00:02.1Z,-USD,00001.2933,00001.3403,00001.2628,46165118.4,00001.2734,2074024636.6
2021-10-06T07:00:01.857Z,-USD,00001.2921,00001.3403,00001.2628,46579093.6,00001.2735,2075261342.9
2021-10-06T08:00:01.881Z,-USD,00001.3027,00001.3403,00001.2522,47121634.9,00001.2593,2077019013.0
2021-10-06T09:00:01.785Z,-USD,00001.3118,00001.3403,00001.2108,49495975.1,00001.2152,2080709456.8
2021-10-06T10:00:01.918Z,-USD,000001.337,00001.3386,00001.2029,47300637.7,00001.2204,2083432280.6
2021-10-06T11:00:02.583Z,-USD,00001.3213,0000001.33,00001.2029,46758035.5,00001.2306,2084946228.6
2021-10-06T12:00:02.527Z,-USD,00001.3172,00001.3244,00001.2029,47510257.9,00001.2335,2087050463.4
2021-10-06T13:00:02.795Z,-USD,00001.3141,00001.3244,00001.2029,48925930.9,00001.2543,2089669306.0
2021-10-06T14:00:02.037Z,-USD,00001.3203,00001.3244,00001.2029,52469926.8,00001.2949,2095163780.1
2021-10-06T15:00:01.789Z,-USD,00001.2879,00001.3244,00001.2029,51261925.4,00001.3077,2097350648.4
2021-10-06T16:00:02.198Z,-USD,00001.2918,00001.3244,00001.2029,52333292.2,00001.3057,2100446784.4
2021-10-06T17:00:02.432Z,-USD,00001.2927,00001.3244,00001.2029,53992816.5,00001.3069,2103371951.5
2021-10-06T18:00:02.61Z,-USD,00001.2934,00001.3244,00001.2029,54906567.1,00001.2987,2105199920.4
2021-10-06T19:00:02.044Z,-USD,00001.3013,00001.3244,00001.2029,55492297.9,00001.2884,2107431067.8
2021-10-06T20:00:02.302Z,-USD,00001.3115,00001.3244,00001.2029,56181773.1,00001.2902,2109789210.6
2021-10-06T21:00:02.267Z,-USD,00001.3139,00001.3244,00001.2029,59190025.0,00001.2575,2114985164.1
2021-10-06T22:00:02.387Z,-USD,00001.3186,00001.3244,00001.2029,59064871.5,00001.2622,2116688543.3
2021-10-06T23:00:02.252Z,-USD,00001.3094,00001.3244,00001.2029,58902871.1,00001.2602,2118611593.4
2021-10-07T00:00:02.344Z,-USD,00001.3153,00001.3184,00001.2029,60205686.1,00001.2571,2121400876.0
2021-10-07T01:00:02.619Z,-USD,00001.3086,00001.3125,00001.2029,61112507.9,00001.2515,1931041139.1
2021-10-07T02:00:01.765Z,-USD,00001.2994,00001.3125,00001.2029,62370162.7,00001.2451,1934426757.2
2021-10-07T03:00:01.924Z,-USD,00001.2993,00001.3125,00001.2029,62753911.3,00001.2441,1935974847.7
2021-10-07T04:00:01.977Z,-USD,000001.283,00001.3125,00001.2029,63346132.3,00001.2396,1937862773.4
2021-10-07T05:00:01.982Z,-USD,00001.2715,00001.3125,00001.2029,61336294.4,00001.2562,1939426971.7
2021-10-07T06:00:02.06Z,-USD,000001.274,00001.3125,00001.2029,60236620.9,00001.2565,1941081403.1
2021-10-07T07:00:02.06Z,-USD,00001.2712,00001.3125,00001.2029,62349614.4,00001.2643,1944434011.6
2021-10-07T08:00:01.954Z,-USD,00001.2604,00001.3125,00001.2029,62766696.5,00001.2916,1946617820.3
2021-10-07T09:00:02.462Z,-USD,00001.2138,00001.3125,00001.2029,61198468.9,00001.3013,1948788256.3
2021-10-07T10:00:01.882Z,-USD,00001.2192,00001.3125,00001.2147,60546923.6,00001.2881,1950824682.2
2021-10-07T11:00:02.552Z,-USD,00001.2285,00001.3125,00001.2237,60854036.7,00001.2736,1952620287.6
2021-10-07T12:00:02.381Z,-USD,00001.2331,00001.3125,00001.2284,60165023.7,00001.2907,1954030646.2
2021-10-07T13:00:02.003Z,-USD,00001.2563,00001.3125,00001.2284,60026287.7,00001.2824,1956512193.7
2021-10-07T14:00:02.354Z,-USD,00001.2931,00001.3125,00001.2284,56760821.2,00001.3005,1958747902.5
2021-10-07T15:00:02.174Z,-USD,00001.3051,00001.3125,00001.2284,58517310.9,00001.2655,1962701512.8
2021-10-07T16:00:02.337Z,-USD,00001.3033,00001.3095,00001.2284,58183674.0,00001.2753,1965475477.0
2021-10-07T17:00:02.827Z,-USD,00001.3076,00001.3095,00001.2284,58091246.5,00001.2791,1968288156.6
2021-10-07T18:00:02.286Z,-USD,00001.2991,000001.305,00001.2284,58366240.1,00001.2724,1970431211.5
2021-10-07T19:00:02.466Z,-USD,00001.2887,000001.305,00001.2284,58584910.3,00001.2735,1972966500.4
2021-10-07T20:00:02.612Z,-USD,00001.2893,000001.305,00001.2284,57835112.9,00001.2744,1974470490.2
2021-10-07T21:00:02.671Z,-USD,00001.2617,000001.305,00001.2284,54793413.8,00001.2881,1976655979.9
2021-10-07T22:00:02.414Z,-USD,00001.2627,00001.3107,00001.2284,55679344.7,00001.3043,1979197742.7
2021-10-07T23:00:01.81Z,-USD,00001.2611,00001.3107,00001.2284,56452023.7,00001.2826,1981926655.6
2021-10-08T00:00:02.056Z,-USD,00001.2571,00001.3107,00001.2284,55410943.2,00001.2756,1983649102.3
2021-10-08T01:00:02.337Z,-USD,00001.2479,00001.3107,00001.2284,53846218.3,000001.291,1841037606.5
2021-10-08T02:00:02.461Z,-USD,00001.2459,00001.3107,0000001.23,52104684.3,00001.2913,1842658427.6
2021-10-08T03:00:02.42Z,-USD,00001.2447,00001.3107,0000001.23,52052099.1,00001.2841,1844164732.9
2021-10-08T04:00:02.64Z,-USD,00001.2385,00001.3107,00001.2373,52272097.4,00001.2868,1846257159.7
2021-10-08T05:00:02.097Z,-USD,00001.2566,00001.3107,000001.241,51919287.0,000001.287,1847483079.6
2021-10-08T06:00:02.779Z,-USD,00001.2588,00001.3107,00001.2561,53956719.0,00001.2936,1851210306.4
2021-10-08T07:00:01.68Z,-USD,000001.265,00001.3155,00001.2573,53140877.2,00001.3152,1853722393.8
2021-10-08T08:00:02.649Z,-USD,00001.2901,00001.3336,00001.2573,54140150.7,00001.3294,1856911758.0
2021-10-08T09:00:01.806Z,-USD,00001.3017,00001.3806,00001.2573,56014338.8,00001.3714,1860969925.9
2021-10-08T10:00:02.664Z,-USD,00001.2905,00001.3897,00001.2573,57586085.6,00001.3793,1864566923.7
2021-10-08T11:00:02.738Z,-USD,00001.2741,00001.4389,00001.2573,63177253.2,00001.4035,1871934666.9
2021-10-08T12:00:01.729Z,-USD,00001.2904,00001.4389,00001.2573,66406625.4,00001.3937,1876567400.1
2021-10-08T13:00:01.748Z,-USD,00001.2846,00001.4389,00001.2573,69660935.9,00001.3795,1882307879.9
2021-10-08T14:00:01.788Z,-USD,00001.3008,00001.4389,00001.2573,72081914.6,0000001.38,1886969755.4
2021-10-08T15:00:01.932Z,-USD,00001.2648,00001.4389,00001.2601,74389935.8,00001.3919,1893258863.1
2021-10-08T16:00:01.733Z,-USD,00001.2774,00001.4389,00001.2607,74382785.3,0000001.38,1896007267.7
2021-10-08T17:00:02.074Z,-USD,00001.2789,00001.4389,00001.2653,75271767.2,0000001.38,1899693836.8
2021-10-08T18:00:02.349Z,-USD,00001.2726,00001.4389,00001.2653,75422495.8,00001.3725,1901983773.1
2021-10-08T19:00:02.991Z,-USD,00001.2731,00001.4389,00001.2653,74383285.1,00001.3737,1903482180.9
2021-10-08T20:00:02.668Z,-USD,00001.2787,00001.4389,00001.2653,75740958.1,00001.3843,1906357960.5
2021-10-08T21:00:01.935Z,-USD,00001.2882,00001.4389,00001.2653,76872646.1,00001.3436,1909679419.6
2021-10-08T22:00:02.123Z,-USD,00001.3065,00001.4389,00001.2653,76244969.6,000001.348,1911618129.5
2021-10-08T23:00:02.58Z,-USD,00001.2808,00001.4389,00001.2653,76506271.8,00001.3603,1914575344.2
2021-10-09T00:00:01.744Z,-USD,00001.2765,00001.4389,00001.2715,78300438.1,00001.3447,1918076173.7
2021-10-09T01:00:01.779Z,-USD,00001.2901,00001.4389,00001.2715,81852083.8,00001.3582,1786037289.3
2021-10-09T02:00:01.757Z,-USD,00001.2934,00001.4389,00001.2715,83015658.1,00001.3496,1788813629.0
2021-10-09T03:00:01.973Z,-USD,00001.2831,00001.4389,00001.2715,84379320.1,00001.3665,1791678604.5
2021-10-09T04:00:02.461Z,-USD,00001.2907,00001.4389,00001.2773,85825220.9,00001.3743,1795290074.5
2021-10-09T05:00:02.076Z,-USD,00001.2896,00001.4389,00001.2773,86475091.4,00001.3641,1797103006.5
2021-10-09T06:00:02.058Z,-USD,000001.295,00001.4389,00001.2943,84332981.9,00001.3522,1798676643.0
2021-10-09T07:00:01.978Z,-USD,00001.3233,00001.4389,00001.3115,83228926.7,00001.3587,1800523725.7
2021-10-09T08:00:01.965Z,-USD,00001.3274,00001.4389,00001.3115,82555867.2,00001.3595,1802608995.1
2021-10-09T09:00:01.831Z,-USD,00001.3705,00001.4389,00001.3115,80969369.0,00001.3417,1805091263.8
2021-10-09T10:00:01.974Z,-USD,00001.3781,00001.4389,00001.3115,79767135.1,00001.3476,1807495087.2
2021-10-09T11:00:02.63Z,-USD,000001.401,00001.4293,00001.3115,75062311.1,00001.3599,1810199395.9
2021-10-09T12:00:02.557Z,-USD,00001.3885,00001.4133,00001.3115,74426900.6,00001.3479,1814159021.1
2021-10-09T13:00:02.488Z,-USD,00001.3792,00001.4133,00001.3115,71004064.7,000001.354,1816521584.3
2021-10-09T14:00:02.565Z,-USD,00001.3838,00001.4133,00001.3115,69642262.5,00001.3667,1819804206.3
2021-10-09T15:00:02.382Z,-USD,00001.3902,00001.3948,00001.3272,65983546.6,00001.3586,1822478928.3
2021-10-09T16:00:01.741Z,-USD,00001.3822,00001.3948,00001.3272,67441566.7,00001.3466,1826603432.5
2021-10-09T17:00:02.433Z,-USD,00001.3797,00001.3948,00001.3272,67121153.3,00001.3389,1829980843.7
2021-10-09T18:00:01.824Z,-USD,000001.373,00001.3948,00001.3272,67538685.3,0000001.34,1832692331.9
2021-10-09T19:00:02.075Z,-USD,00001.3742,00001.3948,00001.3272,68322830.4,00001.3436,1834958537.4
2021-10-09T20:00:01.879Z,-USD,000001.381,00001.3839,00001.3272,66997377.7,00001.3368,1836518733.6
2021-10-09T21:00:02.673Z,-USD,00001.3441,00001.3839,00001.3272,66169461.2,00001.3444,1839044305.0
2021-10-09T22:00:02.583Z,-USD,00001.3458,00001.3839,00001.3272,65200690.3,00001.3446,1839972635.2
2021-10-09T23:00:02.295Z,-USD,00001.3592,00001.3839,00001.3272,63056252.5,00001.3455,1840828615.5
2021-10-10T00:00:02.547Z,-USD,00001.3453,00001.3839,00001.3272,61241601.0,00001.3508,1842496711.4
2021-10-10T01:00:02.553Z,-USD,00001.3619,00001.3839,0000001.33,59351900.5,00001.3393,1723385154.1
2021-10-10T02:00:02.552Z,-USD,00001.3506,00001.3839,00001.3071,60080313.1,000001.322,1726857581.1
2021-10-10T03:00:01.861Z,-USD,00001.3674,00001.3839,00001.3071,59046787.0,000001.321,1728672484.1
2021-10-10T04:00:01.882Z,-USD,000001.373,00001.3753,00001.3071,56364945.6,00001.3334,1729625351.3
2021-10-10T05:00:02.18Z,-USD,00001.3635,00001.3699,00001.3071,56441048.2,00001.3363,1731495247.6
2021-10-10T06:00:02.301Z,-USD,00001.3522,00001.3699,00001.3071,55990735.4,00001.3348,1732615887.0
2021-10-10T07:00:02.218Z,-USD,00001.3588,00001.3699,00001.3071,55004329.6,00001.3406,1733503514.1
2021-10-10T08:00:02.251Z,-USD,00001.3597,00001.3699,00001.3071,53758258.4,00001.3346,1734353167.3
2021-10-10T09:00:02.179Z,-USD,00001.3424,00001.3699,00001.3071,52398391.0,00001.3558,1735451626.0
2021-10-10T10:00:02.269Z,-USD,00001.3496,00001.3699,00001.3071,52014067.1,00001.3371,1737456630.9
2021-10-10T11:00:02.648Z,-USD,00001.3616,00001.3699,00001.3071,50255415.7,00001.3317,1738425510.9
2021-10-10T12:00:07.664Z,-USD,00001.3487,00001.3699,00001.3071,47303240.2,00001.3261,1739500319.2
2021-10-10T13:00:02.71Z,-USD,00001.3546,00001.3699,00001.3071,46169408.4,00001.3199,1740667167.7
2021-10-10T14:00:01.793Z,-USD,00001.3644,00001.3682,00001.3071,45194130.6,00001.3156,1743103218.2
2021-10-10T15:00:02.025Z,-USD,00001.3576,00001.3592,00001.3071,43495034.2,00001.3196,1743923091.3
2021-10-10T16:00:02.139Z,-USD,00001.3441,00001.3579,00001.3071,40426496.0,00001.3204,1745042306.3
2021-10-10T17:00:02.385Z,-USD,00001.3386,00001.3579,00001.3071,38625622.3,00001.3162,1746606087.7
2021-10-10T18:00:02.252Z,-USD,00001.3406,00001.3579,00001.2855,38919593.9,00001.3028,1749608678.4
2021-10-10T19:00:02.349Z,-USD,00001.3445,00001.3579,00001.2855,38778386.9,00001.3032,1751712096.9
2021-10-10T20:00:02.364Z,-USD,00001.3377,00001.3579,00001.2855,38068138.3,00001.2955,1752626200.2
2021-10-10T21:00:02.48Z,-USD,00001.3437,00001.3579,00001.2833,40016066.2,00001.2848,1757067257.5
2021-10-10T22:00:02.666Z,-USD,00001.3447,00001.3579,00001.2444,42543702.0,00001.2633,1760448795.0
2021-10-10T23:00:02.191Z,-USD,00001.3468,00001.3579,00001.2444,44526389.2,00001.2693,1763311781.2
2021-10-11T00:00:02.154Z,-USD,00001.3521,00001.3579,00001.2354,45738931.9,00001.2471,1766231677.4
2021-10-11T01:00:02.527Z,-USD,00001.3384,00001.3579,00001.2208,48585033.6,00001.2548,1719205877.6
2021-10-11T02:00:02.635Z,-USD,00001.3204,00001.3579,00001.2208,46949571.9,0000001.26,1721059336.8
2021-10-11T03:00:02.558Z,-USD,00001.3202,00001.3579,00001.2208,46262579.2,00001.2664,1722166958.5
2021-10-11T04:00:01.875Z,-USD,00001.3302,00001.3579,00001.2208,47401625.3,00001.2777,1724282422.1
2021-10-11T05:00:02.204Z,-USD,00001.3371,00001.3579,00001.2208,47495800.5,0000001.28,1726240340.4
2021-10-11T06:00:02.139Z,-USD,00001.3356,00001.3579,00001.2208,47418848.7,00001.2771,1727263463.0
2021-10-11T07:00:02.069Z,-USD,00001.3409,00001.3579,00001.2208,47830384.4,00001.2747,1728553761.2
2021-10-11T08:00:02.235Z,-USD,00001.3342,00001.3579,00001.2208,48919674.9,000001.294,1730511221.8
2021-10-11T09:00:02.208Z,-USD,00001.3575,00001.3579,00001.2208,49517925.6,00001.2956,1732220397.1
2021-10-11T10:00:02.067Z,-USD,00001.3375,00001.3391,00001.2208,48777719.2,00001.2869,1733464736.8
2021-10-11T11:00:02.16Z,-USD,00001.3326,00001.3336,00001.2208,49647067.3,00001.2747,1735312786.0
2021-10-11T12:00:02.145Z,-USD,00001.3263,00001.3273,00001.2208,50933403.5,00001.2672,1737653817.2
2021-10-11T13:00:02.285Z,-USD,00001.3214,00001.3267,00001.2208,51557270.3,00001.2696,1739468331.7
2021-10-11T14:00:02.568Z,-USD,00001.3157,00001.3251,00001.2208,51391632.7,00001.2784,1741714589.4
2021-10-11T15:00:01.913Z,-USD,00001.3175,00001.3251,00001.2208,52906726.2,000001.275,1744050512.1
2021-10-11T16:00:02.399Z,-USD,00001.3208,00001.3245,00001.2208,53778721.9,00001.2684,1746088509.0
2021-10-11T17:00:02.792Z,-USD,000001.315,00001.3151,00001.2208,54638132.4,00001.2541,1748469817.2
2021-10-11T18:00:02.105Z,-USD,00001.3019,00001.3084,00001.2208,53608437.8,00001.2499,1750451549.8
2021-10-11T19:00:02.186Z,-USD,00001.3038,00001.3084,00001.2208,53166861.4,00001.2434,1752116482.2
2021-10-11T20:00:02.657Z,-USD,00001.2934,00001.3084,00001.2208,54530356.2,00001.2292,1754398623.9
2021-10-11T21:00:01.781Z,-USD,00001.2827,00001.3084,00001.2136,53564494.4,00001.2295,1757875291.9
2021-10-11T22:00:02.029Z,-USD,000001.261,00001.3084,00001.2136,51904958.0,00001.2373,1759600080.2
2021-10-11T23:00:02.517Z,-USD,00001.2682,00001.3084,00001.2136,50173444.8,00001.2436,1760738287.2
2021-10-12T00:00:01.841Z,-USD,00001.2438,00001.3084,00001.2136,49256331.8,00001.2428,1762744333.5
2021-10-12T01:00:02.656Z,-USD,00001.2544,00001.3084,00001.2136,46045648.0,00001.2248,1719339813.1
2021-10-12T02:00:02.318Z,-USD,00001.2584,00001.3084,00001.2136,45700505.1,00001.2328,1720831374.3
2021-10-12T03:00:01.942Z,-USD,00001.2672,00001.3084,00001.2081,46618028.4,00001.2117,1722849790.0
2021-10-12T04:00:02.146Z,-USD,00001.2773,00001.3084,00001.1923,47618611.6,00001.2009,1725995036.3
2021-10-12T05:00:02.04Z,-USD,00001.2796,00001.3084,00001.1923,47256765.3,00001.2139,1727558968.0
2021-10-12T06:00:02.041Z,-USD,00001.2776,00001.3084,00001.1918,48544964.1,00001.2143,1729874567.1
2021-10-12T07:00:02.005Z,-USD,00001.2744,00001.3084,00001.1918,48980987.9,000001.195,1731607807.7
2021-10-12T08:00:02.023Z,-USD,00001.2926,00001.3084,00001.1847,49517067.4,00001.1942,1734098460.1
2021-10-12T09:00:01.857Z,-USD,00001.2975,00001.3037,00001.1847,49019303.3,00001.1957,1735322589.7
2021-10-12T10:00:02.173Z,-USD,00001.2884,00001.2919,00001.1571,50826034.0,00001.1633,1738364098.3
2021-10-12T11:00:02.102Z,-USD,000001.271,00001.2812,00001.1522,52490551.8,00001.1737,1742072732.7
2021-10-12T12:00:04.158Z,-USD,00001.2671,00001.2812,00001.1522,52346803.5,00001.1827,1744083266.9
2021-10-12T13:00:02.162Z,-USD,00001.2703,00001.2812,00001.1522,53017053.2,00001.1708,1746573543.4
2021-10-12T14:00:02.326Z,-USD,00001.2784,00001.2787,00001.1522,55489397.9,00001.2157,1751272323.4
2021-10-12T15:00:02.526Z,-USD,00001.2748,00001.2753,00001.1522,59149555.2,00001.1962,1757282721.7
2021-10-12T16:00:02.687Z,-USD,00001.2696,00001.2708,00001.1522,63380160.2,00001.2049,1763541241.9
2021-10-12T17:00:02.293Z,-USD,00001.2522,00001.2579,00001.1522,65442000.4,00001.2102,1767972956.8
2021-10-12T18:00:02.619Z,-USD,000001.249,0000001.25,00001.1522,65512616.8,00001.1985,1770101982.0
2021-10-12T19:00:01.827Z,-USD,00001.2417,00001.2488,00001.1522,65721033.3,00001.2126,1771902082.3
2021-10-12T20:00:02.18Z,-USD,00001.2283,00001.2445,00001.1522,65329549.0,00001.2078,1773817347.7
2021-10-12T21:00:02.512Z,-USD,00001.2271,00001.2445,00001.1522,64862885.5,00001.2198,1776824395.6
2021-10-12T22:00:02.088Z,-USD,00001.2391,00001.2445,00001.1522,63933241.1,00001.2227,1777596460.7
2021-10-12T23:00:02.493Z,-USD,00001.2416,00001.2437,00001.1522,63623803.8,00001.2291,1778438991.6
2021-10-13T00:00:01.744Z,-USD,00001.2426,00001.2426,00001.1522,63102310.7,00001.2225,1779936273.8
2021-10-13T01:00:02.208Z,-USD,00001.2258,000001.249,00001.1522,62382790.2,00001.2468,1708803019.8
2021-10-13T02:00:02.689Z,-USD,00001.2333,00001.2619,00001.1522,63416144.1,00001.2445,1711314229.2
2021-10-13T03:00:01.885Z,-USD,00001.2112,00001.2619,00001.1522,62884932.1,000001.257,1712811238.6
2021-10-13T04:00:01.985Z,-USD,00001.2029,00001.2619,00001.1522,60838840.7,00001.2461,1713919197.9
2021-10-13T05:00:02.285Z,-USD,000001.213,00001.2619,00001.1522,60586614.1,00001.2396,1715216444.4
2021-10-13T06:00:02.133Z,-USD,000001.214,00001.2619,00001.1522,62176458.8,00001.2087,1719207077.3
2021-10-13T07:00:02.124Z,-USD,00001.1944,00001.2619,00001.1522,64090926.3,000001.207,1722786288.1
2021-10-13T08:00:02.214Z,-USD,000001.194,00001.2619,00001.1522,64035404.3,00001.1947,1725203215.5
2021-10-13T09:00:02.105Z,-USD,00001.1969,00001.2619,00001.1522,64675243.9,00001.2004,1727072589.2
2021-10-13T10:00:02.579Z,-USD,00001.1654,00001.2619,00001.1522,62580372.3,00001.2114,1728101724.2
2021-10-13T11:00:02.093Z,-USD,00001.1731,00001.2619,00001.1628,59930444.8,00001.2054,1729082109.8
2021-10-13T12:00:02.298Z,-USD,00001.1822,00001.2619,00001.1628,58835109.1,00001.2137,1729996718.7
2021-10-13T13:00:01.833Z,-USD,00001.1708,00001.2619,00001.1708,57365371.3,00001.2153,1731054546.3
2021-10-13T14:00:01.99Z,-USD,00001.2145,00001.2619,00001.1858,53953806.5,00001.2014,1732312366.2
2021-10-13T15:00:02.007Z,-USD,00001.2011,00001.2619,00001.1858,50030479.2,00001.2086,1734426811.5
2021-10-13T16:00:02.355Z,-USD,00001.2046,00001.2619,00001.1887,44873229.3,00001.2082,1735578443.1
2021-10-13T17:00:01.918Z,-USD,00001.2095,00001.2619,00001.1887,41929126.3,00001.2177,1736985616.2
2021-10-13T18:00:02.304Z,-USD,00001.1994,00001.2619,00001.1887,41710588.7,00001.2253,1738924745.9
2021-10-13T19:00:02.617Z,-USD,00001.2101,00001.2619,00001.1887,41801738.7,00001.2277,1740781656.4
2021-10-13T20:00:02.707Z,-USD,00001.2086,00001.2619,00001.1887,41070140.9,00001.2324,1741962435.7
2021-10-13T21:00:02.185Z,-USD,00001.2181,00001.2619,00001.1887,40207781.1,00001.2385,1744119895.7
2021-10-13T22:00:02.473Z,-USD,00001.2232,00001.2619,00001.1887,40222560.8,00001.2413,1744886077.8
2021-10-13T23:00:01.978Z,-USD,00001.2283,00001.2619,00001.1887,40887270.8,00001.2467,1746398688.3
2021-10-14T00:00:02.046Z,-USD,00001.2229,00001.2619,00001.1887,40563499.8,000001.241,1747587430.9
2021-10-14T01:00:05.243Z,-USD,00001.2509,00001.2619,00001.1887,40551112.3,00001.2324,1695820498.6
2021-10-14T02:00:03.006Z,-USD,00001.2458,000001.259,00001.1887,39998817.1,00001.2438,1697637401.8
2021-10-14T03:00:02.7Z,-USD,00001.2574,000001.259,00001.1887,39862451.9,00001.2476,1698997191.0
2021-10-14T04:00:02.047Z,-USD,00001.2462,00001.2525,00001.1887,40051553.9,00001.2447,1700287463.1
2021-10-14T05:00:02.507Z,-USD,00001.2395,00001.2525,00001.1887,40479959.1,00001.2426,1702034670.9
2021-10-14T06:00:02.568Z,-USD,00001.2048,00001.2525,00001.1887,37249634.0,00001.2426,1702909854.7
2021-10-14T07:00:02.595Z,-USD,00001.2057,00001.2525,00001.1887,35237922.4,0000001.24,1704404545.3
2021-10-14T08:00:02.577Z,-USD,00001.1933,00001.2566,00001.1922,33830406.7,00001.2544,1705372753.1
2021-10-14T09:00:02.551Z,-USD,00001.1992,00001.2661,00001.1943,33087398.0,00001.2519,1706472754.8
2021-10-14T10:00:01.905Z,-USD,00001.2101,00001.2661,00001.1943,33228860.9,00001.2649,1707650657.1
2021-10-14T11:00:02.068Z,-USD,00001.2074,00001.2706,00001.1943,33248828.9,000001.264,1708657586.4
2021-10-14T12:00:02.265Z,-USD,00001.2144,000001.281,00001.1943,35010119.7,00001.2716,1711335221.5
2021-10-14T13:00:02.14Z,-USD,00001.2161,00001.2859,00001.1943,35909119.8,00001.2817,1713290995.4
2021-10-14T14:00:02.068Z,-USD,00001.2016,00001.2859,00001.1943,36134598.8,00001.2726,1714772770.1
2021-10-14T15:00:02.441Z,-USD,00001.2094,000001.288,00001.2061,35859486.3,00001.2859,1716611229.9
2021-10-14T16:00:04.16Z,-USD,00001.2077,00001.2898,00001.2061,37707063.2,00001.2763,1719615802.3
2021-10-14T17:00:02.106Z,-USD,00001.2166,00001.2898,00001.2166,38609191.2,00001.2626,1721963630.8
2021-10-14T18:00:02.311Z,-USD,00001.2249,00001.2898,00001.2249,37997642.7,00001.2706,1723245199.4
2021-10-14T19:00:02.462Z,-USD,00001.2271,00001.2898,00001.2271,37993929.6,00001.2625,1725093080.1
2021-10-14T20:00:07.559Z,-USD,00001.2323,00001.2898,00001.2271,39569380.9,00001.2528,1727863877.0
2021-10-14T21:00:10.523Z,-USD,00001.2384,00001.2898,00001.2286,38307157.4,00001.2478,1728749251.1
2021-10-14T22:00:14.151Z,-USD,00001.2403,00001.2898,00001.2286,38123902.6,00001.2597,1729326261.8
2021-10-14T23:00:12.339Z,-USD,00001.2471,00001.2898,00001.2286,37194757.5,00001.2606,1729913932.8
2021-10-15T00:00:17.239Z,-USD,00001.2419,00001.2898,00001.2286,37059261.5,00001.2636,1730971418.2
2021-10-15T01:00:12.464Z,-USD,00001.2342,00001.2898,00001.2302,36854856.5,00001.2503,1674258242.3
2021-10-15T02:00:12.334Z,-USD,00001.2433,00001.2898,00001.2357,36497065.3,00001.2442,1675709665.5
2021-10-15T03:00:11.185Z,-USD,00001.2473,00001.2898,00001.2343,38363463.5,00001.2626,1678926044.3
2021-10-15T04:00:22.641Z,-USD,00001.2452,00001.2898,00001.2343,39663110.0,00001.2843,1681518438.8
2021-10-15T05:00:10.149Z,-USD,00001.2411,00001.3998,00001.2343,58435516.3,00001.3824,1702075410.3
2021-10-15T06:00:07.409Z,-USD,00001.2419,00001.4027,00001.2343,63748098.6,00001.4007,1708346736.7
2021-10-15T07:00:03.474Z,-USD,0000001.24,000001.486,00001.2343,78823048.5,00001.4426,1724795311.7
2021-10-15T08:00:03.829Z,-USD,00001.2538,0000001.51,00001.2343,90370517.0,00001.5025,1737325443.1
2021-10-15T09:00:02.657Z,-USD,000001.253,00001.6328,00001.2343,123840574.8,00001.5708,1771897917.7
2021-10-15T10:00:02.516Z,-USD,00001.2628,00001.6328,00001.2343,136378458.3,00001.5849,1785620614.4
2021-10-15T11:00:04.493Z,-USD,00001.2639,00001.6328,00001.2343,143251821.7,000001.538,1793489914.9
2021-10-15T12:00:04.313Z,-USD,00001.2718,00001.6328,00001.2343,147419027.4,00001.4948,1800326297.6
2021-10-15T13:00:03.096Z,-USD,00001.2806,00001.6328,00001.2343,152047333.2,00001.5066,1806906391.6
2021-10-15T14:00:08.91Z,-USD,00001.2737,00001.6328,00001.2343,155656087.1,00001.5108,1812010812.5
2021-10-15T15:00:10.762Z,-USD,000001.284,00001.6328,00001.2343,160979136.3,000001.461,1819168495.5
2021-10-15T16:00:10.703Z,-USD,000001.278,00001.6328,00001.2343,161861924.8,00001.4711,1823077040.0
2021-10-15T17:00:09.903Z,-USD,00001.2622,00001.6328,00001.2343,164608319.0,00001.5331,1828157330.5
2021-10-15T18:00:08.961Z,-USD,00001.2692,00001.6328,00001.2343,169822757.6,00001.4903,1834646967.7
2021-10-15T19:00:02.023Z,-USD,00001.2621,00001.6328,00001.2343,172623910.7,00001.5054,1839290498.4
2021-10-15T20:00:02.445Z,-USD,00001.2549,00001.6328,00001.2343,174187574.6,00001.4842,1843619905.7
2021-10-15T21:00:02.621Z,-USD,00001.2488,00001.6328,00001.2343,179507097.1,00001.5277,1849822626.6
2021-10-15T22:00:01.816Z,-USD,00001.2599,00001.6328,00001.2343,182596078.6,00001.5226,1853486419.7
2021-10-15T23:00:02.561Z,-USD,00001.2602,00001.6328,00001.2343,187995654.6,00001.5513,1859492915.7
2021-10-16T00:00:01.776Z,-USD,00001.2652,00001.6328,00001.2343,194538499.3,00001.6008,1867077139.9
2021-10-16T01:00:10.841Z,-USD,00001.2506,00001.6328,00001.2343,198720639.5,00001.5493,1781635007.4
2021-10-16T02:00:11.121Z,-USD,00001.2451,00001.6328,00001.2343,200226308.8,000001.512,1784582840.0
2021-10-16T03:00:11.374Z,-USD,00001.2631,00001.6328,00001.2589,198349256.4,00001.5125,1785951242.0
2021-10-16T04:00:23.43Z,-USD,00001.2852,00001.6328,00001.2852,198455848.5,00001.5452,1788673191.0
2021-10-16T05:00:09.936Z,-USD,00001.3791,00001.6328,00001.3654,183399388.4,00001.5465,1794153763.8
2021-10-16T06:00:10.923Z,-USD,00001.3983,00001.6328,00001.3978,180655868.1,00001.5761,1797711137.3
2021-10-16T07:00:08.629Z,-USD,00001.4447,00001.6328,000001.444,166653070.2,00001.5595,1800217272.2
2021-10-16T08:00:02.213Z,-USD,00001.4948,00001.6328,00001.4516,155728080.6,00001.5464,1801794240.2
2021-10-16T09:00:02.128Z,-USD,00001.5709,00001.6145,00001.4516,122519070.9,00001.5398,1803323271.7
2021-10-16T10:00:02.706Z,-USD,00001.5917,00001.6145,00001.4516,109969470.8,000001.531,1804345611.2
2021-10-16T11:00:03.731Z,-USD,00001.5384,00001.6145,00001.4516,103417248.8,00001.5497,1805594105.2
2021-10-16T12:00:02.202Z,-USD,00001.4993,00001.6145,00001.4516,97634019.9,00001.5477,1806714601.7
2021-10-16T13:00:11.501Z,-USD,00001.5001,00001.6145,00001.4516,93903502.1,00001.5079,1809598147.7
2021-10-16T14:00:11.199Z,-USD,00001.5092,00001.6145,00001.4516,90705367.6,00001.5187,1811473411.9
2021-10-16T15:00:17.788Z,-USD,00001.4608,00001.6145,00001.4528,84680201.6,00001.5164,1812566599.0
2021-10-16T16:00:11.248Z,-USD,00001.4687,00001.6145,00001.4528,82251118.7,00001.5146,1813987117.9
2021-10-16T17:00:10.684Z,-USD,000001.538,00001.6145,00001.4692,79208907.5,00001.5116,1816352760.8
2021-10-16T18:00:10.018Z,-USD,00001.4884,00001.6145,00001.4692,75087412.4,00001.5128,1818618458.7
2021-10-16T19:00:11.792Z,-USD,00001.5044,00001.6145,00001.4692,72027089.1,00001.5233,1819983449.4
2021-10-16T20:00:10.055Z,-USD,00001.4893,00001.6145,00001.4792,69747238.0,00001.5225,1822129654.2
2021-10-16T21:00:02.455Z,-USD,00001.5282,00001.6145,00001.5001,65033692.3,00001.5177,1823544838.5
2021-10-16T22:00:02.416Z,-USD,000001.524,00001.6145,00001.4972,62658686.5,00001.5018,1824815043.9
2021-10-16T23:00:02.255Z,-USD,00001.5493,00001.6145,00001.4972,58058119.4,00001.5064,1826272458.9
2021-10-17T00:00:01.695Z,-USD,00001.6028,00001.6145,00001.4972,51006224.2,000001.506,1826888728.3
2021-10-17T01:00:11.042Z,-USD,00001.5496,00000001.6,00001.4693,48226049.4,00001.4869,1763450087.0
2021-10-17T02:00:11.159Z,-USD,00001.5135,00000001.6,00001.4693,47622201.8,00001.4946,1765782163.2
2021-10-17T03:00:11.036Z,-USD,00001.5136,00000001.6,00001.4693,47254488.5,00001.4908,1766792006.5
2021-10-17T04:00:42.256Z,-USD,00001.5448,00000001.6,00001.4693,40730272.5,00001.5004,1768457040.1
2021-10-17T05:00:08.356Z,-USD,00001.5448,00000001.6,00001.4693,43554577.2,00001.5334,1771281592.5
2021-10-17T06:00:09.229Z,-USD,00001.5792,00001.5841,00001.4693,40945910.7,00001.5162,1772220810.0
2021-10-17T07:00:09.424Z,-USD,00001.5605,00001.5647,00001.4693,39041859.9,00001.5077,1772816677.8
2021-10-17T08:00:08.545Z,-USD,00001.5466,00001.5647,00001.4693,38355835.3,00001.4961,1773729148.9
2021-10-17T09:00:09.307Z,-USD,00001.5394,00001.5647,00001.4693,38041394.5,00001.5175,1774928489.4
2021-10-17T10:00:09.766Z,-USD,00001.5332,00001.5647,00001.4693,37613386.5,00001.5158,1775563670.8
2021-10-17T11:00:10.085Z,-USD,00001.5488,00001.5585,00001.4693,36985827.5,000001.511,1776143296.9
2021-10-17T12:00:08.446Z,-USD,00001.5447,00001.5494,00001.4693,36398597.3,00001.4984,1776701988.1
2021-10-17T13:00:11.507Z,-USD,00001.5026,00001.5494,00001.4693,34223433.8,00001.4967,1777442412.5
2021-10-17T14:00:09.855Z,-USD,00001.5219,00001.5494,00001.4693,33439265.9,00001.5008,1778480672.4
2021-10-17T15:00:09.417Z,-USD,00001.5165,00001.5494,00001.4693,33063939.3,00001.4951,1779191020.8
2021-10-17T16:00:08.9Z,-USD,00001.5158,00001.5494,00001.4693,33714961.4,000001.478,1781271950.4
2021-10-17T17:00:02.403Z,-USD,00001.5127,00001.5494,00001.4693,32276834.2,000001.476,1782211604.9
2021-10-17T18:00:03.747Z,-USD,00001.5148,00001.5494,00001.4693,30588110.7,00001.4772,1782776187.5
2021-10-17T19:00:01.935Z,-USD,00001.5248,00001.5494,00001.4693,30249688.5,00001.4846,1783800882.5
2021-10-17T20:00:02.498Z,-USD,00001.5215,00001.5494,00001.4587,29652563.5,00001.4639,1785337422.0
2021-10-17T21:00:02.149Z,-USD,00001.5181,00001.5494,00001.4126,33799506.0,00001.4186,1790920382.4
2021-10-17T22:00:02.532Z,-USD,000001.502,00001.5494,00001.4105,34616579.1,00001.4427,1792996871.4
2021-10-17T23:00:01.82Z,-USD,00001.5072,00001.5494,00001.4105,35193883.0,00001.4466,1795035606.5
2021-10-18T00:00:08.546Z,-USD,00001.5073,00001.5494,00001.4105,36273661.5,00001.4576,1796718893.9
2021-10-18T01:00:02.724Z,-USD,000001.487,00001.5494,00001.4105,35258693.5,00001.4759,1755340745.1
2021-10-18T02:00:01.902Z,-USD,00001.4939,00001.5494,00001.4105,35034211.2,00001.4818,1757448272.9
2021-10-18T03:00:01.983Z,-USD,00001.4928,00001.5494,00001.4105,35606217.8,00001.4784,1759051746.9
2021-10-18T04:00:02.164Z,-USD,00001.5004,00001.5494,00001.4105,35430000.4,00001.4828,1760505555.0
2021-10-18T05:00:01.742Z,-USD,00001.5327,00001.5525,00001.4105,36463701.5,00001.5285,1764376663.9
2021-10-18T06:00:01.777Z,-USD,00001.5153,00001.5525,00001.4105,37208154.8,00001.5466,1766057249.5
2021-10-18T07:00:01.706Z,-USD,00001.5079,00001.6026,00001.4105,40334850.4,00001.5885,1769770926.6
2021-10-18T08:00:02.552Z,-USD,00001.4929,00001.6191,00001.4105,42553816.4,00001.5728,1772905083.2
2021-10-18T09:00:02.451Z,-USD,00001.5157,00001.6191,00001.4105,43537853.9,00001.5744,1775129081.7
2021-10-18T10:00:02.248Z,-USD,00001.5157,00001.6191,00001.4105,45580758.8,00001.5383,1777783395.5
2021-10-18T11:00:02.559Z,-USD,00001.5105,00001.6191,00001.4105,47817960.5,00001.5273,1780583522.4
2021-10-18T12:00:02.461Z,-USD,00001.4965,00001.6191,00001.4105,49646830.4,00001.5058,1783000783.7
2021-10-18T13:00:02.581Z,-USD,00001.4983,00001.6191,00001.4105,51318152.0,00001.4852,1785381060.6
2021-10-18T14:00:01.943Z,-USD,000001.502,00001.6191,00001.4105,55928901.6,000001.529,1791034642.4
2021-10-18T15:00:02.116Z,-USD,00001.4965,00001.6191,00001.4105,57955241.3,00001.5112,1793793933.6
2021-10-18T16:00:02.353Z,-USD,00001.4761,00001.6191,00001.4105,57992426.0,00001.5073,1795904311.8
2021-10-18T17:00:01.827Z,-USD,00001.4757,00001.6191,00001.4105,60125947.9,00001.4947,1798966342.2
2021-10-18T18:00:02.355Z,-USD,000001.477,00001.6191,00001.4105,62260100.5,00001.4972,1801656525.0
2021-10-18T19:00:02.229Z,-USD,00001.4841,00001.6191,00001.4105,63271419.9,000001.487,1803697883.5
2021-10-18T20:00:02.515Z,-USD,00001.4642,00001.6191,00001.4105,64183267.7,00001.4951,1806145492.3
2021-10-18T21:00:01.852Z,-USD,000001.415,00001.6191,00001.4105,60362913.8,00001.4874,1807931447.5
2021-10-18T22:00:02.585Z,-USD,00001.4431,00001.6191,00001.4378,59224215.2,00001.4914,1808847683.8
2021-10-18T23:00:01.997Z,-USD,00001.4452,00001.6191,00001.4378,58561339.4,00001.4919,1810221697.5
2021-10-19T00:00:02.07Z,-USD,0000001.46,00001.6191,00001.4461,58406435.0,00001.4825,1811749662.6
2021-10-19T01:00:02.499Z,-USD,00001.4772,00001.6191,00001.4626,58544693.2,00001.4983,1778640841.3
2021-10-19T02:00:01.899Z,-USD,00001.4803,00001.6191,00001.4626,58291859.1,00001.4901,1780516480.1
2021-10-19T03:00:02.276Z,-USD,00001.4783,00001.6191,00001.4654,57899984.4,00001.4969,1781693741.5
2021-10-19T04:00:02.483Z,-USD,00001.4819,00001.6191,00001.4654,58705713.8,00001.5065,1784015811.1
2021-10-19T05:00:01.823Z,-USD,00001.5282,00001.6191,00001.4654,56438261.0,00001.5072,1785555534.8
2021-10-19T06:00:02.691Z,-USD,00001.5451,00001.6191,00001.4654,55421472.8,00001.5054,1786246758.9
2021-10-19T07:00:01.891Z,-USD,00001.5875,00001.6191,00001.4654,52621370.6,00001.4853,1787139487.9
2021-10-19T08:00:01.966Z,-USD,00001.5698,00001.5921,00001.4654,49896862.9,00001.4984,1787553808.5
2021-10-19T09:00:02.439Z,-USD,00001.5741,000001.576,00001.4654,48393462.8,00001.5079,1788259528.2
2021-10-19T10:00:02.336Z,-USD,000001.537,000001.542,00001.4654,46675600.7,00001.4994,1789203931.7
2021-10-19T11:00:02.348Z,-USD,00001.5261,000001.542,00001.4654,44696666.7,00001.4967,1790021428.3
2021-10-19T12:00:02.418Z,-USD,00001.5094,000001.542,00001.4654,42799149.0,00001.4936,1790541518.7
2021-10-19T13:00:02.461Z,-USD,00001.4864,000001.542,00001.4654,41269888.1,00001.4884,1791418063.9
2021-10-19T14:00:02.569Z,-USD,00001.5261,000001.533,00001.4701,38533195.6,00001.4825,1794316439.3
2021-10-19T15:00:01.94Z,-USD,00001.5084,00001.5277,00001.4607,38898616.6,00001.4821,1797466056.6
2021-10-19T16:00:02.246Z,-USD,00001.5073,00001.5277,00001.4607,38269629.9,00001.4669,1798924489.0
2021-10-19T17:00:02.619Z,-USD,00001.4928,00001.5277,00001.4607,36135501.2,00001.4738,1799838380.6
2021-10-19T18:00:02.691Z,-USD,00001.4957,00001.5277,00001.4607,34806992.6,00001.4756,1801235717.0
2021-10-19T19:00:02.283Z,-USD,00001.4856,00001.5277,00001.4607,34251677.7,00001.4669,1802685966.0
2021-10-19T20:00:02.68Z,-USD,00001.4957,00001.5277,000001.454,33561382.7,00001.4571,1804459205.2
2021-10-19T21:00:02.531Z,-USD,00001.4868,00001.5277,00001.4373,33825703.4,00001.4378,1806496814.3
2021-10-19T22:00:02.312Z,-USD,00001.4909,00001.5277,00001.4373,34350575.1,00001.4638,1807930084.0
2021-10-19T23:00:02.548Z,-USD,00001.4921,00001.5277,00001.4373,34490710.5,00001.4796,1809460221.6
2021-10-20T00:00:02.423Z,-USD,00001.4826,00001.5277,00001.4373,34104328.6,00001.4783,1810592677.9
2021-10-20T01:00:02.584Z,-USD,00001.4985,00001.5277,00001.4373,33172980.6,00001.4568,1690487401.9
2021-10-20T02:00:02.668Z,-USD,00001.4922,00001.5277,00001.4373,33042505.6,00001.4565,1692227584.0
2021-10-20T03:00:02.542Z,-USD,00001.4968,00001.5277,00001.4373,32757783.8,00001.4574,1693132408.6
2021-10-20T04:00:02.569Z,-USD,00001.5042,00001.5277,00001.4373,31180103.0,00001.4576,1693874517.9
2021-10-20T05:00:01.718Z,-USD,00001.5076,00001.5123,00001.4373,30475853.6,00001.4599,1694698049.3
2021-10-20T06:00:02.82Z,-USD,000001.504,00001.5105,00001.4373,30404805.5,00001.4583,1695324274.1
2021-10-20T07:00:02.601Z,-USD,00001.4876,00001.5105,00001.4373,29997053.6,00001.4581,1695807487.9
2021-10-20T08:00:02.315Z,-USD,00000001.5,00001.5105,00001.4373,29982442.4,00001.4587,1696202365.0
2021-10-20T09:00:02.178Z,-USD,00001.5091,00001.5105,00001.4373,29749189.0,00001.4608,1696699679.4
2021-10-20T10:00:02.107Z,-USD,00001.4991,00001.5026,00001.4373,29648863.0,00001.4728,1697517427.4
2021-10-20T11:00:04.304Z,-USD,00001.4969,00001.4995,00001.4373,29657218.0,00001.4707,1698351544.9
2021-10-20T12:00:01.956Z,-USD,00001.4934,00001.4995,00001.4373,30161017.5,00001.4766,1699382878.0
2021-10-20T13:00:01.795Z,-USD,00001.4887,00001.4995,00001.4373,31131788.1,00001.4913,1701214762.0
2021-10-20T14:00:02.204Z,-USD,00001.4816,000001.527,00001.4373,31888497.4,00001.5133,1704880493.5
2021-10-20T15:00:02.133Z,-USD,00001.4823,00001.5386,00001.4373,33938808.3,00001.5195,1710073461.0
2021-10-20T16:00:02.191Z,-USD,00001.4651,00001.5386,00001.4373,35902694.1,00001.5228,1713494170.4
2021-10-20T17:00:01.752Z,-USD,00001.4726,00001.5507,00001.4373,38943759.5,000001.545,1717488333.6
2021-10-20T18:00:02.711Z,-USD,00001.4755,00001.5507,00001.4373,40015618.3,000001.521,1719921935.1
2021-10-20T19:00:02.04Z,-USD,00001.4676,00001.5507,00001.4373,40049494.8,00001.5313,1721401833.6
2021-10-20T20:00:01.881Z,-USD,00001.4576,00001.5507,00001.4373,40148681.7,00001.5351,1723308449.6
2021-10-20T21:00:02.216Z,-USD,00001.4395,00001.5507,000001.438,40468725.4,00001.5203,1725641404.8
2021-10-20T22:00:02.297Z,-USD,00001.4637,00001.5507,000001.451,40439175.9,00001.5243,1727038494.3
2021-10-20T23:00:01.822Z,-USD,00001.4791,00001.5507,000001.451,40877433.5,000001.518,1729012245.8
2021-10-21T00:00:02.66Z,-USD,00001.4785,00001.5507,000001.451,41765672.0,00001.5339,1731033084.7
2021-10-21T01:00:02.187Z,-USD,00001.4569,00001.5752,000001.451,44619587.7,00001.5694,1619207553.3
2021-10-21T02:00:02.795Z,-USD,00001.4587,00001.5911,00001.4526,47007496.8,00001.5568,1623341589.4
2021-10-21T03:00:02.201Z,-USD,000001.457,00001.5911,00001.4526,49544026.0,00001.5497,1626769086.5
2021-10-21T04:00:02.146Z,-USD,00001.4578,00001.5911,00001.4526,50433855.6,00001.5444,1628402656.8
2021-10-21T05:00:02.629Z,-USD,00001.4603,00001.5911,00001.4534,50952542.9,00001.5501,1629743707.7
2021-10-21T06:00:02.524Z,-USD,00001.4588,00001.5911,00001.4549,51320896.6,000001.563,1630741054.1
2021-10-21T07:00:02.385Z,-USD,00001.4591,00001.5911,00001.4564,52418027.1,00001.5484,1632331946.8
2021-10-21T08:00:02.232Z,-USD,00001.4597,00001.5911,00001.4574,52879626.0,00001.5547,1633177767.5
2021-10-21T09:00:02.008Z,-USD,00001.4607,00001.5911,00001.4574,53831127.0,00001.5747,1634622657.7
2021-10-21T10:00:01.763Z,-USD,00001.4716,00001.5911,00001.4653,54668491.0,00001.5738,1636284770.2
2021-10-21T11:00:02.084Z,-USD,000001.471,00001.5999,00001.4653,55845065.3,00001.5861,1638287399.3
2021-10-21T12:00:01.931Z,-USD,00001.4776,00001.6319,0000001.47,65348735.6,00001.5508,1648863139.7
2021-10-21T13:00:01.776Z,-USD,00001.4921,00001.6319,0000001.47,66316021.1,00001.5663,1651631815.0
2021-10-21T14:00:02.654Z,-USD,00001.5125,00001.6319,0000001.47,64993152.7,00001.5562,1653997961.8
2021-10-21T15:00:01.791Z,-USD,00001.5187,00001.6319,0000001.47,64701747.0,00001.5149,1658928292.5
2021-10-21T16:00:02.014Z,-USD,00001.5235,00001.6319,0000001.47,66368954.7,00001.5058,1663981124.7
2021-10-21T17:00:02.369Z,-USD,00001.5424,00001.6319,0000001.47,65051203.5,00001.4924,1666669480.9
2021-10-21T18:00:02.593Z,-USD,00001.5202,00001.6319,0000001.47,64718042.4,000001.484,1668735911.4
2021-10-21T19:00:02.51Z,-USD,00001.5328,00001.6319,0000001.47,65090128.4,00001.4942,1670589894.6
2021-10-21T20:00:02.655Z,-USD,00001.5349,00001.6319,0000001.47,65682717.0,00001.4998,1673118503.4
2021-10-21T21:00:01.929Z,-USD,00001.5212,00001.6319,0000001.47,65807695.0,00001.5118,1675563056.2
2021-10-21T22:00:02.08Z,-USD,000001.524,00001.6319,0000001.47,66034695.0,00001.5091,1677167547.1
2021-10-21T23:00:02.468Z,-USD,00001.5192,00001.6319,0000001.47,65297137.9,000001.503,1678454722.0
2021-10-22T00:00:02.626Z,-USD,00001.5364,00001.6319,0000001.47,64244618.8,00001.5059,1679383750.9
2021-10-22T01:00:09.309Z,-USD,00001.5673,00001.6319,0000001.47,62344762.5,00001.5318,1592977527.0
2021-10-22T02:00:07.275Z,-USD,00001.5574,00001.6319,0000001.47,60200876.2,00001.5351,1594990642.7
2021-10-22T03:00:02.234Z,-USD,00001.5519,00001.6319,0000001.47,57963837.8,00001.5416,1596166916.5
2021-10-22T04:00:01.852Z,-USD,00001.5466,00001.6319,0000001.47,58909987.4,00001.5579,1598720881.7
2021-10-22T05:00:02.652Z,-USD,00001.5493,00001.6319,0000001.47,59140331.2,00001.5658,1600289629.3
2021-10-22T06:00:02.402Z,-USD,00001.5628,00001.6319,0000001.47,59561905.1,00001.5546,1601715917.0
2021-10-22T07:00:02.05Z,-USD,00001.5479,00001.6319,0000001.47,59542927.5,00001.5293,1603276095.6
2021-10-22T08:00:01.781Z,-USD,00001.5549,00001.6319,0000001.47,59745692.7,00001.5451,1604329228.7
2021-10-22T09:00:02.57Z,-USD,00001.5739,00001.6319,0000001.47,59197177.4,00001.5523,1605229088.7
2021-10-22T10:00:02.161Z,-USD,00001.5767,00001.6319,0000001.47,59629205.7,00001.5506,1607332632.4
2021-10-22T11:00:02.351Z,-USD,00001.5883,00001.6319,0000001.47,58540145.1,00001.5463,1608407444.7
2021-10-22T12:00:01.743Z,-USD,00001.5556,00001.5898,00001.4808,49138426.1,00001.5503,1609438898.0
2021-10-22T13:00:02.639Z,-USD,00001.5654,00001.5898,00001.4808,47331012.0,00001.5561,1610378246.0
2021-10-22T14:00:02.466Z,-USD,00001.5559,00001.5781,00001.4808,47195383.1,00001.5406,1612678977.2
2021-10-22T15:00:01.819Z,-USD,00001.5136,00001.5781,00001.4808,46911414.9,00001.5248,1617268482.7
2021-10-22T16:00:01.939Z,-USD,00001.5026,00001.5781,00001.4819,44939547.4,00001.5188,1620349233.4
2021-10-22T17:00:02.393Z,-USD,00001.4915,00001.5781,00001.4819,47036725.0,00001.5268,1625115875.8
2021-10-22T18:00:02.025Z,-USD,00001.4848,00001.5781,00001.4848,46347145.9,00001.5104,1626503015.8
2021-10-22T19:00:02.161Z,-USD,00001.4956,00001.5781,00001.4902,46143700.9,00001.5267,1628149373.1
2021-10-22T20:00:02.173Z,-USD,00001.5028,00001.5781,00001.4902,44935219.0,00001.5168,1629517048.8
2021-10-22T21:00:02.418Z,-USD,000001.512,00001.5781,00001.4902,44089726.3,00001.5166,1631077297.9
2021-10-22T22:00:02.198Z,-USD,00001.5112,00001.5781,00001.4902,44472065.3,00001.4999,1633092862.5
2021-10-22T23:00:02.568Z,-USD,00001.5048,00001.5781,00001.4902,44292874.4,00001.5096,1634167031.7
2021-10-23T00:00:02.446Z,-USD,00001.5051,00001.5781,00001.4902,44404615.3,00001.5149,1635200269.2
2021-10-23T01:00:02.283Z,-USD,00001.5367,00001.5781,00001.4902,43489868.4,00001.5125,1592868967.6
2021-10-23T02:00:02.096Z,-USD,00001.5352,00001.5781,00001.4902,42409996.6,00001.5077,1593799855.8
2021-10-23T03:00:02.102Z,-USD,00001.5419,00001.5781,00001.4902,43025245.5,00001.5234,1595565328.1
2021-10-23T04:00:02.17Z,-USD,00001.5626,00001.5781,00001.4902,41078374.4,00001.5228,1596174276.2
2021-10-23T05:00:02.322Z,-USD,00001.5671,00001.5711,00001.4902,40330942.7,00001.5307,1597020556.9
2021-10-23T06:00:02.227Z,-USD,00001.5569,00001.5692,00001.4902,40108901.3,00001.5348,1598201099.0
2021-10-23T07:00:02.1Z,-USD,00001.5303,00001.5692,00001.4902,39270218.5,00001.5428,1598919950.8
2021-10-23T08:00:01.833Z,-USD,00001.5459,00001.5692,00001.4902,39215466.0,00001.5447,1599943753.6
2021-10-23T09:00:01.76Z,-USD,00001.5506,00001.5692,00001.4902,39353737.0,00001.5402,1600968420.2
2021-10-23T10:00:02.585Z,-USD,00001.5508,00001.5692,00001.4902,38430997.4,00001.5384,1602131307.1
2021-10-23T11:00:01.767Z,-USD,00001.5464,00001.5692,00001.4902,38052456.9,00001.5289,1602832319.3
2021-10-23T12:00:02.463Z,-USD,00001.5499,00001.5727,00001.4902,39705862.5,00001.5665,1605518535.1
2021-10-23T13:00:02.387Z,-USD,00001.5556,00001.6414,00001.4902,45235049.0,00001.6367,1611997234.2
2021-10-23T14:00:02.271Z,-USD,00001.5407,00001.6542,00001.4902,50407394.3,00001.6469,1619486639.4
2021-10-31T18:00:08.706Z,-USD,00001.8922,00002.0326,000001.795,74162963.5,00001.8722,1948520240.9
2021-10-31T19:00:01.791Z,-USD,00001.9116,00002.0326,000001.795,74559809.0,00001.8789,1950355829.8
2021-10-31T20:00:01.778Z,-USD,00001.9076,00002.0326,000001.795,74412567.2,00001.8676,1951662221.0
2021-10-31T21:00:02.684Z,-USD,00001.8936,00002.0326,000001.795,74195905.7,00001.8893,1953321355.6
2021-10-31T22:00:01.709Z,-USD,0000001.87,00002.0326,000001.795,74296063.9,00001.9316,1955695424.0
2021-10-31T23:00:03.094Z,-USD,000001.862,00002.0326,000001.795,70860314.8,00001.9379,1957562950.3
2021-11-01T00:00:04.868Z,-USD,00001.8748,00002.0326,000001.795,69585482.9,00001.9357,1959349100.7
2021-11-01T01:00:04.338Z,-USD,00001.8996,00002.0326,000001.795,66449549.8,00001.9705,1914355403.9
2021-11-01T02:00:03.854Z,-USD,00001.8963,00002.0326,000001.795,66629453.5,00001.9362,1917863635.7
2021-11-01T03:00:03.703Z,-USD,00001.9142,00002.0326,000001.795,67949152.4,00001.8953,1921642309.5
2021-11-01T04:00:13.388Z,-USD,00001.9574,00002.0326,000001.795,66039846.0,00001.8588,1923360764.3
2021-11-01T05:00:07.284Z,-USD,00001.9518,00002.0326,000001.795,63047464.8,00001.8851,1925443018.8
2021-11-01T06:00:06.049Z,-USD,00002.0281,00002.0326,000001.795,57596403.0,00001.8865,1926492938.3
2021-11-01T07:00:06.388Z,-USD,000001.938,00001.9731,000001.795,53554570.0,00001.8957,1927384305.4
2021-11-01T08:00:02.266Z,-USD,00001.9109,00001.9731,000001.795,53295680.2,00001.9408,1928884378.6
2021-11-01T09:00:01.782Z,-USD,00001.8794,00001.9731,000001.795,52477682.0,00001.8941,1930292056.4
2021-11-01T10:00:02.202Z,-USD,00001.8764,00001.9731,000001.795,51832742.5,00001.9047,1931137119.3
2021-11-01T11:00:03.213Z,-USD,00001.8563,00001.9731,000001.795,50851062.0,00001.8895,1932340300.4
2021-11-01T12:00:02.513Z,-USD,00001.8423,00001.9731,000001.795,49814628.1,00001.8808,1933338940.3
2021-11-01T13:00:02.256Z,-USD,000001.829,00001.9731,000001.795,49804142.1,00001.8867,1935546181.2
2021-11-01T14:00:02.194Z,-USD,00001.8385,00001.9731,00001.8044,48980437.2,00001.9321,1938490597.9
2021-11-01T15:00:02.248Z,-USD,000001.825,00001.9731,00001.8044,48506113.8,00000001.9,1940705177.5
2021-11-01T16:00:01.801Z,-USD,00001.8285,00001.9731,00001.8126,47482078.2,00001.8936,1942770023.7
2021-11-01T17:00:03.98Z,-USD,00001.8637,00001.9731,0000001.84,45651919.7,00001.8791,1944324726.8
2021-11-01T18:00:02.944Z,-USD,00001.8695,00001.9731,0000001.84,44824482.9,00001.8703,1945840893.9
2021-11-01T19:00:02.167Z,-USD,000001.876,00001.9731,0000001.84,44181790.4,00001.8811,1947027727.8
2021-11-01T20:00:02.283Z,-USD,00001.8714,00001.9731,0000001.84,44178030.7,000001.892,1948346315.8
2021-11-01T21:00:02.427Z,-USD,00001.8881,00001.9731,0000001.84,44667746.4,00001.8772,1950478038.2
2021-11-01T22:00:02.478Z,-USD,00001.9297,00001.9731,0000001.84,43394634.1,00001.8852,1951615388.1
2021-11-01T23:00:03.419Z,-USD,00001.9363,00001.9731,0000001.84,42880852.3,00001.8991,1952938988.9
2021-11-02T00:00:01.929Z,-USD,00001.9407,00001.9731,0000001.84,43341290.8,00001.9037,1955229740.7
2021-11-02T01:00:01.873Z,-USD,00001.9669,00001.9731,0000001.84,42901400.8,00001.8801,1906914874.4
2021-11-02T02:00:01.986Z,-USD,00001.9443,00001.9508,0000001.84,40842278.4,00001.8773,1908332058.2
2021-11-02T03:00:01.903Z,-USD,000001.859,00001.9409,0000001.84,36892400.7,00001.8711,1909937767.7
2021-11-02T04:00:02.082Z,-USD,000001.859,00001.9409,0000001.84,38174048.5,00001.8827,1911219415.5
2021-11-02T05:01:03.096Z,-USD,00001.8862,00001.9409,00001.8628,36290382.7,00001.9011,1912385059.4
2021-11-02T06:00:02.166Z,-USD,00001.8862,00001.9409,00001.8628,36905256.0,00001.8983,1912999932.7
2021-11-02T07:00:01.91Z,-USD,00001.8985,00001.9409,00001.8628,37242978.7,00001.9147,1914202173.2
2021-11-02T08:00:01.852Z,-USD,00001.9381,00001.9409,00001.8628,36652202.6,00001.8829,1915162279.1
2021-11-02T09:00:01.775Z,-USD,000001.897,00001.9323,00001.8628,36584996.5,00001.8863,1916459704.2
2021-11-02T10:00:01.714Z,-USD,00001.9043,00001.9323,00001.8628,37573718.8,00001.9129,1918296868.8
2021-11-02T11:00:04.183Z,-USD,00001.8888,00001.9374,00001.8628,40478901.7,00001.9093,1922401594.5
2021-11-02T12:00:01.711Z,-USD,00001.8809,00001.9374,00001.8628,41054921.3,000001.905,1923982936.4
2021-11-02T13:00:02.582Z,-USD,00001.8874,00001.9374,00001.8628,40408356.7,00001.9011,1925540703.5
2021-11-02T14:00:02.686Z,-USD,000001.926,00001.9374,00001.8628,39358183.3,00001.9289,1927448300.7
2021-11-02T15:00:02.009Z,-USD,00001.9027,00001.9693,00001.8628,41132192.0,000001.964,1931429526.5
2021-11-02T16:00:02.22Z,-USD,00001.8976,00001.9723,00001.8628,42089096.5,00001.9553,1934441982.2
2021-11-02T17:00:03.37Z,-USD,00001.8804,00001.9723,00001.8628,45254399.4,00001.9128,1939159609.4
2021-11-02T18:00:02.126Z,-USD,00001.8706,00001.9723,00001.8644,45346007.3,00001.9257,1940787400.2
2021-11-02T19:00:02.42Z,-USD,00001.8819,00001.9723,000001.865,45462640.8,00001.9252,1942084472.6
2021-11-02T20:00:01.771Z,-USD,00001.8962,00001.9723,000001.865,45698239.1,00001.9397,1943652422.7
2021-11-02T21:00:01.886Z,-USD,00001.8802,00001.9723,000001.865,45177520.9,00001.9133,1945254596.6
2021-11-02T22:00:02.016Z,-USD,00001.8818,00001.9723,000001.865,45510805.9,00001.9105,1946711189.3
2021-11-02T23:00:02.751Z,-USD,00001.8998,00001.9723,000001.865,45348290.3,00001.9242,1947876559.3
2021-11-03T00:00:02.489Z,-USD,000001.903,00001.9723,000001.865,46011308.5,00001.9372,1950830249.7
2021-11-03T01:00:02.616Z,-USD,00001.8792,00001.9929,000001.865,48618823.4,00001.9776,1901123566.4
2021-11-03T02:00:02.352Z,-USD,00001.8781,00002.0909,000001.865,61910655.8,00002.0607,1915833622.7
2021-11-03T03:00:02.521Z,-USD,00001.8716,000002.098,000001.865,69542447.9,00002.0485,1925062936.9
2021-11-03T04:00:02.703Z,-USD,00001.8801,000002.194,0000001.88,83010458.3,00002.1377,1939837511.0
2021-11-03T05:00:03.72Z,-USD,00001.9019,000002.194,000001.881,88628151.5,00002.0459,1946595932.2
2021-11-03T06:00:02.825Z,-USD,000001.902,000002.194,000001.881,90741077.7,00002.0667,1949330379.1
2021-11-03T07:00:01.666Z,-USD,00001.9138,000002.194,000001.881,91455718.5,00002.0616,1951249840.5
2021-11-03T08:00:02.667Z,-USD,00001.8852,000002.194,000001.881,92684793.7,00002.1017,1953437079.9
2021-11-03T09:00:02.682Z,-USD,00001.8852,000002.194,00001.8811,93225994.2,00002.0658,1955287838.6
2021-11-03T10:00:02.489Z,-USD,00001.9087,000002.194,00001.8968,92790126.6,00002.0707,1956810196.2
2021-11-03T11:00:04.508Z,-USD,00001.9081,000002.194,00001.8968,90268501.2,00002.0554,1958297197.1
2021-11-03T12:00:01.942Z,-USD,00001.9028,000002.194,00001.8968,91042614.9,00002.0192,1960622695.4
2021-11-03T13:00:01.863Z,-USD,00001.9021,000002.194,000001.902,93863125.7,00001.9775,1965028210.1
2021-11-03T14:00:01.998Z,-USD,000001.929,000002.194,00001.9028,94624954.9,000001.975,1967713739.8
2021-11-03T15:00:02.207Z,-USD,00001.9697,000002.194,00001.9028,93925398.4,00001.9862,1970987045.0
2021-11-03T16:00:01.68Z,-USD,00001.9513,000002.194,00001.9028,93380730.0,00002.0024,1973475785.3
2021-11-03T17:00:03.277Z,-USD,00001.9148,000002.194,00001.9028,90979466.1,00001.9708,1975760734.0
2021-11-03T18:00:01.882Z,-USD,000001.927,000002.194,00001.9028,91631684.3,000001.986,1978005848.4
2021-11-03T19:00:02.278Z,-USD,00001.9261,000002.194,00001.9028,93970202.4,00002.0439,1981661856.9
2021-11-03T20:00:02.568Z,-USD,000001.937,000002.194,00001.9028,94501411.2,00002.0404,1983769370.5
2021-11-03T21:00:01.933Z,-USD,00001.9107,000002.194,00001.9028,94791311.7,00002.0516,1985724974.9
