Coin on file:	OMG
Created by:	chris
Created on:	09/18/2021T03:00:1631948402Z

Recorded,Currency,Open,High,Low,Volume,Last,Volume30day
2021-09-18T03:00:02.659Z,-USD,00008.6962,000008.754,00008.1307,01149894.2,00008.4599,75760093.6
2021-09-18T04:00:01.983Z,-USD,00008.7212,00008.7291,00008.1307,01134576.0,00008.5585,75787849.5
2021-09-18T05:00:02.052Z,-USD,00008.6807,000008.691,00008.1307,01135615.8,00008.6349,75829073.9
2021-09-18T06:00:02.083Z,-USD,00008.6675,00008.6908,00008.1307,01137293.4,00008.6731,75855908.2
2021-09-18T07:00:02.385Z,-USD,00008.6392,00008.7963,00008.1307,01135595.0,00008.7079,75904003.9
2021-09-18T08:00:02.626Z,-USD,00008.5074,00008.8253,00008.1307,01071262.6,00008.7501,75957521.5
2021-09-18T09:00:01.852Z,-USD,00008.5535,00008.8253,00008.1307,01051650.7,00008.7479,75973395.0
2021-09-18T10:00:01.968Z,-USD,000008.459,00008.8253,00008.1307,01024900.5,00008.6706,75997975.7
2021-09-18T11:00:02.344Z,-USD,00008.2635,00008.8253,00008.1307,00925223.5,00008.6913,76010093.0
2021-09-18T12:00:02.46Z,-USD,00008.2366,00008.8253,00008.1307,00899483.9,00008.6307,76041736.0
2021-09-18T13:00:02.675Z,-USD,00008.3131,00008.8253,000008.223,00903912.9,00008.5922,76113481.5
2021-09-18T14:00:01.88Z,-USD,00008.2896,00008.8253,00008.2581,00877953.1,00008.5812,76143532.0
2021-09-18T14:27:57.952Z,-USD,00008.4443,00008.8253,00008.2581,00835103.8,00008.6281,76163133.8
2021-09-18T14:28:37.246Z,-USD,00008.4443,00008.8253,00008.2581,00836815.8,00008.6376,76164845.8
2021-09-18T14:31:17.504Z,-USD,00008.4443,00008.8253,00008.2581,00838748.8,00008.6317,76166778.8
2021-09-18T15:00:02.118Z,-USD,00008.4443,00008.8253,00008.2581,00856959.6,00008.5904,76184989.6
2021-09-18T16:00:02.322Z,-USD,00008.4498,00008.8253,00008.2581,00852446.8,0000008.75,76212264.8
2021-09-18T17:00:02.107Z,-USD,00008.5054,00008.8253,00008.2581,00854657.0,00008.6734,76257641.9
2021-09-18T18:00:07.221Z,-USD,00008.4119,00008.8253,00008.2581,00874887.5,00008.7251,76320425.4
2021-09-18T19:00:01.787Z,-USD,0000008.36,00008.8253,00008.2581,00841127.4,00008.7988,76346780.2
2021-09-18T20:00:02.515Z,-USD,00008.4219,00008.8273,00008.2581,00839021.9,00008.8257,76374893.5
2021-09-18T21:00:02.121Z,-USD,00008.3164,00008.8363,00008.2581,00889048.2,00008.6442,76442958.1
2021-09-18T22:00:02.335Z,-USD,00008.3761,000008.847,00008.2581,00901102.7,00008.8458,76466531.7
2021-09-18T23:00:01.768Z,-USD,00008.2687,00008.9683,00008.2663,00913226.8,00008.7833,76524425.8
2021-09-19T00:00:02.394Z,-USD,00008.5015,00008.9683,00008.2999,00912361.2,00008.8037,76577646.5
2021-09-19T01:00:02.002Z,-USD,00008.4813,00008.9683,00008.4172,00932648.9,000008.628,74986141.3
2021-09-19T02:00:02.019Z,-USD,00008.4983,00008.9683,00008.4468,00954714.0,00008.6526,75046442.7
2021-09-19T03:00:02.664Z,-USD,00008.4698,00008.9683,00008.4693,00948068.0,00008.6718,75061878.9
2021-09-19T04:00:02.654Z,-USD,00008.5743,00008.9683,00008.5258,00929680.0,00008.6507,75071935.8
2021-09-19T05:00:02.407Z,-USD,00008.6225,00008.9683,00008.5258,00925353.8,00008.7111,75108155.4
2021-09-19T06:00:02.187Z,-USD,00008.6651,000009.191,00008.5258,01096600.6,000009.128,75306322.2
2021-09-19T07:00:02.005Z,-USD,00008.7233,000009.191,00008.5258,01153752.6,00009.0186,75411393.8
2021-09-19T08:00:02.143Z,-USD,00008.7694,00009.3249,00008.5258,01185440.3,00009.2376,75496758.7
2021-09-19T09:00:01.925Z,-USD,00008.7478,00009.4207,00008.5258,01306052.8,00009.3985,75634269.4
2021-09-19T10:00:01.868Z,-USD,000008.668,0000009.54,00008.5258,01457457.9,00009.5127,75809151.8
2021-09-19T11:00:02.48Z,-USD,00008.7097,00000009.9,00008.5258,01853623.2,00009.6101,76217468.0
2021-09-19T12:00:02.523Z,-USD,00008.6478,00000009.9,00008.5258,01997022.4,00009.4766,76392869.7
2021-09-19T13:00:02.684Z,-USD,00008.5913,00000009.9,00008.5258,02206102.0,00009.6532,76673625.2
2021-09-19T14:00:02.607Z,-USD,00008.5813,00000009.9,00008.5382,02495798.5,00009.7221,76993957.9
2021-09-19T15:00:02.684Z,-USD,000008.602,00010.0224,00008.5382,02938684.4,00009.7867,77477768.3
2021-09-19T16:00:02.634Z,-USD,00008.7592,00010.0224,00008.5382,03148340.1,00009.6941,77714512.2
2021-09-19T17:00:02.62Z,-USD,000008.674,0000010.13,00008.5382,03483373.0,00009.8782,78094965.2
2021-09-19T18:00:01.7Z,-USD,00008.7058,0000010.13,00008.5382,03639315.0,00009.9687,78313480.7
2021-09-19T19:00:01.839Z,-USD,00008.7905,0000010.13,00008.5382,03808019.9,00009.9026,78508688.7
2021-09-19T20:00:01.841Z,-USD,00008.8363,0000010.13,00008.5382,03918729.6,00009.7221,78647949.9
2021-09-19T21:00:02.299Z,-USD,00008.6332,0000010.13,00008.5382,03955900.6,00009.6923,78752633.0
2021-09-19T22:00:02.24Z,-USD,00008.8477,0000010.13,00008.5382,04004626.1,00009.8401,78824930.2
2021-09-19T23:00:02.396Z,-USD,00008.7971,0000010.13,00008.5382,04171942.1,00009.4735,79050009.3
2021-09-20T00:00:01.696Z,-USD,00008.8118,0000010.13,00008.5382,04208498.1,00009.6705,79140080.9
2021-09-20T01:00:01.876Z,-USD,00008.6254,0000010.13,00008.5382,04327073.2,000009.488,77810738.3
2021-09-20T02:00:02.151Z,-USD,00008.6526,0000010.13,00008.6045,04391567.3,00009.4579,77935664.1
2021-09-20T03:00:02.274Z,-USD,00008.6764,0000010.13,000008.619,04560021.0,000009.045,78119584.9
2021-09-20T04:00:02.153Z,-USD,00008.6499,0000010.13,00008.6352,04742828.3,00008.9023,78312254.2
2021-09-20T05:00:01.965Z,-USD,00008.7167,0000010.13,00008.6977,04907882.8,00008.8952,78514100.3
2021-09-20T06:00:01.919Z,-USD,00009.1122,0000010.13,00000008.7,04882920.0,00008.8835,78688534.4
2021-09-20T07:00:02.042Z,-USD,00009.0444,0000010.13,00000008.7,04893664.7,00008.7623,78803039.6
2021-09-20T08:00:02.121Z,-USD,00009.2487,0000010.13,00008.4149,04984469.1,00008.5189,78979311.9
2021-09-20T09:00:01.892Z,-USD,00009.3969,0000010.13,00008.4149,04928262.3,00008.6625,79060133.3
2021-09-20T10:00:01.701Z,-USD,00009.5089,0000010.13,00008.4149,04831954.0,00008.5508,79139337.8
2021-09-20T11:00:02.361Z,-USD,00009.6068,0000010.13,00008.4149,04625797.8,00008.5202,79341016.7
2021-09-20T12:00:02.361Z,-USD,00009.4797,0000010.13,00008.0068,04805749.8,00008.2192,79696908.6
2021-09-20T13:00:02.403Z,-USD,00009.6481,0000010.13,00007.7985,04860825.0,00008.4973,80032015.3
2021-09-20T14:00:02.73Z,-USD,00009.7118,0000010.13,00007.7985,04989862.5,00009.1264,80481955.1
2021-09-20T15:00:01.832Z,-USD,00009.7766,00010.3744,00007.7985,05485482.6,00010.0617,81460918.3
2021-09-20T16:00:02.357Z,-USD,00009.7013,000010.987,00007.7985,06633511.3,00010.9471,82847824.7
2021-09-20T17:00:02.536Z,-USD,00009.8695,00011.3268,00007.7985,07625359.2,00010.6055,84218224.6
2021-09-20T18:00:02.544Z,-USD,00009.9722,00011.3268,00007.7985,07878842.0,00010.6483,84690033.4
2021-09-20T19:00:02.469Z,-USD,00009.9198,00011.3268,00007.7985,08158142.3,00010.4817,85165078.2
2021-09-20T20:00:02.434Z,-USD,00009.7205,00011.3268,00007.7985,08577657.2,00010.6074,85723393.2
2021-09-20T21:00:02.46Z,-USD,00009.6933,00011.3268,00007.7985,08860584.5,00010.4499,86110714.9
2021-09-20T22:00:02.44Z,-USD,00009.8419,00011.3268,00007.7985,09042016.7,00010.7417,86364887.7
2021-09-20T23:00:02.52Z,-USD,00009.4667,00011.3268,00007.7985,09420560.6,00010.5698,86968231.0
2021-09-21T00:00:02.956Z,-USD,00009.6755,00011.3268,00007.7985,09969916.3,00010.2135,87608531.6
2021-09-21T01:00:02.191Z,-USD,00009.4887,00011.4289,00007.7985,11961373.9,00010.8851,88403252.7
2021-09-21T02:00:01.777Z,-USD,00009.4429,00011.4289,00007.7985,12830839.9,00010.6822,89397194.8
2021-09-21T03:00:02.103Z,-USD,00009.0303,00011.4289,00007.7985,13027522.7,00010.7294,89776663.3
2021-09-21T04:00:02.34Z,-USD,00008.8825,00011.4289,00007.7985,13052554.1,00010.5303,89994874.7
2021-09-21T05:00:02.612Z,-USD,00008.8809,00011.4289,00007.7985,13102371.2,00010.8651,90245752.4
2021-09-21T06:00:02.518Z,-USD,00008.8894,00011.4289,00007.7985,13298473.2,00010.6721,90618987.6
2021-09-21T07:00:02.272Z,-USD,00008.7901,00011.4289,00007.7985,13375481.4,00010.6912,90807927.0
2021-09-21T08:00:02.419Z,-USD,00008.5398,00011.4289,00007.7985,13399984.2,00010.9557,91009065.3
2021-09-21T09:00:02.545Z,-USD,000008.642,00011.4289,00007.7985,13535225.1,00010.9992,91224409.3
2021-09-21T10:00:02.395Z,-USD,00008.5672,00011.4289,00007.7985,13570388.0,000010.616,91340363.8
2021-09-21T11:00:02.6Z,-USD,00008.4993,00011.4289,00007.7985,13554886.3,00010.5259,91525063.2
2021-09-21T12:00:02.507Z,-USD,00008.1939,00011.4289,00007.7985,13417953.8,00010.2649,91744112.2
2021-09-21T13:00:02.679Z,-USD,00008.5194,00011.4289,00008.4306,13379618.8,00010.1644,92042741.7
2021-09-21T14:00:01.857Z,-USD,00009.1304,00011.4289,00008.9762,13269621.0,00010.1181,92381191.9
2021-09-21T15:00:02.144Z,-USD,00010.0795,00011.4289,00009.4103,12577223.2,0000009.89,92679119.4
2021-09-21T16:00:02.617Z,-USD,00010.9557,00011.4289,00009.4103,11360534.0,00010.0111,92858825.2
2021-09-21T17:00:03.462Z,-USD,000010.642,00011.4289,00009.4103,10270119.2,00009.6739,93122671.2
2021-09-21T18:00:01.824Z,-USD,00010.6635,00011.4289,00009.3954,10204304.5,00009.5779,93525826.9
2021-09-21T19:00:02.438Z,-USD,00010.4906,00011.4289,000009.369,10050655.3,00009.4567,93845847.6
2021-09-21T20:00:02.298Z,-USD,00010.6229,00011.4289,00009.1678,09728345.9,000009.223,94084479.8
2021-09-21T21:00:01.766Z,-USD,00010.4815,00011.4289,00008.7182,09867307.2,00008.8815,94608437.5
2021-09-21T22:00:02.225Z,-USD,00010.7768,00011.4289,0000008.38,10195288.2,00009.0827,95189723.0
2021-09-21T23:00:02.124Z,-USD,00010.5804,00011.4289,0000008.38,09784237.4,00008.6105,95382672.8
2021-09-22T00:00:02.323Z,-USD,00010.2613,00011.4289,0000008.38,09536174.3,00008.5001,95775557.6
2021-09-22T01:00:02.686Z,-USD,00010.8824,00011.4191,00008.2663,07857011.8,00008.4915,93981110.8
2021-09-22T02:00:01.838Z,-USD,00010.6881,00011.2132,00008.2663,07279819.9,00008.8606,94394048.1
2021-09-22T03:00:02.496Z,-USD,000010.722,00011.2132,00008.2663,07075709.2,00008.8343,94568870.0
2021-09-22T04:00:01.855Z,-USD,00010.5411,00011.2132,00008.2663,06984055.0,00008.7437,94695070.5
2021-09-22T05:00:01.961Z,-USD,00010.8751,00011.2132,00008.2663,06891991.2,00008.5869,94855190.6
2021-09-22T06:00:02.356Z,-USD,00010.6868,00011.2132,00008.2663,06649473.2,00008.7374,94985599.6
2021-09-22T07:00:02.359Z,-USD,000010.708,00011.2132,00008.2663,06641299.5,00008.9782,95165325.5
2021-09-22T08:00:02.458Z,-USD,00010.9705,00011.2132,00008.2663,06664134.1,0000009.12,95389465.1
2021-09-22T09:00:03.657Z,-USD,00011.0041,00011.0508,00008.2663,06552080.7,00008.9761,95492556.7
2021-09-22T10:00:01.805Z,-USD,00010.6026,00010.6785,00008.2663,06505639.5,00009.0019,95562286.5
2021-09-22T11:00:02.368Z,-USD,00010.5225,00010.5797,00008.2663,06398112.4,00008.8194,95639704.1
2021-09-22T12:00:02.378Z,-USD,00010.2726,00010.5797,00008.2663,06320117.9,00008.5775,95780895.0
2021-09-22T13:00:02.638Z,-USD,00010.1401,00010.2617,00008.2663,06208241.4,00008.7309,95967346.1
2021-09-22T14:00:01.835Z,-USD,000010.157,00010.1684,00008.2663,06127690.3,00008.7783,96225429.3
2021-09-22T15:00:01.945Z,-USD,00009.8819,000010.134,00008.2663,06050783.3,00008.8985,96446649.0
2021-09-22T16:00:02.268Z,-USD,00010.0238,00010.0648,00008.2663,06096384.9,00009.3171,96671447.9
2021-09-22T17:00:02.156Z,-USD,0000009.69,00009.7506,00008.2663,06276093.2,000009.406,97116386.1
2021-09-22T18:00:02.557Z,-USD,00009.5767,00009.7506,00008.2663,06158531.6,00009.1074,97400665.5
2021-09-22T19:00:02.158Z,-USD,00009.4328,0000009.65,00008.2663,06221270.5,00009.1807,97785322.4
2021-09-22T20:00:02.676Z,-USD,00009.1902,0000009.65,00008.2663,06222433.0,00009.3715,98023394.2
2021-09-22T21:00:01.933Z,-USD,00008.9042,0000009.77,00008.2663,05994741.5,00009.5424,98321374.4
2021-09-22T22:00:02.514Z,-USD,0000009.03,0000009.77,00008.2663,05590761.5,00009.3186,98509680.9
2021-09-22T23:00:02.005Z,-USD,00008.6265,0000009.77,00008.2663,05498588.4,000009.452,98597797.1
2021-09-23T00:00:03.545Z,-USD,00008.5294,0000009.77,00008.2663,05224189.0,000009.542,98717928.5
2021-09-23T01:00:02.49Z,-USD,00008.4985,00010.0909,00008.3932,05160985.1,00009.5775,97320295.2
2021-09-23T02:00:02.357Z,-USD,000008.898,00010.0909,00008.5291,04928937.5,00009.7442,97501317.4
2021-09-23T03:00:02.712Z,-USD,000008.815,00010.0909,00008.5291,04871104.3,00009.7053,97616908.0
2021-09-23T04:00:01.926Z,-USD,00008.7578,00010.0909,00008.5291,04825228.4,00009.7961,97697099.3
2021-09-23T05:00:02.221Z,-USD,00008.6171,00010.0909,00008.5291,04758354.6,00009.6921,97790650.3
2021-09-23T06:00:02.32Z,-USD,00008.7429,00010.0909,00008.5291,04756605.2,00009.5816,97919065.6
2021-09-23T07:00:03.134Z,-USD,00008.9801,00010.0909,00008.5291,04706743.7,00009.7581,98049133.5
2021-09-23T08:00:02.122Z,-USD,00009.1156,00010.0909,00008.5291,04604455.1,00009.8384,98171131.9
2021-09-23T09:00:02.3Z,-USD,00008.9858,00010.0909,00008.5291,04560542.9,000009.699,98230659.8
2021-09-23T10:00:02.464Z,-USD,00009.0093,00010.0909,00008.5291,04579990.2,00009.8031,98319440.3
2021-09-23T11:00:05.825Z,-USD,00008.8183,00010.0909,00008.5291,04691960.6,00009.5301,98508507.0
2021-09-23T12:00:02.063Z,-USD,00008.5618,00010.0909,00008.5618,04755886.7,000009.274,98714229.0
2021-09-23T13:00:02.551Z,-USD,00008.7203,00010.0909,00008.6022,04681214.6,00009.3195,98825701.0
2021-09-23T14:00:01.849Z,-USD,00008.7925,00010.0909,00008.7405,04592043.6,00009.5371,98994241.7
2021-09-23T15:00:02.469Z,-USD,00008.8987,00010.0909,00008.8987,04574349.6,00009.7702,99197962.9
2021-09-23T16:00:01.835Z,-USD,00009.3289,00010.0909,00009.0611,04462519.4,00009.4524,99313458.4
2021-09-23T17:00:02.388Z,-USD,00009.4216,00010.0909,00009.0611,04128391.6,00009.4137,99421950.0
2021-09-23T18:00:01.982Z,-USD,00009.1104,00010.0909,00009.0611,04100905.7,00009.7278,99679142.6
2021-09-23T19:00:01.805Z,-USD,00009.1791,00010.0909,00009.1337,03850410.0,00009.7471,99813436.8
2021-09-23T20:00:02.516Z,-USD,00009.3945,00010.0909,00009.1897,03684872.4,00009.6721,99885499.0
2021-09-23T21:00:02.25Z,-USD,00009.5325,00010.0909,00009.1897,03453209.1,00009.6272,99953458.0
2021-09-23T22:00:02.175Z,-USD,00009.3181,00010.0909,00009.2095,03297827.1,00009.6209,99984337.3
2021-09-23T23:00:01.951Z,-USD,00009.4511,00010.0909,00009.2095,03320637.5,00009.7647,100095544.9
2021-09-24T00:00:02.48Z,-USD,00009.5564,00010.0909,00009.2095,03354097.2,00009.8483,100250237.8
2021-09-24T01:00:02.228Z,-USD,0000009.55,0000009.98,00009.2095,03046962.3,0000009.66,98451828.2
2021-09-24T02:00:02.084Z,-USD,00009.7641,0000009.98,00009.2095,02912375.5,00009.5734,98497427.6
2021-09-24T03:00:01.973Z,-USD,00009.7222,0000009.98,00009.2095,02888642.4,00009.4738,98590796.5
2021-09-24T04:00:02.45Z,-USD,00009.8073,0000009.98,00009.2095,02910956.5,00009.4323,98692572.1
2021-09-24T05:00:02.206Z,-USD,00009.7015,0000009.98,00009.2095,02909010.4,00009.4218,98783059.7
2021-09-24T06:00:02.643Z,-USD,000009.594,0000009.98,00009.2095,02887709.1,00009.3649,98890632.7
2021-09-24T07:00:02.623Z,-USD,00009.7667,0000009.98,00009.2095,02825260.8,00009.3026,98959162.7
2021-09-24T08:00:01.884Z,-USD,00009.8504,00009.9466,00009.2095,02798206.1,00009.4705,99052976.1
2021-09-24T09:00:02.126Z,-USD,00009.7337,00009.9283,00009.2095,02819426.2,00009.4028,99133791.9
2021-09-24T10:00:02.248Z,-USD,00009.7721,00009.9283,000008.675,03107739.9,00008.6965,99510787.0
2021-09-24T11:00:02.663Z,-USD,00009.5174,00009.9283,00008.5834,03184000.2,00008.6913,99776638.2
2021-09-24T12:00:02.133Z,-USD,00009.2599,00009.9283,00008.4107,03325934.9,00008.8428,100123561.9
2021-09-24T13:00:02.817Z,-USD,00009.3423,00009.9283,00008.4107,03394737.8,00008.6215,100303819.8
2021-09-24T14:00:02.591Z,-USD,00009.5439,00009.9283,00008.4107,03454338.8,00008.8937,100532193.5
2021-09-24T15:00:02.124Z,-USD,00009.7769,00009.9283,00008.4107,03461155.7,00008.9672,100742830.2
2021-09-24T16:00:01.961Z,-USD,00009.4429,00009.9283,00008.4107,03471425.8,00008.8509,100874406.9
2021-09-24T17:00:02.316Z,-USD,00009.4268,00009.9283,00008.4107,03471120.9,00008.9304,100976603.9
2021-09-24T18:00:02.431Z,-USD,00009.7353,00009.9283,00008.4107,03316196.3,00008.9759,101080619.3
2021-09-24T19:00:02.41Z,-USD,00009.7427,00009.9283,00008.4107,03267789.1,00009.0581,101164733.9
2021-09-24T20:00:01.732Z,-USD,00009.6873,00009.9283,00008.4107,03290960.4,00008.9918,101260150.4
2021-09-24T21:00:02.101Z,-USD,00009.6496,00009.9283,00008.4107,03444306.5,00009.2031,101481152.5
2021-09-24T22:00:02.204Z,-USD,00009.6227,00009.9283,00008.4107,03495727.7,00009.1725,101564715.3
2021-09-24T23:00:01.997Z,-USD,00009.7563,00009.9283,00008.4107,03435114.8,00009.1943,101614152.6
2021-09-25T00:00:02.169Z,-USD,00009.8742,00009.9204,00008.4107,03335167.5,00009.1651,101669581.9
2021-09-25T01:00:02.578Z,-USD,000009.677,00009.7046,00008.4107,03342968.3,00009.2012,100210564.8
2021-09-25T02:00:01.928Z,-USD,00000009.6,00009.6989,00008.4107,03376534.2,00009.0323,100289720.0
2021-09-25T03:00:01.987Z,-USD,00009.4797,00009.6989,00008.4107,03354649.3,00008.9581,100361283.1
2021-09-25T04:00:02.605Z,-USD,00009.4204,00009.6989,00008.4107,03287335.9,00008.9895,100395670.0
2021-09-25T05:00:02.68Z,-USD,00009.4011,00009.6989,00008.4107,03248819.2,00008.9397,100448073.4
2021-09-25T06:00:02.668Z,-USD,00009.3579,00009.6989,00008.4107,03192302.1,00008.8111,100498908.0
2021-09-25T07:00:01.846Z,-USD,00009.3193,00009.6989,00008.4107,03148668.0,00008.9956,100524802.7
2021-09-25T08:00:01.884Z,-USD,00009.4567,00009.6989,00008.4107,03088945.3,00008.7434,100559817.7
2021-09-25T09:00:02.034Z,-USD,00009.4064,00009.4133,00008.4107,03095910.7,00008.8068,100645469.9
2021-09-25T10:00:01.83Z,-USD,00008.6709,00009.2832,00008.4107,02776705.8,00008.9543,100703938.0
2021-09-25T11:00:02.586Z,-USD,00008.6687,00009.2832,00008.4107,02548834.5,00008.9126,100742472.8
2021-09-25T12:00:02.497Z,-USD,00008.8076,00009.2832,00000008.5,02230677.8,00008.9057,100770830.3
2021-09-25T13:00:02.182Z,-USD,00008.6495,00009.2832,00000008.5,02093754.0,00008.8666,100814271.3
2021-09-25T14:00:02.678Z,-USD,00008.8889,00009.2832,00008.5127,01923848.7,00008.9289,100872414.4
2021-09-25T15:00:02.678Z,-USD,00008.9841,00009.2832,00008.5127,01782320.6,00008.7938,100941782.1
2021-09-25T16:00:01.769Z,-USD,00008.8333,00009.2832,00008.5127,01696272.2,00008.8949,100987126.4
2021-09-25T17:00:02.512Z,-USD,00008.9165,00009.2832,00008.5127,01682204.3,00008.8353,101075302.4
2021-09-25T18:00:01.743Z,-USD,00009.0046,00009.2832,00008.5127,01635191.2,00008.8583,101131884.1
2021-09-25T19:00:01.831Z,-USD,00009.0502,00009.2832,00008.5127,01606937.2,00008.7361,101189784.5
2021-09-25T20:00:02.078Z,-USD,00008.9871,00009.2832,00008.5127,01560172.8,00008.9045,101236395.5
2021-09-25T21:00:02.047Z,-USD,00009.1977,00009.2832,00008.5127,01373756.1,00008.8301,101272204.6
2021-09-25T22:00:01.967Z,-USD,000009.166,00009.2832,00008.5127,01319055.1,00008.8312,101299638.7
2021-09-25T23:00:02.555Z,-USD,00009.1937,00009.2832,00008.5127,01385205.2,00008.9634,101415870.1
2021-09-26T00:00:01.749Z,-USD,0000009.15,00009.2832,00008.5127,01367117.0,00008.9245,101453053.5
2021-09-26T01:00:01.825Z,-USD,00009.2017,00009.2155,00008.5127,01328660.4,000008.711,100174448.8
2021-09-26T02:00:02.1Z,-USD,00009.0301,00009.1256,00008.5127,01338281.0,000008.732,100261379.0
2021-09-26T03:00:01.99Z,-USD,000008.964,00009.1256,00008.5127,01316937.6,00008.6255,100311128.3
2021-09-26T04:00:02.515Z,-USD,00009.0145,00009.1256,00008.5127,01323877.3,00008.6347,100352379.9
2021-09-26T05:00:01.75Z,-USD,00008.9394,00009.1256,000008.468,01379041.3,00008.5815,100459915.6
2021-09-26T06:00:02.535Z,-USD,00008.8228,00009.1256,000008.449,01394755.3,00008.4792,100526481.0
2021-09-26T07:00:02.664Z,-USD,00009.0104,00009.1256,000008.329,01417935.8,00008.3371,100575700.1
2021-09-26T08:00:02.631Z,-USD,00008.7496,00009.1256,00008.0529,01547514.4,00008.1321,100740298.6
2021-09-26T09:00:02.674Z,-USD,00008.8071,00009.1256,00007.9967,01585095.4,00008.1415,100864238.0
2021-09-26T10:00:01.845Z,-USD,00008.9438,00009.1256,00007.9967,01633592.9,00008.5914,100970409.5
2021-09-26T11:00:01.798Z,-USD,00008.9209,00009.1256,00007.9967,01654237.0,00008.5698,101029617.7
2021-09-26T12:00:02.079Z,-USD,00008.9061,00009.1256,00007.9967,01665144.6,000008.598,101068908.5
2021-09-26T13:00:02.198Z,-USD,00008.8767,00009.1256,00007.9967,01668834.0,00008.7623,101115914.2
2021-09-26T14:00:02.218Z,-USD,00008.9085,00009.1256,00007.9967,01654577.5,00008.7613,101160222.8
2021-09-26T15:00:02.375Z,-USD,00008.7772,00009.1256,00007.9967,01625990.8,00008.8443,101200569.5
2021-09-26T16:00:02.518Z,-USD,00008.8928,00009.1266,00007.9967,01731696.7,00009.0247,101351619.7
2021-09-26T17:00:02.496Z,-USD,00008.8453,00009.1266,00007.9967,01714163.3,00008.9207,101422416.5
2021-09-26T18:00:01.767Z,-USD,00008.8281,00009.1266,00007.9967,01690520.7,0000008.93,101455523.2
2021-09-26T19:00:01.978Z,-USD,00008.7541,00009.1266,00007.9967,01654322.7,00008.9385,101477043.6
2021-09-26T20:00:02.12Z,-USD,00008.9139,00009.2157,00007.9967,01742196.3,00009.0965,101611612.7
2021-09-26T21:00:02.114Z,-USD,00008.8386,00009.3868,00007.9967,01839682.7,00009.3792,101744802.8
2021-09-26T22:00:02.208Z,-USD,00008.8459,00009.3962,00007.9967,01874475.3,00009.1834,101806916.2
2021-09-26T23:00:02.421Z,-USD,00008.9839,00009.3962,00007.9967,01813708.2,00008.9921,101862618.9
2021-09-27T00:00:02.585Z,-USD,000008.925,00009.3962,00007.9967,01889477.8,000009.053,101975341.1
2021-09-27T01:00:01.792Z,-USD,00008.7204,00009.3962,00007.9967,01869593.2,000009.088,101295155.5
2021-09-27T02:00:01.815Z,-USD,00008.7148,00009.3962,00007.9967,01878226.0,00009.2295,101390462.7
2021-09-27T03:00:01.926Z,-USD,00008.6145,00009.3962,00007.9967,01879641.4,00009.2332,101441746.2
2021-09-27T04:00:02.541Z,-USD,00008.6294,00009.3962,00007.9967,01878379.6,00009.0733,101481724.9
2021-09-27T05:00:02.144Z,-USD,00008.5975,00009.3962,00007.9967,01795413.8,00009.0424,101506775.2
2021-09-27T06:00:02.117Z,-USD,000008.475,00009.3962,00007.9967,01809832.6,00009.1906,101587201.1
2021-09-27T07:00:02.227Z,-USD,00008.3411,00009.3962,00007.9967,01822357.0,00009.1829,101649195.4
2021-09-27T08:00:02.214Z,-USD,00008.1377,00009.3962,00007.9967,01693002.2,00009.2366,101685710.8
2021-09-27T09:00:02.262Z,-USD,00008.1307,00009.3962,00008.1264,01639559.0,00009.1504,101754922.5
2021-09-27T10:00:02.303Z,-USD,00008.6162,00009.3962,00008.4907,01571162.6,00008.9865,101792855.3
2021-09-27T11:00:01.866Z,-USD,0000008.55,00009.3962,0000008.55,01539073.0,000009.044,101820389.3
2021-09-27T12:00:01.882Z,-USD,00008.5987,00009.3962,00008.5987,01532816.8,000009.041,101852840.2
2021-09-27T13:00:02.11Z,-USD,00008.7736,00009.3962,00008.7029,01539493.5,00008.9791,101906270.5
2021-09-27T14:00:02.199Z,-USD,0000008.76,00009.3962,00008.7031,01608961.3,00008.9804,102020048.4
2021-09-27T15:00:02.738Z,-USD,00008.8659,00009.3962,00008.7872,01609234.3,00008.8563,102060817.8
2021-09-27T16:00:02.049Z,-USD,00009.0308,00009.3962,00008.7872,01499612.1,00008.9605,102102592.1
2021-09-27T17:00:02.063Z,-USD,00008.9286,00009.3962,00008.7872,01518276.8,00008.9013,102191562.9
2021-09-27T18:00:02.964Z,-USD,00008.9207,00009.3962,00008.7872,01543466.0,00009.0419,102250200.7
2021-09-27T19:00:02.296Z,-USD,00008.9339,00009.3962,00008.7872,01604078.9,00009.0879,102332171.4
2021-09-27T20:00:02.256Z,-USD,000009.125,00009.3962,00008.7872,01517091.1,00009.1603,102379745.3
2021-09-27T21:00:02.424Z,-USD,00009.3731,00009.3966,00008.7872,01514154.2,00009.1302,102511214.0
2021-09-27T22:00:02.669Z,-USD,00009.1826,00009.3966,00008.7872,01495872.7,00009.2598,102554216.8
2021-09-27T23:00:01.766Z,-USD,00008.9465,00009.4629,00008.7872,01584859.4,00009.3962,102698617.6
2021-09-28T00:00:02.209Z,-USD,00009.0736,00009.6938,00008.7872,01668766.4,00009.3464,102897091.0
2021-09-28T01:00:02.458Z,-USD,00009.0774,00009.6938,00008.7945,01813938.8,00009.3119,101497559.0
2021-09-28T02:00:01.85Z,-USD,00009.2536,00009.6938,00008.7945,01827813.0,00009.3745,101607134.7
2021-09-28T03:00:01.975Z,-USD,0000009.25,00009.6938,00008.7945,01960789.1,00009.5705,101791238.6
2021-09-28T04:00:02.216Z,-USD,00009.1086,00009.7499,00008.7945,02205076.9,00009.6214,102075324.2
2021-09-28T05:00:01.939Z,-USD,00009.0826,00009.7499,00008.7945,02324059.2,00009.5598,102219285.2
2021-09-28T06:00:02.042Z,-USD,00009.2015,00009.7499,00008.7945,02331175.1,00009.4595,102306820.2
2021-09-28T07:00:02.341Z,-USD,00009.2067,00009.7499,00008.7945,02372136.8,000009.517,102410148.0
2021-09-28T08:00:02.528Z,-USD,000009.213,00009.7499,00008.7945,02560796.1,00009.5951,102635422.4
2021-09-28T09:00:02.378Z,-USD,00009.1375,00009.8488,00008.7945,02750010.9,00009.7117,102893374.5
2021-09-28T10:00:02.386Z,-USD,00009.0012,00009.8488,00008.7945,02800839.3,00009.5711,102982519.3
2021-09-28T11:00:02.074Z,-USD,00009.0463,00009.8488,00008.7945,02859867.6,00009.5864,103068990.6
2021-09-28T12:00:02.338Z,-USD,00009.0321,00009.8488,00008.7945,02916904.1,00009.5922,103158426.0
2021-09-28T13:00:02.449Z,-USD,00008.9768,00009.8488,00008.7945,02951391.5,00009.4254,103246794.7
2021-09-28T14:00:02.665Z,-USD,000008.975,00009.8488,00008.7945,02934055.3,00009.4596,103342611.0
2021-09-28T15:00:01.936Z,-USD,00008.8703,00009.8488,00008.7945,03025256.0,00009.3257,103474850.8
2021-09-28T16:00:02.569Z,-USD,00008.9508,00009.8488,00008.8275,03101859.4,00009.1528,103592974.3
2021-09-28T17:00:02.866Z,-USD,00008.9247,00009.8488,00008.8733,03211894.3,00009.0119,103792659.0
2021-09-28T18:00:02.31Z,-USD,00009.0276,00009.8488,00008.8956,03224490.4,00008.9544,103863209.9
2021-09-28T19:00:02.452Z,-USD,00009.1027,00009.8488,00008.7509,03256486.7,00008.8906,103977738.8
2021-09-28T20:00:02.524Z,-USD,00009.1534,00009.8488,00008.7509,03274435.3,00008.8484,104042713.3
2021-09-28T21:00:02.277Z,-USD,00009.1094,00009.8488,00008.7509,03187282.7,00008.9879,104086956.4
2021-09-28T22:00:01.703Z,-USD,00009.2522,00009.8488,00008.7509,03186174.9,00009.1437,104128958.6
2021-09-28T23:00:02.446Z,-USD,00009.3586,00009.8488,00008.7509,03087617.7,00009.0095,104174687.0
2021-09-29T00:00:02.799Z,-USD,00009.3214,00009.8488,00008.7509,02996949.4,000008.925,104285097.2
2021-09-29T01:00:02.151Z,-USD,00009.3381,00009.8488,000008.718,02911875.9,00008.9134,103202824.4
2021-09-29T02:00:01.875Z,-USD,00009.3785,00009.8488,000008.718,02854058.3,00008.9512,103254945.1
2021-09-29T03:00:02.624Z,-USD,00009.5685,00009.8488,000008.718,02751880.0,00009.0815,103337321.2
2021-09-29T04:00:02.225Z,-USD,00009.6383,00009.8488,000008.718,02550180.6,00009.1881,103418779.3
2021-09-29T05:00:01.856Z,-USD,00009.5579,00009.8488,000008.718,02498675.7,000009.326,103511468.6
2021-09-29T06:00:02.48Z,-USD,00009.4389,00009.8488,000008.718,02475828.0,00009.4543,103576259.7
2021-09-29T07:00:02.046Z,-USD,000009.523,00009.8488,000008.718,02460736.1,00009.5111,103664184.4
2021-09-29T08:00:02.639Z,-USD,00009.5962,00009.8488,000008.718,02261522.5,000009.525,103690240.8
2021-09-29T09:00:02.32Z,-USD,00009.7221,000009.786,000008.718,02049566.7,00009.5392,103736170.3
2021-09-29T10:00:02.706Z,-USD,000009.555,00009.7215,000008.718,02040574.5,00009.5933,103816439.1
2021-09-29T11:00:03.436Z,-USD,00009.5949,00010.2059,000008.718,02203975.6,00010.1575,104066242.7
2021-09-29T12:00:02.427Z,-USD,00009.6148,000010.532,000008.718,02490383.8,000010.356,104443610.6
2021-09-29T13:00:02.041Z,-USD,00009.4304,000010.532,000008.718,02654644.9,00010.2385,104694853.3
2021-09-29T14:00:02.192Z,-USD,00009.4476,000010.532,000008.718,02686498.7,00010.2636,104822483.2
2021-09-29T15:00:02.089Z,-USD,00009.3398,000010.532,000008.718,02717252.7,00010.3796,104985377.4
2021-09-29T16:00:01.756Z,-USD,00009.1427,00010.6071,000008.718,02809062.0,00010.2863,105195349.9
2021-09-29T17:00:02.569Z,-USD,00008.9948,00010.6071,000008.718,02793978.8,00010.3692,105380073.0
2021-09-29T18:00:02.127Z,-USD,00008.9314,00010.6071,000008.718,02884686.3,00010.1395,105541193.7
2021-09-29T19:00:01.734Z,-USD,00008.8733,00010.6071,000008.718,02962582.5,00009.9283,105733738.1
2021-09-29T20:00:02.534Z,-USD,00008.8662,00010.6071,000008.718,03003485.0,00010.0953,105839425.9
2021-09-29T21:00:02.245Z,-USD,00008.9831,00010.6071,000008.718,03178989.1,00010.4055,106059175.0
2021-09-29T22:00:02.118Z,-USD,00009.1533,00010.6071,000008.718,03400520.7,00010.1612,106323048.8
2021-09-29T23:00:02.473Z,-USD,00008.9968,00010.6071,000008.718,03500592.0,000010.101,106469763.7
2021-09-30T20:00:24.953Z,-USD,00010.1204,0000012.05,00009.9448,06416843.6,00011.5527,110301798.5
2021-09-30T21:00:01.877Z,-USD,00010.3896,0000012.05,00009.9684,06326817.2,00011.6361,110430958.4
2021-09-30T22:00:01.971Z,-USD,00010.1547,0000012.05,00009.9684,06165705.3,00011.5967,110533495.1
2021-09-30T23:00:01.898Z,-USD,00010.1084,0000012.14,00009.9955,06333825.8,00012.0492,110848537.1
2021-10-01T00:00:02.236Z,-USD,00010.3159,00012.4896,00010.2502,06583303.9,00012.4665,111259119.9
2021-10-01T01:00:02.43Z,-USD,00011.1634,00012.6994,00010.7147,06558145.7,000012.281,109573965.5
2021-10-01T02:00:01.807Z,-USD,00011.1512,00012.6994,00010.7147,06447631.0,00012.3765,109804606.6
2021-10-01T03:00:02.143Z,-USD,000011.112,00012.6994,00010.7147,06429669.1,00012.2452,110029842.5
2021-10-01T04:00:01.981Z,-USD,00011.2071,00012.6994,00010.7147,06386470.9,00012.3698,110251932.5
2021-10-01T05:00:01.806Z,-USD,00011.0794,00012.6994,00010.7147,06421399.7,00012.3473,110382517.0
2021-10-01T06:00:01.719Z,-USD,00010.8787,00012.6994,00010.7147,06405371.4,00012.4811,110509006.5
2021-10-01T07:00:02.628Z,-USD,00010.7631,00013.0726,00010.7147,06891296.0,00012.9786,111077885.6
2021-10-01T08:00:02.645Z,-USD,00010.8975,000013.176,00010.7481,07142605.1,00013.1651,111427310.7
2021-10-01T09:00:02.609Z,-USD,00010.9998,00013.4858,00010.9618,07334061.8,00013.2949,111746106.2
2021-10-01T10:00:02.404Z,-USD,00011.3169,00013.4858,00011.1905,07209084.7,0000013.07,111940126.2
2021-10-01T11:00:02.164Z,-USD,00011.5704,00013.4858,00011.3721,07058920.0,00012.9978,112184052.0
2021-10-01T12:00:02.314Z,-USD,00011.7991,00013.4858,00011.3721,06816676.5,00012.7446,112497851.4
2021-10-01T13:00:02.328Z,-USD,00011.6744,00013.4858,00011.3721,06679540.3,00012.7175,112625945.6
2021-10-01T14:00:02.419Z,-USD,00011.4826,00013.4858,00011.3721,06592112.3,00012.5248,112796340.2
2021-10-01T15:00:02.422Z,-USD,00011.8161,00013.4858,00011.3721,06260452.9,00012.8351,112981096.8
2021-10-01T16:00:02.633Z,-USD,00011.6703,00013.4858,00011.3721,06095034.9,00012.8219,113099462.7
2021-10-01T17:00:01.817Z,-USD,00011.5715,00013.4858,0000011.46,05940426.0,00012.6859,113238188.8
2021-10-01T18:00:02.137Z,-USD,00011.5613,00013.4858,00011.4977,05894664.4,00012.3536,113412028.2
2021-10-01T19:00:02.528Z,-USD,00011.5555,00013.4858,00011.4977,05801696.9,00012.3393,113599343.4
2021-10-01T20:00:02.642Z,-USD,00011.5528,00013.4858,00011.5384,05730440.2,00012.5123,113724377.3
2021-10-01T21:00:01.797Z,-USD,00011.6369,00013.4858,00011.5572,05701553.0,00012.4849,113824764.2
2021-10-01T22:00:01.864Z,-USD,00011.6076,00013.4858,00011.5649,05740342.6,00012.2369,113965690.6
2021-10-01T23:00:01.744Z,-USD,00012.0444,00013.4858,00011.9947,05845582.5,00012.6592,114387164.2
2021-10-02T00:00:02.671Z,-USD,00012.4659,00013.4858,00012.0707,05605788.3,00012.8145,114559419.3
2021-10-02T01:00:02.583Z,-USD,00012.2789,00013.5412,00012.0707,05498558.1,00012.8351,113258666.2
2021-10-02T02:00:01.75Z,-USD,00012.3815,00013.5412,00012.0707,05474327.4,00012.6216,113465266.5
2021-10-02T03:00:01.917Z,-USD,00012.2286,00013.5412,00012.1266,05388087.3,00012.6859,113605968.8
2021-10-02T04:00:02.267Z,-USD,00012.3707,00013.5412,00012.1266,05317317.4,000012.851,113755527.3
2021-10-02T05:00:01.935Z,-USD,00012.3275,00013.5412,00012.1266,05388568.5,00012.7289,113957161.6
2021-10-02T06:00:02.018Z,-USD,00012.4822,00013.5412,00012.1266,05386961.1,00012.7568,114082100.3
2021-10-02T07:00:02.099Z,-USD,00012.9777,00013.5412,00012.1266,04938913.7,00012.7175,114203553.7
2021-10-02T08:00:01.754Z,-USD,000013.119,00013.5412,00012.1266,04732643.6,00012.9756,114350033.6
2021-10-02T09:00:02.683Z,-USD,000013.282,00013.5412,00012.1266,04523154.9,00012.9834,114457468.4
2021-10-02T10:00:02.272Z,-USD,0000013.06,00013.5412,00012.1266,04541250.9,00013.4409,114667521.0
2021-10-02T11:00:02.409Z,-USD,00012.9695,00014.2497,00012.1266,04704640.2,00000014.2,115078078.3
2021-10-02T12:00:02.429Z,-USD,00012.7307,000014.541,00012.1266,04723995.0,00014.4623,115412473.2
2021-10-02T13:00:02.295Z,-USD,00012.7336,000015.207,00012.1266,05220908.1,00015.0865,116033202.6
2021-10-02T14:00:02.394Z,-USD,00012.4777,00015.9167,00012.1266,05952189.3,00015.3596,116936415.9
2021-10-02T15:00:02.37Z,-USD,00012.8263,00015.9167,00012.1266,06301302.5,00014.9255,117469186.0
2021-10-02T16:00:02.284Z,-USD,00012.8339,00015.9167,00012.1266,06494341.5,00014.8581,117779828.4
2021-10-02T17:00:01.853Z,-USD,00012.6742,00015.9167,00012.1266,06582399.3,000015.095,118007112.7
2021-10-02T18:00:01.996Z,-USD,00012.3629,00015.9167,00012.1266,06603460.9,00015.2159,118202017.6
2021-10-02T19:00:03.21Z,-USD,00012.3363,00015.9167,00012.1266,06677749.3,00015.5345,118463269.2
2021-10-02T20:00:02.449Z,-USD,00012.5141,0000016.06,00012.1266,06930439.2,00015.6986,118840905.3
2021-10-02T21:00:02.484Z,-USD,00012.4816,00016.3978,00012.1266,07262480.7,00016.1888,119273995.6
2021-10-02T22:00:02.619Z,-USD,000012.241,0000016.49,00012.2142,07453127.9,000015.864,119604866.7
2021-10-02T23:00:02.232Z,-USD,00012.6716,0000016.49,00012.5644,07305578.8,00015.6827,119878756.2
2021-10-03T00:00:02.159Z,-USD,000012.779,0000016.49,00012.5644,07474910.0,000015.501,120221145.4
2021-10-03T01:00:02.643Z,-USD,00012.9096,0000016.49,00012.5644,07420123.2,00015.1408,118949739.2
2021-10-03T02:00:02.455Z,-USD,00012.6341,0000016.49,00012.5644,07543555.9,00016.1154,119280510.3
2021-10-03T03:00:02.212Z,-USD,000012.675,00017.2563,00012.6355,08160059.6,00017.0056,120040750.7
2021-10-03T04:00:02.056Z,-USD,00012.8568,0000017.64,00012.6355,08934714.8,00016.9176,120960808.2
2021-10-03T05:00:02.271Z,-USD,00012.7369,0000017.64,00012.6832,09288365.0,00016.7706,121518430.6
2021-10-03T06:00:01.704Z,-USD,00012.7652,0000017.64,00012.6832,09484483.1,00017.4454,121837118.6
2021-10-03T07:00:02.137Z,-USD,00012.7363,00017.8629,00012.6832,09723623.5,00017.4279,122197963.1
2021-10-03T08:00:01.747Z,-USD,000013.058,00017.9765,00012.7671,09976818.3,00017.5673,122604808.6
2021-10-03T09:00:02.23Z,-USD,000012.971,00017.9765,00012.9275,10088199.1,000017.616,122816318.2
2021-10-03T10:00:01.83Z,-USD,00013.4466,00017.9765,00013.3902,10119316.9,00017.0973,123058448.6
2021-10-03T11:00:02.311Z,-USD,00014.1993,00017.9765,00013.9597,09833965.1,00017.0766,123185208.1
2021-10-03T12:00:02.605Z,-USD,00014.4218,00017.9765,00014.3043,09660006.2,00017.4676,123343672.4
2021-10-03T13:00:02.294Z,-USD,00015.0778,00017.9765,00014.7502,09175776.8,00017.0012,123481021.7
2021-10-03T14:00:02.107Z,-USD,00015.3555,00017.9765,00014.7502,08527093.9,00016.6983,123735076.1
2021-10-03T15:00:01.771Z,-USD,00014.9497,00017.9765,00014.7502,08178344.0,00016.6751,123920449.1
2021-10-03T16:00:02.635Z,-USD,00014.8858,00017.9765,00014.7525,08150784.4,00016.3125,124203522.3
2021-10-03T17:00:02.595Z,-USD,00015.0876,00017.9765,00014.9685,08276758.3,00016.4268,124554918.0
2021-10-03T18:00:02.164Z,-USD,00015.2587,00017.9765,000014.984,08399515.5,00016.2395,124873044.1
2021-10-03T19:00:02.339Z,-USD,00015.5387,00017.9765,000014.984,08501915.5,00016.4947,125236228.7
2021-10-03T20:00:02.394Z,-USD,00015.6886,00017.9765,000014.984,08355724.4,000016.395,125467330.5
2021-10-03T21:00:02.153Z,-USD,00016.2166,00017.9765,000014.984,08052097.5,00016.2337,125596707.9
2021-10-03T22:00:02.068Z,-USD,00015.8706,00017.9765,000014.984,08032203.1,00016.1959,125908201.2
2021-10-03T23:00:01.757Z,-USD,00015.6766,00017.9765,000014.984,08043120.9,00016.8072,126195758.6
2021-10-04T00:00:01.766Z,-USD,00015.5472,00017.9765,000014.984,07894914.0,00016.4572,126402042.6
2021-10-04T01:00:01.911Z,-USD,00015.1151,00017.9765,00015.0866,08095077.8,00016.3236,125322162.3
2021-10-04T02:00:02.161Z,-USD,00016.1377,00017.9765,00015.9329,08135564.0,00016.5602,125694862.5
2021-10-04T03:00:02.437Z,-USD,00016.9985,00017.9765,00015.9329,07591350.4,00015.9809,125909926.4
2021-10-04T04:00:02.577Z,-USD,00016.9762,00017.9765,00015.7166,07031357.6,00015.7326,126287583.6
2021-10-04T05:00:02.206Z,-USD,00016.7676,00017.9765,00015.5302,06892233.2,00015.8394,126687764.9
2021-10-04T06:00:02.478Z,-USD,00017.3958,00017.9765,00015.5302,06682189.6,00015.9752,126807735.9
2021-10-04T07:00:02.295Z,-USD,00017.4061,00017.9765,00015.5302,06414764.3,00015.9247,126890242.2
2021-10-04T08:00:02.455Z,-USD,00017.5852,00017.9154,00015.5302,06300251.4,00016.8943,127183189.8
2021-10-04T09:00:02.365Z,-USD,000017.565,00017.6487,00015.5302,06395006.8,00017.0382,127492917.5
2021-10-04T10:00:02.176Z,-USD,00017.0664,00018.1567,00015.5302,06611109.1,00018.1115,127949864.2
2021-10-04T11:00:02.405Z,-USD,00017.0797,00000018.2,00015.5302,06780044.3,00017.4565,128243718.4
2021-10-04T12:00:02.181Z,-USD,00017.4278,00000018.2,00015.5302,06857124.1,00017.5852,128481549.8
2021-10-04T13:00:03.229Z,-USD,00017.0318,00000018.2,00015.5302,06955927.7,00017.1482,128715494.6
2021-10-04T14:00:02.249Z,-USD,00016.6825,00000018.2,00015.5302,06872865.6,00016.8577,128887660.7
2021-10-04T15:00:02.514Z,-USD,00016.6879,00000018.2,00015.5302,07039413.4,00016.6535,129248226.8
2021-10-04T16:00:01.811Z,-USD,00016.2911,00000018.2,00015.5302,07162173.4,00000017.0,129643651.8
2021-10-04T17:00:01.975Z,-USD,00016.3764,00000018.2,00015.5302,07110858.7,00016.9162,129948012.7
2021-10-04T18:00:02.628Z,-USD,00016.3029,00000018.2,00015.5302,06964176.3,00016.9632,130117771.9
2021-10-04T19:00:02.19Z,-USD,00016.4861,00000018.2,00015.5302,06707074.3,00016.7933,130222584.9
2021-10-04T20:00:02.612Z,-USD,00016.4103,00000018.2,00015.5302,06621906.3,00016.5437,130368066.7
2021-10-04T21:00:02.314Z,-USD,00016.2061,00000018.2,00015.5302,06672229.6,00016.3327,130550523.1
2021-10-04T22:00:02.616Z,-USD,00016.1616,00000018.2,00015.5302,06512992.6,00016.7331,130704774.7
2021-10-04T23:00:01.945Z,-USD,00016.7527,00000018.2,00015.5302,06341081.9,000016.362,130824786.0
2021-10-05T00:00:01.829Z,-USD,00016.5414,00000018.2,00015.5302,06296421.1,00016.5837,130977845.9
2021-10-05T01:00:01.97Z,-USD,00016.2601,00000018.2,00015.5302,06051434.4,000016.612,126184741.6
2021-10-05T02:00:02.235Z,-USD,00016.5159,00000018.2,00015.5302,05885657.0,00016.9154,126389288.8
2021-10-05T03:00:02.364Z,-USD,00016.0676,00000018.2,00015.5302,05879997.8,00016.5739,126592503.7
2021-10-05T04:00:02.384Z,-USD,0000015.69,00000018.2,00015.5302,05657639.2,00016.4549,126748748.9
2021-10-05T05:00:01.837Z,-USD,00015.8791,00000018.2,00015.7115,05401173.0,00016.1557,126890583.4
2021-10-05T06:00:01.692Z,-USD,0000015.96,00000018.2,00015.7115,05388153.3,00016.4668,126996156.7
2021-10-05T07:00:02.624Z,-USD,000015.869,00000018.2,00015.8174,05450421.1,00016.5815,127141201.9
2021-10-05T08:00:02.359Z,-USD,00016.8683,00000018.2,00016.0971,05249125.9,00016.5216,127238695.3
2021-10-05T09:00:02.454Z,-USD,00017.1127,00000018.2,00016.0971,05103670.8,00016.5832,127399711.2
2021-10-05T10:00:02.347Z,-USD,00018.1276,00000018.2,00016.0971,04765406.1,00016.5273,127520994.6
2021-10-05T11:00:02.138Z,-USD,00017.4869,00017.7104,00016.0971,04553964.5,000016.411,127599306.8
2021-10-05T12:00:02.334Z,-USD,00017.5195,00017.7104,000016.028,04424306.6,00016.0335,127708668.6
2021-10-05T13:00:02.277Z,-USD,00017.1698,00017.6189,000015.773,04377339.1,00015.8154,127893316.9
2021-10-05T14:00:02.345Z,-USD,00016.9557,00017.6189,00015.7069,04424926.7,00015.9663,128116953.9
2021-10-05T15:00:02.507Z,-USD,00016.7129,00017.4466,00015.3302,04267399.2,0000015.55,128316770.7
2021-10-05T16:00:02.682Z,-USD,00017.0623,00017.4466,00015.3302,04021281.6,00015.5446,128470324.1
2021-10-05T17:00:02.625Z,-USD,00016.8743,00017.1999,00015.3302,03805173.2,00015.5003,128555652.1
2021-10-05T18:00:02.044Z,-USD,00017.0023,00017.1999,00015.3302,03720794.1,000015.672,128639833.1
2021-10-05T19:00:02.356Z,-USD,00016.8001,00017.1999,00015.2422,03745647.6,0000015.32,128769780.9
2021-10-05T20:00:02.651Z,-USD,00016.6092,00017.1999,00015.2422,03685538.6,00015.4429,128854478.7
2021-10-05T21:00:01.92Z,-USD,00016.3358,00017.1999,00015.2422,03611760.8,00015.4953,128962925.1
2021-10-05T22:00:02.228Z,-USD,00016.6697,00017.1999,00015.2422,03540169.0,00015.7403,129046139.6
2021-10-05T23:00:02.554Z,-USD,00016.3575,00017.1999,00015.2422,03513018.3,00015.7242,129138508.8
2021-10-06T00:00:02.48Z,-USD,00016.5906,00017.1999,00015.2422,03415646.0,00015.5491,129199318.5
2021-10-06T01:00:03.848Z,-USD,00016.6547,00017.0946,00014.7059,03406482.6,00014.8303,120931479.7
2021-10-06T02:00:02.558Z,-USD,00016.9375,00017.0416,0000014.55,03520641.5,00014.8085,121253395.0
2021-10-06T03:00:02.558Z,-USD,00016.5406,00016.8395,0000014.55,03515892.3,00014.6915,121453009.4
2021-10-06T04:00:02.525Z,-USD,00016.4553,00016.8395,00014.4076,03587332.4,00014.4376,121676555.9
2021-10-06T05:00:02.242Z,-USD,00016.1809,00016.8395,00014.3036,03883466.4,00014.5425,122115396.0
2021-10-06T06:00:02.1Z,-USD,00016.4183,00016.8395,00014.3036,03941548.2,0000014.62,122282555.0
2021-10-06T07:00:01.857Z,-USD,00016.5035,00016.8395,00014.3036,03912109.6,00014.5355,122393878.4
2021-10-06T08:00:01.881Z,-USD,00016.4777,00016.6522,0000014.19,03936173.1,00014.2482,122515041.4
2021-10-06T09:00:01.785Z,-USD,00016.5631,00016.6041,00013.7592,04003979.9,00014.0547,122743777.1
2021-10-06T10:00:01.918Z,-USD,00016.5597,00016.6041,00013.7592,04035072.8,00014.1714,122898543.5
2021-10-06T11:00:02.583Z,-USD,00016.4109,00016.4999,00013.7592,04193917.2,00014.2503,123132865.7
2021-10-06T12:00:02.527Z,-USD,00016.0687,00016.1796,00013.7592,04189813.9,00014.0426,123241190.9
2021-10-06T13:00:02.795Z,-USD,00015.8434,00016.1796,00013.7592,04247820.3,00014.3207,123481326.2
2021-10-06T14:00:02.037Z,-USD,00016.0222,00016.1796,00013.7592,04455216.1,00015.0744,123915099.4
2021-10-06T15:00:01.789Z,-USD,00015.5223,00015.8712,00013.7592,04420168.4,00015.0733,124079504.1
2021-10-06T16:00:02.198Z,-USD,00015.5153,00015.8712,00013.7592,04469525.6,00015.1261,124284056.1
2021-10-06T17:00:02.432Z,-USD,00015.5051,00015.8712,00013.7592,04488737.8,00015.0742,124384062.9
2021-10-06T18:00:02.61Z,-USD,00015.6652,00015.8712,00013.7592,04495376.2,00015.1056,124475414.7
2021-10-06T19:00:02.044Z,-USD,00015.3303,00015.8712,00013.7592,04462193.2,00014.9532,124572482.5
2021-10-06T20:00:02.302Z,-USD,00015.4589,00015.8712,00013.7592,04457908.2,00014.9674,124653551.8
2021-10-06T21:00:02.267Z,-USD,00015.4878,00015.8712,00013.7592,04486586.1,00014.6521,124797734.1
2021-10-06T22:00:02.387Z,-USD,00015.7443,00015.8193,00013.7592,04477460.7,00014.5992,124864068.3
2021-10-06T23:00:02.252Z,-USD,00015.7175,00015.7651,00013.7592,04506497.5,00014.4093,124986989.6
2021-10-07T00:00:02.344Z,-USD,000015.553,00015.5545,00013.7592,04545759.8,00014.3955,125084976.4
2021-10-07T01:00:02.619Z,-USD,0000014.82,00015.5499,00013.7592,04299316.7,00014.1112,119322990.8
2021-10-07T02:00:01.765Z,-USD,00014.8152,00015.5499,00013.7592,04085106.5,000014.102,119425322.8
2021-10-07T03:00:01.924Z,-USD,00014.6649,00015.5499,00013.7592,04013077.1,00014.0316,119553175.9
2021-10-07T04:00:01.977Z,-USD,00014.4332,00015.5499,00013.7592,03870826.0,00013.9089,119644608.6
2021-10-07T05:00:01.982Z,-USD,00014.5547,00015.5499,00013.7592,03596858.8,00014.7782,119801560.5
2021-10-07T06:00:02.06Z,-USD,00014.6356,00015.5499,00013.7592,03581352.9,00014.2109,119951490.3
2021-10-07T07:00:02.06Z,-USD,00014.4615,00015.5499,00013.7592,03522709.3,00014.1175,120003112.7
2021-10-07T08:00:01.954Z,-USD,00014.2635,00015.5499,00013.7592,03446954.6,00014.5192,120048561.2
2021-10-07T09:00:02.462Z,-USD,00014.0212,00015.5499,00013.8066,03310234.3,000014.546,120148483.8
2021-10-07T10:00:01.882Z,-USD,00014.1393,00015.5499,00013.8066,03213655.2,00014.3087,120201232.8
2021-10-07T11:00:02.552Z,-USD,000014.188,00015.5499,00013.8066,03031994.2,00014.1779,120251952.4
2021-10-07T12:00:02.381Z,-USD,00014.0502,00015.5499,00013.8066,02957188.3,00014.2455,120285155.9
2021-10-07T13:00:02.003Z,-USD,00014.3145,00015.5499,00013.8066,02760858.9,00014.1181,120328454.6
2021-10-07T14:00:02.354Z,-USD,00014.9188,00015.5499,00013.8066,02381681.5,00014.3777,120385243.2
2021-10-07T15:00:02.174Z,-USD,00014.9971,00015.5499,00013.8066,02313590.6,00014.0157,120479792.7
2021-10-07T16:00:02.337Z,-USD,00015.1326,00015.1959,00013.8066,02145266.2,000014.061,120521041.1
2021-10-07T17:00:02.827Z,-USD,00015.1074,00015.1959,00013.8066,02100286.2,000014.037,120571963.5
2021-10-07T18:00:02.286Z,-USD,00015.1616,00015.1616,00013.8066,02051167.6,00014.0469,120617351.1
2021-10-07T19:00:02.466Z,-USD,00014.9438,00015.1007,00013.8066,01996012.0,00013.9877,120655231.2
2021-10-07T20:00:02.612Z,-USD,00014.9559,00015.3375,00013.8066,02184127.0,00014.5848,120924437.3
2021-10-07T21:00:02.671Z,-USD,00014.7228,00015.3375,00013.8066,02156200.8,00014.5128,121046138.6
2021-10-07T22:00:02.414Z,-USD,0000014.59,00015.3375,00013.8066,02208128.8,0000014.77,121158748.0
2021-10-07T23:00:01.81Z,-USD,00014.4495,00015.3375,00013.8066,02172344.0,00014.6418,121250567.5
2021-10-08T00:00:02.056Z,-USD,00014.4101,00015.3375,00013.8066,02230663.2,00014.9343,121403299.9
2021-10-08T01:00:02.337Z,-USD,00014.0847,00015.5938,00013.8066,02366773.9,0000015.24,117112559.6
2021-10-08T02:00:02.461Z,-USD,00014.0629,00015.5938,00013.8066,02385068.9,00014.7022,117231296.0
2021-10-08T03:00:02.42Z,-USD,00014.0321,00015.5938,00013.8066,02401622.6,00014.3131,117375040.2
2021-10-08T04:00:02.64Z,-USD,00000013.9,00015.5938,00013.8499,02422191.6,00014.2399,117486411.4
2021-10-08T05:00:02.097Z,-USD,00014.6531,00015.5938,00013.8499,02341568.9,00014.2658,117566640.9
2021-10-08T06:00:02.779Z,-USD,00014.2533,00015.5938,00013.8499,02226807.8,00014.4032,117600084.2
2021-10-08T07:00:01.68Z,-USD,00014.1074,00015.5938,00013.8499,02256805.6,00014.5981,117679776.0
2021-10-08T08:00:02.649Z,-USD,00014.5068,00015.5938,00013.7501,02564374.4,00014.4052,118033064.1
2021-10-08T09:00:01.806Z,-USD,00014.5472,00015.5938,00013.7501,02521128.7,000014.478,118089913.8
2021-10-08T10:00:02.664Z,-USD,00014.3326,00015.5938,00013.7501,02514951.1,00014.2853,118136076.7
2021-10-08T11:00:02.738Z,-USD,00014.2135,00015.5938,00013.7501,02494891.3,00014.2983,118167290.8
2021-10-08T12:00:01.729Z,-USD,00014.2249,00015.5938,00013.7501,02493264.6,00014.2679,118198392.9
2021-10-08T13:00:01.748Z,-USD,000014.124,00015.5938,00013.7501,02568168.2,00014.0799,118317147.2
2021-10-08T14:00:01.788Z,-USD,00014.3391,00015.5938,00013.7501,02569015.7,00014.0596,118375999.7
2021-10-08T15:00:01.932Z,-USD,00014.0287,00015.5938,00013.7501,02522941.0,00014.3339,118423532.0
2021-10-08T16:00:01.733Z,-USD,000014.085,00015.5938,00013.7501,02637595.9,00014.4615,118578537.0
2021-10-08T17:00:02.074Z,-USD,00014.0318,00015.5938,00013.7501,02685337.3,00014.2472,118676951.7
2021-10-08T18:00:02.349Z,-USD,00014.0532,00015.5938,00013.7501,02699794.1,00014.2947,118737126.3
2021-10-08T19:00:02.991Z,-USD,00013.9898,00015.5938,00013.7501,02707802.9,00014.2796,118782838.4
2021-10-08T20:00:02.668Z,-USD,00014.5094,00015.5938,00013.7501,02486049.3,00014.1793,118831089.3
2021-10-08T21:00:01.935Z,-USD,00014.5398,00015.5938,00013.7501,02429953.7,00013.9386,118896078.8
2021-10-08T22:00:02.123Z,-USD,00014.7306,00015.5938,00013.7501,02363843.2,00014.0174,118943687.0
2021-10-08T23:00:02.58Z,-USD,000014.677,00015.5938,00013.7501,02309644.5,00014.0587,118980116.6
2021-10-09T00:00:01.744Z,-USD,00014.9491,00015.5938,00013.7501,02180414.0,00014.0136,119005802.2
2021-10-09T01:00:01.779Z,-USD,00015.2018,000015.246,00013.7501,01960802.7,00013.9212,113069923.7
2021-10-09T02:00:01.757Z,-USD,00014.6719,00014.9452,0000013.75,01902546.1,000013.811,113127512.0
2021-10-09T03:00:01.973Z,-USD,00014.3181,00014.9452,00013.7236,01825044.7,00013.9334,113193297.6
2021-10-09T04:00:02.461Z,-USD,00014.2524,00014.9452,00013.7236,01804688.9,00014.0369,113284671.8
2021-10-09T05:00:02.076Z,-USD,00014.2539,00014.9452,00013.7236,01769870.4,00014.0472,113329682.0
2021-10-09T06:00:02.058Z,-USD,00014.4854,00014.9452,00013.7236,01796100.3,00013.9168,113389881.7
2021-10-09T07:00:01.978Z,-USD,00014.5685,00014.9452,00013.7236,01766999.6,00013.9993,113442371.1
2021-10-09T08:00:01.965Z,-USD,00014.3862,00014.7715,00013.7236,01461744.5,00013.9747,113488446.8
2021-10-09T09:00:01.831Z,-USD,00014.4768,00014.7715,00013.7236,01461731.8,00013.8193,113546879.3
2021-10-09T10:00:01.974Z,-USD,00014.2592,00014.7715,00013.7236,01458353.5,00013.9705,113588889.2
2021-10-09T11:00:02.63Z,-USD,00014.2921,00014.7715,00013.7236,01511965.4,00014.4063,113672785.5
2021-10-09T12:00:02.557Z,-USD,00014.2797,00014.7715,00013.7236,01602127.1,00014.0765,113794402.7
2021-10-09T13:00:02.488Z,-USD,00014.1057,00014.7715,00013.7236,01556958.7,00014.2285,113869302.6
2021-10-09T14:00:02.565Z,-USD,00014.0767,00014.7715,00013.7236,01573838.4,00014.3458,113943267.2
2021-10-09T15:00:02.382Z,-USD,00014.3066,00014.7715,00013.7236,01597785.8,00014.1637,114014541.6
2021-10-09T16:00:01.741Z,-USD,00014.4931,00014.6496,00013.7236,01483815.4,00014.0673,114056400.3
2021-10-09T17:00:02.433Z,-USD,000014.282,00014.4684,00013.7236,01437603.8,00013.9802,114111536.0
2021-10-09T18:00:01.824Z,-USD,000014.361,00014.4684,00013.7236,01433914.7,00014.0034,114164720.7
2021-10-09T19:00:02.075Z,-USD,00014.2833,00014.4684,00013.7236,01434982.5,00014.0403,114211397.1
2021-10-09T20:00:01.879Z,-USD,00014.1829,00014.4684,00013.7236,01433003.3,00013.9503,114259918.8
2021-10-09T21:00:02.673Z,-USD,000013.925,00014.4684,00013.7236,01412381.2,00014.0459,114301946.1
2021-10-09T22:00:02.583Z,-USD,00014.0014,00014.4684,00013.7236,01375437.1,00014.0599,114312703.2
2021-10-09T23:00:02.295Z,-USD,00014.0778,00014.4684,00013.7236,01363538.2,00014.0261,114337194.8
2021-10-10T00:00:02.547Z,-USD,00014.0162,00014.4684,00013.7236,01363899.0,00014.1089,114364482.2
2021-10-10T01:00:02.553Z,-USD,00013.9516,00014.4684,00013.7236,01337987.0,00013.8854,111378460.0
2021-10-10T02:00:02.552Z,-USD,00013.8017,00014.4684,00013.7236,01322454.3,00013.9696,111418948.0
2021-10-10T03:00:01.861Z,-USD,00013.9243,00014.5555,00013.8039,01445315.0,00014.2225,111607461.4
2021-10-10T04:00:01.882Z,-USD,00014.0436,00014.5555,00013.8039,01477209.3,00014.2243,111731044.3
2021-10-10T05:00:02.18Z,-USD,00014.0344,00014.5555,00013.8039,01507182.8,00014.0398,111808066.7
2021-10-10T06:00:02.301Z,-USD,00013.9529,00014.5555,00013.8039,01482450.7,00014.1051,111841233.3
2021-10-10T07:00:02.218Z,-USD,00014.0007,00014.5555,00013.8039,01469638.7,00014.0507,111882353.1
2021-10-10T08:00:02.251Z,-USD,00013.9929,00014.5555,00013.8039,01446888.5,00014.0164,111905788.9
2021-10-10T09:00:02.179Z,-USD,000013.815,00014.5555,00013.3389,01580406.1,00013.8812,112096826.3
2021-10-10T10:00:02.269Z,-USD,00013.9927,00014.5555,00013.3389,01571813.8,00013.8436,112131146.9
2021-10-10T11:00:02.648Z,-USD,000014.282,00014.5555,00013.3389,01543582.5,00013.8217,112187558.8
2021-10-10T12:00:07.664Z,-USD,00014.1287,00014.5555,00013.3389,01456989.5,00013.7317,112223057.3
2021-10-10T13:00:02.71Z,-USD,00014.2425,00014.5555,00013.3389,01410415.1,00013.6291,112249733.0
2021-10-10T14:00:01.793Z,-USD,00014.3492,00014.5555,00013.3389,01379198.8,00013.6285,112292382.9
2021-10-10T15:00:02.025Z,-USD,00014.1686,00014.5555,00013.3389,01348179.3,00013.5996,112331831.9
2021-10-10T16:00:02.139Z,-USD,0000014.05,00014.5555,00013.3389,01374222.4,00013.4886,112400214.9
2021-10-10T17:00:02.385Z,-USD,00013.9964,00014.5555,00013.3236,01369850.3,00013.4032,112450341.7
2021-10-10T18:00:02.252Z,-USD,00014.0141,00014.5555,00013.2205,01410470.4,00013.3822,112544363.0
2021-10-10T19:00:02.349Z,-USD,00014.0665,00014.5555,00013.2205,01416163.1,00013.3625,112598182.8
2021-10-10T20:00:02.364Z,-USD,00013.9573,00014.5555,00013.2205,01442047.8,00013.3652,112671924.8
2021-10-10T21:00:02.48Z,-USD,00014.0443,00014.5555,00013.2205,01450397.2,0000013.26,112722355.5
2021-10-10T22:00:02.666Z,-USD,00014.0747,00014.5555,00013.0129,01530610.6,00013.1343,112812252.7
2021-10-10T23:00:02.191Z,-USD,00014.0354,00014.5555,00013.0083,01556526.9,00013.1852,112862730.6
2021-10-11T00:00:02.154Z,-USD,00014.1111,00014.5555,00012.8724,01593198.1,00012.8847,112927270.6
2021-10-11T01:00:02.527Z,-USD,00013.9114,00014.5555,00012.7232,01641185.9,00013.0751,109886651.2
2021-10-11T02:00:02.635Z,-USD,00013.9756,00014.5555,00012.7232,01670928.8,00013.2571,109956431.6
2021-10-11T03:00:02.558Z,-USD,00014.2493,00014.3804,00012.7232,01525110.7,00013.3142,110014726.0
2021-10-11T04:00:01.875Z,-USD,000014.229,00014.2561,00012.7232,01460582.8,00013.4573,110059324.6
2021-10-11T05:00:02.204Z,-USD,00014.0478,00014.1739,00012.7232,01530461.8,00013.8497,110204927.4
2021-10-11T06:00:02.139Z,-USD,000014.094,00014.3855,00012.7232,01659276.0,00014.3262,110367497.1
2021-10-11T07:00:02.069Z,-USD,00014.0545,00014.3973,00012.7232,01717012.6,00014.0292,110466153.5
2021-10-11T08:00:02.235Z,-USD,00014.0559,00014.6778,00012.7232,01783083.6,000014.653,110557327.2
2021-10-11T09:00:02.208Z,-USD,00013.8557,00014.6793,00012.7232,01688233.2,00014.5778,110651920.5
2021-10-11T10:00:02.067Z,-USD,000013.852,00014.8988,00012.7232,01800607.9,00014.6024,110798645.6
2021-10-11T11:00:02.16Z,-USD,00013.8221,00014.8988,00012.7232,01857121.0,00000014.3,110912948.1
2021-10-11T12:00:02.145Z,-USD,00013.7599,00014.8988,00012.7232,01921836.4,00014.3274,111011281.5
2021-10-11T13:00:02.285Z,-USD,00013.6602,00014.8988,00012.7232,02031012.8,00014.3847,111147530.5
2021-10-11T14:00:02.568Z,-USD,00013.6315,00014.8988,00012.7232,02078226.1,00014.2936,111237261.7
2021-10-11T15:00:01.913Z,-USD,00013.5914,00014.8988,00012.7232,02163736.8,00014.0669,111362804.9
2021-10-11T16:00:02.399Z,-USD,000013.497,00014.8988,00012.7232,02156923.3,00014.0058,111424022.9
2021-10-11T17:00:02.792Z,-USD,00013.3939,00014.8988,00012.7232,02202212.4,00013.8823,111519491.0
2021-10-11T18:00:02.105Z,-USD,00013.3767,00014.8988,00012.7232,02176566.2,00013.7588,111587383.3
2021-10-11T19:00:02.186Z,-USD,00013.3419,00014.8988,00012.7232,02205016.7,000013.596,111670418.8
2021-10-11T20:00:02.657Z,-USD,00013.3426,00014.8988,00012.7232,02211195.4,00013.4176,111751125.6
2021-10-11T21:00:01.781Z,-USD,00013.2439,00014.8988,00012.7232,02260210.2,00013.3311,111850408.7
2021-10-11T22:00:02.029Z,-USD,00013.1235,00014.8988,00012.7232,02241499.1,00013.5603,111920190.8
2021-10-11T23:00:02.517Z,-USD,0000013.19,00014.8988,00012.7232,02225287.0,000013.547,111954843.9
2021-10-12T00:00:01.841Z,-USD,00012.8891,00014.8988,00012.7232,02210791.2,00013.5855,112004723.6
2021-10-12T01:00:02.656Z,-USD,00013.0648,00014.8988,00000013.0,02346709.8,00014.2456,108661163.6
2021-10-12T02:00:02.318Z,-USD,00013.2273,00014.8988,00013.2185,02453481.3,00014.3034,108837763.2
2021-10-12T03:00:01.942Z,-USD,00013.2945,00014.8988,00013.2185,02510612.5,00014.0784,108953955.2
2021-10-12T04:00:02.146Z,-USD,00013.4469,00014.8988,00013.2185,02603490.6,00013.9588,109092207.9
2021-10-12T05:00:02.04Z,-USD,00013.8728,00014.8988,00013.2185,02655062.4,00014.3343,109290432.2
2021-10-12T06:00:02.041Z,-USD,00014.3657,00014.8988,00013.2185,02629911.1,00014.2927,109429100.6
2021-10-12T07:00:02.005Z,-USD,00014.0254,00014.8988,00013.2185,02642134.4,00014.1961,109536490.5
2021-10-12T08:00:02.023Z,-USD,00014.6047,00014.8988,00013.2185,02604410.0,00014.0386,109591530.3
2021-10-12T09:00:01.857Z,-USD,00014.6487,00014.8988,00013.2185,02559481.8,00014.2059,109640402.9
2021-10-12T10:00:02.173Z,-USD,00014.6403,00014.7638,00013.2185,02563826.5,00014.2837,109791609.9
2021-10-12T11:00:02.102Z,-USD,00014.2575,00014.7638,00013.2185,02552524.9,00014.5976,109894965.3
2021-10-12T12:00:04.158Z,-USD,00014.3507,00014.7638,00013.2185,02595120.8,00014.5675,110034378.8
2021-10-12T13:00:02.162Z,-USD,00014.4344,00014.7638,00013.2185,02560818.0,00014.2029,110136415.3
2021-10-12T14:00:02.326Z,-USD,00014.3155,00014.7638,00013.2185,02532061.2,00014.4817,110199122.5
2021-10-12T15:00:02.526Z,-USD,00014.0819,00014.7638,00013.2185,02478602.2,00014.3819,110271164.5
2021-10-12T16:00:02.687Z,-USD,00014.0233,00014.7668,00013.2185,02511728.4,00014.7668,110363759.5
2021-10-12T17:00:02.293Z,-USD,00013.8587,0000015.47,00013.2185,02769980.9,000015.068,110717359.7
2021-10-12T18:00:02.619Z,-USD,00013.7587,0000015.47,00013.2185,02888679.8,00015.0431,110905776.2
2021-10-12T19:00:01.827Z,-USD,00013.5937,0000015.47,00013.2185,02886132.5,00014.8521,110985322.6
2021-10-12T20:00:02.18Z,-USD,00013.3918,0000015.47,00013.2185,02877969.6,00014.7632,111057702.2
2021-10-12T21:00:02.512Z,-USD,00013.2798,0000015.47,00013.2185,02891831.8,00014.8428,111171506.0
2021-10-12T22:00:02.088Z,-USD,00013.5497,0000015.47,00013.3278,02878053.2,00014.5155,111226171.4
2021-10-12T23:00:02.493Z,-USD,00013.5076,0000015.47,00013.3278,02911428.0,00014.6525,111294551.1
2021-10-13T00:00:01.744Z,-USD,00013.5787,0000015.47,00013.3278,02928995.3,00014.6267,111362675.2
2021-10-13T01:00:02.208Z,-USD,00014.2187,0000015.47,00013.8419,02847134.0,00015.0819,108606693.4
2021-10-13T02:00:02.689Z,-USD,00014.2758,00015.6605,00013.8419,02890989.3,00015.6605,108825332.1
2021-10-13T03:00:01.885Z,-USD,000014.138,00015.9343,00013.8796,03090904.4,00015.8165,109139895.1
2021-10-13T04:00:01.985Z,-USD,00014.0081,00015.9343,0000013.92,03113587.3,00015.6997,109301056.1
2021-10-13T05:00:02.285Z,-USD,00014.3134,00015.9343,000014.022,03027845.8,00015.5216,109414831.7
2021-10-13T06:00:02.133Z,-USD,00014.4195,00015.9343,000014.022,02989223.2,00015.1524,109515179.6
2021-10-13T07:00:02.124Z,-USD,00014.1476,00015.9343,000014.022,02995712.2,00015.3148,109628151.0
2021-10-13T08:00:02.214Z,-USD,00014.0309,00015.9343,00014.0236,03058169.3,00015.1532,109744448.7
2021-10-13T09:00:02.105Z,-USD,00014.2702,00015.9343,00014.1019,03107349.0,000014.823,109842623.9
2021-10-13T10:00:02.579Z,-USD,00014.3261,00015.9343,00014.1019,02996092.2,00014.8559,109882780.8
2021-10-13T11:00:02.093Z,-USD,000014.592,00015.9343,00014.1019,02952374.8,00014.6649,109942066.9
2021-10-13T12:00:02.298Z,-USD,00014.5545,00015.9343,00014.1019,02847906.8,00014.8153,109978994.4
2021-10-13T13:00:01.833Z,-USD,00014.1754,00015.9343,00014.1518,02847446.0,00015.1377,110078391.6
2021-10-13T14:00:01.99Z,-USD,00014.4291,00015.9343,00014.1518,02925352.4,0000014.73,110219628.5
2021-10-13T15:00:02.007Z,-USD,000014.387,00015.9343,00014.1518,02946542.2,00014.7986,110312186.6
2021-10-13T16:00:02.355Z,-USD,00014.7334,00015.9343,00014.5025,02907216.1,00014.7688,110367728.0
2021-10-13T17:00:01.918Z,-USD,00015.1016,00015.9343,00014.5025,02611248.0,00014.6793,110426686.4
2021-10-13T18:00:02.304Z,-USD,00014.9749,00015.9343,00014.5025,02468895.6,00014.6124,110470882.5
2021-10-13T19:00:02.617Z,-USD,00014.8339,00015.9343,00014.5025,02464987.5,00014.5653,110544819.1
2021-10-13T20:00:02.707Z,-USD,00014.7633,00015.9343,00014.5025,02444449.8,000014.665,110596271.1
2021-10-13T21:00:02.185Z,-USD,00014.8422,00015.9343,00014.5025,02410473.0,00014.7697,110677000.1
2021-10-13T22:00:02.473Z,-USD,00014.5173,00015.9343,00014.5057,02375205.3,00014.7996,110695833.8
2021-10-13T23:00:01.978Z,-USD,00014.6235,00015.9343,000014.519,02344494.0,000014.999,110733213.2
2021-10-14T00:00:02.046Z,-USD,00014.6648,00015.9343,000014.519,02324322.2,00014.9774,110781728.2
2021-10-14T01:00:05.243Z,-USD,00015.0954,00015.9343,000014.519,02263834.5,00014.9794,108905258.8
2021-10-14T02:00:03.006Z,-USD,00015.6889,00015.9343,000014.519,02118358.8,00014.9144,108984301.7
2021-10-14T03:00:02.7Z,-USD,00015.7897,000015.842,000014.519,01878682.0,00014.9173,109052894.0
2021-10-14T04:00:02.047Z,-USD,00015.6662,00015.7208,000014.519,01733139.1,00014.9317,109069174.9
2021-10-14T05:00:02.507Z,-USD,00015.5102,00000015.7,000014.519,01637184.3,00014.8706,109086539.7
2021-10-14T06:00:02.568Z,-USD,00015.0814,00000015.7,000014.519,01551002.1,00014.8469,109102001.6
2021-10-14T07:00:02.595Z,-USD,000015.312,00015.5693,000014.519,01459859.9,00014.7644,109122514.9
2021-10-14T08:00:02.577Z,-USD,00015.1297,000015.282,000014.519,01357111.8,00014.7384,109136736.0
2021-10-14T09:00:02.551Z,-USD,0000014.79,00015.2427,000014.519,01273658.7,00014.8066,109153885.1
2021-10-14T10:00:01.905Z,-USD,00014.8598,00015.2427,000014.519,01262558.2,00014.8844,109179544.8
2021-10-14T11:00:02.068Z,-USD,00014.7118,00015.2427,000014.519,01217493.4,00014.8113,109194662.8
2021-10-14T12:00:02.265Z,-USD,00014.8336,00015.2427,000014.519,01206160.6,00014.9471,109219392.9
2021-10-14T13:00:02.14Z,-USD,00015.1232,00015.2427,000014.519,01123761.3,00014.8679,109236877.3
2021-10-14T14:00:02.068Z,-USD,00014.7479,00015.2427,000014.519,01012966.8,00014.7745,109266669.2
2021-10-14T15:00:02.441Z,-USD,00014.8046,00015.2427,000014.519,00958778.7,000014.803,109305049.7
2021-10-14T16:00:04.16Z,-USD,00014.7857,00015.2427,000014.519,00967937.9,00014.5709,109369803.0
2021-10-14T17:00:02.106Z,-USD,00014.6298,00015.2427,00014.3711,00955270.2,00014.4467,109416783.9
2021-10-14T18:00:02.311Z,-USD,00014.6279,00015.2427,00014.3711,00932805.8,00014.4552,109438360.2
2021-10-14T19:00:02.462Z,-USD,00014.5607,00015.2427,00014.3711,00874476.4,00014.4924,109461887.9
2021-10-14T20:00:07.559Z,-USD,00014.6827,00015.2427,00014.2646,00858700.9,00014.3649,109489377.1
2021-10-14T21:00:10.523Z,-USD,00014.7738,00015.2427,00014.2646,00789918.5,00014.3378,109501422.6
2021-10-14T22:00:14.151Z,-USD,00014.7863,00015.2427,00014.2646,00781063.0,00014.5147,109511025.7
2021-10-14T23:00:12.339Z,-USD,00015.0019,00015.2427,00014.2646,00753159.9,00000014.5,109521089.4
2021-10-15T00:00:17.239Z,-USD,00015.0146,00015.2427,00014.2646,00713874.3,00014.4539,109530452.5
2021-10-15T01:00:12.464Z,-USD,00014.9727,00015.0359,00014.1369,00676001.1,00014.1614,108371084.5
2021-10-15T02:00:12.334Z,-USD,000014.904,00015.0359,00014.0881,00643621.5,00014.3014,108418621.3
2021-10-15T03:00:11.185Z,-USD,00014.9339,00014.9999,00014.0881,00656194.9,00014.5215,108498890.4
2021-10-15T04:00:22.641Z,-USD,00014.9181,00014.9999,00014.0881,00696831.5,00014.3798,108557289.1
2021-10-15T05:00:10.149Z,-USD,00014.8407,00014.9999,00013.9831,00741079.3,000014.062,108617409.0
2021-10-15T06:00:07.409Z,-USD,00014.8445,00014.9999,00013.9831,00757468.1,00014.1579,108649228.3
2021-10-15T07:00:03.474Z,-USD,00014.7725,00014.9999,00013.9831,00799659.5,00014.0715,108711950.9
2021-10-15T08:00:03.829Z,-USD,0000014.75,00014.9999,00013.9831,00824655.5,00014.1309,108751631.5
2021-10-15T09:00:02.657Z,-USD,00014.8065,00014.9999,00013.6982,00904770.5,00013.8175,108848455.1
2021-10-15T10:00:02.516Z,-USD,00014.8494,00014.9999,00013.6982,00920535.9,00013.9223,108889837.6
2021-10-15T11:00:04.493Z,-USD,00014.8344,00014.9999,00013.6982,00945493.7,00013.9104,108929901.7
2021-10-15T12:00:04.313Z,-USD,00014.9397,00014.9512,00013.6982,01067367.4,00014.1845,109076819.2
2021-10-15T13:00:03.096Z,-USD,00014.8675,00014.9043,00013.6982,01082313.3,00014.0155,109108902.9
2021-10-15T14:00:08.91Z,-USD,00014.7972,00014.9043,00013.6982,01087893.1,00013.9441,109144458.4
2021-10-15T15:00:10.762Z,-USD,00014.7832,00014.7926,00013.6982,01090915.5,00013.9913,109186441.6
2021-10-15T16:00:10.703Z,-USD,00014.5892,00014.7105,00013.6982,01063487.5,00014.0659,109223363.5
2021-10-15T17:00:09.903Z,-USD,00014.4475,00014.7105,00013.6982,01039613.9,00014.1181,109246096.7
2021-10-15T18:00:08.961Z,-USD,00014.4557,00014.7105,00013.6982,01050533.5,00014.1483,109279294.6
2021-10-15T19:00:02.023Z,-USD,000014.504,00014.7105,00013.6982,01059877.5,00014.2125,109311460.8
2021-10-15T20:00:02.445Z,-USD,00014.3686,00014.7105,00013.6982,01059103.9,00014.2687,109338281.2
2021-10-15T21:00:02.621Z,-USD,00014.3396,00014.7105,00013.6982,01099033.4,00014.2664,109390252.1
2021-10-15T22:00:01.816Z,-USD,00014.5203,00014.7105,00013.6982,01109400.3,00014.1683,109410412.1
2021-10-15T23:00:02.561Z,-USD,00014.5119,00014.7105,00013.6982,01156153.6,00014.0116,109466999.8
2021-10-16T00:00:01.776Z,-USD,00014.4859,00014.7105,00013.6982,01187601.8,00013.9082,109507988.1
2021-10-16T01:00:10.841Z,-USD,00014.1663,00014.7105,00013.6982,01206436.3,00014.1533,107957286.4
2021-10-16T02:00:11.121Z,-USD,00014.2927,00014.7105,00013.6982,01202032.9,00014.0731,108000002.1
2021-10-16T03:00:11.374Z,-USD,00014.5188,00014.7105,00013.6982,01140531.8,00014.1048,108018837.6
2021-10-16T04:00:23.43Z,-USD,00014.3933,00014.7105,00013.6982,01143980.3,00013.9792,108080745.0
2021-10-16T05:00:09.936Z,-USD,000014.051,00014.7105,00013.6982,01111143.5,00013.9968,108108058.4
2021-10-16T06:00:10.923Z,-USD,00014.1677,00014.7105,00013.6982,01101940.0,00014.0674,108130541.6
2021-10-16T07:00:08.629Z,-USD,00014.0552,00014.7105,00013.6982,01057685.0,00014.1127,108149412.7
2021-10-16T08:00:02.213Z,-USD,00014.1323,00014.7105,00013.6982,01039505.5,00014.2328,108170688.2
2021-10-16T09:00:02.128Z,-USD,00013.8039,00014.7105,00013.7092,01008379.4,00014.3489,108237217.8
2021-10-16T10:00:02.706Z,-USD,00013.8888,00014.7105,00013.8069,00994054.9,00014.3034,108263246.9
2021-10-16T11:00:03.731Z,-USD,00013.8961,00014.7105,00013.8177,00964575.2,00014.2642,108273925.9
2021-10-16T12:00:02.202Z,-USD,00014.1791,00014.5706,00013.8177,00831326.2,00014.2417,108288738.4
2021-10-16T13:00:11.501Z,-USD,00014.0028,00014.5706,00013.8177,00862385.5,00013.9347,108352458.6
2021-10-16T14:00:11.199Z,-USD,00013.9381,00014.5706,00013.8177,00855921.1,00014.0175,108381235.6
2021-10-16T15:00:17.788Z,-USD,00014.0372,00014.5706,00013.8305,00825513.7,00014.0198,108393233.8
2021-10-16T16:00:11.248Z,-USD,0000014.09,00014.5706,00013.8305,00814113.8,00014.0552,108417007.5
2021-10-16T17:00:10.684Z,-USD,00014.1273,00014.5706,00013.8305,00807533.7,00014.0788,108433035.9
2021-10-16T18:00:10.018Z,-USD,00014.1716,00014.5706,00013.8305,00806473.5,00014.0458,108465520.9
2021-10-16T19:00:11.792Z,-USD,00014.2118,00014.5706,00013.8305,00786200.6,00014.0656,108477181.1
2021-10-16T20:00:10.055Z,-USD,00014.2672,00014.5706,00013.8305,00777430.2,000013.999,108495159.8
2021-10-16T21:00:02.455Z,-USD,00014.2918,00014.5706,00013.8305,00739674.1,00014.0146,108509760.7
2021-10-16T22:00:02.416Z,-USD,000014.166,00014.5706,00013.8305,00726879.5,00013.9495,108516987.1
2021-10-16T23:00:02.255Z,-USD,00014.0124,00014.5706,00013.8305,00675322.9,00014.0688,108522728.4
2021-10-17T00:00:01.695Z,-USD,00013.9086,00014.5706,00013.8305,00652323.1,00014.1018,108539931.4
2021-10-17T01:00:11.042Z,-USD,0000014.15,00014.5706,00013.8305,00607546.9,00014.0287,107294151.6
2021-10-17T02:00:11.159Z,-USD,00014.0659,00014.5706,00013.8305,00574982.5,00014.1151,107304478.9
2021-10-17T03:00:11.036Z,-USD,00014.1036,00014.5706,00013.8305,00570156.1,00014.1046,107318218.2
2021-10-17T04:00:42.256Z,-USD,00013.9764,00014.5706,00013.8305,00492913.2,00014.0868,107330138.0
2021-10-17T05:00:08.356Z,-USD,00013.9764,00014.5706,00013.8305,00509953.1,00014.0872,107347177.9
2021-10-17T06:00:09.229Z,-USD,00014.0647,00014.5706,00013.8305,00515773.0,00014.0535,107375507.4
2021-10-17T07:00:09.424Z,-USD,00014.1119,00014.5706,00013.8305,00506448.6,00014.0625,107385082.7
2021-10-17T08:00:08.545Z,-USD,00014.2341,00014.5706,00013.8305,00496244.7,00014.0753,107396532.7
2021-10-17T09:00:09.307Z,-USD,00014.3542,000014.472,00013.8305,00436350.8,00014.1123,107402707.7
2021-10-17T10:00:09.766Z,-USD,00014.2961,0000014.36,00013.8305,00423948.8,00014.1027,107416791.7
2021-10-17T11:00:10.085Z,-USD,00014.2538,00014.2694,00013.8305,00427570.2,00000014.1,107430666.0
2021-10-17T12:00:08.446Z,-USD,00014.2371,00014.2434,00013.8305,00417861.5,00014.0164,107436887.5
2021-10-17T13:00:11.507Z,-USD,00000013.9,00014.2416,0000013.88,00369187.3,000013.991,107451738.1
2021-10-17T14:00:09.855Z,-USD,00014.0331,00014.2416,00013.8929,00350546.0,00013.9918,107461399.6
2021-10-17T15:00:09.417Z,-USD,00014.0118,00014.2416,00013.8929,00346944.1,00013.9532,107469390.5
2021-10-17T16:00:08.9Z,-USD,00014.0746,00014.2416,000013.734,00356819.4,00013.7975,107502973.2
2021-10-17T17:00:02.403Z,-USD,00014.0754,00014.2416,000013.734,00350273.1,00013.8374,107515800.4
2021-10-17T18:00:03.747Z,-USD,00014.0599,00014.2416,000013.734,00332953.6,00013.8666,107527574.1
2021-10-17T19:00:01.935Z,-USD,00014.0859,00014.2416,000013.734,00331424.2,00013.9081,107538696.4
2021-10-17T20:00:02.498Z,-USD,00013.9914,00014.2416,000013.734,00342735.0,00013.7828,107567049.0
2021-10-17T21:00:02.149Z,-USD,00014.0011,00014.2416,00013.3485,00435740.7,00013.4887,107674708.3
2021-10-17T22:00:02.532Z,-USD,00013.9524,00014.2416,00013.3485,00441687.7,00013.7207,107688288.2
2021-10-17T23:00:01.82Z,-USD,00014.0532,00014.2416,00013.3485,00465814.0,000013.768,107717881.9
2021-10-18T00:00:08.546Z,-USD,00014.1283,00014.2416,00013.3485,00469533.6,00013.7903,107739431.0
2021-10-18T01:00:02.724Z,-USD,000014.002,00014.2416,00013.3485,00482384.7,00013.9229,106863958.2
2021-10-18T02:00:01.902Z,-USD,00014.0892,00014.2416,00013.3485,00485605.1,00013.8606,106877429.8
2021-10-18T03:00:01.983Z,-USD,00000014.1,00014.2416,00013.3485,00493334.5,00013.8634,106898941.9
2021-10-18T04:00:02.164Z,-USD,00014.0842,00014.4989,00013.3485,00575388.8,00014.4613,106992858.6
2021-10-18T05:00:01.742Z,-USD,000014.096,00014.4989,00013.3485,00599257.3,00014.3503,107033820.3
2021-10-18T06:00:01.777Z,-USD,00014.0562,00014.4989,00013.3485,00613545.2,00014.1974,107076526.5
2021-10-18T07:00:01.706Z,-USD,00014.0626,00014.4989,00013.3485,00618957.7,00014.1444,107091611.4
2021-10-18T08:00:02.552Z,-USD,00014.0384,00014.4989,00013.3485,00636797.5,00014.2424,107120740.8
2021-10-18T09:00:02.451Z,-USD,00014.1141,00014.4989,00013.3485,00643250.6,00014.1637,107133332.6
2021-10-18T10:00:02.248Z,-USD,00014.1215,00014.4989,00013.3485,00654232.3,000013.905,107158466.4
2021-10-18T11:00:02.559Z,-USD,00014.0777,00014.4989,00013.3485,00660768.2,00014.0052,107178766.3
2021-10-18T12:00:02.461Z,-USD,00014.0231,00014.4989,00013.3485,00671887.4,00013.8351,107196838.4
2021-10-18T13:00:02.581Z,-USD,00013.9871,00014.4989,00013.3485,00674454.8,0000013.79,107214045.8
2021-10-18T14:00:01.943Z,-USD,000014.006,00014.4989,00013.3485,00712842.9,00014.0144,107261829.4
2021-10-18T15:00:02.116Z,-USD,00013.9623,00014.4989,00013.3485,00737240.4,00013.9744,107294313.3
2021-10-18T16:00:02.353Z,-USD,00013.8043,00014.4989,00013.3485,00731126.3,000013.895,107321617.5
2021-10-18T17:00:01.827Z,-USD,00013.8584,00014.4989,00013.3485,00737534.3,000013.776,107341001.7
2021-10-18T18:00:02.355Z,-USD,00013.8684,00014.4989,00013.3485,00736313.1,000013.802,107352101.7
2021-10-18T19:00:02.229Z,-USD,00013.9135,00014.4989,00013.3485,00734671.8,00013.8109,107362108.3
2021-10-18T20:00:02.515Z,-USD,00013.7799,00014.4989,00013.3485,00719679.6,00013.8366,107374085.8
2021-10-18T21:00:01.852Z,-USD,00013.4394,00014.4989,00013.4394,00652031.6,00013.8403,107414304.2
2021-10-18T22:00:02.585Z,-USD,00013.7331,00014.4989,00013.6347,00649778.4,00013.8129,107425406.4
2021-10-18T23:00:01.997Z,-USD,00013.7539,00014.4989,00013.6347,00635520.1,00013.9044,107440901.6
2021-10-19T00:00:02.07Z,-USD,00013.7947,00014.4989,00013.6347,00643356.7,00013.9829,107470353.7
2021-10-19T01:00:02.499Z,-USD,00013.9277,00014.4989,00013.6347,00660852.8,00013.9266,103315264.9
2021-10-19T02:00:01.899Z,-USD,00013.8399,00014.4989,00013.6347,00674470.2,00013.9665,103343010.1
2021-10-19T03:00:02.276Z,-USD,00013.8599,00014.4989,00013.6347,00676608.3,00013.9572,103366108.2
2021-10-19T04:00:02.483Z,-USD,00014.4446,00014.4841,00013.6347,00602646.4,00014.0114,103386702.9
2021-10-19T05:00:01.823Z,-USD,00014.3771,00014.4841,00013.6347,00570873.7,000013.951,103395362.2
2021-10-19T06:00:02.691Z,-USD,00014.1645,00014.4841,00013.6347,00532714.0,00013.9413,103400504.5
2021-10-19T07:00:01.891Z,-USD,000014.199,00014.4841,00013.6347,00531212.5,000013.811,103413288.5
2021-10-19T08:00:01.966Z,-USD,00014.2724,00014.2909,00013.6347,00508524.7,00013.8728,103420350.4
2021-10-19T09:00:02.439Z,-USD,00014.1413,00014.1428,00013.6347,00509199.8,00013.9446,103432999.6
2021-10-19T10:00:02.336Z,-USD,00013.8814,00014.0924,00013.6347,00498619.5,000013.866,103447549.1
2021-10-19T11:00:02.348Z,-USD,00013.9981,00014.0924,00013.6347,00494797.1,00013.8767,103464013.2
2021-10-19T12:00:02.418Z,-USD,00013.8285,00014.0924,00013.6347,00503880.7,00013.9109,103492034.4
2021-10-19T13:00:02.461Z,-USD,00013.7839,00014.0924,00013.6347,00503875.6,00013.9481,103509141.1
2021-10-19T14:00:02.569Z,-USD,00014.0175,00014.0924,00013.7201,00480645.8,00013.9081,103533238.7
2021-10-19T15:00:01.94Z,-USD,00013.9194,00014.0924,00013.7117,00494623.9,00013.9026,103579448.3
2021-10-19T16:00:02.246Z,-USD,00013.8966,00014.0924,00013.7117,00488485.0,00013.7592,103601120.9
2021-10-19T17:00:02.619Z,-USD,00013.7849,00014.0924,00013.7117,00481635.5,00013.8747,103613386.9
2021-10-19T18:00:02.691Z,-USD,00013.7861,00014.0924,00013.7117,00481585.0,00013.8996,103624240.3
2021-10-19T19:00:02.283Z,-USD,000013.797,00014.0924,00013.7117,00491185.8,00013.8428,103643743.8
2021-10-19T20:00:02.68Z,-USD,00013.8333,00014.0924,00013.7117,00517747.4,00013.8169,103682531.9
2021-10-19T21:00:02.531Z,-USD,00013.8237,00014.0924,00013.7117,00500680.0,00013.7959,103705646.5
2021-10-19T22:00:02.312Z,-USD,000013.824,00014.0924,00013.7117,00512242.3,00013.9303,103728122.6
2021-10-19T23:00:02.548Z,-USD,00013.9113,00014.0924,00013.7117,00513986.1,00014.0108,103745823.6
2021-10-20T00:00:02.423Z,-USD,00013.9751,00014.2333,00013.7117,00563359.5,000014.228,103824421.2
2021-10-20T01:00:02.584Z,-USD,00013.9484,00014.2333,00013.7117,00530836.6,00013.9575,93874396.5
2021-10-20T02:00:02.668Z,-USD,000013.982,00014.2333,00013.7117,00527018.0,00013.9386,93899097.6
2021-10-20T03:00:02.542Z,-USD,00013.9588,00014.2333,00013.7117,00511815.6,00013.8954,93906272.9
2021-10-20T04:00:02.569Z,-USD,00014.0263,00014.2333,00013.7117,00500209.6,000013.824,93915478.8
2021-10-20T05:00:01.718Z,-USD,00013.9557,00014.2333,00013.7117,00507071.5,00013.9178,93930818.9
2021-10-20T06:00:02.82Z,-USD,00013.9395,00014.2333,00013.7117,00510410.6,000013.911,93939256.8
2021-10-20T07:00:02.601Z,-USD,00013.8233,00014.2333,00013.7117,00503331.0,00013.8961,93944892.9
2021-10-20T08:00:02.315Z,-USD,00013.9085,00014.2333,00013.7117,00496544.2,00013.9382,93947030.6
2021-10-20T09:00:02.178Z,-USD,00013.9323,00014.2333,00013.7117,00490095.7,00013.8818,93951673.5
2021-10-20T10:00:02.107Z,-USD,00013.8591,00014.2333,00013.7117,00478939.2,00013.9224,93954885.8
2021-10-20T11:00:04.304Z,-USD,00013.8825,00014.2333,00013.7117,00467979.3,00013.8752,93960255.1
2021-10-20T12:00:01.956Z,-USD,00013.9148,00014.2333,00013.7117,00448107.0,000013.897,93968689.0
2021-10-20T13:00:01.795Z,-USD,00013.9329,00014.2333,00013.7117,00444739.7,00014.0101,93982209.0
2021-10-20T14:00:02.204Z,-USD,000013.904,00014.2333,00013.7117,00470309.1,00014.0333,94031910.1
2021-10-20T15:00:02.133Z,-USD,00013.9044,00014.4416,0000013.75,00507153.2,00014.3229,94114952.0
2021-10-20T16:00:02.191Z,-USD,000013.758,00014.6217,000013.758,00581061.2,00014.5623,94210671.5
2021-10-20T17:00:01.752Z,-USD,00013.8779,00014.6706,00013.7585,00635913.4,00014.5225,94277669.4
2021-10-20T18:00:02.711Z,-USD,00013.9044,00014.6706,00013.7585,00674518.6,00014.5434,94327130.1
2021-10-20T19:00:02.04Z,-USD,00013.8505,00014.6714,00013.7585,00692537.5,00014.5954,94364602.6
2021-10-20T20:00:01.881Z,-USD,00013.7891,00014.6714,00013.7585,00686706.0,00014.6052,94397839.1
2021-10-20T21:00:02.216Z,-USD,000013.792,00014.6714,00013.7888,00705690.3,00014.5425,94439828.3
2021-10-20T22:00:02.297Z,-USD,00013.9407,00014.6714,000013.817,00757234.5,00014.5559,94513617.7
2021-10-20T23:00:01.822Z,-USD,00014.0114,00014.6714,000013.817,00758844.9,00014.5994,94533882.2
2021-10-21T00:00:02.66Z,-USD,000014.192,00014.7463,000013.817,00738077.4,00014.6616,94592625.0
2021-10-21T01:00:02.187Z,-USD,00013.9392,00015.0639,000013.817,00834315.9,00015.0091,85170474.2
2021-10-21T02:00:02.795Z,-USD,00013.9537,000015.469,000013.817,00957816.9,00015.1604,85318601.7
2021-10-21T03:00:02.201Z,-USD,00013.9187,000015.469,000013.817,01037034.3,00015.0916,85405093.2
2021-10-21T04:00:02.146Z,-USD,00013.8177,000015.469,000013.817,01065038.0,00015.1052,85442208.7
2021-10-21T05:00:02.629Z,-USD,00013.9155,000015.469,00013.8375,01167675.0,000015.305,85560225.8
2021-10-21T06:00:02.524Z,-USD,00013.9311,000015.469,00013.8375,01219438.2,00015.2718,85620489.8
2021-10-21T07:00:02.385Z,-USD,00013.9123,000015.469,00013.8375,01259189.6,00015.1764,85665943.3
2021-10-21T08:00:02.232Z,-USD,00013.9295,000015.469,00013.8375,01312644.7,000015.273,85721363.4
2021-10-21T09:00:02.008Z,-USD,00013.8827,00015.7877,00013.8375,01371098.2,00015.7705,85784584.9
2021-10-21T10:00:01.763Z,-USD,000013.919,0000015.98,00013.8375,01516065.4,00015.6937,85932777.0
2021-10-21T11:00:02.084Z,-USD,00013.8792,0000015.98,00013.8375,01555713.8,00015.6048,85977685.1
2021-10-21T12:00:01.931Z,-USD,00013.9058,0000015.98,00013.9001,01706801.3,00014.8975,86137202.2
2021-10-21T13:00:01.776Z,-USD,00014.0279,0000015.98,00013.9212,01740103.1,00015.0286,86184044.0
2021-10-21T14:00:02.654Z,-USD,00014.0441,0000015.98,00013.9212,01732658.0,000014.951,86226392.8
2021-10-21T15:00:01.791Z,-USD,00014.3317,0000015.98,00013.9212,01717082.0,00014.7892,86293742.2
2021-10-21T16:00:02.014Z,-USD,00014.5745,0000015.98,00013.9212,01743163.3,000014.683,86415550.6
2021-10-21T17:00:02.369Z,-USD,000014.547,0000015.98,00013.9212,01700520.9,00014.6567,86440957.8
2021-10-21T18:00:02.593Z,-USD,00014.5384,0000015.98,00013.9212,01694358.9,00014.5986,86483455.6
2021-10-21T19:00:02.51Z,-USD,00014.5933,0000015.98,00013.9212,01682626.7,00014.6651,86509065.4
2021-10-21T20:00:02.655Z,-USD,000014.604,0000015.98,00013.9212,01697657.3,000014.692,86557676.8
2021-10-21T21:00:01.929Z,-USD,00014.5461,0000015.98,00013.9212,01681978.3,00014.8336,86583941.6
2021-10-21T22:00:02.08Z,-USD,00014.5499,0000015.98,00013.9212,01628352.3,00014.7625,86604075.9
2021-10-21T23:00:02.468Z,-USD,00014.6079,0000015.98,00013.9212,01631896.8,00014.7037,86627645.9
2021-10-22T00:00:02.626Z,-USD,00014.6769,0000015.98,00013.9212,01597942.8,00014.7564,86652259.4
2021-10-22T01:00:09.309Z,-USD,00015.0231,0000015.98,00013.9212,01524586.2,00014.9893,81469577.7
2021-10-22T02:00:07.275Z,-USD,00015.1666,0000015.98,00013.9212,01415375.6,00014.8434,81511081.3
2021-10-22T03:00:02.234Z,-USD,00015.1307,0000015.98,00013.9212,01347076.2,00014.7782,81527159.1
2021-10-22T04:00:01.852Z,-USD,00015.1176,0000015.98,00013.9212,01329692.6,00014.9185,81546244.8
2021-10-22T05:00:02.652Z,-USD,00015.2892,0000015.98,00013.9212,01256699.7,00014.8421,81591638.6
2021-10-22T06:00:02.402Z,-USD,00015.2676,0000015.98,00013.9212,01212458.5,00014.7278,81607435.6
2021-10-22T07:00:02.05Z,-USD,00015.1783,0000015.98,00013.9212,01191688.2,00014.6574,81632286.6
2021-10-22T08:00:01.781Z,-USD,000015.265,00016.2236,00013.9212,01541101.7,00015.4091,82037473.0
2021-10-22T09:00:02.57Z,-USD,00015.7857,00016.2236,00013.9212,01521483.8,00015.2386,82088797.9
2021-10-22T10:00:02.161Z,-USD,0000015.68,00016.2236,00013.9212,01420730.5,00014.9977,82128400.4
2021-10-22T11:00:02.351Z,-USD,00015.6132,00016.2236,00013.9212,01402531.5,00014.9231,82154626.2
2021-10-22T12:00:01.743Z,-USD,000014.975,00016.2236,00014.3968,01254112.2,00014.9807,82166047.2
2021-10-22T13:00:02.639Z,-USD,00015.0285,00016.2236,00014.3968,01223265.4,00014.9706,82181999.1
2021-10-22T14:00:02.466Z,-USD,00014.9415,00016.2236,00014.3968,01229710.2,00014.6697,82231514.6
2021-10-22T15:00:01.819Z,-USD,00014.7769,00016.2236,00014.1884,01264300.9,00014.2913,82332737.7
2021-10-22T16:00:01.939Z,-USD,00014.6613,00016.2236,00014.1145,01209013.6,00014.2278,82398923.9
2021-10-22T17:00:02.393Z,-USD,00014.6383,00016.2236,00014.0329,01264850.4,0000014.25,82481738.6
2021-10-22T18:00:02.025Z,-USD,00014.6113,00016.2236,00014.0329,01249471.1,000014.137,82508269.0
2021-10-22T19:00:02.161Z,-USD,00014.6687,00016.2236,00014.0329,01253144.6,000014.127,82536683.9
2021-10-22T20:00:02.173Z,-USD,00014.7042,00016.2236,00014.0323,01245494.0,00014.1022,82578220.1
2021-10-22T21:00:02.418Z,-USD,00014.8253,00016.2236,00014.0323,01246201.5,00014.2303,82604742.0
2021-10-22T22:00:02.198Z,-USD,00014.8075,00016.2236,00013.9508,01243161.4,00013.9853,82621581.3
2021-10-22T23:00:02.568Z,-USD,00014.7067,00016.2236,00013.9508,01245831.1,00014.1468,82648863.2
2021-10-23T00:00:02.446Z,-USD,00014.7833,00016.2236,00013.9508,01243009.1,00014.1699,82669673.4
2021-10-23T01:00:02.283Z,-USD,00014.9993,00016.2236,00013.9508,01235135.6,00014.1396,79351016.3
2021-10-23T02:00:02.096Z,-USD,00014.8318,00016.2236,00013.9508,01217033.9,00014.1309,79373363.0
2021-10-23T03:00:02.102Z,-USD,00014.7861,00016.2236,00013.9508,01206620.2,00014.1715,79378934.5
2021-10-23T04:00:02.17Z,-USD,00014.9579,00016.2236,00013.9508,01210341.6,00014.1415,79401990.2
2021-10-23T05:00:02.322Z,-USD,00014.8571,00016.2236,00013.9508,01172915.2,00014.2116,79409759.8
2021-10-23T06:00:02.227Z,-USD,00014.7327,00016.2236,00013.9508,01164457.1,000014.188,79417845.5
2021-10-23T07:00:02.1Z,-USD,00014.6637,00016.2236,00013.9508,01146995.8,000014.201,79424389.9
2021-10-23T08:00:01.833Z,-USD,00015.4493,00015.4821,00013.9508,00761485.4,00014.2072,79444117.2
2021-10-23T09:00:01.76Z,-USD,00015.2424,00015.2653,00013.9508,00718507.7,00014.3095,79452600.4
2021-10-23T10:00:02.585Z,-USD,00014.9943,000015.023,00013.9508,00695678.3,00014.2089,79469258.6
2021-10-23T11:00:01.767Z,-USD,000014.937,00014.9862,00013.9508,00689671.5,00014.1056,79489633.3
2021-10-23T12:00:02.463Z,-USD,00014.9808,00014.9808,00013.9508,00694246.0,00014.2891,79505463.1
2021-10-23T13:00:02.387Z,-USD,000014.965,000014.965,00013.9508,00696636.0,00014.2781,79523743.4
2021-10-23T14:00:02.271Z,-USD,00014.6604,00014.6604,00013.9508,00690412.4,000014.422,79567094.6
2021-10-31T18:00:08.706Z,-USD,00013.6626,00013.7903,00012.8574,00762620.5,000013.193,60111212.7
2021-10-31T19:00:01.791Z,-USD,00013.7616,00013.7745,00012.8574,00764467.8,00013.1998,60128911.3
2021-10-31T20:00:01.778Z,-USD,00013.7238,00013.7319,00012.8574,00831039.5,00013.1616,60207351.2
2021-10-31T21:00:02.684Z,-USD,00013.6254,00013.6931,00012.8574,00857180.0,00013.2435,60242031.5
2021-10-31T22:00:01.709Z,-USD,00013.6357,00013.6931,00012.8574,00864143.3,00013.3695,60262329.4
2021-10-31T23:00:03.094Z,-USD,00013.5436,00013.6931,00012.8574,00846348.7,00013.3551,60279640.9
2021-11-01T00:00:04.868Z,-USD,00013.5372,00013.6931,00012.8574,00847237.3,00013.4029,60313603.2
2021-11-01T01:00:04.338Z,-USD,000013.519,0000013.97,00012.8574,00934634.3,00013.8584,52968596.7
2021-11-01T02:00:03.854Z,-USD,00013.3089,00014.0501,00012.8574,01004147.1,00013.8612,53101920.3
2021-11-01T03:00:03.703Z,-USD,00013.3859,00014.1532,00012.8574,01103589.9,00014.1166,53261904.5
2021-11-01T04:00:13.388Z,-USD,00013.4232,00014.2911,00012.8574,01281226.2,00013.8217,53460644.4
2021-11-01T05:00:07.284Z,-USD,000013.374,00014.2911,00012.8574,01329852.8,00014.1898,53553015.0
2021-11-01T06:00:06.049Z,-USD,000013.454,0000014.41,00012.8574,01459669.4,000014.018,53704836.0
2021-11-01T07:00:06.388Z,-USD,00013.3242,0000014.41,00012.8574,01492984.7,00014.1934,53749314.7
2021-11-01T08:00:02.266Z,-USD,000013.339,00014.4592,00012.8574,01524086.5,000014.363,53798956.1
2021-11-01T09:00:01.782Z,-USD,00013.2251,00014.9979,00012.8574,01733202.6,000014.648,54033517.1
2021-11-01T10:00:02.202Z,-USD,00013.2049,00014.9979,00012.8574,01823310.7,00014.5539,54138599.1
2021-11-01T11:00:03.213Z,-USD,00013.1649,00014.9979,00012.8574,01909032.0,00014.3012,54239182.0
2021-11-01T12:00:02.513Z,-USD,00013.0322,00014.9979,00012.8574,01926859.2,00014.2352,54274121.3
2021-11-01T13:00:02.256Z,-USD,00013.0581,00014.9979,00012.8574,01982775.6,00014.1385,54360509.4
2021-11-01T14:00:02.194Z,-USD,00013.0704,00014.9979,00012.9826,01984409.6,00014.0255,54440771.9
2021-11-01T15:00:02.248Z,-USD,00013.0747,00014.9979,00013.0381,01969067.4,00014.1106,54489906.0
2021-11-01T16:00:01.801Z,-USD,00013.1272,00014.9979,00013.0601,02015392.7,00014.5959,54582266.2
2021-11-01T17:00:03.98Z,-USD,00013.2035,00014.9979,00000013.1,02103168.9,00014.7327,54705200.9
2021-11-01T18:00:02.944Z,-USD,00013.1648,00015.1818,00000013.1,02362379.4,00014.9318,54983159.9
2021-11-01T19:00:02.167Z,-USD,00013.2194,00015.1818,00013.1018,02529736.3,00015.0045,55168362.4
2021-11-01T20:00:02.283Z,-USD,00013.1639,00015.1818,00013.1378,02585719.3,00014.9629,55303361.5
2021-11-01T21:00:02.427Z,-USD,00013.2396,00015.1818,00013.2396,02614670.7,000014.874,55366499.2
2021-11-01T22:00:02.478Z,-USD,00013.3763,00015.1818,000013.321,02657513.8,00014.7361,55429448.1
2021-11-01T23:00:03.419Z,-USD,00013.3777,00015.1818,000013.321,02686832.7,00014.7435,55476130.3
2021-11-02T00:00:01.929Z,-USD,00013.4168,00015.1818,00013.3387,02696167.0,00014.6917,55522955.7
2021-11-02T01:00:01.873Z,-USD,00013.8975,00015.1818,00013.4767,02661245.9,00014.7172,47737198.4
2021-11-02T02:00:01.986Z,-USD,00013.8033,00015.2745,00013.4767,02656421.6,00015.0183,47867313.9
2021-11-02T03:00:01.903Z,-USD,00013.7972,00015.4439,00013.6223,02414965.8,00015.4042,47981590.7
2021-11-02T04:00:02.082Z,-USD,00013.7972,00015.5185,00013.6223,02541160.6,00015.1728,48107785.5
2021-11-02T05:01:03.096Z,-USD,00013.9714,00015.6287,00013.8818,02392794.0,00015.3482,48202942.3
2021-11-02T06:00:02.166Z,-USD,00013.9714,00015.6287,00013.8818,02435530.9,00015.1711,48245679.2
2021-11-02T07:00:01.91Z,-USD,00014.2008,00015.6287,00013.9437,02428737.5,00015.0527,48280795.1
2021-11-02T08:00:01.852Z,-USD,00014.3194,00015.6287,00013.9437,02422295.5,00014.8853,48324410.5
2021-11-02T09:00:01.775Z,-USD,00014.6576,00015.6287,00013.9437,02229927.8,00014.9557,48366635.5
2021-11-02T10:00:01.714Z,-USD,000014.613,00015.6287,00013.9437,02113010.8,00015.0232,48382625.0
2021-11-02T11:00:04.183Z,-USD,00014.2954,00015.6287,00013.9437,02068257.5,00014.8543,48410023.7
2021-11-02T12:00:01.711Z,-USD,00014.2302,00015.6287,00013.9437,02109735.7,0000014.94,48486380.6
2021-11-02T13:00:02.582Z,-USD,00014.1589,00015.6287,00013.9437,02098439.2,00015.0369,48561486.5
2021-11-02T14:00:02.686Z,-USD,00014.0398,00015.6287,00014.0377,02050974.8,00014.9644,48594823.4
2021-11-02T15:00:02.009Z,-USD,00014.1376,00015.6287,00014.1007,02049895.3,00014.8466,48643460.2
2021-11-02T16:00:02.22Z,-USD,00014.5704,00015.6287,00014.4093,01994422.8,00014.9317,48680040.6
2021-11-02T17:00:03.37Z,-USD,0000014.79,00015.6287,00014.4213,01934176.9,00015.1896,48744228.6
2021-11-02T18:00:02.126Z,-USD,00014.9761,00015.6287,00014.4213,01693182.8,000015.047,48780245.8
2021-11-02T19:00:02.42Z,-USD,00015.0018,00015.6287,00014.4213,01544188.6,00015.0048,48816358.7
2021-11-02T20:00:01.771Z,-USD,000014.946,00015.6287,00014.4213,01452025.9,00015.0068,48859824.5
2021-11-02T21:00:01.886Z,-USD,00014.8808,00015.6287,00014.4213,01410720.7,0000014.84,48880019.7
2021-11-02T22:00:02.016Z,-USD,00014.7208,00015.6287,00014.4213,01373486.2,00014.7701,48906309.8
2021-11-02T23:00:02.751Z,-USD,00014.7455,00015.6287,00014.4213,01355699.5,00014.8232,48934445.7
2021-11-03T00:00:02.489Z,-USD,00014.6913,00015.6287,00014.4213,01329785.9,000014.801,48957407.7
2021-11-03T01:00:02.616Z,-USD,00014.6923,00015.6287,00014.5338,01302729.1,00014.6456,42737986.4
2021-11-03T02:00:02.352Z,-USD,00015.0384,00015.6287,00014.5074,01201469.0,000014.603,42767019.9
2021-11-03T03:00:02.521Z,-USD,00015.4042,00015.6287,00014.5074,01136659.4,00014.6272,42816135.3
2021-11-03T04:00:02.703Z,-USD,00015.1829,00015.6287,00014.5074,01029966.8,00014.6015,42835760.2
2021-11-03T05:00:03.72Z,-USD,00015.3477,00015.3477,000014.265,00973072.1,00014.2697,42873902.4
2021-11-03T06:00:02.825Z,-USD,00015.1514,00015.2744,00014.2598,00949173.0,00014.4064,42893396.2
2021-11-03T07:00:01.666Z,-USD,00015.0647,00015.2744,00014.2598,00928472.9,00014.4426,42907654.1
2021-11-03T08:00:02.667Z,-USD,00014.9134,00015.2744,00014.2598,00904634.5,0000014.54,42930555.5
2021-11-03T09:00:02.682Z,-USD,00014.9403,00015.2744,00014.2598,00891408.3,00014.4706,42956101.7
2021-11-03T10:00:02.489Z,-USD,00015.0246,00015.2744,00014.2598,00889895.0,00014.5072,42970841.7
2021-11-03T11:00:04.508Z,-USD,00014.8359,00015.2744,00014.2598,00876145.5,00014.4889,42984196.5
2021-11-03T12:00:01.942Z,-USD,00015.0015,00015.2744,00014.2598,00803001.2,00014.4201,43004158.5
2021-11-03T13:00:01.863Z,-USD,00015.0312,00015.2744,00013.8967,00787610.9,00014.0869,43047159.6
2021-11-03T14:00:01.998Z,-USD,00014.9696,00015.2744,00013.8967,00784405.7,00014.0541,43078012.6
2021-11-03T15:00:02.207Z,-USD,00014.8526,00015.2744,00013.8967,00763110.8,00014.2062,43104518.0
2021-11-03T16:00:01.68Z,-USD,00014.9399,00015.2744,00013.8967,00745401.0,00014.2478,43123481.4
2021-11-03T17:00:03.277Z,-USD,00015.2097,00015.2744,00013.8967,00728880.8,00014.2977,43171432.8
2021-11-03T18:00:01.882Z,-USD,00015.0563,00015.2234,00013.8967,00735467.2,00014.3381,43213867.4
2021-11-03T19:00:02.278Z,-USD,00014.9947,00015.2234,00013.8967,00900572.2,00014.8719,43414830.1
2021-11-03T20:00:02.568Z,-USD,00014.9882,00015.0406,00013.8967,00983675.6,00014.9812,43541549.5
2021-11-03T21:00:01.933Z,-USD,00014.8325,00015.1991,00013.8967,01046098.0,00015.0372,43624556.4
