Coin on file:	SNX
Created by:	chris
Created on:	09/18/2021T03:00:1631948402Z

Recorded,Currency,Open,High,Low,Volume,Last,Volume30day
2021-09-18T03:00:02.659Z,-USD,00014.3552,00014.4692,00012.4429,1985091.254,00012.8765,41167849.972
2021-09-18T04:00:01.983Z,-USD,00014.3591,00014.4692,00012.4429,1985096.955,00012.9551,41191635.202
2021-09-18T05:00:02.052Z,-USD,00014.4144,00014.4615,00012.4429,2000399.366,00013.0489,41237702.83
2021-09-18T06:00:02.083Z,-USD,00014.3137,00014.3338,00012.4429,2015036.275,00013.2018,41275146.332
2021-09-18T07:00:02.385Z,-USD,0000014.09,00014.2768,00012.4429,1962334.296,00013.1016,41294799.438
2021-09-18T08:00:02.626Z,-USD,00013.8579,00014.0693,00012.4429,1925933.384,000013.318,41326508.566
2021-09-18T09:00:01.852Z,-USD,00014.0263,00014.0682,00012.4429,1868233.155,00013.2363,41356691.752
2021-09-18T10:00:01.968Z,-USD,00013.7094,00013.8122,00012.4429,1939407.634,000013.244,41487994.433
2021-09-18T11:00:02.344Z,-USD,00013.3364,00013.5906,00012.4429,1965763.197,00013.4883,41654030.708
2021-09-18T12:00:02.46Z,-USD,00012.9898,00000013.6,00012.4429,1898788.626,00013.2901,41701934.926
2021-09-18T13:00:02.675Z,-USD,00012.9514,00000013.6,00012.4429,1822090.672,00013.1863,41756209.885
2021-09-18T14:00:01.88Z,-USD,00012.9901,00000013.6,00012.4429,1792783.324,00013.1296,41787681.542
2021-09-18T14:27:57.952Z,-USD,00013.0428,00000013.6,00012.4429,1713101.267,00013.1496,41797866.964
2021-09-18T14:28:37.246Z,-USD,00013.0428,00000013.6,00012.4429,1713457.404,00013.1733,41798223.101
2021-09-18T14:31:17.504Z,-USD,00013.0428,00000013.6,00012.4429,1714681.058,00013.1523,41799446.755
2021-09-18T15:00:02.118Z,-USD,00013.0428,00000013.6,00012.4429,1723971.459,00013.1028,41808737.156
2021-09-18T16:00:02.322Z,-USD,00013.1239,00000013.6,00012.4429,1786797.667,00012.9685,41970728.066
2021-09-18T17:00:02.107Z,-USD,00013.2398,00000013.6,00012.4429,1738188.588,00012.8146,42010926.437
2021-09-18T18:00:07.221Z,-USD,00012.9881,00000013.6,00012.4429,1698713.752,00012.9783,42035773.754
2021-09-18T19:00:01.787Z,-USD,00013.0009,00000013.6,00012.4429,1630400.102,00012.8258,42067223.76
2021-09-18T20:00:02.515Z,-USD,00013.1295,00000013.6,00012.4429,1598106.603,00012.7666,42104833.493
2021-09-18T21:00:02.121Z,-USD,00012.8401,00000013.6,00012.4429,1508957.679,00012.6016,42167149.882
2021-09-18T22:00:02.335Z,-USD,00012.7466,00000013.6,00012.4429,1472257.652,0000012.45,42223740.745
2021-09-18T23:00:01.768Z,-USD,00012.4861,00000013.6,00012.3535,1438780.333,0000012.44,42301730.846
2021-09-19T00:00:02.394Z,-USD,00012.7917,00000013.6,00012.3535,1365332.242,00012.5972,42341161.256
2021-09-19T01:00:02.002Z,-USD,000012.734,00000013.6,00012.3535,1336492.291,00012.3791,41220960.692
2021-09-19T02:00:02.019Z,-USD,00012.9175,00000013.6,00012.2465,1319660.679,00012.4263,41264794.905
2021-09-19T03:00:02.664Z,-USD,00012.8837,00000013.6,00012.2465,1306478.428,00012.4669,41304748.139
2021-09-19T04:00:02.654Z,-USD,00012.9637,00000013.6,00012.2465,1301642.305,000012.407,41323959.171
2021-09-19T05:00:02.407Z,-USD,00013.0489,00000013.6,00012.2292,1294904.745,00012.2686,41363050.228
2021-09-19T06:00:02.187Z,-USD,00013.2066,00000013.6,00012.2213,1318181.13,00012.4201,41423983.098
2021-09-19T07:00:02.005Z,-USD,00013.1153,00000013.6,00012.2213,1340104.232,00012.5575,41465436.083
2021-09-19T08:00:02.143Z,-USD,00013.3321,00000013.6,00012.2213,1346596.34,00012.5449,41503937.832
2021-09-19T09:00:01.925Z,-USD,00013.2412,00000013.6,00012.2213,1363325.597,000012.759,41550413.702
2021-09-19T10:00:01.868Z,-USD,00013.2616,00000013.6,00012.2213,1270146.544,00012.6158,41589134.048
2021-09-19T11:00:02.48Z,-USD,00013.4923,00000013.6,00012.2213,1131697.352,00012.5383,41616669.743
2021-09-19T12:00:02.523Z,-USD,00013.3281,00013.4321,00012.0171,1220741.677,00012.1549,41753252.8
2021-09-19T13:00:02.684Z,-USD,00013.1826,000013.245,00012.0171,1254809.148,00012.3459,41841603.007
2021-09-19T14:00:02.607Z,-USD,00013.1244,000013.197,00012.0171,1277386.756,00012.4819,41895638.083
2021-09-19T15:00:02.684Z,-USD,00013.1245,00013.1801,00012.0171,1315076.103,00012.7403,41954409.375
2021-09-19T16:00:02.634Z,-USD,00012.9876,00013.0725,00012.0171,1227338.147,00012.6471,42028873.404
2021-09-19T17:00:02.62Z,-USD,00012.7915,00013.2587,00012.0171,1361636.977,00013.1525,42203116.423
2021-09-19T18:00:01.7Z,-USD,00012.9661,00013.2587,00012.0171,1430509.999,00012.9203,42296776.22
2021-09-19T19:00:01.839Z,-USD,00012.7988,00013.2587,00012.0171,1479366.67,00013.1247,42377206.179
2021-09-19T20:00:01.841Z,-USD,00012.7856,00013.2587,00012.0171,1513767.349,00012.9925,42449228.485
2021-09-19T21:00:02.299Z,-USD,000012.584,00013.3467,00012.0171,1548785.004,00013.2584,42547058.101
2021-09-19T22:00:02.24Z,-USD,00012.4482,00013.3467,00012.0171,1528460.893,00013.1235,42594885.501
2021-09-19T23:00:02.396Z,-USD,00012.4504,00013.3467,00012.0171,1600207.369,00012.7145,42732340.368
2021-09-20T00:00:01.696Z,-USD,00012.5789,00013.3467,00012.0171,1653610.642,00012.8435,42825368.092
2021-09-20T01:00:01.876Z,-USD,00012.3614,00013.3467,00012.0171,1733794.655,00012.4463,41048169.881
2021-09-20T02:00:02.151Z,-USD,00012.4414,00013.3467,00012.0171,1753972.751,00012.5914,41112237.347
2021-09-20T03:00:02.274Z,-USD,000012.474,00013.3467,00011.7964,1838011.362,00011.8623,41236145.995
2021-09-20T04:00:02.153Z,-USD,00012.4075,00013.3467,00011.4859,1939256.688,00011.5859,41356557.831
2021-09-20T05:00:01.965Z,-USD,00012.2641,00013.3467,000011.419,1988424.863,00011.6541,41447122.566
2021-09-20T06:00:01.919Z,-USD,00012.4007,00013.3467,000011.419,1984278.077,000011.577,41501692.115
2021-09-20T07:00:02.042Z,-USD,00012.5763,00013.3467,00011.3191,2031069.611,00011.4358,41590117.028
2021-09-20T08:00:02.121Z,-USD,00012.5751,00013.3467,00010.8811,2117800.415,00011.0709,41715168.622
2021-09-20T09:00:01.892Z,-USD,00012.7742,00013.3467,00010.8811,2145862.221,00011.2793,41789556.227
2021-09-20T10:00:01.701Z,-USD,00012.6422,00013.3467,00010.8811,2131471.656,00011.0841,41814008.052
2021-09-20T11:00:02.361Z,-USD,000012.541,00013.3467,00010.8811,2142638.887,00011.0011,41852642.164
2021-09-20T12:00:02.361Z,-USD,00012.1314,00013.3467,00010.4343,2115035.088,00010.6442,41962571.244
2021-09-20T13:00:02.403Z,-USD,00012.3583,00013.3467,000010.061,2125978.494,000010.638,42061322.003
2021-09-20T14:00:02.73Z,-USD,00012.4659,00013.3467,000010.061,2154524.623,000010.975,42143821.81
2021-09-20T15:00:01.832Z,-USD,00012.7228,00013.3467,000010.061,2182103.816,00010.8693,42230702.946
2021-09-20T16:00:02.357Z,-USD,00012.6318,00013.3467,000010.061,2164088.588,00010.9893,42286534.668
2021-09-20T17:00:02.536Z,-USD,00013.1555,00013.3467,000010.061,2041521.847,00011.0263,42338898.592
2021-09-20T18:00:02.544Z,-USD,00012.9224,00013.3467,000010.061,2127103.81,00011.2185,42517559.527
2021-09-20T19:00:02.469Z,-USD,00013.1342,00013.3467,000010.061,2150119.577,00010.7888,42621131.171
2021-09-20T20:00:02.434Z,-USD,00012.9625,00013.3467,000010.061,2154932.16,00010.9556,42698239.311
2021-09-20T21:00:02.46Z,-USD,000013.253,00013.2999,000010.061,2106614.444,00010.8521,42747249.454
2021-09-20T22:00:02.44Z,-USD,00013.1137,00013.1818,000010.061,2088904.958,00010.8376,42777152.093
2021-09-20T23:00:02.52Z,-USD,0000012.74,00012.8812,000010.061,1987604.576,00010.6836,42814465.451
2021-09-21T00:00:02.956Z,-USD,00012.8498,00012.8812,000010.061,1936676.379,00010.5883,42855660.396
2021-09-21T01:00:02.191Z,-USD,00012.4368,00012.6158,00009.9063,1944669.59,00010.3255,42093761.584
2021-09-21T02:00:01.777Z,-USD,00012.5839,00012.6058,00009.9063,2005787.872,0000010.85,42217502.186
2021-09-21T03:00:02.103Z,-USD,0000011.82,00011.9261,00009.9063,1955638.176,00010.8524,42291682.235
2021-09-21T04:00:02.34Z,-USD,00011.5547,000011.764,00009.9063,1901991.782,00010.7777,42358094.888
2021-09-21T05:00:02.612Z,-USD,000011.646,00011.7184,00009.9063,1845789.589,00000010.6,42392302.722
2021-09-21T06:00:02.518Z,-USD,000011.559,00011.6174,00009.9063,1826784.975,00010.6425,42428296.033
2021-09-21T07:00:02.272Z,-USD,00011.4354,00011.5373,00009.9063,1793944.931,00010.8358,42483552.5
2021-09-21T08:00:02.419Z,-USD,00011.0953,000011.322,00009.9063,1698332.518,00010.9643,42514045.385
2021-09-21T09:00:02.545Z,-USD,00011.2833,000011.322,00009.9063,1697246.958,00010.9556,42586158.12
2021-09-21T10:00:02.395Z,-USD,00011.1183,00011.3129,00009.9063,1710849.313,00010.8111,42624152.195
2021-09-21T11:00:02.6Z,-USD,00010.9854,00011.3129,00009.9063,1724856.733,00011.0202,42676795.678
2021-09-21T12:00:02.507Z,-USD,00010.6285,00011.3129,00009.9063,1658081.305,00010.8891,42721009.48
2021-09-21T13:00:02.679Z,-USD,00010.6333,00011.3129,00009.9063,1612968.895,000010.778,42774116.054
2021-09-21T14:00:01.857Z,-USD,000010.976,00011.3129,00009.9063,1575110.351,00010.7099,42818819.523
2021-09-21T15:00:02.144Z,-USD,00010.8598,00011.3129,00009.9063,1545528.188,00010.4643,42875567.401
2021-09-21T16:00:02.617Z,-USD,00010.9682,00011.3129,00009.9063,1547299.921,00010.6648,42934521.588
2021-09-21T17:00:03.462Z,-USD,00011.0312,00011.3129,00009.9063,1576418.916,0000010.21,43014603.0
2021-09-21T18:00:01.824Z,-USD,000011.216,00011.2439,00009.9063,1481052.635,00010.0639,43099154.306
2021-09-21T19:00:02.438Z,-USD,00010.8054,00011.1206,00009.9063,1432920.078,00010.0818,43153557.365
2021-09-21T20:00:02.298Z,-USD,00010.9789,00011.1206,00009.9063,1423617.682,00010.0464,43222122.452
2021-09-21T21:00:01.766Z,-USD,000010.864,00011.0602,00009.5793,1515694.185,00009.6455,43362443.371
2021-09-21T22:00:02.225Z,-USD,00010.8449,00011.0602,0000009.25,1583369.142,00009.8216,43459985.325
2021-09-21T23:00:02.124Z,-USD,000010.709,00011.0546,0000009.25,1628939.047,00009.4445,43542984.099
2021-09-22T00:00:02.323Z,-USD,00010.6372,00011.0546,0000009.25,1637094.702,00009.5254,43592091.472
2021-09-22T01:00:02.686Z,-USD,00010.3023,00011.0546,0000009.25,1634795.209,000009.453,42619691.47
2021-09-22T02:00:01.838Z,-USD,000010.845,00011.0546,0000009.25,1559378.547,00009.8858,42672463.809
2021-09-22T03:00:02.496Z,-USD,00010.8407,00011.0546,0000009.25,1584438.861,00009.8908,42767274.757
2021-09-22T04:00:01.855Z,-USD,00010.7689,00011.0546,0000009.25,1578255.349,000009.877,42827456.11
2021-09-22T05:00:01.961Z,-USD,000010.602,00011.0546,0000009.25,1611022.118,00009.7678,42894377.993
2021-09-22T06:00:02.356Z,-USD,00010.6864,00011.0546,0000009.25,1630771.017,00009.9655,42950004.92
2021-09-22T07:00:02.359Z,-USD,00010.8812,00011.0546,0000009.25,1636152.951,00010.0963,43011041.862
2021-09-22T08:00:02.458Z,-USD,00010.9873,00011.0546,0000009.25,1658375.596,00010.2987,43063449.616
2021-09-22T09:00:03.657Z,-USD,00010.9464,00011.0546,0000009.25,1618466.793,00010.1932,43095780.955
2021-09-22T10:00:01.805Z,-USD,00010.8158,00011.0546,0000009.25,1615126.158,00010.2438,43130424.023
2021-09-22T11:00:02.368Z,-USD,00011.0184,00011.0546,0000009.25,1616833.632,00010.2273,43184768.78
2021-09-22T12:00:02.378Z,-USD,00010.8895,000010.996,0000009.25,1631440.695,00010.0394,43243490.745
2021-09-22T13:00:02.638Z,-USD,00010.7676,00010.8055,0000009.25,1631356.606,00010.1723,43296753.329
2021-09-22T14:00:01.835Z,-USD,00010.7189,00010.7262,0000009.25,1644566.484,00010.3151,43354423.765
2021-09-22T15:00:01.945Z,-USD,00010.4528,00010.7247,0000009.25,1649237.685,00010.3571,43416176.356
2021-09-22T16:00:02.268Z,-USD,00010.6884,00010.7247,0000009.25,1659006.857,00010.6237,43484674.184
2021-09-22T17:00:02.156Z,-USD,00010.2168,00010.7206,0000009.25,1634390.967,00010.6805,43540104.964
2021-09-22T18:00:02.557Z,-USD,00010.0748,00010.7347,0000009.25,1611331.345,00010.4978,43601859.131
2021-09-22T19:00:02.158Z,-USD,00010.0644,000010.799,0000009.25,1647706.268,000010.502,43692203.503
2021-09-22T20:00:02.676Z,-USD,00010.0011,000010.799,0000009.25,1674489.288,00010.6713,43788030.057
2021-09-22T21:00:01.933Z,-USD,00009.6352,00010.8602,0000009.25,1609821.096,00010.8601,43864260.847
2021-09-22T22:00:02.514Z,-USD,00009.7928,00010.8973,00009.3188,1556767.728,00010.8129,43908316.831
2021-09-22T23:00:02.005Z,-USD,00009.4831,00010.8973,00009.3188,1512371.671,00010.8731,43946978.378
2021-09-23T00:00:03.545Z,-USD,00009.5312,0000010.97,00009.3188,1539547.736,00010.9317,44022889.561
2021-09-23T01:00:02.49Z,-USD,00009.4694,00011.0133,00009.3908,1466404.254,0000010.77,42658648.071
2021-09-23T02:00:02.357Z,-USD,000009.896,00011.0133,00009.7091,1473577.965,00010.9025,42718595.182
2021-09-23T03:00:02.712Z,-USD,00009.8696,00011.0518,00009.7091,1428806.101,00010.9828,42768460.566
2021-09-23T04:00:01.926Z,-USD,00009.8744,00011.0518,00009.7091,1429883.518,00011.0089,42830743.807
2021-09-23T05:00:02.221Z,-USD,00000009.8,000011.078,00009.7861,1398193.927,000010.942,42865043.959
2021-09-23T06:00:02.32Z,-USD,00009.9731,000011.078,00009.8228,1399256.13,00010.9108,42922071.92
2021-09-23T07:00:03.134Z,-USD,00010.1229,00011.0943,00009.9702,1376354.403,000011.063,42959852.573
2021-09-23T08:00:02.122Z,-USD,00010.2901,00011.2588,00009.9702,1376058.061,00011.2386,43012453.085
2021-09-23T09:00:02.3Z,-USD,000010.192,00011.2957,00009.9702,1428935.243,00011.1074,43097156.806
2021-09-23T10:00:02.464Z,-USD,00010.2893,00011.2957,00009.9702,1446068.388,00011.0558,43149313.737
2021-09-23T11:00:05.825Z,-USD,00010.2289,00011.2957,00009.9702,1455349.825,00010.8888,43212575.713
2021-09-23T12:00:02.063Z,-USD,00010.0444,00011.2957,00010.0435,1437717.734,00010.7267,43253969.247
2021-09-23T13:00:02.551Z,-USD,00010.1854,00011.2957,00010.1537,1397861.929,00010.7096,43267108.403
2021-09-23T14:00:01.849Z,-USD,00010.3221,00011.2957,00010.2452,1371081.158,00010.9345,43298222.131
2021-09-23T15:00:02.469Z,-USD,00010.3684,00011.2957,00010.3494,1352081.282,00011.2003,43340889.046
2021-09-23T16:00:01.835Z,-USD,00010.6239,00011.6206,00010.4168,1442979.713,00011.4775,43500062.777
2021-09-23T17:00:02.388Z,-USD,00010.6843,0000011.69,00010.4168,1470487.353,00011.5185,43583151.967
2021-09-23T18:00:01.982Z,-USD,00010.5034,00011.7796,00010.4341,1499038.79,00011.6294,43673339.254
2021-09-23T19:00:01.805Z,-USD,000010.497,00012.0351,00010.4341,1545894.052,00011.8631,43810872.536
2021-09-23T20:00:02.516Z,-USD,00010.6774,00012.1077,00010.6171,1537734.413,00011.8852,43898649.678
2021-09-23T21:00:02.25Z,-USD,00010.8565,00012.1077,00010.6171,1570350.237,00011.7998,44007414.677
2021-09-23T22:00:02.175Z,-USD,00010.8123,00012.1077,00010.6469,1559695.061,00011.7366,44040602.008
2021-09-23T23:00:01.951Z,-USD,00010.8536,00012.1077,00010.6469,1600090.887,00011.5862,44122497.12
2021-09-24T00:00:02.48Z,-USD,00010.9124,00012.1077,00010.6469,1585607.795,00011.7515,44180852.438
2021-09-24T01:00:02.228Z,-USD,00010.7531,00012.1077,00010.6469,1573678.318,000011.521,43068543.057
2021-09-24T02:00:02.084Z,-USD,00010.9204,00012.1077,00010.6469,1546757.788,00011.4255,43100767.019
2021-09-24T03:00:01.973Z,-USD,00010.9861,00012.1077,00010.6469,1561243.454,00011.3004,43165444.369
2021-09-24T04:00:02.45Z,-USD,00011.0594,00012.1077,00010.6469,1526227.587,00011.2314,43195096.623
2021-09-24T05:00:02.206Z,-USD,00010.9535,00012.1077,00010.6469,1531862.482,00011.2819,43232194.39
2021-09-24T06:00:02.643Z,-USD,00010.9142,00012.1077,00010.6469,1524420.943,00011.2125,43282122.78
2021-09-24T07:00:02.623Z,-USD,00011.0768,00012.1077,00010.6469,1580822.602,00011.1668,43376055.524
2021-09-24T08:00:01.884Z,-USD,00011.2715,00012.1077,00010.6469,1561465.875,00011.3372,43414929.036
2021-09-24T09:00:02.126Z,-USD,00011.1046,00012.1077,00010.6469,1521313.453,00011.1778,43453944.157
2021-09-24T10:00:02.248Z,-USD,00011.0333,00012.1077,00010.2555,1623896.294,00010.2913,43609128.723
2021-09-24T11:00:02.663Z,-USD,00010.8706,00012.1077,00010.0887,1655086.276,00010.1728,43703226.777
2021-09-24T12:00:02.133Z,-USD,00010.7445,00012.1077,00009.7773,1745283.206,00010.2284,43834846.148
2021-09-24T13:00:02.817Z,-USD,00010.7015,00012.1077,00009.7773,1819242.263,000010.045,43921680.115
2021-09-24T14:00:02.591Z,-USD,00010.9427,00012.1077,00009.7773,1847032.11,00010.3834,43980614.977
2021-09-24T15:00:02.124Z,-USD,00011.2101,00012.1077,00009.7773,1858263.912,00010.4832,44035562.454
2021-09-24T16:00:01.961Z,-USD,00011.4592,00012.1077,00009.7773,1745202.392,00010.2854,44080705.718
2021-09-24T17:00:02.316Z,-USD,00011.5349,00012.1077,00009.7773,1703434.354,00010.3663,44122062.024
2021-09-24T18:00:02.431Z,-USD,00011.6626,00012.1077,00009.7773,1651354.796,00010.2307,44161032.4
2021-09-24T19:00:02.41Z,-USD,00011.8468,00012.1077,00009.7773,1549900.98,00010.3209,44196607.504
2021-09-24T20:00:01.732Z,-USD,00011.8768,00011.9094,00009.7773,1500720.578,00010.4012,44235399.738
2021-09-24T21:00:02.101Z,-USD,000011.806,00011.8315,00009.7773,1441746.798,00010.5623,44284455.324
2021-09-24T22:00:02.204Z,-USD,00011.7323,00011.8144,00009.7773,1483506.036,00010.6488,44360070.226
2021-09-24T23:00:01.997Z,-USD,00011.5785,00011.7962,00009.7773,1425422.628,00010.6746,44383306.359
2021-09-25T00:00:02.169Z,-USD,00011.7459,00011.7962,00009.7773,01390082.1,00010.5269,44406225.187
2021-09-25T01:00:02.578Z,-USD,00011.5458,00011.6249,00009.7773,1386689.805,00010.6485,43194849.86
2021-09-25T02:00:01.928Z,-USD,000011.455,000011.472,00009.7773,1416895.884,00010.5034,43257445.834
2021-09-25T03:00:01.987Z,-USD,00011.3133,00011.4605,00009.7773,01387725.2,00010.4148,43293474.009
2021-09-25T04:00:02.605Z,-USD,000011.243,00011.4605,00009.7773,1453136.572,00010.4533,43387726.726
2021-09-25T05:00:02.68Z,-USD,00011.2803,00011.4605,00009.7773,1431861.606,000010.456,43403603.495
2021-09-25T06:00:02.668Z,-USD,00011.2014,00011.4605,00009.7773,1415505.312,00010.3692,43437425.511
2021-09-25T07:00:01.846Z,-USD,00011.1507,00011.4571,00009.7773,1344841.066,00010.5362,43460498.592
2021-09-25T08:00:01.884Z,-USD,00011.3221,00011.4571,00009.7773,1342771.571,00010.2463,43498194.319
2021-09-25T09:00:02.034Z,-USD,00011.1854,00011.2001,00009.7773,01357749.4,00010.3153,43551460.044
2021-09-25T10:00:01.83Z,-USD,00010.2855,00010.7866,00009.7773,1231422.093,00010.4447,43581257.342
2021-09-25T11:00:02.586Z,-USD,00010.1637,00010.7866,00009.7773,1160773.027,000010.445,43603587.561
2021-09-25T12:00:02.497Z,-USD,00010.2069,00010.7866,00009.9334,1067117.237,00010.3071,43642382.662
2021-09-25T13:00:02.182Z,-USD,00010.0769,00010.7866,00009.9334,1010890.856,000010.271,43672556.936
2021-09-25T14:00:02.678Z,-USD,00010.3673,00010.7866,00009.9852,991628.513,00010.3812,43711871.121
2021-09-25T15:00:02.678Z,-USD,00010.4992,00010.7866,00009.9852,973196.882,00010.2182,43748344.654
2021-09-25T16:00:01.769Z,-USD,00010.2692,00010.7866,00009.9852,950796.519,000010.318,43771178.319
2021-09-25T17:00:02.512Z,-USD,00010.3605,00010.7866,00009.9852,955088.098,00010.1596,43817262.676
2021-09-25T18:00:01.743Z,-USD,00010.2564,00010.7866,00009.9852,945740.721,0000010.14,43846499.664
2021-09-25T19:00:01.831Z,-USD,0000010.31,00010.7866,00009.9852,942142.603,00010.1334,43878637.392
2021-09-25T20:00:02.078Z,-USD,00010.4203,00010.7866,00009.9852,933644.029,000010.183,43908813.599
2021-09-25T21:00:02.047Z,-USD,00010.5784,00010.7866,00009.9852,0927830.61,00010.1952,43953127.889
2021-09-25T22:00:01.967Z,-USD,00010.6901,00010.7098,00009.9852,877593.662,00010.2106,43977315.809
2021-09-25T23:00:02.555Z,-USD,00010.6672,00010.6979,00009.9852,880319.413,00010.2494,44003355.446
2021-09-26T00:00:01.749Z,-USD,00010.5124,00010.6979,00009.9852,901722.326,00010.1826,44047445.606
2021-09-26T01:00:01.825Z,-USD,00010.6554,0000010.66,00009.8275,916012.305,00009.9146,42905656.863
2021-09-26T02:00:02.1Z,-USD,00010.5102,00010.6211,00009.8051,901954.095,00009.8662,42953910.127
2021-09-26T03:00:01.99Z,-USD,00010.4235,00010.6108,00009.7007,899889.801,00009.8391,42988198.411
2021-09-26T04:00:02.515Z,-USD,00010.4713,00010.6108,00009.7006,851185.961,00009.8335,43033616.63
2021-09-26T05:00:01.75Z,-USD,00010.4473,000010.557,00009.6925,0878233.02,00009.8691,43076470.165
2021-09-26T06:00:02.535Z,-USD,00010.3795,000010.557,00009.6925,869395.521,00009.8183,43101415.329
2021-09-26T07:00:02.664Z,-USD,00010.5497,00010.5497,00009.6703,901822.845,00009.6795,43156815.735
2021-09-26T08:00:02.631Z,-USD,000010.263,00010.5423,00009.2644,934356.481,00009.4156,43227542.098
2021-09-26T09:00:02.674Z,-USD,000010.317,00010.5423,00009.2644,936603.843,00009.4841,43282798.677
2021-09-26T10:00:01.845Z,-USD,00010.4373,00010.5423,00009.2644,1003507.691,00010.2294,43379440.031
2021-09-26T11:00:01.798Z,-USD,00010.4525,00010.4899,00009.2644,1102240.432,00010.1442,43500412.691
2021-09-26T12:00:02.079Z,-USD,00010.3105,00010.4899,00009.2644,1104154.531,00010.3504,43541068.391
2021-09-26T13:00:02.198Z,-USD,00010.2686,00010.7585,00009.2644,1149133.039,00010.6224,43616178.473
2021-09-26T14:00:02.218Z,-USD,00010.3624,00010.7585,00009.2644,1190880.205,00010.5154,43697423.724
2021-09-26T15:00:02.375Z,-USD,00010.1995,00010.7585,00009.2644,1211219.155,00010.5802,43754052.107
2021-09-26T16:00:02.518Z,-USD,00010.3175,00010.7585,00009.2644,1277635.551,00010.6132,43843304.168
2021-09-26T17:00:02.496Z,-USD,000010.164,00010.7585,00009.2644,1266190.445,00010.4495,43878061.223
2021-09-26T18:00:01.767Z,-USD,00010.1221,00010.7585,00009.2644,1259459.99,00010.4777,43900506.138
2021-09-26T19:00:01.978Z,-USD,00010.1224,00010.7585,00009.2644,1260910.193,00010.4428,43934035.883
2021-09-26T20:00:02.12Z,-USD,00010.1911,00010.7585,00009.2644,1258034.207,00010.4749,43961677.693
2021-09-26T21:00:02.114Z,-USD,00010.1894,00010.7585,00009.2644,1240770.403,00010.5464,43988877.923
2021-09-26T22:00:02.208Z,-USD,00010.2201,00010.7585,00009.2644,1225218.678,00010.5903,43997060.977
2021-09-26T23:00:02.421Z,-USD,00010.2635,00010.7585,00009.2644,1234144.784,00010.3916,44032182.229
2021-09-27T00:00:02.585Z,-USD,00010.1782,00010.7585,00009.2644,1238947.638,00010.4625,44080885.042
2021-09-27T01:00:01.792Z,-USD,00009.9355,00010.8438,00009.2644,1257539.334,00010.8168,43540683.883
2021-09-27T02:00:01.815Z,-USD,00009.8759,00011.1613,00009.2644,1303852.757,00011.0881,43634997.437
2021-09-27T03:00:01.926Z,-USD,00009.8274,00011.1613,00009.2644,1357233.238,00010.9826,43722433.902
2021-09-27T04:00:02.541Z,-USD,00009.8289,00011.1613,00009.2644,1359065.795,00010.8201,43769672.478
2021-09-27T05:00:02.144Z,-USD,000009.871,00011.1613,00009.2644,1358738.42,00010.7548,43812294.327
2021-09-27T06:00:02.117Z,-USD,00009.8103,00011.1613,00009.2644,1370528.008,00010.7261,43848934.405
2021-09-27T07:00:02.227Z,-USD,00009.6795,00011.1613,00009.2644,1364121.881,00010.5234,43898428.469
2021-09-27T08:00:02.214Z,-USD,00009.4103,00011.1613,00000009.3,1336740.758,000010.483,43941736.987
2021-09-27T09:00:02.262Z,-USD,000009.478,00011.1613,00009.4601,1319993.377,00010.4149,43979837.476
2021-09-27T10:00:02.303Z,-USD,000010.273,00011.1613,000010.005,1275591.639,00010.3088,44032357.299
2021-09-27T11:00:01.866Z,-USD,00010.1287,00011.1613,00010.1287,1184317.183,00010.4098,44062023.051
2021-09-27T12:00:01.882Z,-USD,00010.3975,00011.1613,0000010.25,1179207.497,00010.4441,44097749.729
2021-09-27T13:00:02.11Z,-USD,00010.6214,00011.1613,0000010.25,1165445.141,00010.3575,44159670.224
2021-09-27T14:00:02.199Z,-USD,00010.5253,00011.1613,00010.2191,1115933.131,00010.3153,44190484.665
2021-09-27T15:00:02.738Z,-USD,00010.5938,00011.1613,00010.1298,1120053.909,00010.1351,44251376.697
2021-09-27T16:00:02.049Z,-USD,00010.6644,00011.1613,00010.1187,1063598.564,00010.2386,44284093.708
2021-09-27T17:00:02.063Z,-USD,000010.441,00011.1613,0000010.05,1058636.548,00010.1028,44313885.413
2021-09-27T18:00:02.964Z,-USD,00010.4782,00011.1613,0000010.05,1063888.897,00010.1389,44341547.49
2021-09-27T19:00:02.296Z,-USD,00010.4424,00011.1613,0000010.05,1053325.333,00010.0965,44364626.033
2021-09-27T20:00:02.256Z,-USD,00010.5046,00011.1613,00010.0301,1050573.82,0000010.12,44389403.691
2021-09-27T21:00:02.424Z,-USD,000010.547,00011.1613,00009.8839,1089510.601,00009.9272,44455612.677
2021-09-27T22:00:02.669Z,-USD,00010.5762,00011.1613,00009.8839,1105154.724,000010.108,44479209.754
2021-09-27T23:00:01.766Z,-USD,00010.3354,00011.1613,00009.8839,1098746.223,00010.1146,44508896.316
2021-09-28T00:00:02.209Z,-USD,00010.4577,00011.1613,00009.7977,1110486.039,00009.8314,44568463.666
2021-09-28T01:00:02.458Z,-USD,00010.8046,00011.1613,000009.726,1060315.584,000009.862,42984948.342
2021-09-28T02:00:01.85Z,-USD,000011.109,00011.1483,000009.726,1003206.04,000009.977,43022520.48
2021-09-28T03:00:01.975Z,-USD,00010.9891,00011.0395,000009.726,953164.116,00010.0027,43059913.164
2021-09-28T04:00:02.216Z,-USD,00010.8243,00010.8595,000009.726,957118.686,00009.9567,43111021.789
2021-09-28T05:00:01.939Z,-USD,00010.7428,00010.8242,000009.726,959310.014,00009.9781,43155524.399
2021-09-28T06:00:02.042Z,-USD,000010.715,00010.8242,000009.726,986135.637,00009.8146,43218964.448
2021-09-28T07:00:02.341Z,-USD,00010.5189,00010.6189,00009.7047,976380.021,00009.7932,43258941.654
2021-09-28T08:00:02.528Z,-USD,00010.4637,00010.5692,0000009.58,977064.062,00009.6183,43303028.461
2021-09-28T09:00:02.378Z,-USD,00010.4186,00010.5692,0000009.58,975868.463,00009.7129,43339508.222
2021-09-28T10:00:02.386Z,-USD,00010.3022,00010.4877,0000009.58,953325.881,00009.7216,43369857.153
2021-09-28T11:00:02.074Z,-USD,00010.4094,00010.4877,0000009.58,949032.466,00009.6823,43395038.723
2021-09-28T12:00:02.338Z,-USD,00010.4195,00010.4853,0000009.58,967861.509,00009.7756,43450116.143
2021-09-28T13:00:02.449Z,-USD,00010.3387,00010.4665,0000009.58,941411.976,00009.6198,43485039.145
2021-09-28T14:00:02.665Z,-USD,00010.2977,00010.4665,0000009.58,969437.745,000009.673,43543998.698
2021-09-28T15:00:01.936Z,-USD,00010.1658,00010.2604,00009.5125,959579.699,00009.5599,43595001.818
2021-09-28T16:00:02.569Z,-USD,00010.2362,00010.2604,000009.435,958453.476,00009.4502,43626722.224
2021-09-28T17:00:02.866Z,-USD,00010.1277,00010.2111,00009.3237,979787.154,00009.3348,43677524.281
2021-09-28T18:00:02.31Z,-USD,00010.1332,00010.2111,00009.2614,1004963.533,00009.3532,43730470.029
2021-09-28T19:00:02.452Z,-USD,00010.0957,00010.1833,00009.2614,1022854.43,000009.432,43771438.961
2021-09-28T20:00:02.524Z,-USD,00010.1099,00010.1833,00009.2614,1029901.372,00009.4386,43803260.759
2021-09-28T21:00:02.277Z,-USD,00009.8996,00010.1833,00009.2614,987576.882,00009.5239,43827748.884
2021-09-28T22:00:01.703Z,-USD,00010.1086,00010.1833,00009.2614,974338.387,00009.5763,43837452.547
2021-09-28T23:00:02.446Z,-USD,00010.1124,00010.1404,00009.2614,972609.362,00009.3969,43865518.089
2021-09-29T00:00:02.799Z,-USD,000009.832,000010.064,00009.2614,980913.296,00009.3129,43933187.699
2021-09-29T01:00:02.151Z,-USD,00009.8812,000010.064,000009.257,1030714.375,000009.504,42695223.835
2021-09-29T02:00:01.875Z,-USD,00009.9786,000010.064,000009.257,1043522.838,000009.505,42745482.986
2021-09-29T03:00:02.624Z,-USD,00009.9937,00010.0618,000009.257,1045781.502,00009.5493,42785172.358
2021-09-29T04:00:02.225Z,-USD,00009.9789,00010.0415,000009.257,1032829.593,00009.6582,42823185.85
2021-09-29T05:00:01.856Z,-USD,00009.9715,00010.0111,000009.257,1058385.474,00009.7612,42893541.632
2021-09-29T06:00:02.48Z,-USD,00009.8097,00009.8557,000009.257,1016536.254,000009.732,42915243.373
2021-09-29T07:00:02.046Z,-USD,00009.8047,00009.8992,000009.257,1006502.663,00009.8948,42944592.285
2021-09-29T08:00:02.639Z,-USD,000009.631,00009.8992,000009.257,982675.062,00009.8636,42964991.991
2021-09-29T09:00:02.32Z,-USD,00009.7222,00009.8992,000009.257,958036.751,00009.8162,42976735.841
2021-09-29T10:00:02.706Z,-USD,00009.7186,00009.8992,000009.257,976692.473,000009.643,43025702.594
2021-09-29T11:00:03.436Z,-USD,00009.6731,00009.8992,000009.257,976396.326,00009.8564,43050698.317
2021-09-29T12:00:02.427Z,-USD,00009.7718,00009.8992,000009.257,971326.038,00009.8282,43101204.545
2021-09-29T13:00:02.041Z,-USD,00009.6061,00009.8992,000009.257,963944.995,00009.6757,43129114.041
2021-09-29T14:00:02.192Z,-USD,00009.6656,00009.8992,000009.257,951213.036,00009.7952,43175963.546
2021-09-29T15:00:02.089Z,-USD,00009.5599,00009.8992,000009.257,932089.384,00009.7424,43206239.27
2021-09-29T16:00:01.756Z,-USD,00009.4424,00009.8992,000009.257,942097.721,00009.4461,43247969.713
2021-09-29T17:00:02.569Z,-USD,00009.3202,00009.8992,000009.257,920627.115,00009.4529,43277408.51
2021-09-29T18:00:02.127Z,-USD,00009.3449,00009.8992,000009.257,900553.397,00009.3575,43310454.318
2021-09-29T19:00:01.734Z,-USD,00009.4257,00009.8992,000009.257,883055.267,00009.3512,43333644.096
2021-09-29T20:00:02.534Z,-USD,000009.457,00009.8992,000009.257,881646.746,00009.3059,43364061.473
2021-09-29T21:00:02.245Z,-USD,00009.5302,00009.8992,0000009.14,0910934.75,00009.2807,43417894.706
2021-09-29T22:00:02.118Z,-USD,00009.5728,00009.8992,0000009.14,920568.138,00009.2834,43437269.154
2021-09-29T23:00:02.473Z,-USD,00009.4122,00009.8992,0000009.14,0933848.15,00009.2294,43478793.838
2021-09-30T20:00:24.953Z,-USD,000009.303,00009.7628,0000009.14,729320.458,00009.5671,42867948.899
2021-09-30T21:00:01.877Z,-USD,00009.2805,00009.7628,00009.1825,00703537.0,00009.4562,42896143.104
2021-09-30T22:00:01.971Z,-USD,00009.2714,00009.7628,00009.1825,691868.397,000009.597,42903680.319
2021-09-30T23:00:01.898Z,-USD,00009.2287,00009.7628,0000009.21,678697.725,00009.5702,42932022.831
2021-10-01T00:00:02.236Z,-USD,00009.2823,00009.7628,00009.2418,667014.555,00009.5867,42946583.866
2021-10-01T01:00:02.43Z,-USD,00009.5173,00009.7628,00009.3137,636350.013,00009.6999,41762471.021
2021-10-01T02:00:01.807Z,-USD,00009.5749,00009.7628,00009.3137,0609136.15,00009.6787,41788795.969
2021-10-01T03:00:02.143Z,-USD,00009.6708,00009.7628,00009.3137,597520.429,00009.5509,41825326.744
2021-10-01T04:00:01.981Z,-USD,00009.7151,00009.7628,00009.3137,590652.737,00009.6323,41853844.842
2021-10-01T05:00:01.806Z,-USD,00009.6378,00009.7454,00009.3137,622393.102,000009.563,41905316.59
2021-10-01T06:00:01.719Z,-USD,00009.6025,00009.7454,00009.3137,651183.001,00009.6724,41960293.719
2021-10-01T07:00:02.628Z,-USD,000009.551,0000009.94,00009.3137,686259.216,000009.916,42011363.258
2021-10-01T08:00:02.645Z,-USD,00009.5235,00010.0392,00009.3137,772615.275,00010.0314,42113035.947
2021-10-01T09:00:02.609Z,-USD,00009.4453,00010.1451,00009.3137,770325.081,00010.0994,42144457.899
2021-10-01T10:00:02.404Z,-USD,00009.4692,000010.152,00009.3137,781441.285,00010.0069,42179624.929
2021-10-01T11:00:02.164Z,-USD,00009.4004,00010.3337,00009.3137,847894.532,00010.2327,42274220.557
2021-10-01T12:00:02.314Z,-USD,000009.456,00010.3385,00009.3137,898150.686,00010.2795,42337460.887
2021-10-01T13:00:02.328Z,-USD,00009.5716,0000010.35,00009.3137,935220.698,00010.1194,42397155.859
2021-10-01T14:00:02.419Z,-USD,00009.4599,0000010.35,00009.3137,945704.131,00010.0343,42428445.76
2021-10-01T15:00:02.422Z,-USD,000009.408,0000010.35,00009.3137,949666.786,00010.0742,42452352.018
2021-10-01T16:00:02.633Z,-USD,000009.475,0000010.35,00009.3137,0944073.57,00010.1683,42467056.987
2021-10-01T17:00:01.817Z,-USD,00009.3736,0000010.35,00009.3614,976834.015,00010.2693,42521497.636
2021-10-01T18:00:02.137Z,-USD,00009.3897,0000010.35,000009.388,988043.929,00010.3373,42546972.738
2021-10-01T19:00:02.528Z,-USD,00009.6649,0000010.47,00009.4016,964031.779,00010.4607,42578512.431
2021-10-01T20:00:02.642Z,-USD,00009.5583,0000010.47,00009.4016,942593.351,00010.4334,42593959.947
2021-10-01T21:00:01.797Z,-USD,00009.4543,0000010.47,00009.4543,944847.842,00010.2957,42624201.303
2021-10-01T22:00:01.864Z,-USD,00009.6075,0000010.47,000009.501,952371.055,000010.403,42639489.011
2021-10-01T23:00:01.744Z,-USD,00009.5716,0000010.47,000009.501,956316.136,00010.2782,42671733.352
2021-10-02T00:00:02.671Z,-USD,00009.5948,00010.4956,00009.5228,963951.567,00010.4856,42694620.584
2021-10-02T01:00:02.583Z,-USD,00009.6814,00010.7987,00009.5228,1009280.93,00010.6724,41524197.153
2021-10-02T02:00:01.75Z,-USD,00009.7088,00010.7987,00009.5228,1020660.649,00010.5727,41562603.716
2021-10-02T03:00:01.917Z,-USD,00009.5515,00010.7987,00009.5358,1005107.034,00010.5577,41582998.58
2021-10-02T04:00:02.267Z,-USD,00009.6415,00010.7987,00009.5358,1008026.163,00010.4962,41614496.631
2021-10-02T05:00:01.935Z,-USD,000009.579,00010.7987,00009.5442,982842.226,000010.455,41643512.359
2021-10-02T06:00:02.018Z,-USD,00009.6773,00010.7987,000009.636,981822.486,00010.3944,41695024.347
2021-10-02T07:00:02.099Z,-USD,00009.9137,00010.7987,00009.7778,942048.627,00010.4795,41709293.936
2021-10-02T08:00:01.754Z,-USD,00010.0847,00010.7987,00009.9858,860221.012,00010.4742,41729096.684
2021-10-02T09:00:02.683Z,-USD,00010.1487,00010.7987,00009.9858,849163.802,00010.4267,41749422.002
2021-10-02T10:00:02.272Z,-USD,00010.0428,00010.7987,00009.9878,840578.403,00010.5022,41773670.689
2021-10-02T11:00:02.409Z,-USD,00010.2044,00010.7987,00010.0044,784524.912,00010.4078,41812131.905
2021-10-02T12:00:02.429Z,-USD,00010.3027,00010.7987,00010.0044,750410.841,00010.4516,41840634.825
2021-10-02T13:00:02.295Z,-USD,00010.1301,00010.7987,00010.0044,716712.207,00010.5037,41870139.571
2021-10-02T14:00:02.394Z,-USD,00010.0362,00010.7987,00010.0044,746709.548,00010.6761,41928150.148
2021-10-02T15:00:02.37Z,-USD,0000010.08,00010.7987,000010.076,794626.956,00010.6714,41999292.837
2021-10-02T16:00:02.284Z,-USD,00010.1901,00010.7987,000010.144,831121.504,00010.7297,42050861.913
2021-10-02T17:00:01.853Z,-USD,00010.2704,00010.9389,00010.1914,0853819.42,00010.9371,42127619.868
2021-10-02T18:00:01.996Z,-USD,00010.3225,00011.2349,00010.1914,963898.256,00011.0016,42263242.594
2021-10-02T19:00:03.21Z,-USD,00010.4493,00011.2349,00010.1914,954710.711,00011.0309,42285523.929
2021-10-02T20:00:02.449Z,-USD,00010.4367,00011.2349,00010.1914,975063.585,00011.0482,42321291.764
2021-10-02T21:00:02.484Z,-USD,00010.3161,00011.2349,00010.2143,1026258.578,00010.8881,42405574.52
2021-10-02T22:00:02.619Z,-USD,00010.4235,00011.2349,00010.2143,1070789.208,00010.9384,42462808.074
2021-10-02T23:00:02.232Z,-USD,00010.2975,00011.4911,00010.2655,1235693.414,00011.1868,42659691.968
2021-10-03T00:00:02.159Z,-USD,00010.4878,00011.4911,00010.2957,1304840.821,00010.7881,42752168.247
2021-10-03T01:00:02.643Z,-USD,00010.7067,00011.4911,00010.2957,1294369.822,00010.6324,41840920.818
2021-10-03T02:00:02.455Z,-USD,00010.5906,00011.4911,00010.2957,1300463.122,00010.7212,41885124.808
2021-10-03T03:00:02.212Z,-USD,00010.5611,00011.4911,00010.2957,1317953.685,000010.761,41922965.14
2021-10-03T04:00:02.056Z,-USD,00010.4904,00011.4911,00010.2957,1316031.015,00010.8876,41952250.945
2021-10-03T05:00:02.271Z,-USD,000010.454,00011.4911,00010.2957,1326610.683,00010.8822,41992087.923
2021-10-03T06:00:01.704Z,-USD,00010.4011,00011.4911,00010.2957,1326294.087,00010.9702,42043083.063
2021-10-03T07:00:02.137Z,-USD,00010.4852,00011.4911,00010.2957,1347761.965,00010.9608,42078977.976
2021-10-03T08:00:01.747Z,-USD,00010.4561,00011.4911,00010.2957,1357935.282,00010.8483,42109123.717
2021-10-03T09:00:02.23Z,-USD,00010.4136,00011.4911,00010.2957,1360458.515,00010.9052,42131697.292
2021-10-03T10:00:01.83Z,-USD,00010.4827,00011.4911,00010.2957,1389895.696,000010.797,42186235.917
2021-10-03T11:00:02.311Z,-USD,00010.3964,00011.4911,00010.2957,1407068.593,00010.8205,42241680.798
2021-10-03T12:00:02.605Z,-USD,00010.4505,00011.4911,00010.4156,1410796.235,00010.9387,42273472.191
2021-10-03T13:00:02.294Z,-USD,00010.5386,00011.4911,00010.5069,1425539.698,00010.9684,42318842.436
2021-10-03T14:00:02.107Z,-USD,00010.6757,00011.4911,00010.5069,1448829.119,00011.1261,42398970.847
2021-10-03T15:00:01.771Z,-USD,00010.6814,00011.4911,00010.5069,1440090.98,00010.9854,42461409.263
2021-10-03T16:00:02.635Z,-USD,00010.7116,00011.4911,00010.5069,1438381.86,00010.8388,42510923.948
2021-10-03T17:00:02.595Z,-USD,00010.9495,00011.4911,00010.5069,1404291.567,00010.9892,42556235.381
2021-10-03T18:00:02.164Z,-USD,00011.0739,00011.4911,00010.5069,1317763.764,00011.0325,42603436.823
2021-10-03T19:00:02.339Z,-USD,000011.032,00011.4911,00010.5069,1352315.438,000011.047,42659895.378
2021-10-03T20:00:02.394Z,-USD,00011.0611,00011.4911,00010.5069,1350868.963,00011.0136,42694647.034
2021-10-03T21:00:02.153Z,-USD,00010.8893,00011.4911,00010.5069,1293504.481,000010.896,42721250.908
2021-10-03T22:00:02.068Z,-USD,00010.9422,00011.4911,00010.5069,1287733.053,00010.6382,42773199.613
2021-10-03T23:00:01.757Z,-USD,00011.2222,00011.2405,00010.5069,1132289.167,00010.7242,42815011.566
2021-10-04T00:00:01.766Z,-USD,00010.7736,00011.2383,00010.5069,1099389.663,00010.7011,42873845.287
2021-10-04T01:00:01.911Z,-USD,00010.5764,00011.2383,00010.5231,1065044.208,00010.5517,42122142.087
2021-10-04T02:00:02.161Z,-USD,00010.7086,00011.2383,00010.4292,1059494.816,00010.5711,42160330.008
2021-10-04T03:00:02.437Z,-USD,00010.7368,00011.2383,00010.4277,1042686.095,00010.4431,42181317.065
2021-10-04T04:00:02.577Z,-USD,00010.9119,00011.2383,00010.3301,1059797.829,00010.3908,42228914.921
2021-10-04T05:00:02.206Z,-USD,00010.8698,00011.2383,00010.2553,1067754.389,00010.5003,42277246.335
2021-10-04T06:00:02.478Z,-USD,00010.9861,00011.2383,00010.2553,1041451.324,00010.5048,42300367.244
2021-10-04T07:00:02.295Z,-USD,000010.965,00011.2383,00010.2553,1032249.195,00010.4853,42326908.807
2021-10-04T08:00:02.455Z,-USD,00010.8511,00011.2383,00010.2553,1036525.283,00010.5206,42361372.781
2021-10-04T09:00:02.365Z,-USD,00010.9015,00011.2383,00010.2553,1047810.909,00010.3553,42395185.17
2021-10-04T10:00:02.176Z,-USD,00010.8374,00011.2383,00010.2553,1021734.104,00010.4823,42424708.401
2021-10-04T11:00:02.405Z,-USD,00010.8154,00011.2383,00010.2553,1005578.114,00010.4465,42463149.723
2021-10-04T12:00:02.181Z,-USD,00010.9281,00011.2383,00010.2553,1003084.826,00010.4218,42492013.453
2021-10-04T13:00:03.229Z,-USD,00010.9403,00011.2383,00010.2553,987151.246,00010.4979,42522214.418
2021-10-04T14:00:02.249Z,-USD,00011.1381,00011.1485,00010.2553,933825.191,00010.5906,42548592.874
2021-10-04T15:00:02.514Z,-USD,00010.9882,00011.1231,00010.2384,919424.771,00010.2819,42596677.815
2021-10-04T16:00:01.811Z,-USD,00010.8428,00011.1231,0000010.08,940894.593,00010.3428,42667914.145
2021-10-04T17:00:01.975Z,-USD,00010.9695,00011.1231,0000010.08,953713.244,00010.4826,42725950.239
2021-10-04T18:00:02.628Z,-USD,00011.0466,00011.1231,0000010.08,948470.121,00010.5719,42768010.576
2021-10-04T19:00:02.19Z,-USD,00011.0249,00011.0943,0000010.08,941140.757,00010.5241,42817188.941
2021-10-04T20:00:02.612Z,-USD,00011.0271,00011.0336,0000010.08,938645.577,00010.4628,42848849.985
2021-10-04T21:00:02.314Z,-USD,00010.8728,00010.8889,0000010.08,954958.062,00010.3137,42891931.673
2021-10-04T22:00:02.616Z,-USD,00010.6333,00010.8165,0000010.08,930134.798,00010.3468,42919692.322
2021-10-04T23:00:01.945Z,-USD,00010.7189,00010.7815,0000010.08,910114.545,00010.2734,42941521.588
2021-10-05T00:00:01.829Z,-USD,00010.6942,00010.7378,0000010.08,899942.991,00010.2798,42989679.932
2021-10-05T01:00:01.97Z,-USD,00010.5075,00010.6772,0000010.08,920757.221,00010.3299,41978209.945
2021-10-05T02:00:02.235Z,-USD,000010.572,00010.6772,0000010.08,924507.244,00010.2087,42018593.074
2021-10-05T03:00:02.364Z,-USD,00010.4486,00010.6772,000010.052,994070.945,00010.0862,42109888.679
2021-10-05T04:00:02.384Z,-USD,00010.3665,00010.6772,000010.052,1016898.736,00010.1361,42180178.095
2021-10-05T05:00:01.837Z,-USD,00010.5025,00010.6772,000010.016,1042925.542,00010.0271,42254056.706
2021-10-05T06:00:01.692Z,-USD,00010.4945,00010.6772,000010.016,1090418.603,00010.1363,42324980.684
2021-10-05T07:00:02.624Z,-USD,0000010.46,00010.6772,000010.016,1123066.841,00010.1949,42384666.963
2021-10-05T08:00:02.359Z,-USD,00010.5344,00010.6772,000010.016,1120531.172,00010.1977,42417448.432
2021-10-05T09:00:02.454Z,-USD,00010.3629,00010.6772,000010.016,1139438.106,00010.3106,42468650.049
2021-10-05T10:00:02.347Z,-USD,00010.4709,00010.6772,000010.016,1151725.566,00010.3416,42510758.794
2021-10-05T11:00:02.138Z,-USD,000010.434,00010.6772,000010.016,1158599.889,00010.3135,42555884.314
2021-10-05T12:00:02.334Z,-USD,00010.3974,00010.6772,000010.016,1158160.903,00010.3107,42584327.907
2021-10-05T13:00:02.277Z,-USD,00010.4968,00010.6772,000010.016,1203625.653,00010.2333,42659960.692
2021-10-05T14:00:02.345Z,-USD,00010.6108,00010.6772,000010.016,1226215.397,00010.2631,42709065.111
2021-10-05T15:00:02.507Z,-USD,00010.3101,00010.6028,000010.016,1271751.358,00010.0884,42802248.349
2021-10-05T16:00:02.682Z,-USD,00010.3861,00010.6028,000010.016,1242123.804,00010.0703,42845588.144
2021-10-05T17:00:02.625Z,-USD,00010.4645,00010.6028,00010.0128,1238551.515,00010.1243,42898813.469
2021-10-05T18:00:02.044Z,-USD,00010.5682,00010.6028,00010.0128,1250804.38,00010.1218,42952339.205
2021-10-05T19:00:02.356Z,-USD,00010.5182,00010.5491,00010.0128,1237417.83,00010.1769,42988617.022
2021-10-05T20:00:02.651Z,-USD,00010.4695,00010.5029,00010.0128,1240974.858,00010.2025,43024010.948
2021-10-05T21:00:01.92Z,-USD,00010.3027,00010.5222,00010.0128,1282697.051,00010.5121,43108804.896
2021-10-05T22:00:02.228Z,-USD,00010.3395,00010.5941,00010.0128,1292335.139,000010.433,43145837.43
2021-10-05T23:00:02.554Z,-USD,00010.2689,00010.6629,00010.0128,1353173.564,00010.4901,43228818.387
2021-10-06T00:00:02.48Z,-USD,00010.2804,00010.6629,00010.0128,1334652.95,00010.4795,43258804.018
2021-10-06T01:00:03.848Z,-USD,00010.3173,00010.6629,00010.0128,1318217.162,00010.4234,41937323.423
2021-10-06T02:00:02.558Z,-USD,00010.1905,00010.6629,00010.0128,1306286.714,00010.4612,41966969.712
2021-10-06T03:00:02.558Z,-USD,00010.0765,00010.6629,00010.0128,1242375.232,00010.3938,41993007.719
2021-10-06T04:00:02.525Z,-USD,00010.1312,00010.6629,00010.0128,1223970.695,00010.2244,42044602.404
2021-10-06T05:00:02.242Z,-USD,00010.0308,00010.6629,00010.0128,1196366.913,00010.1677,42091757.358
2021-10-06T06:00:02.1Z,-USD,000010.121,00010.6629,00010.0128,1147110.952,00010.1954,42112549.481
2021-10-06T07:00:01.857Z,-USD,00010.1899,00010.6629,00010.0128,1112370.004,00010.1635,42137872.867
2021-10-06T08:00:01.881Z,-USD,00010.1784,00010.6629,00009.9578,1126977.552,00009.9756,42185968.511
2021-10-06T09:00:01.785Z,-USD,00010.2816,00010.6629,00009.6306,1178593.958,00009.7673,42287940.726
2021-10-06T10:00:01.918Z,-USD,00010.3224,00010.6629,00009.6306,1191627.649,00009.7946,42342818.722
2021-10-06T11:00:02.583Z,-USD,00010.3065,00010.6629,00009.6306,1184804.921,00009.8352,42381019.013
2021-10-06T12:00:02.527Z,-USD,00010.3197,00010.6629,00009.6306,1199938.455,00009.8337,42425933.779
2021-10-06T13:00:02.795Z,-USD,00010.2284,00010.6629,00009.6306,1171847.452,00010.0091,42472974.558
2021-10-06T14:00:02.037Z,-USD,00010.2505,00010.6629,00009.6306,1228179.992,00010.2041,42579072.548
2021-10-06T15:00:01.789Z,-USD,00010.0728,00010.6629,00009.6306,1243224.196,00010.2482,42686229.375
2021-10-06T16:00:02.198Z,-USD,00010.0678,00010.6629,00009.6306,1249246.433,000010.314,42736888.716
2021-10-06T17:00:02.432Z,-USD,0000010.12,00010.6629,00009.6306,1255443.374,00010.3485,42794784.755
2021-10-06T18:00:02.61Z,-USD,00010.1634,00010.6629,00009.6306,1229433.23,000010.331,42822700.533
2021-10-06T19:00:02.044Z,-USD,00010.1629,00010.6629,00009.6306,1275071.55,00010.4178,42904081.155
2021-10-06T20:00:02.302Z,-USD,00010.2066,00010.6629,00009.6306,1291224.409,00010.2933,42955834.551
2021-10-06T21:00:02.267Z,-USD,00010.5222,00010.6629,00009.6306,1312803.895,00010.1377,43062999.22
2021-10-06T22:00:02.387Z,-USD,00010.4214,00010.6629,00009.6306,1305592.689,00010.2179,43091765.281
2021-10-06T23:00:02.252Z,-USD,000010.501,00010.5476,00009.6306,1270989.015,00010.2464,43140305.951
2021-10-07T00:00:02.344Z,-USD,00010.5131,00010.5271,00009.6306,1281904.497,00010.2384,43181091.241
2021-10-07T01:00:02.619Z,-USD,00010.4656,000010.499,00009.6306,1301858.766,00010.1215,40969637.064
2021-10-07T02:00:01.765Z,-USD,00010.4649,00010.4787,00009.6306,1340728.104,00010.0139,41039715.594
2021-10-07T03:00:01.924Z,-USD,00010.4582,00010.4582,00009.6306,1376349.906,00010.0282,41102678.464
2021-10-07T04:00:01.977Z,-USD,00010.2402,00010.4397,00009.6306,1358982.131,00009.9811,41134161.823
2021-10-07T05:00:01.982Z,-USD,00010.1665,00010.4397,00009.6306,1354094.613,00010.1181,41175873.313
2021-10-07T06:00:02.06Z,-USD,00010.2066,00010.4397,00009.6306,1368357.582,00010.0739,41211368.229
2021-10-07T07:00:02.06Z,-USD,00010.1938,00010.4397,00009.6306,1369242.247,00010.0358,41238167.543
2021-10-07T08:00:01.954Z,-USD,00009.9951,00010.4397,00009.6306,1361113.219,00010.2228,41279585.134
2021-10-07T09:00:02.462Z,-USD,00009.7502,00010.4397,00009.6689,1297092.488,00010.3006,41315598.177
2021-10-07T10:00:01.882Z,-USD,00009.7868,00010.4397,00009.7437,1294391.259,00010.1794,41368868.058
2021-10-07T11:00:02.552Z,-USD,00009.8351,00010.4397,000009.801,1298439.012,00010.0608,41410865.739
2021-10-07T12:00:02.381Z,-USD,000009.812,00010.4397,00009.8039,1282361.513,00010.1582,41439271.357
2021-10-07T13:00:02.003Z,-USD,00010.0171,00010.4397,00009.8965,1281154.769,0000010.15,41484205.654
2021-10-07T14:00:02.354Z,-USD,00010.2146,00010.4397,00009.8965,1210817.174,00010.2435,41522132.265
2021-10-07T15:00:02.174Z,-USD,00010.2622,00010.4397,00009.8965,1207468.853,00009.9858,41623881.289
2021-10-07T16:00:02.337Z,-USD,00010.3031,00010.4397,00009.8965,1201692.07,00010.0552,41669049.298
2021-10-07T17:00:02.827Z,-USD,00010.3436,00010.4397,00009.8965,1190435.97,00010.0944,41715667.094
2021-10-07T18:00:02.286Z,-USD,000010.329,00010.4397,00009.8965,1195091.774,00010.0397,41748131.161
2021-10-07T19:00:02.466Z,-USD,00010.3884,00010.4397,00009.8965,1141310.133,00010.0593,41776293.114
2021-10-07T20:00:02.612Z,-USD,00010.2747,00010.3275,00009.8965,1137930.959,00010.0991,41823934.622
2021-10-07T21:00:02.671Z,-USD,00010.1566,00010.4577,00009.8965,1101433.18,00010.4176,41899000.78
2021-10-07T22:00:02.414Z,-USD,00010.2021,00010.4577,00009.8965,1101662.306,00010.3425,41923804.641
2021-10-07T23:00:01.81Z,-USD,000010.251,00010.4577,00009.8965,1121906.878,00010.3561,41993235.255
2021-10-08T00:00:02.056Z,-USD,00010.2574,00010.4577,00009.8965,1124300.982,00010.2891,42037038.292
2021-10-08T01:00:02.337Z,-USD,00010.1078,00010.4577,00009.8965,1112861.772,00010.2934,40033176.867
2021-10-08T02:00:02.461Z,-USD,00010.0142,00010.4577,00009.9184,1078728.673,00000010.2,40069458.881
2021-10-08T03:00:02.42Z,-USD,00010.0355,00010.4577,00009.9184,1058299.62,00010.0471,40111976.999
2021-10-08T04:00:02.64Z,-USD,00009.9634,00010.4577,00009.9184,1075844.343,00010.1145,40160873.69
2021-10-08T05:00:02.097Z,-USD,00010.1073,00010.4577,00009.9184,1109525.032,00010.2968,40236552.739
2021-10-08T06:00:02.779Z,-USD,000010.075,00010.4577,00009.9184,1127324.303,00010.2649,40289298.636
2021-10-08T07:00:01.68Z,-USD,00010.0337,00010.4577,00009.9184,1129515.603,00010.3171,40318480.064
2021-10-08T08:00:02.649Z,-USD,00010.2145,00010.4577,00009.9184,1147697.717,00010.3678,40378643.778
2021-10-08T09:00:01.806Z,-USD,00010.2799,00010.4577,00009.9184,1188619.408,00010.3933,40455199.832
2021-10-08T10:00:02.664Z,-USD,00010.2005,00010.4681,00009.9184,1185095.069,00010.3869,40505450.538
2021-10-08T11:00:02.738Z,-USD,00010.0798,00010.4681,00009.9184,1156872.97,00010.4041,40518833.045
2021-10-08T12:00:01.729Z,-USD,00010.1394,00010.4681,00009.9184,1164253.955,00010.1903,40555257.04
2021-10-08T13:00:01.748Z,-USD,00010.1617,00010.4681,00009.9184,1192673.302,00010.1668,40628010.783
2021-10-08T14:00:01.788Z,-USD,00010.2652,00010.4681,00009.9184,1182687.333,00010.1354,40659732.849
2021-10-08T15:00:01.932Z,-USD,00009.9684,00010.4681,00009.9591,1094682.346,00010.2611,40670094.125
2021-10-08T16:00:01.733Z,-USD,00010.0687,00010.4681,00009.9641,1073784.84,00010.1903,40693815.292
2021-10-08T17:00:02.074Z,-USD,00010.0955,00010.4681,00009.9752,1053655.613,000010.221,40720167.387
2021-10-08T18:00:02.349Z,-USD,00010.0391,00010.4681,00009.9752,1044255.972,00010.1885,40743566.656
2021-10-08T19:00:02.991Z,-USD,00010.0526,00010.4681,00009.9752,1036276.096,00010.2112,40763743.607
2021-10-08T20:00:02.668Z,-USD,00010.1305,00010.4681,00009.9752,1015641.917,00010.2181,40790245.176
2021-10-08T21:00:01.935Z,-USD,00010.3745,00010.4681,00009.9752,988313.478,00010.0647,40839236.077
2021-10-08T22:00:02.123Z,-USD,00010.3529,00010.4681,00009.9752,984049.069,00010.0928,40860523.363
2021-10-08T23:00:02.58Z,-USD,00010.3471,00010.4681,00009.9752,966588.985,00010.0563,40910506.62
2021-10-09T00:00:01.744Z,-USD,00010.2881,00010.4681,00009.9752,966003.115,00010.0627,40962159.002
2021-10-09T01:00:01.779Z,-USD,00010.2646,00010.4681,00009.9637,982005.766,00010.0265,39724284.242
2021-10-09T02:00:01.757Z,-USD,00010.1934,00010.4681,00009.9392,981516.449,00009.9552,39758160.46
2021-10-09T03:00:01.973Z,-USD,00010.0398,00010.4681,00009.9171,969215.022,00010.0093,39788380.511
2021-10-09T04:00:02.461Z,-USD,000010.127,00010.4681,00009.9171,984717.523,000010.254,39853158.663
2021-10-09T05:00:02.076Z,-USD,00010.3162,00010.4681,00009.9171,929444.002,00010.2122,39875571.557
2021-10-09T06:00:02.058Z,-USD,00010.3011,00010.4681,00009.9171,900681.382,00010.1363,39897683.948
2021-10-09T07:00:01.978Z,-USD,00010.3401,00010.4681,00009.9171,918235.829,00010.1225,39944184.633
2021-10-09T08:00:01.965Z,-USD,00010.3818,00010.4681,00009.9171,00884198.1,00010.1271,39971008.541
2021-10-09T09:00:01.831Z,-USD,00010.3899,00010.4681,00009.9171,844479.909,00010.0349,40007088.977
2021-10-09T10:00:01.974Z,-USD,000010.389,00010.4464,00009.9171,843650.301,00010.0756,40056066.109
2021-10-09T11:00:02.63Z,-USD,00010.3969,00010.4143,00009.9171,866175.715,00010.1274,40092096.749
2021-10-09T12:00:02.557Z,-USD,00010.1786,00010.3127,00009.9171,885715.837,00010.0731,40147824.252
2021-10-09T13:00:02.488Z,-USD,00010.1797,00010.3127,00009.9171,848469.713,00010.1392,40184032.534
2021-10-09T14:00:02.565Z,-USD,00010.1258,00010.3127,00009.9171,895745.586,000010.268,40262982.43
2021-10-09T15:00:02.382Z,-USD,00010.2378,00010.4284,00009.9171,986167.174,00010.2971,40363270.16
2021-10-09T16:00:01.741Z,-USD,00010.1989,00010.4284,00009.9171,984733.299,00010.2264,40386183.897
2021-10-09T17:00:02.433Z,-USD,00010.2414,00010.4284,00009.9171,0993768.28,00010.1744,40420715.028
2021-10-09T18:00:01.824Z,-USD,00010.1932,00010.4284,00009.9171,998360.849,00010.1536,40449093.34
2021-10-09T19:00:02.075Z,-USD,00010.2327,00010.4284,00009.9171,1006118.553,00010.2376,40477600.125
2021-10-09T20:00:01.879Z,-USD,00010.2382,00010.4284,00009.9171,1001578.126,000010.143,40499417.184
2021-10-09T21:00:02.673Z,-USD,00010.0513,00010.4284,00009.9171,971129.323,00010.1634,40518534.877
2021-10-09T22:00:02.583Z,-USD,00010.0978,00010.4284,00009.9171,958110.764,00010.1643,40527499.885
2021-10-09T23:00:02.295Z,-USD,000010.044,00010.4284,00009.9171,919823.899,00010.1633,40538264.942
2021-10-10T00:00:02.547Z,-USD,00010.0786,00010.4284,00009.9171,898936.703,00010.1825,40568714.038
2021-10-10T01:00:02.553Z,-USD,00010.0589,00010.4284,00009.9171,883276.265,00010.0952,39706348.283
2021-10-10T02:00:02.552Z,-USD,00009.9588,00010.4284,00009.9171,917688.929,00010.0122,39774766.744
2021-10-10T03:00:01.861Z,-USD,00010.0124,00010.4284,00009.9625,938365.307,00010.0192,39825376.303
2021-10-10T04:00:01.882Z,-USD,00010.2385,00010.4284,00009.9625,896674.858,000010.097,39849121.945
2021-10-10T05:00:02.18Z,-USD,00010.2119,00010.4284,00009.9625,905159.146,000010.131,39880596.42
2021-10-10T06:00:02.301Z,-USD,00010.1366,00010.4284,00009.9625,908802.472,00010.1112,39904928.887
2021-10-10T07:00:02.218Z,-USD,00010.1196,00010.4284,00009.9625,877986.028,00010.1735,39921359.384
2021-10-10T08:00:02.251Z,-USD,000010.135,00010.4284,00009.9625,865135.848,00010.1064,39934853.637
2021-10-10T09:00:02.179Z,-USD,00010.0316,00010.4284,00009.9625,851473.822,00010.3025,39957704.224
2021-10-10T10:00:02.269Z,-USD,00010.0838,00010.4284,00009.9625,854822.053,00010.1926,40009627.027
2021-10-10T11:00:02.648Z,-USD,00010.1065,00010.4284,00009.9625,839753.475,00010.1232,40031913.792
2021-10-10T12:00:07.664Z,-USD,000010.065,00010.4284,00009.9625,825751.413,00010.1618,40072633.908
2021-10-10T13:00:02.71Z,-USD,000010.157,00010.4284,00009.9625,812577.554,00010.0628,40098892.401
2021-10-10T14:00:01.793Z,-USD,00010.2706,00010.4284,00009.9625,766079.073,000010.063,40127777.698
2021-10-10T15:00:02.025Z,-USD,00010.2978,00010.3292,00009.9625,710852.288,00010.1435,40172881.745
2021-10-10T16:00:02.139Z,-USD,00010.2267,00010.3292,00009.9625,712432.765,00010.1539,40196949.96
2021-10-10T17:00:02.385Z,-USD,00010.1837,00010.3292,00009.9625,697287.978,00010.0861,40217173.731
2021-10-10T18:00:02.252Z,-USD,0000010.17,00010.3292,00009.9625,704970.912,00010.0549,40253063.313
2021-10-10T19:00:02.349Z,-USD,000010.251,00010.3292,00009.9625,695863.504,00010.0555,40272699.322
2021-10-10T20:00:02.364Z,-USD,000010.155,00010.3292,00009.9625,692403.797,00010.0411,40290517.925
2021-10-10T21:00:02.48Z,-USD,00010.1584,00010.3292,00009.8549,761867.439,00009.8572,40379492.902
2021-10-10T22:00:02.666Z,-USD,00010.1665,00010.3292,00009.5644,827206.641,00009.7201,40452961.175
2021-10-10T23:00:02.191Z,-USD,00010.1718,00010.3292,00009.5644,846301.593,00009.7476,40485566.902
2021-10-11T00:00:02.154Z,-USD,00010.2002,00010.3292,00009.5644,865160.979,00009.6126,40532729.596
2021-10-11T01:00:02.527Z,-USD,00010.0853,00010.3292,00009.4602,901939.911,00009.6547,40182815.229
2021-10-11T02:00:02.635Z,-USD,00010.0039,00010.3292,00009.4602,886284.897,00009.6912,40235996.931
2021-10-11T03:00:02.558Z,-USD,00010.0062,00010.3292,00009.4602,858638.427,00009.7399,40260683.249
2021-10-11T04:00:01.875Z,-USD,00010.0849,00010.3292,00009.4602,913973.198,00009.8341,40338235.94
2021-10-11T05:00:02.204Z,-USD,00010.1277,00010.3292,00009.4602,0920751.34,00009.8572,40376309.524
2021-10-11T06:00:02.139Z,-USD,00010.1181,00010.3292,00009.4602,923862.552,000009.814,40403488.328
2021-10-11T07:00:02.069Z,-USD,00010.1767,00010.3292,00009.4602,924660.136,00009.8157,40421182.289
2021-10-11T08:00:02.235Z,-USD,00010.1197,00010.3292,00009.4602,935379.747,00009.9623,40444801.286
2021-10-11T09:00:02.208Z,-USD,00010.3249,00010.3292,00009.4602,946800.168,00009.9807,40479888.507
2021-10-11T10:00:02.067Z,-USD,00010.2102,00010.2155,00009.4602,926396.104,00009.9325,40511601.06
2021-10-11T11:00:02.16Z,-USD,00010.1344,00010.2155,00009.4602,949619.396,00009.8424,40556471.402
2021-10-11T12:00:02.145Z,-USD,00010.1742,00010.2155,00009.4602,969610.045,00009.7872,40616539.905
2021-10-11T13:00:02.285Z,-USD,00010.0812,00010.2155,00009.4602,978890.489,00009.8215,40656219.391
2021-10-11T14:00:02.568Z,-USD,00010.0734,00010.2155,00009.4602,997277.853,00009.8622,40699618.503
2021-10-11T15:00:01.913Z,-USD,00010.1355,00010.1723,00009.4602,998271.291,00009.8228,40746055.928
2021-10-11T16:00:02.399Z,-USD,00010.1566,00010.1723,00009.4602,1004988.697,00009.7402,40776421.028
2021-10-11T17:00:02.792Z,-USD,00010.0898,00010.0922,00009.4602,1033701.528,00009.6889,40825711.039
2021-10-11T18:00:02.105Z,-USD,00010.0521,00010.0831,00009.4602,1023745.124,00009.6051,40851612.562
2021-10-11T19:00:02.186Z,-USD,00010.0553,00010.0831,00009.4602,1045000.283,00009.5472,40892650.601
2021-10-11T20:00:02.657Z,-USD,00010.0172,00010.0736,00009.4127,1073196.899,00009.4268,40938397.825
2021-10-11T21:00:01.781Z,-USD,00009.8299,000010.042,00009.3146,1028068.605,00009.4236,40983423.589
2021-10-11T22:00:02.029Z,-USD,00009.7157,000010.042,00009.3146,976918.832,00009.5042,41004458.05
2021-10-11T23:00:02.517Z,-USD,00009.7453,000010.042,00009.3146,0981608.44,00009.5277,41042196.916
2021-10-12T00:00:01.841Z,-USD,000009.593,000010.042,00009.3146,963235.913,00009.5806,41070491.034
2021-10-12T01:00:02.656Z,-USD,00009.6619,000010.042,00009.3146,944062.645,000009.421,40645478.602
2021-10-12T02:00:02.318Z,-USD,00009.6738,000010.042,00009.3146,924049.777,00009.4425,40677699.132
2021-10-12T03:00:01.942Z,-USD,00009.7505,000010.042,00009.3146,919545.239,00009.3578,40698772.045
2021-10-12T04:00:02.146Z,-USD,00009.8288,000010.042,00009.2669,870302.796,00009.3091,40727090.301
2021-10-12T05:00:02.04Z,-USD,00009.8544,000010.042,00009.2669,849226.588,00009.3932,40743134.519
2021-10-12T06:00:02.041Z,-USD,00009.8058,000010.042,00009.2669,843573.765,00009.4724,40764844.18
2021-10-12T07:00:02.005Z,-USD,00009.8147,000010.042,00009.2669,847285.894,00009.3971,40786196.156
2021-10-12T08:00:02.023Z,-USD,00009.9486,000010.042,00009.2669,842476.178,00009.3718,40804824.066
2021-10-12T09:00:01.857Z,-USD,00009.9709,00009.9965,00009.2669,828954.459,00009.3988,40826625.767
2021-10-12T10:00:02.173Z,-USD,00009.9203,00009.9668,00009.0404,874697.311,00009.0909,40905668.965
2021-10-12T11:00:02.102Z,-USD,00009.8149,00009.8801,00009.0404,881729.006,00009.1802,40957393.703
2021-10-12T12:00:04.158Z,-USD,00009.7904,00009.8801,00009.0404,848228.312,00009.1996,40983440.131
2021-10-12T13:00:02.162Z,-USD,00009.8335,00009.8801,00000008.9,903357.083,00008.9862,41077506.0
2021-10-12T14:00:02.326Z,-USD,00009.8731,00009.8757,00000008.9,961374.396,00009.2879,41179032.208
2021-10-12T15:00:02.526Z,-USD,000009.812,000009.812,00000008.9,972441.099,00009.1909,41236344.353
2021-10-12T16:00:02.687Z,-USD,00009.7599,00009.7794,00000008.9,1007215.312,00009.2826,41301583.825
2021-10-12T17:00:02.293Z,-USD,00009.6743,00009.6979,00000008.9,972219.449,00009.3299,41315775.914
2021-10-12T18:00:02.619Z,-USD,00009.6002,00009.6185,00000008.9,1021761.629,00009.1538,41391499.929
2021-10-12T19:00:01.827Z,-USD,000009.547,00009.6004,00000008.9,1073425.066,00009.1945,41484942.707
2021-10-12T20:00:02.18Z,-USD,000009.413,00009.5882,00000008.9,1125015.327,00009.1125,41581403.012
2021-10-12T21:00:02.512Z,-USD,00009.4099,00009.5882,00000008.9,1201453.456,00009.2063,41702543.452
2021-10-12T22:00:02.088Z,-USD,00009.5006,00009.5882,00000008.9,1227727.311,00009.1855,41749807.368
2021-10-12T23:00:02.493Z,-USD,00009.5148,00009.5882,00000008.9,1214995.835,00009.2189,41775591.18
2021-10-13T00:00:01.744Z,-USD,00009.5659,000009.583,00000008.9,1222390.028,00009.2061,41810596.634
2021-10-13T01:00:02.208Z,-USD,000009.405,00009.4895,00000008.9,1219458.968,00009.3005,39423491.224
2021-10-13T02:00:02.689Z,-USD,00009.4417,00009.4895,00000008.9,1253801.985,00009.2423,39487779.794
2021-10-13T03:00:01.885Z,-USD,00009.3451,00009.4895,00000008.9,1259589.602,00009.3385,39514607.883
2021-10-13T04:00:01.985Z,-USD,00009.3103,00009.4895,00000008.9,1279158.113,00009.3094,39562589.02
2021-10-13T05:00:02.285Z,-USD,000009.396,00009.4895,00000008.9,1297108.535,00009.3441,39596687.245
2021-10-13T06:00:02.133Z,-USD,00009.4693,00009.4895,00000008.9,1352276.597,00009.1213,39673537.061
2021-10-13T07:00:02.124Z,-USD,000009.399,00009.4779,00000008.9,1389164.388,000009.198,39733106.249
2021-10-13T08:00:02.214Z,-USD,00009.3845,00009.4779,00000008.9,1403456.514,000009.099,39764929.864
2021-10-13T09:00:02.105Z,-USD,00009.4282,00009.4282,00000008.9,1426501.349,00009.1729,39809409.634
2021-10-13T10:00:02.579Z,-USD,00009.0992,00009.4169,00000008.9,1383797.616,00009.2472,39846862.796
2021-10-13T11:00:02.093Z,-USD,00009.1682,00009.4169,00000008.9,1353545.058,00009.2115,39867241.474
2021-10-13T12:00:02.298Z,-USD,000009.203,00009.4169,00000008.9,1360395.446,000009.322,39899924.054
2021-10-13T13:00:01.833Z,-USD,00009.0071,00009.4169,00000009.0,1343336.298,00009.3383,39977810.165
2021-10-13T14:00:01.99Z,-USD,0000009.27,00009.4169,00000009.0,1261208.774,000009.197,39996827.003
2021-10-13T15:00:02.007Z,-USD,000009.221,00009.4169,00000009.0,1218142.463,00009.2342,40011797.787
2021-10-13T16:00:02.355Z,-USD,00009.2589,00009.4169,00000009.0,1164105.147,00009.2996,40022594.039
2021-10-13T17:00:01.918Z,-USD,000009.335,00009.4169,00000009.0,1160992.17,000009.268,40032929.061
2021-10-13T18:00:02.304Z,-USD,00009.1609,00009.4169,00000009.0,1101744.993,0000009.28,40049542.29
2021-10-13T19:00:02.617Z,-USD,00009.1768,00009.4169,00000009.0,1021585.985,000009.238,40062867.439
2021-10-13T20:00:02.707Z,-USD,00009.1044,00009.4169,00000009.0,943445.004,00009.3009,40081294.036
2021-10-13T21:00:02.185Z,-USD,00009.1958,00009.4169,00009.0559,846844.851,00009.3649,40106147.5
2021-10-13T22:00:02.473Z,-USD,00009.1701,00009.4169,00009.0559,812555.399,000009.362,40119042.171
2021-10-13T23:00:01.978Z,-USD,00009.1939,00009.4245,00009.0559,803250.614,00009.4245,40135493.819
2021-10-14T00:00:02.046Z,-USD,00009.2099,00009.4245,00009.0559,774629.067,00009.4132,40143217.573
2021-10-14T01:00:05.243Z,-USD,0000009.31,00009.4366,00009.0559,748251.009,00009.3713,37530403.689
2021-10-14T02:00:03.006Z,-USD,000009.243,000009.519,00009.0559,717807.801,00009.5046,37565159.886
2021-10-14T03:00:02.7Z,-USD,00009.3359,00009.5716,00009.0559,725598.097,00009.5022,37598910.471
2021-10-14T04:00:02.047Z,-USD,00009.3081,00009.5716,00009.0559,693906.076,00009.5335,37616885.988
2021-10-14T05:00:02.507Z,-USD,00009.3458,00009.6156,00009.0559,675182.441,00009.5948,37631007.526
2021-10-14T06:00:02.568Z,-USD,00009.0752,00009.6197,00009.0559,614921.583,00009.5887,37649029.279
2021-10-14T07:00:02.595Z,-USD,00009.1853,00000009.7,00009.0772,621883.056,00009.6186,37713629.808
2021-10-14T08:00:02.577Z,-USD,00009.0811,00000009.7,00009.0806,623574.042,00009.6267,37747474.659
2021-10-14T09:00:02.551Z,-USD,00009.1403,00009.7841,00009.1131,604838.131,00009.7746,37772798.9
2021-10-14T10:00:01.905Z,-USD,000009.235,00009.8127,00009.1194,586056.969,00009.7942,37791760.606
2021-10-14T11:00:02.068Z,-USD,00009.2167,00009.8587,00009.1194,0586568.21,00009.8586,37812251.714
2021-10-14T12:00:02.265Z,-USD,00009.3171,00009.9829,00009.1194,583048.323,000009.918,37841751.185
2021-10-14T13:00:02.14Z,-USD,00009.3322,00009.9829,00009.1194,538418.655,00009.8967,37875021.619
2021-10-14T14:00:02.068Z,-USD,00009.1855,00010.0188,00009.1194,563536.215,00009.8641,37918849.887
2021-10-14T15:00:02.441Z,-USD,000009.226,00010.0188,00009.2111,577989.736,00009.8353,37948262.314
2021-10-14T16:00:04.16Z,-USD,00009.2928,00010.0188,00009.2111,593072.312,00009.7654,37974515.715
2021-10-14T17:00:02.106Z,-USD,000009.245,00010.0188,00009.2111,606214.826,00009.7171,37998024.31
2021-10-14T18:00:02.311Z,-USD,00009.2838,00010.0188,00009.2203,599251.003,00009.8064,38007789.177
2021-10-14T19:00:02.462Z,-USD,00009.2377,00010.0188,00009.2203,00601145.9,00009.7641,38022449.608
2021-10-14T20:00:07.559Z,-USD,00009.3007,00010.0188,00009.2656,617368.225,00009.7529,38057041.13
2021-10-14T21:00:10.523Z,-USD,00009.3711,00010.0188,00009.3356,620949.632,00009.7278,38085586.304
2021-10-14T22:00:14.151Z,-USD,00009.3419,00010.0188,00009.3356,622272.082,00009.9302,38099824.342
2021-10-14T23:00:12.339Z,-USD,00009.4099,00010.0188,00009.3404,616764.784,00009.9076,38110613.872
2021-10-15T00:00:17.239Z,-USD,00009.4052,00010.0188,00009.3538,630117.605,00009.9384,38131822.37
2021-10-15T01:00:12.464Z,-USD,00009.3872,00010.3476,00009.3538,782055.974,00010.1502,35728633.775
2021-10-15T02:00:12.334Z,-USD,0000009.52,00010.3476,0000009.48,807470.231,00010.0454,35788798.144
2021-10-15T03:00:11.185Z,-USD,00009.5075,00010.3476,00009.5039,828857.536,00010.1858,35844166.807
2021-10-15T04:00:22.641Z,-USD,00009.5412,00010.3476,00009.5182,864568.107,00010.0338,35897395.476
2021-10-15T05:00:10.149Z,-USD,00009.5958,00010.3476,00009.5357,901652.574,00009.9722,35948759.939
2021-10-15T06:00:07.409Z,-USD,00009.6027,00010.3476,00009.5757,919019.446,00009.9973,35984678.671
2021-10-15T07:00:03.474Z,-USD,00009.6289,00010.3476,00009.6041,892884.317,000009.875,36023411.568
2021-10-15T08:00:03.829Z,-USD,00009.6331,00010.3476,00009.6312,897023.946,00009.9435,36060906.969
2021-10-15T09:00:02.657Z,-USD,00009.8029,00010.3476,00009.6715,936114.043,00009.7341,36125441.056
2021-10-15T10:00:02.516Z,-USD,00009.8002,00010.3476,00009.6049,992873.082,00009.6902,36200600.266
2021-10-15T11:00:04.493Z,-USD,00009.8761,00010.3476,00009.5901,990109.759,00009.7138,36218965.94
2021-10-15T12:00:04.313Z,-USD,00009.9431,00010.3476,00009.5901,1015726.94,00009.7311,36274138.74
2021-10-15T13:00:03.096Z,-USD,00009.9144,00010.3476,00009.5901,995047.662,00009.7164,36286968.928
2021-10-15T14:00:08.91Z,-USD,00009.8998,00010.3476,00009.5901,980566.998,00009.7021,36315773.138
2021-10-15T15:00:10.762Z,-USD,00009.8249,00010.3476,00009.5901,982977.412,000009.724,36347882.05
2021-10-15T16:00:10.703Z,-USD,00009.7801,00010.3476,00009.5901,990805.007,00009.7139,36381385.867
2021-10-15T17:00:09.903Z,-USD,00009.7191,00010.3476,00009.5901,1009041.749,000009.789,36423068.251
2021-10-15T18:00:08.961Z,-USD,00009.8006,00010.3476,00009.5901,1040702.62,00009.7966,36464589.253
2021-10-15T19:00:02.023Z,-USD,00009.7858,00010.3476,00009.5901,1058032.886,00009.9024,36496755.005
2021-10-15T20:00:02.445Z,-USD,00009.7944,00010.3476,00009.5901,1044133.303,00009.9082,36517477.421
2021-10-15T21:00:02.621Z,-USD,00009.7499,00010.3476,00009.5901,1058444.283,00009.9282,36560066.944
2021-10-15T22:00:01.816Z,-USD,00009.9891,00010.3476,00009.5901,1065390.969,00009.7935,36582619.483
2021-10-15T23:00:02.561Z,-USD,00009.9486,00010.3476,00009.5901,1063438.114,00009.7977,36591257.954
2021-10-16T00:00:01.776Z,-USD,00009.9777,00010.3476,00009.5901,1055231.952,00009.7543,36603618.288
2021-10-16T01:00:10.841Z,-USD,00010.1455,00010.2376,00009.5901,899127.953,00009.8545,34354662.64
2021-10-16T02:00:11.121Z,-USD,00010.0938,00010.2376,00009.5901,850604.849,00009.8301,34366697.068
2021-10-16T03:00:11.374Z,-USD,00010.2057,00010.2294,00009.5901,808300.086,00009.9209,34379474.506
2021-10-16T04:00:23.43Z,-USD,00010.0688,000010.103,00009.5901,0768332.24,00009.8042,34393099.25
2021-10-16T05:00:09.936Z,-USD,00009.9792,00010.0273,00009.5901,737120.122,00009.7949,34412357.237
2021-10-16T06:00:10.923Z,-USD,00010.0064,00010.0068,00009.5901,719531.371,00009.8282,34430300.711
2021-10-16T07:00:08.629Z,-USD,00009.8633,000010.006,00009.5901,711348.501,00009.8484,34460788.166
2021-10-16T08:00:02.213Z,-USD,00009.9289,000010.006,00009.5901,681580.317,00009.8693,34469071.93
2021-10-16T09:00:02.128Z,-USD,00009.7057,00010.0401,00009.5901,643261.939,00009.9957,34496266.475
2021-10-16T10:00:02.706Z,-USD,00009.6703,00010.0401,00009.5901,576738.754,00009.9681,34503547.474
2021-10-16T11:00:03.731Z,-USD,00009.6921,00010.0625,000009.625,564387.751,00010.0125,34510206.268
2021-10-16T12:00:02.202Z,-USD,00009.7185,00010.1103,000009.625,522063.748,00010.0871,34522809.749
2021-10-16T13:00:11.501Z,-USD,00000009.7,00010.1103,000009.625,542313.966,00009.8091,34555745.41
2021-10-16T14:00:11.199Z,-USD,00009.6898,00010.1103,000009.625,538698.077,00009.8689,34580843.388
2021-10-16T15:00:17.788Z,-USD,00009.7476,00010.1103,00009.6507,521509.259,00009.8203,34595631.124
2021-10-16T16:00:11.248Z,-USD,00009.7267,00010.1103,00009.6507,503198.233,000009.824,34610846.244
2021-10-16T17:00:10.684Z,-USD,00009.7916,00010.1103,00009.7387,495797.361,00009.8608,34644874.404
2021-10-16T18:00:10.018Z,-USD,00000009.8,00010.1103,00009.7387,478283.462,00009.8484,34669854.021
2021-10-16T19:00:11.792Z,-USD,00009.9063,00010.1103,00009.7387,463898.653,00009.8243,34686752.58
2021-10-16T20:00:10.055Z,-USD,00009.9019,00010.1103,00009.7387,451995.905,00009.7741,34695890.185
2021-10-16T21:00:02.455Z,-USD,00009.9193,00010.1103,0000009.68,0418317.92,00009.8037,34704406.597
2021-10-16T22:00:02.416Z,-USD,00009.7715,00010.1103,0000009.68,401343.401,00009.7409,34709934.545
2021-10-16T23:00:02.255Z,-USD,00009.7852,00010.1103,0000009.68,396296.578,00009.7686,34713770.407
2021-10-17T00:00:01.695Z,-USD,00009.7674,00010.1103,0000009.68,391152.605,00009.7422,34720825.11
2021-10-17T01:00:11.042Z,-USD,00009.8306,00010.1103,00009.5961,390363.598,00009.7303,32720080.582
2021-10-17T02:00:11.159Z,-USD,00009.8189,00010.1103,00009.5961,389338.771,00009.8502,32731646.071
2021-10-17T03:00:11.036Z,-USD,00009.8893,00010.1103,00009.5961,396067.801,00009.8728,32750760.571
2021-10-17T04:00:42.256Z,-USD,000009.762,00010.1103,00009.5961,367502.953,00000009.9,32755155.558
2021-10-17T05:00:08.356Z,-USD,000009.762,00010.1103,00009.5961,375131.883,00009.8742,32762784.488
2021-10-17T06:00:09.229Z,-USD,00009.8194,00010.1103,00009.5961,362708.523,00009.8107,32768161.016
2021-10-17T07:00:09.424Z,-USD,00009.8372,00010.1103,00009.5961,337541.591,00009.8307,32773259.806
2021-10-17T08:00:08.545Z,-USD,00009.8629,00010.1103,00009.5961,333602.535,00009.8058,32777580.805
2021-10-17T09:00:09.307Z,-USD,00010.0012,00010.1103,00009.5961,0311631.89,00009.9043,32783335.963
2021-10-17T10:00:09.766Z,-USD,00009.9704,00010.1103,00009.5961,313597.474,00009.8721,32792139.853
2021-10-17T11:00:10.085Z,-USD,00010.0172,00010.1103,00009.5961,311839.953,00009.8468,32796968.493
2021-10-17T12:00:08.446Z,-USD,00010.0796,00010.0857,00009.5961,303512.194,00009.8277,32801782.827
2021-10-17T13:00:11.507Z,-USD,00009.7764,00009.9473,00009.5961,281752.486,00009.8205,32812779.81
2021-10-17T14:00:09.855Z,-USD,00009.8749,00009.9473,00009.5961,274551.825,00009.8127,32830510.469
2021-10-17T15:00:09.417Z,-USD,00009.8179,00009.9473,00009.5961,269266.733,00009.7786,32840070.84
2021-10-17T16:00:08.9Z,-USD,00009.8252,00009.9473,00009.5961,278871.402,00009.6531,32864869.424
2021-10-17T17:00:02.403Z,-USD,00009.8593,00009.9473,00009.5961,259756.411,00009.6428,32879845.1
2021-10-17T18:00:03.747Z,-USD,00009.8566,00009.9473,00009.5961,258761.097,00009.7011,32903644.917
2021-10-17T19:00:01.935Z,-USD,00009.8314,00009.9473,00009.5961,252196.125,00009.7408,32913893.545
2021-10-17T20:00:02.498Z,-USD,00009.7738,00009.9473,00009.5961,260107.356,00009.6678,32931172.456
2021-10-17T21:00:02.149Z,-USD,00009.7851,00009.9473,00009.2357,372227.998,00009.3453,33051571.267
2021-10-17T22:00:02.532Z,-USD,00009.7467,00009.9473,00009.2357,386005.821,00009.5179,33071150.613
2021-10-17T23:00:01.82Z,-USD,00009.7868,00009.9473,00009.2357,399759.166,00009.5556,33089193.154
2021-10-18T00:00:08.546Z,-USD,00009.7864,00009.9473,00009.2357,400698.951,00009.5621,33097902.275
2021-10-18T01:00:02.724Z,-USD,00009.7247,00009.9473,00009.2357,406235.853,00009.6361,31761148.953
2021-10-18T02:00:01.902Z,-USD,00009.8493,00009.9473,00009.2357,408213.655,00009.6317,31774627.978
2021-10-18T03:00:01.983Z,-USD,00009.8741,00009.9473,00009.2357,399816.766,00009.6319,31785361.207
2021-10-18T04:00:02.164Z,-USD,00009.8996,00009.9473,00009.2357,410038.339,00009.5996,31799497.17
2021-10-18T05:00:01.742Z,-USD,00009.8666,00009.9473,00009.2357,412729.686,00009.5576,31810006.259
2021-10-18T06:00:01.777Z,-USD,00009.8123,00009.9473,00009.2357,415891.502,00009.5362,31818571.203
2021-10-18T07:00:01.706Z,-USD,00009.8505,00009.9473,00009.2357,418794.761,00009.5382,31826546.268
2021-10-18T08:00:02.552Z,-USD,000009.816,00009.9473,00009.2357,421274.468,00009.4836,31833427.647
2021-10-18T09:00:02.451Z,-USD,00009.9007,00009.9406,00009.2357,427523.409,00009.4743,31845450.002
2021-10-18T10:00:02.248Z,-USD,00009.8983,00009.9023,00009.2357,437920.111,00009.4191,31864686.582
2021-10-18T11:00:02.559Z,-USD,00009.8591,00009.8807,00009.2357,486537.522,00009.4328,31918043.364
2021-10-18T12:00:02.461Z,-USD,00009.8147,00009.8401,00009.2357,512706.556,00009.3738,31949760.264
2021-10-18T13:00:02.581Z,-USD,00009.8385,00009.8394,00009.2357,546251.944,00009.3467,31993977.252
2021-10-18T14:00:01.943Z,-USD,00009.8234,00009.8364,00009.2329,651798.651,00009.5603,32116967.513
2021-10-18T15:00:02.116Z,-USD,00009.8145,00009.8364,00009.2329,0659508.62,00009.4803,32134477.244
2021-10-18T16:00:02.353Z,-USD,00009.6565,00009.7692,00009.2329,00652103.6,00009.4728,32151592.522
2021-10-18T17:00:01.827Z,-USD,00009.6706,00009.7692,00009.2329,689248.308,00009.3569,32203651.277
2021-10-18T18:00:02.355Z,-USD,00009.7068,00009.7692,00009.2329,677004.816,00009.3728,32215192.915
2021-10-18T19:00:02.229Z,-USD,00009.7631,00009.7631,00009.2329,766316.607,00009.3843,32315346.2
2021-10-18T20:00:02.515Z,-USD,00009.6612,00009.6728,00009.2329,814754.765,000009.528,32380546.313
2021-10-18T21:00:01.852Z,-USD,00009.3386,00009.6728,00009.2329,703916.127,00009.4846,32390435.552
2021-10-18T22:00:02.585Z,-USD,00009.5326,00009.6728,00009.2329,0701240.44,00009.4432,32408166.048
2021-10-18T23:00:01.997Z,-USD,00009.5618,00009.6728,00009.2329,692264.604,00009.4554,32416101.623
2021-10-19T00:00:02.07Z,-USD,00009.5716,00009.6728,00009.2329,0702124.13,00009.3989,32434496.442
2021-10-19T01:00:02.499Z,-USD,00009.6408,00009.6728,00009.2329,701161.585,00009.3305,30808371.297
2021-10-19T02:00:01.899Z,-USD,00009.6173,00009.6728,00009.2329,700364.995,00009.4084,30821167.584
2021-10-19T03:00:02.276Z,-USD,000009.646,00009.6728,00009.2329,704547.195,00009.4835,30835998.53
2021-10-19T04:00:02.483Z,-USD,00009.6093,00009.6093,00009.2329,701768.228,00009.5236,30847391.911
2021-10-19T05:00:01.823Z,-USD,00009.5664,00009.5923,00009.2329,0695060.12,00009.4587,30851145.094
2021-10-19T06:00:02.691Z,-USD,00009.5248,00009.5923,00009.2329,690464.655,00009.4849,30855063.148
2021-10-19T07:00:01.891Z,-USD,00009.5323,00009.5923,00009.2329,692776.422,00009.4593,30865431.212
2021-10-19T08:00:01.966Z,-USD,00009.4744,00009.5923,00009.2329,692251.981,00009.4577,30871709.122
2021-10-19T09:00:02.439Z,-USD,00009.4582,00009.5923,00009.2329,684267.149,00009.4568,30875896.869
2021-10-19T10:00:02.336Z,-USD,00009.4187,00009.5923,00009.2329,668178.597,00009.4449,30878887.146
2021-10-19T11:00:02.348Z,-USD,00009.4272,00009.5923,00009.2329,624558.556,00009.4402,30888911.701
2021-10-19T12:00:02.418Z,-USD,00009.3767,00009.5923,00009.2329,0602844.16,000009.457,30899521.103
2021-10-19T13:00:02.461Z,-USD,000009.361,00009.5923,00009.2329,583164.849,00009.4501,30924036.729
2021-10-19T14:00:02.569Z,-USD,00009.5645,00009.5758,00009.3042,503906.698,00009.4165,30968341.72
2021-10-19T15:00:01.94Z,-USD,00009.4608,00009.5758,00009.2216,532074.871,00009.3902,31012603.146
2021-10-19T16:00:02.246Z,-USD,00009.5033,00009.5758,00009.2216,525813.803,00009.3311,31023966.821
2021-10-19T17:00:02.619Z,-USD,000009.358,00009.5758,00009.2216,488344.744,00009.3874,31038010.828
2021-10-19T18:00:02.691Z,-USD,000009.354,00009.5758,00009.2216,484458.338,0000009.41,31045787.496
2021-10-19T19:00:02.283Z,-USD,0000009.38,00009.5758,00009.2216,396280.708,00009.3262,31057677.233
2021-10-19T20:00:02.68Z,-USD,00009.5249,00009.5758,00009.2216,344721.592,00009.3208,31071752.332
2021-10-19T21:00:02.531Z,-USD,00009.4849,00009.5758,00009.2216,359348.301,000009.445,31095810.421
2021-10-19T22:00:02.312Z,-USD,00009.4272,00009.5363,00009.2216,352750.354,00009.3929,31107143.303
2021-10-19T23:00:02.548Z,-USD,00009.4469,00009.5363,00009.2216,363496.564,00009.4858,31125612.238
2021-10-20T00:00:02.423Z,-USD,00009.4045,00009.5363,00009.2216,377980.184,00009.4022,31158495.908
2021-10-20T01:00:02.584Z,-USD,000009.354,00009.5363,00009.2216,366367.628,00009.3995,29238638.269
2021-10-20T02:00:02.668Z,-USD,00009.4096,00009.5363,00009.2216,368158.027,00009.4065,29252940.563
2021-10-20T03:00:02.542Z,-USD,00009.4873,00009.5363,00009.2216,367213.293,00009.4153,29266509.86
2021-10-20T04:00:02.569Z,-USD,000009.506,00009.5363,00009.2216,380876.413,00009.3385,29291611.767
2021-10-20T05:00:01.718Z,-USD,00009.4772,00009.5363,00009.2216,396374.622,00009.3911,29311064.146
2021-10-20T06:00:02.82Z,-USD,00009.4797,00009.5363,00009.2216,405253.234,00009.4182,29323637.07
2021-10-20T07:00:02.601Z,-USD,00009.4673,00009.5363,00009.2216,0406632.34,00009.4373,29335542.613
2021-10-20T08:00:02.315Z,-USD,00009.4554,00009.5363,00009.2216,407419.817,00009.4808,29342423.614
2021-10-20T09:00:02.178Z,-USD,00009.4564,00009.5363,00009.2216,414155.053,000009.416,29353509.561
2021-10-20T10:00:02.107Z,-USD,00009.4404,00009.5363,00009.2216,0419487.92,00009.4782,29361724.122
2021-10-20T11:00:04.304Z,-USD,00009.4232,00009.5363,00009.2216,424169.063,000009.471,29376507.956
2021-10-20T12:00:01.956Z,-USD,00009.4499,00009.6231,00009.2216,486723.947,00009.5516,29449571.057
2021-10-20T13:00:01.795Z,-USD,000009.471,00009.6868,00009.2216,506257.318,00009.6509,29493813.664
2021-10-20T14:00:02.204Z,-USD,00009.4199,00009.7313,00009.2216,522315.371,00009.7275,29554693.608
2021-10-20T15:00:02.133Z,-USD,00009.3956,00009.7724,00009.2608,530140.936,00009.6967,29606018.484
2021-10-20T16:00:02.191Z,-USD,00009.3254,00009.7724,00009.2608,602986.792,00009.7355,29690340.697
2021-10-20T17:00:01.752Z,-USD,00009.3822,00009.8332,00009.2608,636018.242,00009.8332,29738003.952
2021-10-20T18:00:02.711Z,-USD,00000009.4,00009.8651,00009.2608,656413.445,00009.8309,29765629.218
2021-10-20T19:00:02.04Z,-USD,00009.3344,00009.8984,00009.2608,655551.354,00009.8947,29776691.248
2021-10-20T20:00:01.881Z,-USD,00009.3186,00009.9285,00009.2608,679085.307,00009.9043,29814532.853
2021-10-20T21:00:02.216Z,-USD,00009.4355,00009.9301,00009.3153,705749.349,000009.907,29864919.914
2021-10-20T22:00:02.297Z,-USD,00009.4048,00009.9301,00009.3153,715704.345,00009.9073,29886171.705
2021-10-20T23:00:01.822Z,-USD,00009.4985,00010.0575,00009.3153,773228.067,00009.8818,29962335.061
2021-10-21T00:00:02.66Z,-USD,00009.3951,00010.0575,00009.3153,758921.686,00009.9189,29980740.324
2021-10-21T01:00:02.187Z,-USD,00009.4119,00010.1375,00009.3153,785364.076,000010.034,28387098.042
2021-10-21T02:00:02.795Z,-USD,00009.4165,00010.1375,00009.3153,810956.079,000009.982,28426703.004
2021-10-21T03:00:02.201Z,-USD,00009.4363,00010.1375,00009.3153,862498.417,00009.9783,28492215.246
2021-10-21T04:00:02.146Z,-USD,00009.3387,00010.1375,00009.3153,867328.971,00009.9565,28522188.649
2021-10-21T05:00:02.629Z,-USD,000009.412,00010.1375,00009.3688,878046.355,00009.9485,28551956.221
2021-10-21T06:00:02.524Z,-USD,00009.4287,00010.1375,00009.4041,877194.232,00009.9531,28563791.825
2021-10-21T07:00:02.385Z,-USD,00009.4588,00010.1375,0000009.41,887253.084,00009.8944,28585815.437
2021-10-21T08:00:02.232Z,-USD,00009.4899,00010.1375,0000009.41,926380.472,00009.8881,28631606.412
2021-10-21T09:00:02.008Z,-USD,00009.4382,00010.1375,0000009.41,925612.088,00009.9754,28641849.889
2021-10-21T10:00:01.763Z,-USD,00009.4963,00010.1375,00009.4473,0975956.86,00009.9595,28700413.738
2021-10-21T11:00:02.084Z,-USD,00009.4886,00010.1375,00009.4674,1002653.887,00009.9441,28741800.306
2021-10-21T12:00:01.931Z,-USD,00009.5537,00010.1375,00009.5451,01034544.6,00009.8179,28846829.34
2021-10-21T13:00:01.776Z,-USD,00009.6467,00010.1375,00009.5862,1055705.683,00009.8191,28912711.701
2021-10-21T14:00:02.654Z,-USD,00009.7424,00010.1375,00009.6138,1038624.333,000009.825,28956650.379
2021-10-21T15:00:01.791Z,-USD,00009.7192,00010.1375,00009.5443,1051519.694,000009.614,29022432.49
2021-10-21T16:00:02.014Z,-USD,00009.7463,00010.1375,00009.3912,1023402.262,00009.5332,29076561.667
2021-10-21T17:00:02.369Z,-USD,00009.8325,00010.1375,00009.3912,1018911.823,00009.4493,29119792.173
2021-10-21T18:00:02.593Z,-USD,00009.8418,00010.1375,00009.3912,1014756.454,00009.4683,29142985.007
2021-10-21T19:00:02.51Z,-USD,00009.8986,00010.1375,00009.3912,1034437.245,000009.462,29175618.664
2021-10-21T20:00:02.655Z,-USD,00009.8963,00010.1375,00009.3912,1032390.86,00009.4713,29210519.848
2021-10-21T21:00:01.929Z,-USD,00009.9164,00010.1375,00009.3912,1018678.777,00009.5135,29246558.931
2021-10-21T22:00:02.08Z,-USD,00009.9103,00010.1375,00009.3912,1016480.972,000009.529,29265639.379
2021-10-21T23:00:02.468Z,-USD,00009.8868,00010.1375,00009.3912,965868.648,000009.463,29291030.86
2021-10-22T00:00:02.626Z,-USD,00009.9509,00010.1375,00009.3912,982931.395,00009.4585,29326524.492
2021-10-22T01:00:09.309Z,-USD,00010.0401,00010.1153,00009.3912,981873.702,00009.5891,27829522.586
2021-10-22T02:00:07.275Z,-USD,000009.997,00010.0472,00009.3912,963997.336,00009.5798,27851249.406
2021-10-22T03:00:02.234Z,-USD,00009.9847,00010.0472,00009.3912,918037.168,00009.6136,27871128.402
2021-10-22T04:00:01.852Z,-USD,000009.957,00010.0472,00009.3912,903457.865,00009.7113,27886842.705
2021-10-22T05:00:02.652Z,-USD,00009.9242,00010.0472,00009.3912,902389.538,00009.7052,27914999.083
2021-10-22T06:00:02.402Z,-USD,00009.9464,00010.0472,00009.3912,913722.932,00009.6934,27938204.8
2021-10-22T07:00:02.05Z,-USD,00009.8928,00010.0472,00009.3912,915057.558,00009.6346,27961533.397
2021-10-22T08:00:01.781Z,-USD,00009.8699,00010.0472,00009.3912,885169.995,00009.6814,27977626.57
2021-10-22T09:00:02.57Z,-USD,00009.9746,00010.0472,00009.3912,897319.603,000009.736,27999724.427
2021-10-22T10:00:02.161Z,-USD,00009.9588,00010.0472,00009.3912,855457.047,00009.6599,28016923.639
2021-10-22T11:00:02.351Z,-USD,00009.9388,00010.0472,00009.3912,840228.177,00009.7703,28043033.318
2021-10-22T12:00:01.743Z,-USD,00009.8324,00009.9194,00009.3912,750365.834,000009.768,28059203.12
2021-10-22T13:00:02.639Z,-USD,00009.8099,00009.9194,00009.3912,699178.036,00009.7931,28072349.723
2021-10-22T14:00:02.466Z,-USD,00009.8156,000009.866,00009.3912,706134.007,00009.5749,28124330.199
2021-10-22T15:00:01.819Z,-USD,00009.6102,000009.866,00009.3912,722069.064,000009.591,28205189.137
2021-10-22T16:00:01.939Z,-USD,000009.539,000009.866,00009.4018,779688.989,00009.4801,28316974.664
2021-10-22T17:00:02.393Z,-USD,00009.4514,000009.866,00009.3877,817808.224,0000009.54,28398425.533
2021-10-22T18:00:02.025Z,-USD,00009.4719,000009.866,00009.3877,821778.107,00009.4787,28425602.25
2021-10-22T19:00:02.161Z,-USD,00009.4749,000009.866,00009.3877,817896.501,00009.5182,28454371.028
2021-10-22T20:00:02.173Z,-USD,00009.4857,000009.866,00009.3877,805507.135,00009.5686,28477108.081
2021-10-22T21:00:02.418Z,-USD,00009.5037,000009.866,00009.3877,802361.579,00009.5585,28510066.694
2021-10-22T22:00:02.198Z,-USD,00009.5248,000009.866,00009.3877,794632.485,00009.5176,28521342.317
2021-10-22T23:00:02.568Z,-USD,00009.4574,000009.866,00009.3877,0778963.74,00009.5802,28531505.3
2021-10-23T00:00:02.446Z,-USD,00009.4684,000009.866,00009.3877,752244.193,00009.6461,28539561.715
2021-10-23T01:00:02.283Z,-USD,00009.5886,000009.866,00009.3877,0754258.54,00009.6792,26998268.727
2021-10-23T02:00:02.096Z,-USD,00009.5778,000009.866,00009.3877,749714.235,000009.717,27015465.039
2021-10-23T03:00:02.102Z,-USD,00009.6135,000009.866,00009.3877,743233.754,00009.7315,27028867.287
2021-10-23T04:00:02.17Z,-USD,00009.7147,000009.866,00009.3877,749150.687,000009.763,27050432.308
2021-10-23T05:00:02.322Z,-USD,000009.705,000009.866,00009.3877,731705.581,000009.726,27061448.088
2021-10-23T06:00:02.227Z,-USD,00009.6885,000009.866,00009.3877,730911.978,00009.6505,27083690.021
2021-10-23T07:00:02.1Z,-USD,00009.6423,000009.866,00009.3877,717666.855,00009.7012,27093794.189
2021-10-23T08:00:01.833Z,-USD,00009.6846,000009.964,00009.3877,758454.773,00009.9108,27151025.263
2021-10-23T09:00:01.76Z,-USD,00009.7234,000009.964,00009.3877,762741.093,00009.8758,27177104.409
2021-10-23T10:00:02.585Z,-USD,00009.6657,000009.964,00009.3877,775360.442,00009.8176,27206871.152
2021-10-23T11:00:01.767Z,-USD,00009.7697,00010.1628,00009.3877,905634.491,00009.8978,27363060.711
2021-10-23T12:00:02.463Z,-USD,00009.7635,00010.1628,00009.3877,946919.732,00009.9746,27420721.899
2021-10-23T13:00:02.387Z,-USD,00009.7921,00010.1628,00009.3877,990424.603,000009.864,27477459.628
2021-10-23T14:00:02.271Z,-USD,00009.5714,00010.1628,00009.3877,979432.072,00009.9077,27518443.519
2021-10-31T18:00:08.706Z,-USD,00009.8169,00000010.1,00009.4847,757722.676,00009.9086,28608223.146
2021-10-31T19:00:01.791Z,-USD,00009.9885,00000010.1,00009.4847,0770619.84,00009.9901,28655104.95
2021-10-31T20:00:01.778Z,-USD,00010.0012,00010.1095,00009.4847,839446.113,00010.0151,28739173.561
2021-10-31T21:00:02.684Z,-USD,00009.9348,00010.1095,00009.4847,872898.833,00009.9712,28781104.97
2021-10-31T22:00:01.709Z,-USD,00010.0376,00010.1839,00009.4847,863517.719,00010.1543,28828859.456
2021-10-31T23:00:03.094Z,-USD,00009.8312,00010.1839,00009.4847,890975.639,00010.0934,28878601.245
2021-11-01T00:00:04.868Z,-USD,00009.8689,00010.1839,00009.4847,905624.839,00010.0723,28916235.585
2021-11-01T01:00:04.338Z,-USD,00009.9741,000010.212,00009.4847,0941259.67,00010.2004,27692821.273
2021-11-01T02:00:03.854Z,-USD,00009.8791,00010.2283,00009.4847,956851.117,00010.0544,27740717.199
2021-11-01T03:00:03.703Z,-USD,00009.9713,00010.2283,00009.4847,944492.413,00009.9739,27771951.425
2021-11-01T04:00:13.388Z,-USD,00010.0153,00010.2283,00009.4847,0949387.61,00009.7964,27784566.769
2021-11-01T05:00:07.284Z,-USD,00010.0296,00010.2283,00009.4847,945568.349,00009.8258,27797685.554
2021-11-01T06:00:06.049Z,-USD,00009.9017,00010.2283,00009.4847,931260.979,00009.8608,27807492.481
2021-11-01T07:00:06.388Z,-USD,00009.8415,00010.2283,00009.4847,935567.439,00009.8864,27831813.113
2021-11-01T08:00:02.266Z,-USD,00009.8927,00010.3364,00009.4847,1005799.804,00010.3364,27908804.407
2021-11-01T09:00:01.782Z,-USD,00009.7509,000010.381,00009.4847,1028679.508,00010.2883,27950115.531
2021-11-01T10:00:02.202Z,-USD,00009.7052,000010.381,00009.4847,1035905.921,00010.2381,27974462.539
2021-11-01T11:00:03.213Z,-USD,00009.6927,00010.4389,00009.4847,1074356.449,00010.2779,28025360.611
2021-11-01T12:00:02.513Z,-USD,00009.5657,00010.4389,00009.4847,1089781.286,00010.1871,28056329.738
2021-11-01T13:00:02.256Z,-USD,00009.6298,00010.4389,00009.4847,1109332.662,00010.2451,28101054.318
2021-11-01T14:00:02.194Z,-USD,00009.6387,00010.4389,00009.5688,1127602.43,00010.3871,28142100.833
2021-11-01T15:00:02.248Z,-USD,00009.6748,00010.5721,000009.654,1181454.953,00010.2517,28217887.215
2021-11-01T16:00:01.801Z,-USD,00009.7222,00010.5721,00009.6571,1219392.797,00010.3554,28306558.04
2021-11-01T17:00:03.98Z,-USD,00009.8275,00010.5721,00009.6616,1211736.495,00010.2988,28354780.53
2021-11-01T18:00:02.944Z,-USD,00009.9072,00010.5721,00009.6616,1094286.484,00010.2667,28397301.599
2021-11-01T19:00:02.167Z,-USD,00009.9717,00010.5721,00009.6616,1079896.465,000010.199,28430306.352
2021-11-01T20:00:02.283Z,-USD,00010.0579,00010.7241,00009.6616,1123374.85,00010.6201,28557524.888
2021-11-01T21:00:02.427Z,-USD,00009.9877,00010.8141,00009.6616,1204128.422,00010.5983,28680093.471
2021-11-01T22:00:02.478Z,-USD,00010.1574,00010.8141,00009.6616,1244307.183,00010.3669,28768169.839
2021-11-01T23:00:03.419Z,-USD,00010.0743,00010.8141,00009.6616,1220199.462,00010.3247,28797655.615
2021-11-02T00:00:01.929Z,-USD,00010.1441,00010.8141,00009.6616,1218195.839,00010.3156,28833428.899
2021-11-02T01:00:01.873Z,-USD,00010.2239,00010.8141,00009.6616,1181696.757,00010.3137,27775505.547
2021-11-02T02:00:01.986Z,-USD,00010.0797,00010.8141,00009.6616,1173139.049,00010.3514,27814398.045
2021-11-02T03:00:01.903Z,-USD,00009.7754,00010.8141,00009.6616,1148700.803,00010.2375,27834900.952
2021-11-02T04:00:02.082Z,-USD,00009.7754,00010.8141,00009.6616,1162072.626,00010.3432,27848272.775
2021-11-02T05:01:03.096Z,-USD,00009.8462,00010.8141,00009.7868,1165448.47,00010.3982,27873346.821
2021-11-02T06:00:02.166Z,-USD,00009.8462,00010.8141,00009.7868,1180708.516,00010.4132,27888606.867
2021-11-02T07:00:01.91Z,-USD,00009.9136,00010.8141,00009.9047,1178361.702,00010.3646,27911194.189
2021-11-02T08:00:01.852Z,-USD,00010.3309,00010.8141,00010.1407,1134222.374,00010.2532,27944124.181
2021-11-02T09:00:01.775Z,-USD,00010.3106,00010.8141,00010.1407,1116660.386,00010.3088,27967454.25
2021-11-02T10:00:01.714Z,-USD,00010.2477,00010.8141,00010.1407,1145670.038,00010.4948,28020566.547
2021-11-02T11:00:04.183Z,-USD,00010.2866,00010.8141,00010.1407,1121469.657,00010.4994,28047138.171
2021-11-02T12:00:01.711Z,-USD,00010.1975,00010.8141,00010.1407,1119258.911,00010.4987,28076439.283
2021-11-02T13:00:02.582Z,-USD,00010.2559,00010.8141,00010.1407,1089246.712,000010.477,28090766.221
2021-11-02T14:00:02.686Z,-USD,00010.3932,00010.8141,00010.1407,1076732.199,00010.6078,28119653.851
2021-11-02T15:00:02.009Z,-USD,000010.269,00010.8141,00010.1407,1027069.243,00010.5626,28145515.578
2021-11-02T16:00:02.22Z,-USD,00010.3842,00010.8141,00010.1407,955142.319,00010.5118,28166247.432
2021-11-02T17:00:03.37Z,-USD,00010.3064,00010.8141,00010.1407,0938562.83,00010.4614,28194180.571
2021-11-02T18:00:02.126Z,-USD,00010.2587,00010.8141,00010.1407,948282.236,000010.454,28246434.6
2021-11-02T19:00:02.42Z,-USD,00010.1816,00010.8141,00010.1581,946032.887,00010.4559,28277078.123
2021-11-02T20:00:01.771Z,-USD,000010.628,00010.8141,00010.2141,838287.593,00010.4877,28296427.065
2021-11-02T21:00:01.886Z,-USD,00010.5977,00010.6433,00010.2141,766949.677,00010.3888,28348299.484
2021-11-02T22:00:02.016Z,-USD,00010.3621,00010.6433,00010.2141,711830.027,00010.3601,28380557.09
2021-11-02T23:00:02.751Z,-USD,000010.321,00010.6433,00010.2141,698157.342,00010.3625,28396438.178
2021-11-03T00:00:02.489Z,-USD,000010.313,00010.6433,00010.2141,688343.006,00010.4247,28422374.922
2021-11-03T01:00:02.616Z,-USD,00010.3283,00010.6433,00010.2176,0681438.71,00010.4701,27556233.017
2021-11-03T02:00:02.352Z,-USD,00010.3571,00010.6433,00010.2176,684094.413,00010.5497,27597523.618
2021-11-03T03:00:02.521Z,-USD,00010.2403,0000010.79,00010.2257,733663.721,00010.7361,27667579.675
2021-11-03T04:00:02.703Z,-USD,00010.3408,00010.8823,00010.2261,808526.286,00010.8163,27755896.595
2021-11-03T05:00:03.72Z,-USD,00010.3918,00010.9124,00010.2261,906299.285,00010.8078,27878904.119
2021-11-03T06:00:02.825Z,-USD,00010.4101,000011.148,00010.2261,1047847.743,00011.1225,28035811.464
2021-11-03T07:00:01.666Z,-USD,00010.3572,00011.2281,00010.2261,1177323.996,00011.0421,28188136.624
2021-11-03T08:00:02.667Z,-USD,00010.2586,00011.4491,00010.2261,1357577.598,00011.4238,28403942.884
2021-11-03T09:00:02.682Z,-USD,00010.3046,00000011.5,00010.2797,1432373.771,00011.3841,28501192.766
2021-11-03T10:00:02.489Z,-USD,00010.4895,00000011.6,00010.3148,1496468.691,00011.3907,28617008.429
2021-11-03T11:00:04.508Z,-USD,00010.4996,00000011.6,00010.3148,1547120.829,00011.3691,28693279.19
2021-11-03T12:00:01.942Z,-USD,000010.508,00000011.6,00010.3148,1578898.469,00011.2583,28755155.648
2021-11-03T13:00:01.863Z,-USD,00010.4922,00000011.6,00010.3148,1673869.941,00010.8824,28864166.544
2021-11-03T14:00:01.998Z,-USD,00010.6063,00000011.6,00010.3148,1794722.343,00010.8203,29013644.776
2021-11-03T15:00:02.207Z,-USD,00010.5645,00000011.6,00010.3148,1875305.896,00011.0817,29119846.629
2021-11-03T16:00:01.68Z,-USD,000010.511,000011.725,00010.3148,2166393.502,00011.5645,29433248.451
2021-11-03T17:00:03.277Z,-USD,000010.476,000011.725,00010.3148,2293634.674,00011.2088,29586844.389
2021-11-03T18:00:01.882Z,-USD,00010.4588,000011.725,00010.3148,2354207.976,000011.418,29700053.922
2021-11-03T19:00:02.278Z,-USD,00010.4492,000011.725,00010.3148,2408140.292,00011.4527,29784604.518
2021-11-03T20:00:02.568Z,-USD,00010.4911,000011.725,00010.3148,2437973.473,00011.2541,29834889.973
2021-11-03T21:00:01.933Z,-USD,00010.3651,000011.725,00010.3148,2432333.714,00011.2124,29882466.41
