Coin on file:	SOL
Created by:	chris
Created on:	09/18/2021T03:00:1631948402Z

Recorded,Currency,Open,High,Low,Volume,Last,Volume30day
2021-09-18T03:00:02.659Z,-USD,000146.449,0000150.04,00000134.1,3795736.854,0000145.55,97598853.033
2021-09-18T04:00:01.983Z,-USD,000148.427,0000150.04,00000134.1,3746677.332,000145.054,97696817.944
2021-09-18T05:00:02.052Z,-USD,000148.946,0000150.04,00000134.1,3764922.108,000147.421,97819856.526
2021-09-18T06:00:02.083Z,-USD,000149.318,000149.387,00000134.1,3787007.458,000146.612,97900270.894
2021-09-18T07:00:02.385Z,-USD,0000146.39,000156.237,00000134.1,3956652.013,000155.769,98140389.049
2021-09-18T08:00:02.626Z,-USD,0000143.31,000158.858,00000134.1,4042314.129,000158.128,98344742.877
2021-09-18T09:00:01.852Z,-USD,0000143.44,0000161.86,00000134.1,4141845.43,000159.067,98537548.757
2021-09-18T10:00:01.968Z,-USD,000138.906,0000161.86,00000134.1,4095505.367,000158.342,98750945.328
2021-09-18T11:00:02.344Z,-USD,000137.331,0000161.86,000136.146,3948475.553,000160.385,98893656.514
2021-09-18T12:00:02.46Z,-USD,000138.854,000164.826,0000137.03,3934330.597,000160.762,99106053.8
2021-09-18T13:00:02.675Z,-USD,000139.974,000164.826,000137.416,3914773.356,000160.512,99272828.685
2021-09-18T14:00:01.88Z,-USD,000138.966,000164.826,000138.556,3925067.546,000162.983,99412393.543
2021-09-18T14:27:57.952Z,-USD,000141.381,000164.826,000138.635,3868356.941,00000162.0,99473639.545
2021-09-18T14:28:37.246Z,-USD,000141.381,000164.826,000138.635,3869714.981,000162.067,99474997.585
2021-09-18T14:31:17.504Z,-USD,000141.381,000164.826,000138.635,3874077.228,000161.883,99479359.832
2021-09-18T15:00:02.118Z,-USD,000141.381,000164.826,000138.635,3957931.727,000161.983,99563214.331
2021-09-18T16:00:02.322Z,-USD,0000144.73,000164.826,000138.635,3917947.065,000163.772,99769039.653
2021-09-18T17:00:02.107Z,-USD,000144.793,000165.503,000138.635,3962664.413,000161.696,99986435.217
2021-09-18T18:00:07.221Z,-USD,000141.255,000165.503,000138.635,3956592.113,000164.049,100162785.947
2021-09-18T19:00:01.787Z,-USD,000141.634,000165.503,00000140.5,3858892.183,000163.908,100300711.453
2021-09-18T20:00:02.515Z,-USD,00000144.7,000165.503,00000140.5,3777499.881,000162.716,100419472.65
2021-09-18T21:00:02.121Z,-USD,000142.116,000165.503,00000140.5,3834584.071,000160.714,100576117.199
2021-09-18T22:00:02.335Z,-USD,0000143.38,000165.503,000143.364,3827236.988,000161.887,100674153.591
2021-09-18T23:00:01.768Z,-USD,000144.908,000165.503,00000144.2,3815048.305,000164.355,100839291.215
2021-09-19T00:00:02.394Z,-USD,000147.619,000171.726,00000144.2,3949116.352,000169.551,101159475.098
2021-09-19T01:00:02.002Z,-USD,000146.035,000171.726,00000144.2,4011348.746,000168.876,99115348.423
2021-09-19T02:00:02.019Z,-USD,000148.001,000171.726,00000144.2,4097255.867,000167.371,99337984.178
2021-09-19T03:00:02.664Z,-USD,000145.507,000171.726,00000144.2,4058326.291,000166.144,99420361.799
2021-09-19T04:00:02.654Z,-USD,000145.013,000171.726,00000144.2,4084364.087,000164.308,99543786.924
2021-09-19T05:00:02.407Z,-USD,000147.507,000171.726,000145.571,4047806.227,000162.634,99632425.238
2021-09-19T06:00:02.187Z,-USD,0000146.45,000171.726,000146.098,4045190.047,000164.371,99708182.591
2021-09-19T07:00:02.005Z,-USD,000155.558,000171.726,000154.446,3861035.772,000161.806,99764876.308
2021-09-19T08:00:02.143Z,-USD,00000157.7,000171.726,0000157.19,3738858.075,0000161.59,99851766.905
2021-09-19T09:00:01.925Z,-USD,000159.052,000171.726,0000157.19,3610622.475,000162.757,99910931.487
2021-09-19T10:00:01.868Z,-USD,000158.307,000171.726,0000157.67,3433140.216,000162.011,99947186.628
2021-09-19T11:00:02.48Z,-USD,000160.717,000171.726,0000157.67,3379864.372,000159.895,100036670.486
2021-09-19T12:00:02.523Z,-USD,000161.028,000171.726,000155.015,3352771.409,000156.262,100222051.003
2021-09-19T13:00:02.684Z,-USD,000160.476,000171.726,000155.015,3288729.12,0000158.84,100325911.595
2021-09-19T14:00:02.607Z,-USD,000163.058,000171.726,000155.015,3279590.321,000159.516,100455650.393
2021-09-19T15:00:02.684Z,-USD,000161.837,000171.726,000155.015,3216069.612,000161.729,100542347.191
2021-09-19T16:00:02.634Z,-USD,000163.853,000171.726,000155.015,3068836.373,0000159.63,100600837.311
2021-09-19T17:00:02.62Z,-USD,000161.433,000171.726,000155.015,2969487.783,000157.273,100718732.07
2021-09-19T18:00:01.7Z,-USD,000163.989,000171.726,000155.015,2857978.401,000156.909,100783510.104
2021-09-19T19:00:01.839Z,-USD,000164.125,000171.726,000155.015,2780335.157,0000157.65,100844921.364
2021-09-19T20:00:01.841Z,-USD,000162.723,000171.726,000153.089,2756985.707,000154.201,100939121.932
2021-09-19T21:00:02.299Z,-USD,000160.301,000171.726,000153.089,2660916.808,000156.301,100999744.227
2021-09-19T22:00:02.24Z,-USD,000161.777,000171.726,000153.089,2597600.72,000154.733,101034421.587
2021-09-19T23:00:02.396Z,-USD,000164.343,000171.726,0000150.66,2578976.405,0000152.01,101181136.389
2021-09-20T00:00:01.696Z,-USD,000169.391,0000171.06,0000150.66,2365137.416,000152.738,101288272.543
2021-09-20T01:00:01.876Z,-USD,000168.812,000168.855,000147.601,2347667.736,000149.323,99902657.931
2021-09-20T02:00:02.151Z,-USD,000167.722,000167.808,000147.601,2248224.67,000151.704,100025370.443
2021-09-20T03:00:02.274Z,-USD,000166.028,000166.342,00000145.0,2340068.139,000146.752,100199297.746
2021-09-20T04:00:02.153Z,-USD,000164.306,000165.218,000142.214,2449572.092,000145.375,100432841.261
2021-09-20T05:00:01.965Z,-USD,000162.496,000164.496,000141.553,2536588.401,000145.034,100607966.619
2021-09-20T06:00:01.919Z,-USD,000164.355,000164.423,000141.553,2546238.412,000145.367,100693421.039
2021-09-20T07:00:02.042Z,-USD,000161.942,000163.593,000141.553,2552004.744,000143.513,100755860.85
2021-09-20T08:00:02.121Z,-USD,000161.704,000163.593,00000137.0,2644331.875,000138.961,100934973.208
2021-09-20T09:00:01.892Z,-USD,000162.919,000163.265,00000137.0,2691743.994,000141.581,101042004.469
2021-09-20T10:00:01.701Z,-USD,000162.012,00000162.7,00000137.0,2722190.487,000139.807,101108254.454
2021-09-20T11:00:02.361Z,-USD,000159.995,000162.259,00000137.0,2775139.282,000140.334,101251333.092
2021-09-20T12:00:02.361Z,-USD,000156.123,000162.259,00000135.0,2823638.696,000137.571,101485079.405
2021-09-20T13:00:02.403Z,-USD,000159.075,000162.259,000130.275,3013267.736,000138.622,101778453.28
2021-09-20T14:00:02.73Z,-USD,000159.583,000162.259,000130.275,3259770.536,000144.862,102154394.603
2021-09-20T15:00:01.832Z,-USD,000161.547,0000162.08,000130.275,3487234.069,000143.118,102468430.032
2021-09-20T16:00:02.357Z,-USD,000159.449,000160.325,000130.275,3579158.029,000144.564,102620501.225
2021-09-20T17:00:02.536Z,-USD,000157.085,000159.189,000130.275,3609040.81,000143.112,102766725.123
2021-09-20T18:00:02.544Z,-USD,000156.988,000159.189,000130.275,3634307.429,0000144.69,102856733.084
2021-09-20T19:00:02.469Z,-USD,000157.649,000158.221,000130.275,3792480.923,000138.097,103076489.166
2021-09-20T20:00:02.434Z,-USD,0000154.35,000156.774,000130.275,4212450.938,000138.613,103590689.247
2021-09-20T21:00:02.46Z,-USD,000156.338,000156.643,000130.275,4304156.108,000137.901,103742814.639
2021-09-20T22:00:02.44Z,-USD,000154.893,000155.188,000130.275,4366320.541,0000138.32,103839740.792
2021-09-20T23:00:02.52Z,-USD,00000151.9,0000154.21,000130.275,4361369.524,000137.071,103981537.569
2021-09-21T00:00:02.956Z,-USD,0000152.81,000153.432,000130.275,4575184.958,000132.256,104302475.064
2021-09-21T01:00:02.191Z,-USD,000149.285,000152.511,00000125.0,4947044.847,000132.301,103930140.939
2021-09-21T02:00:01.777Z,-USD,0000151.54,000151.874,00000125.0,5092639.443,000138.796,104198920.975
2021-09-21T03:00:02.103Z,-USD,0000146.48,000147.461,00000125.0,5061590.849,000139.756,104343519.408
2021-09-21T04:00:02.34Z,-USD,000145.114,000147.461,00000125.0,4946154.967,000136.682,104459384.595
2021-09-21T05:00:02.612Z,-USD,000144.974,000147.461,00000125.0,4876415.428,000135.187,104564909.754
2021-09-21T06:00:02.518Z,-USD,000145.201,000147.461,00000125.0,4922244.02,000137.269,104696077.429
2021-09-21T07:00:02.272Z,-USD,000143.474,000147.461,00000125.0,4950255.941,000141.169,104786409.287
2021-09-21T08:00:02.419Z,-USD,000139.192,000147.461,00000125.0,4881709.197,000142.984,104899760.255
2021-09-21T09:00:02.545Z,-USD,000141.188,000147.461,00000125.0,4865813.93,000143.378,104988910.089
2021-09-21T10:00:02.395Z,-USD,000140.006,000147.461,00000125.0,4873354.195,000141.109,105062817.239
2021-09-21T11:00:02.6Z,-USD,0000140.33,000147.461,00000125.0,4795449.706,000143.685,105127261.013
2021-09-21T12:00:02.507Z,-USD,000137.466,000147.461,00000125.0,4648119.759,000142.699,105213712.766
2021-09-21T13:00:02.679Z,-USD,00000139.0,000147.461,00000125.0,4473911.465,0000140.17,105334840.998
2021-09-21T14:00:01.857Z,-USD,000145.112,000147.461,00000125.0,4214751.34,000140.497,105451377.29
2021-09-21T15:00:02.144Z,-USD,000143.151,000146.274,00000125.0,4067472.284,000136.699,105617140.548
2021-09-21T16:00:02.617Z,-USD,000144.064,000146.125,00000125.0,4017103.073,000138.568,105719060.798
2021-09-21T17:00:03.462Z,-USD,0000143.15,000145.378,00000125.0,04016310.8,0000134.17,105863356.5
2021-09-21T18:00:01.824Z,-USD,000144.714,000145.027,00000125.0,4144136.065,000130.509,106081539.881
2021-09-21T19:00:02.438Z,-USD,000138.335,000144.653,00000125.0,4102007.829,000130.813,106260121.299
2021-09-21T20:00:02.298Z,-USD,000138.681,000144.653,00000125.0,3791996.589,000127.502,106465796.138
2021-09-21T21:00:01.766Z,-USD,000137.878,000144.653,00000121.5,4215282.452,000122.804,107038671.099
2021-09-21T22:00:02.225Z,-USD,000138.197,000144.653,00000116.0,4674508.206,000127.197,107594778.034
2021-09-21T23:00:02.124Z,-USD,000137.127,000144.653,00000116.0,4768146.889,000122.428,107830477.252
2021-09-22T00:00:02.323Z,-USD,000132.622,000144.653,00000116.0,4645840.339,000123.964,108029879.921
2021-09-22T01:00:02.686Z,-USD,000132.332,000144.653,00000116.0,04409616.3,000124.541,106987235.892
2021-09-22T02:00:01.838Z,-USD,000138.776,000144.653,00000116.0,4467749.164,000130.222,107313397.219
2021-09-22T03:00:02.496Z,-USD,000139.515,000144.653,00000116.0,4436132.574,0000129.06,107426036.856
2021-09-22T04:00:01.855Z,-USD,000136.409,000144.653,00000116.0,4437169.626,000128.907,107543135.542
2021-09-22T05:00:01.961Z,-USD,000135.445,000144.653,00000116.0,4454701.612,00000127.8,107665913.308
2021-09-22T06:00:02.356Z,-USD,000137.509,000144.653,00000116.0,4417846.722,000129.767,107760409.622
2021-09-22T07:00:02.359Z,-USD,000141.547,000144.653,00000116.0,4453575.956,000131.995,107886702.908
2021-09-22T08:00:02.458Z,-USD,000143.233,000144.653,00000116.0,4473152.463,000133.129,108020302.079
2021-09-22T09:00:03.657Z,-USD,000143.559,00000144.3,00000116.0,4449017.937,000132.424,108084452.232
2021-09-22T10:00:01.805Z,-USD,000141.167,00000144.3,00000116.0,4438928.038,000132.558,108148530.094
2021-09-22T11:00:02.368Z,-USD,0000143.65,000144.229,00000116.0,4454216.602,000130.637,108227864.389
2021-09-22T12:00:02.378Z,-USD,000142.819,000143.423,00000116.0,4497359.77,00000128.8,108357630.166
2021-09-22T13:00:02.638Z,-USD,000139.781,00000142.0,00000116.0,4461737.439,0000129.74,108451106.084
2021-09-22T14:00:01.835Z,-USD,000140.391,000140.611,00000116.0,4514627.85,000130.963,108613301.128
2021-09-22T15:00:01.945Z,-USD,000136.762,000138.634,00000116.0,4631346.991,000136.759,108897515.312
2021-09-22T16:00:02.268Z,-USD,000138.534,000142.707,00000116.0,5018102.936,000141.829,109383703.12
2021-09-22T17:00:02.156Z,-USD,000134.202,000143.797,00000116.0,5078897.149,000143.337,109588595.431
2021-09-22T18:00:02.557Z,-USD,000130.449,000145.431,00000116.0,5178809.956,000143.384,109907135.626
2021-09-22T19:00:02.158Z,-USD,0000130.62,000152.408,00000116.0,5583699.879,000143.804,110490349.747
2021-09-22T20:00:02.676Z,-USD,0000127.18,000152.408,00000116.0,5588880.445,0000146.32,110703944.516
2021-09-22T21:00:01.933Z,-USD,000123.021,000152.408,00000116.0,5163101.872,000147.082,110849186.339
2021-09-22T22:00:02.514Z,-USD,000127.111,000152.408,000121.339,4799818.012,000146.049,111041092.984
2021-09-22T23:00:02.005Z,-USD,000122.752,000152.408,000121.339,4671226.58,0000147.85,111148567.052
2021-09-23T00:00:03.545Z,-USD,000124.219,000152.408,000122.105,4595923.638,000148.168,111273397.468
2021-09-23T01:00:02.49Z,-USD,000124.766,000152.408,0000123.46,4454106.765,000145.324,109231356.168
2021-09-23T02:00:02.357Z,-USD,000130.497,000152.408,000126.703,4237670.346,000147.302,109337986.21
2021-09-23T03:00:02.712Z,-USD,0000128.87,000152.408,000126.703,4203677.296,000147.119,109416932.914
2021-09-23T04:00:01.926Z,-USD,000128.994,000152.408,000126.703,4188558.618,000148.867,109519059.365
2021-09-23T05:00:02.221Z,-USD,000127.764,000152.408,000127.589,4153092.276,0000147.32,109606285.931
2021-09-23T06:00:02.32Z,-USD,000129.899,000152.408,00000127.7,4121327.517,000147.061,109669108.257
2021-09-23T07:00:03.134Z,-USD,000132.071,000152.408,00000127.7,4043750.977,000149.268,109717814.211
2021-09-23T08:00:02.122Z,-USD,000132.965,000152.408,00000127.7,3962984.613,000151.485,109771178.889
2021-09-23T09:00:02.3Z,-USD,000132.365,000152.477,00000127.7,3966385.653,000149.307,109837788.399
2021-09-23T10:00:02.464Z,-USD,000132.433,000152.477,00000127.7,3969059.337,000147.694,109904470.321
2021-09-23T11:00:05.825Z,-USD,000130.607,000152.477,00000127.7,3985912.871,000146.416,110000949.41
2021-09-23T12:00:02.063Z,-USD,000128.705,000152.477,000128.107,03921774.2,0000144.18,110066636.932
2021-09-23T13:00:02.551Z,-USD,000129.776,000152.477,00000129.0,3888972.193,000145.057,110126937.977
2021-09-23T14:00:01.849Z,-USD,000131.045,000152.477,000130.561,3822106.828,00000147.6,110222346.746
2021-09-23T15:00:02.469Z,-USD,000137.152,000152.477,000136.872,3617068.197,000148.414,110303600.147
2021-09-23T16:00:01.835Z,-USD,000141.842,000152.477,000140.343,3272719.873,000146.144,110444541.166
2021-09-23T17:00:02.388Z,-USD,000143.167,000152.477,000140.965,3155335.123,000146.229,110531277.021
2021-09-23T18:00:01.982Z,-USD,000143.557,000152.477,000142.556,3034448.479,000150.744,110729601.833
2021-09-23T19:00:01.805Z,-USD,000143.912,000152.477,000143.021,2563705.11,000148.913,110843942.432
2021-09-23T20:00:02.516Z,-USD,000146.541,000152.477,000143.021,2416052.039,000149.862,110907308.419
2021-09-23T21:00:02.25Z,-USD,000146.969,000152.477,000143.021,2349426.149,000148.678,110986029.884
2021-09-23T22:00:02.175Z,-USD,0000145.86,000152.477,000143.021,2208296.454,000149.254,111036541.35
2021-09-23T23:00:01.951Z,-USD,000147.734,000152.477,000143.021,2238353.675,000148.272,111174138.071
2021-09-24T00:00:02.48Z,-USD,0000148.19,000152.477,000143.021,2203399.681,0000149.92,111264176.942
2021-09-24T01:00:02.228Z,-USD,000145.469,000152.477,000143.021,2134697.533,000149.138,109702454.249
2021-09-24T02:00:02.084Z,-USD,000147.409,000152.477,000143.021,2104874.098,000146.995,109778908.7
2021-09-24T03:00:01.973Z,-USD,000147.408,000152.477,000143.021,2113997.944,000146.152,109867484.445
2021-09-24T04:00:02.45Z,-USD,000148.773,000152.477,000143.021,2076232.157,000144.897,109931830.385
2021-09-24T05:00:02.206Z,-USD,000147.179,000152.477,000143.021,2060010.574,0000145.42,110002503.549
2021-09-24T06:00:02.643Z,-USD,000147.167,000152.477,00000141.0,2114309.098,000142.936,110119631.255
2021-09-24T07:00:02.623Z,-USD,000149.348,000152.477,00000141.0,2147441.233,000142.639,110201389.898
2021-09-24T08:00:01.884Z,-USD,000151.581,000152.477,00000141.0,2197232.568,000144.788,110304753.326
2021-09-24T09:00:02.126Z,-USD,000149.112,000152.113,00000141.0,2191112.105,0000143.34,110364957.815
2021-09-24T10:00:02.248Z,-USD,0000147.48,000152.113,0000134.15,2311087.576,000134.269,110551593.051
2021-09-24T11:00:02.663Z,-USD,0000146.28,000152.113,000132.733,2410798.01,000133.588,110747938.326
2021-09-24T12:00:02.133Z,-USD,000144.461,000152.113,00000128.0,2619412.655,000135.335,111022110.209
2021-09-24T13:00:02.817Z,-USD,000144.967,000152.113,00000128.0,2736295.388,000132.094,111199238.618
2021-09-24T14:00:02.591Z,-USD,000147.715,000152.113,00000128.0,2856197.928,000136.999,111414700.138
2021-09-24T15:00:02.124Z,-USD,000148.372,000152.113,00000128.0,2992553.509,000139.419,111632400.977
2021-09-24T16:00:01.961Z,-USD,000146.128,000152.113,00000128.0,2976385.355,000137.935,111757008.893
2021-09-24T17:00:02.316Z,-USD,000146.304,000152.113,00000128.0,3011118.169,000137.958,111878389.654
2021-09-24T18:00:02.431Z,-USD,000150.968,000151.434,00000128.0,2925902.456,000138.793,111991905.306
2021-09-24T19:00:02.41Z,-USD,0000148.87,000151.421,00000128.0,2885743.619,000138.673,112065740.751
2021-09-24T20:00:01.732Z,-USD,000149.752,000151.421,00000128.0,2879210.87,000138.332,112123105.273
2021-09-24T21:00:02.101Z,-USD,000148.704,000151.421,00000128.0,3008444.888,0000142.83,112330624.218
2021-09-24T22:00:02.204Z,-USD,000149.238,000151.421,00000128.0,3063540.629,000141.633,112436265.519
2021-09-24T23:00:01.997Z,-USD,000148.236,000151.421,00000128.0,2977255.502,000141.442,112487643.039
2021-09-25T00:00:02.169Z,-USD,00000150.0,000151.421,00000128.0,2948446.222,000139.408,112548714.591
2021-09-25T01:00:02.578Z,-USD,000149.347,000149.634,00000128.0,2920345.519,00000142.0,109515391.829
2021-09-25T02:00:01.928Z,-USD,000147.117,000147.344,00000128.0,2939641.149,000138.939,109611391.208
2021-09-25T03:00:01.987Z,-USD,000146.209,000146.864,00000128.0,2898435.69,000139.071,109658458.424
2021-09-25T04:00:02.605Z,-USD,000144.911,0000146.44,00000128.0,2883377.722,000138.748,109708078.516
2021-09-25T05:00:02.68Z,-USD,0000145.42,0000146.44,00000128.0,2887269.544,000141.753,109782004.264
2021-09-25T06:00:02.668Z,-USD,000142.919,0000146.44,00000128.0,2811264.343,000141.364,109823175.175
2021-09-25T07:00:01.846Z,-USD,000142.561,0000146.44,00000128.0,2770525.697,000143.316,109864235.247
2021-09-25T08:00:01.884Z,-USD,000144.629,0000146.44,00000128.0,2702094.798,000140.067,109899941.419
2021-09-25T09:00:02.034Z,-USD,000143.437,000144.368,00000128.0,2700160.716,000139.872,109958089.301
2021-09-25T10:00:01.83Z,-USD,000134.249,000144.368,00000128.0,2563819.737,000141.553,110009479.023
2021-09-25T11:00:02.586Z,-USD,000133.519,000144.368,00000128.0,2392821.38,000140.942,110033543.666
2021-09-25T12:00:02.497Z,-USD,000134.983,000144.368,000131.003,2162406.125,000140.122,110078586.5
2021-09-25T13:00:02.182Z,-USD,000132.505,000144.368,000131.003,2029974.82,000139.683,110122872.083
2021-09-25T14:00:02.678Z,-USD,000136.955,000144.368,00000135.5,1863711.73,0000139.57,110171586.113
2021-09-25T15:00:02.678Z,-USD,000139.542,000144.368,00000135.5,1713261.858,000137.586,110238264.288
2021-09-25T16:00:01.769Z,-USD,000137.736,000144.368,00000135.5,1632174.819,000138.717,110281719.138
2021-09-25T17:00:02.512Z,-USD,0000137.94,000144.368,00000135.5,1565298.668,000137.626,110336108.698
2021-09-25T18:00:01.743Z,-USD,000139.188,000144.368,00000135.5,1498372.578,000138.289,110383040.508
2021-09-25T19:00:01.831Z,-USD,000138.468,000144.368,00000135.5,1473198.017,0000136.72,110432719.79
2021-09-25T20:00:02.078Z,-USD,0000138.35,000144.368,00000135.5,1444393.637,000137.407,110459801.522
2021-09-25T21:00:02.047Z,-USD,000142.718,0000144.09,00000135.5,1268724.157,000136.608,110492011.555
2021-09-25T22:00:01.967Z,-USD,000141.666,0000144.09,000133.554,1224707.937,0000136.12,110554497.146
2021-09-25T23:00:02.555Z,-USD,000141.124,0000144.09,000133.554,1196289.897,000136.565,110576609.335
2021-09-26T00:00:01.749Z,-USD,000139.272,0000144.09,000133.554,1164414.275,000136.162,110605886.667
2021-09-26T01:00:01.825Z,-USD,000141.843,0000144.09,00000131.0,1175644.997,000132.362,107753723.229
2021-09-26T02:00:02.1Z,-USD,000138.938,0000144.09,000129.625,1197365.192,000130.687,107870900.522
2021-09-26T03:00:01.99Z,-USD,000138.969,0000144.09,00000128.4,1265791.092,000130.771,107985994.967
2021-09-26T04:00:02.515Z,-USD,000138.659,0000144.09,00000128.4,1260672.872,000131.006,108030711.578
2021-09-26T05:00:01.75Z,-USD,000141.629,0000144.09,00000128.4,1226908.546,000131.167,108070963.098
2021-09-26T06:00:02.535Z,-USD,000141.338,0000144.09,00000128.4,1226445.198,000130.655,108111649.886
2021-09-26T07:00:02.664Z,-USD,0000143.15,000143.337,00000128.4,1225609.868,0000129.92,108152194.935
2021-09-26T08:00:02.631Z,-USD,000140.154,000142.293,00000125.0,1331767.876,000127.016,108293605.652
2021-09-26T09:00:02.674Z,-USD,000139.788,000142.293,00000125.0,1344705.143,000128.387,108364795.687
2021-09-26T10:00:01.845Z,-USD,000141.749,000142.113,00000125.0,1408032.994,000134.859,108479299.427
2021-09-26T11:00:01.798Z,-USD,000141.032,000141.042,00000125.0,1427836.476,000133.697,108523133.676
2021-09-26T12:00:02.079Z,-USD,000140.154,000140.833,00000125.0,1416365.818,000135.105,108556763.766
2021-09-26T13:00:02.198Z,-USD,000139.568,000140.591,00000125.0,1421026.591,000137.401,108605748.294
2021-09-26T14:00:02.218Z,-USD,000139.263,000139.399,00000125.0,1412260.576,000135.859,108645931.566
2021-09-26T15:00:02.375Z,-USD,000137.376,000139.399,00000125.0,1391727.803,0000136.76,108691885.767
2021-09-26T16:00:02.518Z,-USD,000138.714,000140.338,00000125.0,1427363.296,000139.911,108770895.598
2021-09-26T17:00:02.496Z,-USD,000137.628,000140.888,00000125.0,1428632.04,000138.415,108826570.264
2021-09-26T18:00:01.767Z,-USD,000138.248,000140.888,00000125.0,1434886.592,000137.072,108879841.309
2021-09-26T19:00:01.978Z,-USD,0000136.78,000140.888,00000125.0,1414651.628,0000136.88,108909114.866
2021-09-26T20:00:02.12Z,-USD,00000137.4,000140.888,00000125.0,1421503.206,000136.213,108943288.365
2021-09-26T21:00:02.114Z,-USD,000136.565,000140.888,00000125.0,1431772.058,000138.694,108985586.516
2021-09-26T22:00:02.208Z,-USD,000135.895,000140.888,00000125.0,1394374.237,0000137.22,109010707.286
2021-09-26T23:00:02.421Z,-USD,000136.605,000140.888,00000125.0,1442598.234,000136.014,109081046.58
2021-09-27T00:00:02.585Z,-USD,000136.109,000140.888,00000125.0,1490073.33,000135.716,109158098.563
2021-09-27T01:00:01.792Z,-USD,00000132.5,000140.888,00000125.0,1473616.474,000138.155,107135972.842
2021-09-27T02:00:01.815Z,-USD,000130.686,000143.249,00000125.0,1467151.555,000142.687,107245961.647
2021-09-27T03:00:01.926Z,-USD,000130.825,000143.249,00000125.0,1425128.898,0000140.68,107318501.238
2021-09-27T04:00:02.541Z,-USD,000131.111,000143.249,00000125.0,1415942.511,000139.084,107353854.56
2021-09-27T05:00:02.144Z,-USD,000131.137,000143.249,00000125.0,1402128.907,0000138.89,107380318.138
2021-09-27T06:00:02.117Z,-USD,000130.595,000143.249,00000125.0,1396780.338,00000141.4,107415658.519
2021-09-27T07:00:02.227Z,-USD,000129.901,000143.249,00000125.0,1403233.207,000138.031,107462847.998
2021-09-27T08:00:02.214Z,-USD,000127.095,000143.249,000125.914,1285528.064,000138.508,107488237.394
2021-09-27T09:00:02.262Z,-USD,000128.474,000143.249,000127.424,1245377.976,000142.501,107517394.635
2021-09-27T10:00:02.303Z,-USD,000134.982,000146.163,000132.693,1267842.499,000143.045,107654835.758
2021-09-27T11:00:01.866Z,-USD,000133.366,000148.397,000133.352,1313185.124,000147.013,107743777.8
2021-09-27T12:00:01.882Z,-USD,000135.241,00000149.0,000133.352,1376523.293,000147.459,107840544.137
2021-09-27T13:00:02.11Z,-USD,000137.519,00000149.0,000133.352,1428434.481,000146.068,107941408.507
2021-09-27T14:00:02.199Z,-USD,000135.908,00000149.0,000133.352,1459879.098,000145.003,108013007.99
2021-09-27T15:00:02.738Z,-USD,000136.747,00000149.0,000133.352,1511385.789,000143.957,108110811.751
2021-09-27T16:00:02.049Z,-USD,000140.148,00000149.0,000133.352,1497998.016,000145.469,108176984.279
2021-09-27T17:00:02.063Z,-USD,000138.522,00000149.0,000133.352,1555394.36,000141.706,108289187.261
2021-09-27T18:00:02.964Z,-USD,000136.766,00000149.0,000133.352,1575469.508,00000143.0,108362720.44
2021-09-27T19:00:02.296Z,-USD,000136.853,00000149.0,000133.352,1617135.805,000142.445,108433521.631
2021-09-27T20:00:02.256Z,-USD,000136.288,00000149.0,000133.352,1653078.484,0000143.43,108503546.75
2021-09-27T21:00:02.424Z,-USD,000138.642,00000149.0,000133.352,1690050.243,000138.839,108582849.494
2021-09-27T22:00:02.669Z,-USD,000137.206,00000149.0,000133.352,1720190.095,000141.174,108638073.057
2021-09-27T23:00:01.766Z,-USD,000135.669,00000149.0,000133.352,1705770.972,000140.475,108694761.332
2021-09-28T00:00:02.209Z,-USD,000135.632,00000149.0,0000133.75,1726304.759,000136.361,108791603.131
2021-09-28T01:00:02.458Z,-USD,000138.031,00000149.0,0000135.33,1727047.799,000136.981,107480847.73
2021-09-28T02:00:01.85Z,-USD,000142.677,00000149.0,000135.141,1686276.164,000137.197,107551417.289
2021-09-28T03:00:01.975Z,-USD,0000140.75,00000149.0,000135.141,1648882.821,000137.005,107584857.909
2021-09-28T04:00:02.216Z,-USD,000139.281,00000149.0,000135.141,1648161.488,000138.188,107619587.195
2021-09-28T05:00:01.939Z,-USD,000138.738,00000149.0,000135.141,1652347.271,0000138.94,107650374.549
2021-09-28T06:00:02.042Z,-USD,0000141.31,00000149.0,000135.141,1647470.47,000136.905,107680809.515
2021-09-28T07:00:02.341Z,-USD,000138.102,00000149.0,000134.747,1643155.165,000136.373,107723539.507
2021-09-28T08:00:02.528Z,-USD,000138.258,00000149.0,000132.412,1676950.667,0000133.75,107782888.523
2021-09-28T09:00:02.378Z,-USD,000142.758,00000149.0,000132.412,1686174.633,000134.969,107821575.808
2021-09-28T10:00:02.386Z,-USD,000143.332,00000149.0,000132.412,1584232.637,000134.819,107856650.975
2021-09-28T11:00:02.074Z,-USD,000147.017,00000149.0,000132.412,1546165.313,000134.433,107907590.65
2021-09-28T12:00:02.338Z,-USD,000147.367,000148.368,000132.412,1482876.707,000135.833,107941167.591
2021-09-28T13:00:02.449Z,-USD,000145.805,00000148.0,000132.412,1452990.872,000133.506,108013432.481
2021-09-28T14:00:02.665Z,-USD,000145.174,00000148.0,000132.412,1461233.598,000134.322,108091895.012
2021-09-28T15:00:01.936Z,-USD,000144.344,000146.256,000131.814,1469649.898,000132.681,108198247.245
2021-09-28T16:00:02.569Z,-USD,000145.384,000145.542,000130.225,1509820.026,000130.578,108304590.224
2021-09-28T17:00:02.866Z,-USD,000141.863,0000144.49,00000129.5,1480822.881,000130.117,108387774.281
2021-09-28T18:00:02.31Z,-USD,000143.129,0000144.49,00000128.7,1485606.931,000129.279,108466254.347
2021-09-28T19:00:02.452Z,-USD,000142.575,0000144.49,000128.167,1485557.128,000131.048,108536615.462
2021-09-28T20:00:02.524Z,-USD,000143.328,0000143.34,000128.167,1469591.817,000130.923,108590659.029
2021-09-28T21:00:02.277Z,-USD,000138.821,000142.471,000128.167,1439980.872,000132.048,108640327.456
2021-09-28T22:00:01.703Z,-USD,000141.071,000142.471,000128.167,1431231.862,000134.087,108686783.379
2021-09-28T23:00:02.446Z,-USD,000140.424,000140.426,000128.167,1409277.375,000132.307,108721837.883
2021-09-29T00:00:02.799Z,-USD,000136.378,000139.484,000128.167,1352303.115,0000132.25,108761647.553
2021-09-29T01:00:02.151Z,-USD,000137.268,000139.484,000128.167,1438461.44,000136.031,104129412.01
2021-09-29T02:00:01.875Z,-USD,000137.137,000139.484,000128.167,1441337.706,000135.498,104201646.368
2021-09-29T03:00:02.624Z,-USD,000136.974,000139.484,000128.167,1465053.887,000137.683,104258588.235
2021-09-29T04:00:02.225Z,-USD,000138.217,000139.484,000128.167,1483324.829,000138.746,104311534.813
2021-09-29T05:00:01.856Z,-USD,000138.874,000139.801,000128.167,1522415.54,000138.598,104381382.739
2021-09-29T06:00:02.48Z,-USD,000136.991,000139.962,000128.167,1532504.679,000139.955,104421905.511
2021-09-29T07:00:02.046Z,-USD,0000136.42,000140.098,000128.167,1522879.428,000139.459,104455337.095
2021-09-29T08:00:02.639Z,-USD,000133.658,000140.098,000128.167,1489305.523,000139.756,104480830.78
2021-09-29T09:00:02.32Z,-USD,000135.128,000140.098,000128.167,1494350.349,000137.822,104524563.575
2021-09-29T10:00:02.706Z,-USD,000134.823,000140.098,000128.167,1513411.917,000137.872,104578642.458
2021-09-29T11:00:03.436Z,-USD,000134.476,000140.098,000128.167,1529124.125,000139.412,104645649.702
2021-09-29T12:00:02.427Z,-USD,000135.885,000140.098,000128.167,1595713.449,000139.593,104745794.957
2021-09-29T13:00:02.041Z,-USD,000133.731,000140.156,000128.167,1647602.472,000137.606,104869797.881
2021-09-29T14:00:02.192Z,-USD,000134.157,000140.156,000128.167,1630239.901,000137.773,104930776.379
2021-09-29T15:00:02.089Z,-USD,000132.685,000140.156,000128.167,1583826.782,000137.095,104990796.112
2021-09-29T16:00:01.756Z,-USD,000130.422,000140.156,000128.167,1561426.417,000135.435,105075648.003
2021-09-29T17:00:02.569Z,-USD,000130.125,000140.156,000128.167,1554897.138,000134.455,105151844.426
2021-09-29T18:00:02.127Z,-USD,000129.206,000140.156,000128.167,1533246.229,000133.059,105208501.597
2021-09-29T19:00:01.734Z,-USD,000131.032,000140.156,000128.923,1542121.346,000133.299,105287880.752
2021-09-29T20:00:02.534Z,-USD,000131.062,000140.156,000130.158,1557071.703,000131.913,105356551.944
2021-09-29T21:00:02.245Z,-USD,000131.999,000140.156,000130.158,1585808.253,000132.853,105434983.117
2021-09-29T22:00:02.118Z,-USD,000134.055,000140.156,000130.158,1607018.113,000134.621,105502442.844
2021-09-29T23:00:02.473Z,-USD,000132.369,000140.156,000130.158,1629016.861,000134.803,105559449.901
2021-09-30T20:00:24.953Z,-USD,000132.046,000142.951,000131.101,1519559.333,000139.429,100318705.724
2021-09-30T21:00:01.877Z,-USD,000132.802,000142.951,000132.668,1507987.745,000138.825,100385548.772
2021-09-30T22:00:01.971Z,-USD,000134.709,000142.951,000133.588,1471266.131,000140.299,100416932.281
2021-09-30T23:00:01.898Z,-USD,000134.879,000142.951,000134.069,1460661.966,000140.833,100462636.762
2021-10-01T00:00:02.236Z,-USD,000135.241,000142.951,000134.069,1465539.807,000141.402,100506222.564
2021-10-01T01:00:02.43Z,-USD,000138.393,0000144.98,000134.069,1446363.078,000143.333,97153529.244
2021-10-01T02:00:01.807Z,-USD,000138.587,0000144.98,000134.069,1404718.26,000142.369,97238945.391
2021-10-01T03:00:02.143Z,-USD,000138.428,0000144.98,000134.069,1392966.353,000139.223,97291555.584
2021-10-01T04:00:01.981Z,-USD,000140.089,0000144.98,000134.069,1352175.944,000139.471,97327411.017
2021-10-01T05:00:01.806Z,-USD,000138.658,0000144.98,000134.069,1284191.025,000139.851,97354417.731
2021-10-01T06:00:01.719Z,-USD,000139.075,0000144.98,000134.069,1264790.256,000141.599,97379956.571
2021-10-01T07:00:02.628Z,-USD,000138.413,0000144.98,000134.069,1244553.325,000141.273,97402335.337
2021-10-01T08:00:02.645Z,-USD,000136.909,0000144.98,000134.069,1235493.658,000142.824,97447533.099
2021-10-01T09:00:02.609Z,-USD,000135.746,0000144.98,000135.253,1201164.204,0000144.04,97483406.606
2021-10-01T10:00:02.404Z,-USD,0000136.31,0000144.98,000135.313,1191360.295,000143.393,97502160.649
2021-10-01T11:00:02.164Z,-USD,00000135.7,0000149.13,000135.374,1249457.602,000147.973,97595315.455
2021-10-01T12:00:02.314Z,-USD,000137.354,000156.247,000136.167,1383191.978,000153.547,97757854.875
2021-10-01T13:00:02.328Z,-USD,000138.436,000156.247,000136.167,1507052.142,000152.185,97923009.843
2021-10-01T14:00:02.419Z,-USD,000137.749,000156.247,000136.167,1536234.62,000149.683,98007878.581
2021-10-01T15:00:02.422Z,-USD,000138.468,000156.247,000136.167,1623939.76,00000154.0,98155829.754
2021-10-01T16:00:02.633Z,-USD,000138.324,000159.394,000136.167,1781617.125,000157.425,98360885.597
2021-10-01T17:00:01.817Z,-USD,000136.951,000159.394,000136.512,1851857.826,000157.902,98475398.451
2021-10-01T18:00:02.137Z,-USD,000137.671,000162.188,000137.472,1941115.53,000160.828,98613667.087
2021-10-01T19:00:02.528Z,-USD,000142.162,00000165.0,000138.019,2021689.485,000163.422,98791283.365
2021-10-01T20:00:02.642Z,-USD,000139.195,00000165.0,000138.019,2028448.646,000162.784,98904729.75
2021-10-01T21:00:01.797Z,-USD,000139.072,00000165.0,000138.242,2084752.394,000161.846,99028625.064
2021-10-01T22:00:01.864Z,-USD,000140.371,00000165.0,000138.242,2122594.48,000161.983,99097045.145
2021-10-01T23:00:01.744Z,-USD,0000140.77,00000165.0,000138.242,2210947.487,0000158.75,99231101.897
2021-10-02T00:00:02.671Z,-USD,000141.358,00000165.0,000138.242,2216461.623,000161.612,99280162.064
2021-10-02T01:00:02.583Z,-USD,000143.179,00000165.0,000138.242,2201654.787,000159.343,96043885.798
2021-10-02T02:00:01.75Z,-USD,000142.391,00000165.0,000138.242,2179309.558,0000159.27,96106971.546
2021-10-02T03:00:01.917Z,-USD,000139.249,00000165.0,000138.242,2181853.997,000159.016,96162192.054
2021-10-02T04:00:02.267Z,-USD,000139.568,00000165.0,000139.107,2218380.058,000156.817,96234369.038
2021-10-02T05:00:01.935Z,-USD,000139.896,00000165.0,000139.484,2259816.85,0000157.57,96302818.206
2021-10-02T06:00:02.018Z,-USD,000141.651,00000165.0,000140.222,2292760.066,000157.489,96361307.443
2021-10-02T07:00:02.099Z,-USD,000141.343,00000165.0,000140.984,2315294.741,000160.125,96406215.086
2021-10-02T08:00:01.754Z,-USD,0000142.76,00000165.0,000142.481,2286567.559,000158.567,96422813.524
2021-10-02T09:00:02.683Z,-USD,000144.079,00000165.0,000142.645,2273022.831,000157.907,96445140.517
2021-10-02T10:00:02.272Z,-USD,000143.471,00000165.0,000142.645,2271654.205,000158.269,96462399.994
2021-10-02T11:00:02.409Z,-USD,000147.992,00000165.0,000146.947,2194701.537,000158.878,96478721.539
2021-10-02T12:00:02.429Z,-USD,000153.425,00000165.0,000149.469,2063312.038,000159.168,96509892.158
2021-10-02T13:00:02.295Z,-USD,000152.054,00000165.0,000149.469,1940319.686,0000161.35,96553640.0
2021-10-02T14:00:02.394Z,-USD,000149.708,00000169.0,000149.471,02004910.9,000167.292,96702112.416
2021-10-02T15:00:02.37Z,-USD,000154.022,00000169.0,000154.022,1956517.151,000167.943,96804466.682
2021-10-02T16:00:02.284Z,-USD,000157.605,000170.721,000155.473,1837832.644,000169.978,96887348.822
2021-10-02T17:00:01.853Z,-USD,000158.295,0000173.87,0000156.24,1891895.801,000172.325,97057029.99
2021-10-02T18:00:01.996Z,-USD,000160.831,000175.064,0000156.24,1880762.213,000173.163,97183045.494
2021-10-02T19:00:03.21Z,-USD,0000163.44,000175.064,0000156.24,1788906.873,000172.288,97268925.141
2021-10-02T20:00:02.449Z,-USD,000162.917,000175.108,0000156.24,1778185.233,000174.967,97371642.626
2021-10-02T21:00:02.484Z,-USD,000161.715,000175.108,0000156.24,1721140.802,000173.438,97438376.004
2021-10-02T22:00:02.619Z,-USD,000162.102,000175.108,0000156.24,1698090.644,000173.412,97484014.678
2021-10-02T23:00:02.232Z,-USD,000158.982,000175.108,0000156.24,1623412.03,000172.178,97544128.204
2021-10-03T00:00:02.159Z,-USD,000161.682,000175.108,0000156.24,1698475.552,000169.025,97667281.884
2021-10-03T01:00:02.643Z,-USD,000159.402,000175.108,0000156.24,1713890.474,000168.033,93178947.343
2021-10-03T02:00:02.455Z,-USD,000159.301,000175.108,0000156.24,1702035.142,000169.313,93232313.071
2021-10-03T03:00:02.212Z,-USD,000158.981,000175.108,0000156.24,1710958.52,000168.392,93294266.914
2021-10-03T04:00:02.056Z,-USD,0000156.79,000175.108,0000156.42,1683878.878,000170.446,93339293.537
2021-10-03T05:00:02.271Z,-USD,000157.672,000175.108,000156.671,1652810.577,000169.586,93376718.757
2021-10-03T06:00:01.704Z,-USD,000157.529,000175.108,000156.671,1648310.775,000172.706,93430643.631
2021-10-03T07:00:02.137Z,-USD,000159.989,000175.108,000156.671,1650480.901,000172.647,93477689.563
2021-10-03T08:00:01.747Z,-USD,000158.559,000175.108,000156.671,1654140.109,000171.833,93497938.649
2021-10-03T09:00:02.23Z,-USD,000158.025,000175.108,000157.308,1651183.519,000172.186,93517691.583
2021-10-03T10:00:01.83Z,-USD,00000158.2,000175.108,000157.308,1666874.264,000170.932,93550273.669
2021-10-03T11:00:02.311Z,-USD,000158.933,000175.108,0000157.34,1669113.155,000169.437,93569774.465
2021-10-03T12:00:02.605Z,-USD,000159.148,000175.108,000158.763,1663607.641,000171.196,93594523.796
2021-10-03T13:00:02.294Z,-USD,000161.738,000175.108,000161.461,1670070.505,000173.886,93647143.686
2021-10-03T14:00:02.107Z,-USD,000167.471,000177.233,000165.148,1607768.067,000177.035,93731368.806
2021-10-03T15:00:01.771Z,-USD,00000168.0,000177.935,000165.537,1579053.052,000175.418,93804708.115
2021-10-03T16:00:02.635Z,-USD,000170.597,000177.935,000165.537,1567883.888,000172.683,93877951.785
2021-10-03T17:00:02.595Z,-USD,000172.926,000177.935,000165.537,1443625.357,000174.298,93922850.868
2021-10-03T18:00:02.164Z,-USD,000173.096,000177.935,000165.537,1386974.398,000176.926,93991828.393
2021-10-03T19:00:02.339Z,-USD,000172.172,000177.935,000165.537,1369534.628,000176.112,94059809.643
2021-10-03T20:00:02.394Z,-USD,000175.022,000177.935,000165.537,1297424.15,000175.901,94090085.08
2021-10-03T21:00:02.153Z,-USD,000173.418,000177.935,000165.537,1279453.46,000174.256,94138944.991
2021-10-03T22:00:02.068Z,-USD,000173.258,000177.935,000165.537,1363803.712,000169.247,94268828.445
2021-10-03T23:00:01.757Z,-USD,000171.739,000177.935,000165.537,1379597.37,000170.831,94345930.58
2021-10-04T00:00:01.766Z,-USD,000169.057,000177.935,000165.537,1326709.922,000172.788,94414993.009
2021-10-04T01:00:01.911Z,-USD,000167.827,000177.935,0000167.05,1304935.193,000170.447,91903433.227
2021-10-04T02:00:02.161Z,-USD,000169.229,000177.935,000167.801,1293780.743,0000170.08,91944579.947
2021-10-04T03:00:02.437Z,-USD,000168.477,000177.935,000167.068,1294879.178,000168.254,92007681.159
2021-10-04T04:00:02.577Z,-USD,000170.695,000177.935,000166.055,1310888.497,000167.429,92069264.737
2021-10-04T05:00:02.206Z,-USD,00000169.6,000177.935,000164.003,1345344.599,000169.406,92140622.305
2021-10-04T06:00:02.478Z,-USD,000172.693,000177.935,000164.003,1322235.005,000167.889,92171562.732
2021-10-04T07:00:02.295Z,-USD,000172.738,000177.935,000164.003,1310173.306,00000167.4,92206620.499
2021-10-04T08:00:02.455Z,-USD,000171.688,000177.935,000164.003,1315614.527,000169.214,92232545.749
2021-10-04T09:00:02.365Z,-USD,000172.087,000177.935,000164.003,1330171.208,000166.978,92266341.146
2021-10-04T10:00:02.176Z,-USD,000171.487,000177.935,000164.003,1329274.061,000167.999,92298225.689
2021-10-04T11:00:02.405Z,-USD,000169.761,000177.935,000164.003,1337095.802,000168.365,92325538.61
2021-10-04T12:00:02.181Z,-USD,000170.949,000177.935,000164.003,1360679.571,0000166.12,92373797.455
2021-10-04T13:00:03.229Z,-USD,000173.783,000177.935,000164.003,1339615.069,000167.156,92405853.695
2021-10-04T14:00:02.249Z,-USD,000177.061,000177.935,000164.003,1341077.758,000171.224,92491519.154
2021-10-04T15:00:02.514Z,-USD,000175.353,00000177.2,000164.003,1384715.047,000165.858,92609754.447
2021-10-04T16:00:01.811Z,-USD,0000172.57,00000177.2,000162.102,1416985.466,000166.123,92715747.117
2021-10-04T17:00:01.975Z,-USD,000174.349,00000177.2,000162.102,1450408.96,00000168.7,92792110.614
2021-10-04T18:00:02.628Z,-USD,000177.011,00000177.2,000162.102,1459292.324,000171.777,92872472.79
2021-10-04T19:00:02.19Z,-USD,000175.937,0000177.05,000162.102,1454042.878,000171.129,92932717.49
2021-10-04T20:00:02.612Z,-USD,00000175.8,000176.138,000162.102,1489729.336,000168.834,92998678.07
2021-10-04T21:00:02.314Z,-USD,000173.518,000173.802,000162.102,1526748.853,00000167.6,93086689.268
2021-10-04T22:00:02.616Z,-USD,000169.385,000173.787,000162.102,1461466.753,000167.148,93149839.037
2021-10-04T23:00:01.945Z,-USD,000170.949,000173.787,000162.102,1456925.933,000166.106,93221821.565
2021-10-05T00:00:01.829Z,-USD,0000173.15,000173.151,000162.102,1441588.924,0000167.16,93275188.85
2021-10-05T01:00:01.97Z,-USD,000169.615,00000172.7,000162.102,1448765.42,000169.897,91505058.635
2021-10-05T02:00:02.235Z,-USD,000170.209,00000172.7,000162.102,1463096.845,000166.332,91560065.664
2021-10-05T03:00:02.364Z,-USD,000168.569,00000172.7,000162.102,1454064.433,000165.577,91616214.016
2021-10-05T04:00:02.384Z,-USD,000167.142,00000172.7,000162.102,1431715.853,000166.654,91652795.473
2021-10-05T05:00:01.837Z,-USD,000170.013,00000172.7,000162.102,1393914.128,000165.342,91687333.788
2021-10-05T06:00:01.692Z,-USD,000167.857,00000172.7,000162.102,1385986.116,000166.729,91710636.34
2021-10-05T07:00:02.624Z,-USD,000167.028,00000172.7,000162.102,1376087.427,000166.664,91734746.084
2021-10-05T08:00:02.359Z,-USD,000169.658,00000172.7,000162.102,01372665.9,000166.361,91757132.215
2021-10-05T09:00:02.454Z,-USD,000167.313,00000172.7,000162.102,1377448.901,000167.193,91795675.821
2021-10-05T10:00:02.347Z,-USD,000168.448,00000172.7,000162.102,1403278.565,000169.644,91853559.522
2021-10-05T11:00:02.138Z,-USD,000168.282,00000172.7,000162.102,1419299.264,000168.424,91897403.962
2021-10-05T12:00:02.334Z,-USD,000165.952,00000172.7,000162.102,1405668.695,000168.192,91931881.552
2021-10-05T13:00:02.277Z,-USD,000167.177,00000172.7,000162.102,1418467.918,000169.044,91975982.603
2021-10-05T14:00:02.345Z,-USD,000171.659,00000172.7,000162.102,1382022.861,000168.922,92025957.176
2021-10-05T15:00:02.507Z,-USD,0000166.39,000172.413,000162.102,1433029.545,000165.199,92197152.317
2021-10-05T16:00:02.682Z,-USD,000166.509,000172.413,00000162.0,1432826.618,000162.382,92300778.656
2021-10-05T17:00:02.625Z,-USD,00000168.7,000172.413,00000160.0,1492325.152,000162.464,92436185.586
2021-10-05T18:00:02.044Z,-USD,000171.952,000172.413,00000160.0,1464192.908,000162.136,92489131.508
2021-10-05T19:00:02.356Z,-USD,0000171.17,000171.546,00000160.0,1466623.541,000162.171,92551268.295
2021-10-05T20:00:02.651Z,-USD,000169.279,0000170.25,00000160.0,1490531.144,000161.744,92641405.642
2021-10-05T21:00:01.92Z,-USD,000167.343,0000170.25,00000160.0,1500105.881,000165.293,92744049.69
2021-10-05T22:00:02.228Z,-USD,000167.299,0000170.25,00000160.0,1515635.797,000164.699,92817171.649
2021-10-05T23:00:02.554Z,-USD,000166.179,0000170.25,00000160.0,1515481.801,000163.796,92889185.919
2021-10-06T00:00:02.48Z,-USD,000167.231,0000170.25,00000160.0,1499200.228,000164.077,92926719.138
2021-10-06T01:00:03.848Z,-USD,000169.666,0000170.25,00000160.0,1459671.001,0000164.19,89853765.645
2021-10-06T02:00:02.558Z,-USD,000166.771,00000170.0,00000160.0,1453833.496,000162.866,89902728.539
2021-10-06T03:00:02.558Z,-USD,000165.635,00000170.0,00000160.0,1465283.555,000161.045,89969653.788
2021-10-06T04:00:02.525Z,-USD,000166.914,00000170.0,000157.978,1526827.588,000158.195,90068575.717
2021-10-06T05:00:02.242Z,-USD,000165.342,00000170.0,000156.482,1632071.11,000158.391,90207984.416
2021-10-06T06:00:02.1Z,-USD,000166.584,00000170.0,000156.482,1699921.568,000157.674,90298366.775
2021-10-06T07:00:01.857Z,-USD,000166.883,00000170.0,000156.482,1732902.995,000156.702,90356039.186
2021-10-06T08:00:01.881Z,-USD,000166.193,00000170.0,0000154.12,1795618.05,000155.943,90440794.796
2021-10-06T09:00:01.785Z,-USD,0000167.13,00000170.0,000151.302,1843476.241,000152.308,90527011.813
2021-10-06T10:00:01.918Z,-USD,000169.813,000169.999,0000150.29,1870263.369,000153.988,90612376.668
2021-10-06T11:00:02.583Z,-USD,000168.229,0000169.79,0000150.29,1887893.451,000154.746,90673316.697
2021-10-06T12:00:02.527Z,-USD,0000168.45,0000169.79,0000150.29,1896543.776,000152.942,90717662.213
2021-10-06T13:00:02.795Z,-USD,000169.171,000169.569,0000150.29,1944266.65,0000154.89,90808878.628
2021-10-06T14:00:02.037Z,-USD,000168.816,000169.447,0000150.29,2078380.046,000157.498,90997796.909
2021-10-06T15:00:01.789Z,-USD,000165.172,000167.146,0000150.29,02102023.9,000160.129,91190580.067
2021-10-06T16:00:02.198Z,-USD,000162.421,000167.146,0000150.29,2071085.601,000161.234,91260088.228
2021-10-06T17:00:02.432Z,-USD,000162.444,000167.146,0000150.29,2024325.807,000161.447,91348407.468
2021-10-06T18:00:02.61Z,-USD,000161.959,000167.146,0000150.29,2021410.625,000159.757,91399486.214
2021-10-06T19:00:02.044Z,-USD,000162.143,000167.146,0000150.29,2006921.644,000160.352,91446369.334
2021-10-06T20:00:02.302Z,-USD,000161.867,000167.146,0000150.29,1962313.488,000160.111,91495094.334
2021-10-06T21:00:02.267Z,-USD,000165.571,000167.146,0000150.29,1976090.638,000154.471,91611102.683
2021-10-06T22:00:02.387Z,-USD,000164.608,000165.527,0000150.29,2031457.474,000155.319,91737759.186
2021-10-06T23:00:02.252Z,-USD,000163.755,000165.527,0000150.29,2091620.944,000153.999,91868731.729
2021-10-07T00:00:02.344Z,-USD,000164.679,000165.527,0000150.29,2138214.751,00000154.1,91953622.798
2021-10-07T01:00:02.619Z,-USD,000164.519,000164.519,0000150.29,2217622.662,000153.077,82871691.715
2021-10-07T02:00:01.765Z,-USD,000162.527,00000162.9,0000150.29,2282682.62,000152.204,82985755.6
2021-10-07T03:00:01.924Z,-USD,000160.979,00000162.9,0000150.29,2307538.478,000152.135,83078381.152
2021-10-07T04:00:01.977Z,-USD,000157.981,00000162.9,0000150.29,2270144.869,000152.249,83143441.736
2021-10-07T05:00:01.982Z,-USD,000158.434,00000162.9,0000150.29,2223529.438,0000155.86,83232419.71
2021-10-07T06:00:02.06Z,-USD,000157.664,00000162.9,0000150.29,2179092.675,000155.403,83278579.333
2021-10-07T07:00:02.06Z,-USD,0000156.56,00000162.9,0000150.29,2155759.725,000154.322,83315365.94
2021-10-07T08:00:01.954Z,-USD,000155.987,00000162.9,0000150.29,2129264.981,000159.236,83370442.707
2021-10-07T09:00:02.462Z,-USD,000152.028,00000162.9,0000150.29,2101547.245,000159.058,83428922.376
2021-10-07T10:00:01.882Z,-USD,0000153.78,00000162.9,0000150.35,2066876.354,000157.038,83482519.753
2021-10-07T11:00:02.552Z,-USD,000154.396,00000162.9,0000150.35,2051642.931,000156.193,83525505.759
2021-10-07T12:00:02.381Z,-USD,000152.938,00000162.9,0000150.35,2064110.154,00000158.0,83581884.783
2021-10-07T13:00:02.003Z,-USD,000155.118,00000162.9,0000150.35,2077857.966,000158.637,83686993.481
2021-10-07T14:00:02.354Z,-USD,000157.336,00000162.0,0000150.35,1952272.87,000159.973,83754889.128
2021-10-07T15:00:02.174Z,-USD,000160.195,00000162.0,0000150.35,1876498.116,000155.025,83867661.834
2021-10-07T16:00:02.337Z,-USD,000160.827,00000161.7,0000150.35,1876593.533,000155.768,83938078.953
2021-10-07T17:00:02.827Z,-USD,000161.025,00000161.5,0000150.35,1863499.789,000154.386,84012307.874
2021-10-07T18:00:02.286Z,-USD,0000159.64,00000161.5,0000150.35,1879416.16,000155.027,84079098.889
2021-10-07T19:00:02.466Z,-USD,00000159.8,00000161.5,0000150.35,1896778.937,0000154.91,84143848.583
2021-10-07T20:00:02.612Z,-USD,000159.876,00000161.5,0000150.35,1903785.04,000155.822,84199771.005
2021-10-07T21:00:02.671Z,-USD,000154.863,00000161.5,0000150.35,1882551.892,000157.067,84295487.649
2021-10-07T22:00:02.414Z,-USD,000155.448,00000161.5,0000150.35,1800634.334,000157.355,84341695.513
2021-10-07T23:00:01.81Z,-USD,0000153.83,00000161.5,0000150.35,1748231.49,000156.445,84418760.09
2021-10-08T00:00:02.056Z,-USD,000153.949,00000161.5,0000150.35,1709515.06,000154.324,84463572.315
2021-10-08T01:00:02.337Z,-USD,0000153.02,00000161.5,0000150.35,1624484.291,000156.294,77741763.617
2021-10-08T02:00:02.461Z,-USD,000152.451,00000161.5,0000151.55,1546792.088,000156.444,77776355.358
2021-10-08T03:00:02.42Z,-USD,000152.272,00000161.5,00000151.9,1496887.061,000154.156,77819735.568
2021-10-08T04:00:02.64Z,-USD,000152.104,00000161.5,00000151.9,1481686.193,000154.156,77869043.432
2021-10-08T05:00:02.097Z,-USD,000155.918,00000161.5,000152.645,1434419.553,000153.945,77910409.984
2021-10-08T06:00:02.779Z,-USD,000155.468,00000161.5,000152.368,1417996.508,000155.141,77940340.474
2021-10-08T07:00:01.68Z,-USD,0000153.95,00000161.5,000152.368,1400033.607,000154.867,77959471.194
2021-10-08T08:00:02.649Z,-USD,000158.559,00000161.5,000152.368,1390505.263,00000158.6,78008434.156
2021-10-08T09:00:01.806Z,-USD,00000158.7,00000161.5,000152.368,1424659.817,000160.842,78097090.977
2021-10-08T10:00:02.664Z,-USD,000157.168,00000161.5,000152.368,1396556.841,000158.894,78122867.012
2021-10-08T11:00:02.738Z,-USD,000156.092,000165.846,000152.368,1413666.341,000164.933,78183083.606
2021-10-08T12:00:01.729Z,-USD,000157.841,000166.661,000152.368,1423423.202,000162.681,78249936.135
2021-10-08T13:00:01.748Z,-USD,00000158.9,000166.661,000152.368,1433306.724,0000164.52,78364295.338
2021-10-08T14:00:01.788Z,-USD,000159.955,000166.661,000152.368,1533372.315,000164.727,78532931.528
2021-10-08T15:00:01.932Z,-USD,000154.944,000168.635,000152.368,1588149.931,000167.144,78700499.021
2021-10-08T16:00:01.733Z,-USD,000156.022,00000169.0,000152.368,1679201.457,000166.592,78861419.562
2021-10-08T17:00:02.074Z,-USD,000154.275,00000169.0,000152.368,1686872.396,000167.532,78942837.411
2021-10-08T18:00:02.349Z,-USD,000155.099,00000169.0,000152.368,1719588.305,000163.513,79042786.877
2021-10-08T19:00:02.991Z,-USD,000154.978,00000169.0,000152.368,1693912.604,000165.475,79082191.479
2021-10-08T20:00:02.668Z,-USD,000156.216,00000169.0,000152.368,1701032.727,000163.346,79144517.206
2021-10-08T21:00:01.935Z,-USD,000157.022,00000169.0,000152.368,1683897.982,0000160.14,79223281.614
2021-10-08T22:00:02.123Z,-USD,0000157.03,00000169.0,000152.368,1684238.791,000161.256,79270728.208
2021-10-08T23:00:02.58Z,-USD,000156.394,00000169.0,000152.368,01656749.1,000161.056,79319272.749
2021-10-09T00:00:01.744Z,-USD,000154.355,00000169.0,000152.368,1679421.471,00000158.9,79386549.644
2021-10-09T01:00:01.779Z,-USD,000155.966,00000169.0,000152.368,1701463.261,000159.342,72906972.251
2021-10-09T02:00:01.757Z,-USD,000156.028,00000169.0,000152.368,1712160.344,000157.076,72952067.774
2021-10-09T03:00:01.973Z,-USD,000154.069,00000169.0,000152.368,1692882.29,000158.545,72976522.679
2021-10-09T04:00:02.461Z,-USD,000154.419,00000169.0,000152.368,1682102.164,0000159.95,73014436.686
2021-10-09T05:00:02.076Z,-USD,000154.094,00000169.0,000152.368,1666132.307,000160.693,73041032.644
2021-10-09T06:00:02.058Z,-USD,000155.153,00000169.0,000153.587,1673255.003,000160.289,73077040.13
2021-10-09T07:00:01.978Z,-USD,000154.671,00000169.0,000154.407,1685226.277,000159.841,73108448.883
2021-10-09T08:00:01.965Z,-USD,000158.775,00000169.0,000156.166,1664503.91,000159.319,73136708.828
2021-10-09T09:00:01.831Z,-USD,000160.961,00000169.0,000156.166,1600362.714,000158.187,73161153.836
2021-10-09T10:00:01.974Z,-USD,000158.804,00000169.0,000156.166,1587882.861,000159.327,73174128.953
2021-10-09T11:00:02.63Z,-USD,000164.688,00000169.0,000156.166,1545128.849,000159.427,73192633.151
2021-10-09T12:00:02.557Z,-USD,000162.297,00000169.0,000156.166,1503927.822,000158.638,73217468.892
2021-10-09T13:00:02.488Z,-USD,000164.709,00000169.0,000156.166,1414319.447,000158.884,73243331.344
2021-10-09T14:00:02.565Z,-USD,000164.916,00000169.0,000156.166,1273082.068,000159.848,73272008.2
2021-10-09T15:00:02.382Z,-USD,000167.053,00000169.0,000156.166,1177973.592,0000157.83,73343152.993
2021-10-09T16:00:01.741Z,-USD,000166.787,000168.137,000156.166,1088725.516,000158.125,73416482.085
2021-10-09T17:00:02.433Z,-USD,000167.875,000167.875,000156.123,1083325.535,000156.445,73489699.099
2021-10-09T18:00:01.824Z,-USD,000163.451,000165.684,000156.123,1054800.175,000156.919,73563192.136
2021-10-09T19:00:02.075Z,-USD,000165.523,000165.549,000156.123,1066560.927,000157.137,73612701.524
2021-10-09T20:00:01.879Z,-USD,000163.544,000163.544,000156.123,1057348.94,000156.379,73666698.961
2021-10-09T21:00:02.673Z,-USD,000160.254,0000161.96,0000154.23,1061725.468,000156.628,73749230.281
2021-10-09T22:00:02.583Z,-USD,00000161.2,000161.848,0000154.23,1062804.221,000157.664,73797417.35
2021-10-09T23:00:02.295Z,-USD,000160.894,000161.581,0000154.23,1059851.659,000156.962,73843119.418
2021-10-10T00:00:02.547Z,-USD,000158.858,000161.581,0000154.23,1038356.922,000156.804,73888702.319
2021-10-10T01:00:02.553Z,-USD,0000159.56,000161.581,000153.369,1061015.43,000154.165,69954982.39
2021-10-10T02:00:02.552Z,-USD,000157.157,000161.581,000152.551,1090127.417,000153.901,70028965.631
2021-10-10T03:00:01.861Z,-USD,000158.886,000161.581,000152.551,1103905.367,000155.042,70067016.486
2021-10-10T04:00:01.882Z,-USD,000160.079,000161.581,000152.551,1095323.572,000155.489,70096918.088
2021-10-10T05:00:02.18Z,-USD,000160.832,000161.581,000152.551,1089790.936,000156.757,70117400.388
2021-10-10T06:00:02.301Z,-USD,000160.194,0000161.28,000152.551,1069311.599,000156.001,70133783.762
2021-10-10T07:00:02.218Z,-USD,000159.813,000160.886,000152.551,1048528.341,000155.994,70143787.634
2021-10-10T08:00:02.251Z,-USD,000159.249,000160.504,000152.551,1032320.036,000154.995,70155743.056
2021-10-10T09:00:02.179Z,-USD,000158.399,000160.504,000152.551,1019173.152,0000157.68,70167057.103
2021-10-10T10:00:02.269Z,-USD,000159.283,000160.504,000152.551,1023269.786,000155.902,70184149.533
2021-10-10T11:00:02.648Z,-USD,000159.818,000160.504,000152.551,1011960.661,000155.293,70191368.641
2021-10-10T12:00:07.664Z,-USD,0000158.36,000160.249,000152.551,999193.635,000154.624,70203439.335
2021-10-10T13:00:02.71Z,-USD,0000158.81,000160.249,000152.551,993204.191,0000153.96,70223328.994
2021-10-10T14:00:01.793Z,-USD,000159.778,000159.879,000152.551,985350.384,000153.778,70244435.258
2021-10-10T15:00:02.025Z,-USD,000157.769,000158.554,000152.551,931249.093,000153.861,70261660.107
2021-10-10T16:00:02.139Z,-USD,000157.992,000158.554,000152.551,885710.929,000154.491,70290002.44
2021-10-10T17:00:02.385Z,-USD,0000156.43,000158.554,000152.551,847778.866,000153.677,70325602.864
2021-10-10T18:00:02.252Z,-USD,000157.127,000158.554,000152.051,835197.352,000153.528,70385705.624
2021-10-10T19:00:02.349Z,-USD,000157.133,000158.554,000152.051,806297.635,0000153.45,70407705.568
2021-10-10T20:00:02.364Z,-USD,000156.429,000158.554,000152.051,776227.266,000153.618,70430059.602
2021-10-10T21:00:02.48Z,-USD,000156.574,000158.554,000152.051,732933.165,0000152.87,70470024.643
2021-10-10T22:00:02.666Z,-USD,000157.738,000158.554,0000145.67,819160.788,000151.012,70604103.67
2021-10-10T23:00:02.191Z,-USD,000156.928,000158.554,0000145.67,0823637.94,000151.558,70655924.967
2021-10-11T00:00:02.154Z,-USD,000156.783,000158.554,0000145.67,868298.856,000147.904,70744232.759
2021-10-11T01:00:02.527Z,-USD,000153.946,000158.554,0000145.51,0890756.87,000149.179,68208151.849
2021-10-11T02:00:02.635Z,-USD,000153.699,000158.554,0000145.51,882360.765,000150.097,68274094.881
2021-10-11T03:00:02.558Z,-USD,0000154.75,000158.554,0000145.51,882526.947,000149.954,68310997.092
2021-10-11T04:00:01.875Z,-USD,000155.518,000158.554,0000145.51,00899776.5,000151.162,68358427.926
2021-10-11T05:00:02.204Z,-USD,0000156.94,000158.554,0000145.51,921841.872,0000151.94,68400919.96
2021-10-11T06:00:02.139Z,-USD,000156.051,000158.554,0000145.51,925945.335,000151.063,68421234.617
2021-10-11T07:00:02.069Z,-USD,000155.993,000158.554,0000145.51,931440.777,000150.945,68436605.235
2021-10-11T08:00:02.235Z,-USD,000155.043,000158.554,0000145.51,943257.158,0000152.52,68460445.453
2021-10-11T09:00:02.208Z,-USD,000157.459,000158.554,0000145.51,957765.402,000153.322,68486727.058
2021-10-11T10:00:02.067Z,-USD,000155.672,000156.636,0000145.51,952858.172,000151.733,68498513.005
2021-10-11T11:00:02.16Z,-USD,0000155.33,000155.426,0000145.51,972233.125,0000149.47,68525180.076
2021-10-11T12:00:02.145Z,-USD,000154.687,000154.945,0000145.51,1026149.835,000148.775,68592072.717
2021-10-11T13:00:02.285Z,-USD,000154.406,000154.769,0000145.51,1043307.393,000149.167,68628209.673
2021-10-11T14:00:02.568Z,-USD,000153.877,000154.769,0000145.51,1074736.009,000149.134,68680652.912
2021-10-11T15:00:01.913Z,-USD,000153.671,000154.769,0000145.51,1124036.646,0000148.71,68747381.696
2021-10-11T16:00:02.399Z,-USD,000154.582,000154.769,0000145.51,1150682.398,0000147.68,68802195.142
2021-10-11T17:00:02.792Z,-USD,000153.697,0000154.73,0000145.51,1199846.921,000146.307,68887077.034
2021-10-11T18:00:02.105Z,-USD,000153.599,0000154.73,000145.413,1219700.196,000146.289,68967259.416
2021-10-11T19:00:02.186Z,-USD,000153.506,0000154.73,00000143.1,1311422.415,000143.555,69080627.279
2021-10-11T20:00:02.657Z,-USD,000153.534,0000154.73,000141.374,1417430.935,000141.864,69208929.007
2021-10-11T21:00:01.781Z,-USD,000152.922,00000154.0,00000141.0,1484344.037,000141.931,69315988.902
2021-10-11T22:00:02.029Z,-USD,000150.797,00000154.0,000140.175,1419658.301,000142.993,69385402.102
2021-10-11T23:00:02.517Z,-USD,000151.518,00000154.0,000140.175,1428248.359,000144.397,69446446.307
2021-10-12T00:00:01.841Z,-USD,000147.637,00000154.0,000140.175,1380234.409,000144.901,69486283.866
2021-10-12T01:00:02.656Z,-USD,000149.237,00000154.0,000140.175,1337085.799,000143.378,67925142.234
2021-10-12T02:00:02.318Z,-USD,000149.965,00000154.0,000140.175,1345661.825,000145.288,67999731.188
2021-10-12T03:00:01.942Z,-USD,00000150.0,00000154.0,000140.175,1351724.731,000143.053,68042113.362
2021-10-12T04:00:02.146Z,-USD,000151.527,00000154.0,000140.175,1357179.162,000143.023,68097305.914
2021-10-12T05:00:02.04Z,-USD,000151.995,00000154.0,000140.175,1350283.321,000144.899,68130385.146
2021-10-12T06:00:02.041Z,-USD,0000151.12,00000154.0,000140.175,1372428.194,000144.588,68173167.97
2021-10-12T07:00:02.005Z,-USD,000150.967,00000154.0,000140.175,1389835.541,000142.872,68205566.603
2021-10-12T08:00:02.023Z,-USD,000152.348,00000154.0,000140.175,1386016.16,000143.471,68225747.486
2021-10-12T09:00:01.857Z,-USD,000153.504,0000153.59,000140.175,1390404.87,000144.358,68256260.723
2021-10-12T10:00:02.173Z,-USD,0000151.75,000152.074,000140.175,1416797.499,000141.521,68294442.663
2021-10-12T11:00:02.102Z,-USD,00000148.6,0000150.06,000140.175,1439678.61,000141.728,68349564.387
2021-10-12T12:00:04.158Z,-USD,000148.658,0000150.06,000140.175,1408526.411,000142.495,68379792.269
2021-10-12T13:00:02.162Z,-USD,000149.141,0000150.06,0000137.66,1501597.104,00000138.6,68509080.159
2021-10-12T14:00:02.326Z,-USD,000149.161,000149.554,0000137.66,1546407.189,000143.743,68606223.031
2021-10-12T15:00:02.526Z,-USD,000148.731,000148.906,0000137.66,1587675.828,000141.473,68714728.148
2021-10-12T16:00:02.687Z,-USD,000147.845,0000148.12,0000137.66,1624053.289,000143.763,68806098.882
2021-10-12T17:00:02.293Z,-USD,000146.218,000149.996,0000137.66,1718456.35,00000149.6,68985283.431
2021-10-12T18:00:02.619Z,-USD,000146.232,000149.996,0000137.66,1836604.048,000146.853,69183584.556
2021-10-12T19:00:01.827Z,-USD,000143.411,000152.363,0000137.66,1962069.371,000151.497,69422453.719
2021-10-12T20:00:02.18Z,-USD,000141.613,000153.626,0000137.66,2074694.577,000149.985,69663309.334
2021-10-12T21:00:02.512Z,-USD,000141.703,000153.626,0000137.66,2142383.184,000150.251,69838467.532
2021-10-12T22:00:02.088Z,-USD,000143.115,000153.626,0000137.66,2137792.159,000149.902,69902514.752
2021-10-12T23:00:02.493Z,-USD,0000144.37,000153.626,0000137.66,2177201.704,0000150.65,70002885.496
2021-10-13T00:00:01.744Z,-USD,000144.854,000153.626,0000137.66,2270212.886,000152.502,70135770.197
2021-10-13T01:00:02.208Z,-USD,000143.403,000155.549,0000137.66,2372379.822,000153.337,66207836.96
2021-10-13T02:00:02.689Z,-USD,000145.271,000155.549,0000137.66,2370368.078,000150.876,66280470.427
2021-10-13T03:00:01.885Z,-USD,000142.828,000155.549,0000137.66,2374439.329,000151.017,66327034.222
2021-10-13T04:00:01.985Z,-USD,000143.184,000155.549,0000137.66,2368214.647,000149.161,66376349.369
2021-10-13T05:00:02.285Z,-USD,000144.836,000155.549,0000137.66,2359710.354,000149.227,66400415.333
2021-10-13T06:00:02.133Z,-USD,000144.523,000155.549,0000137.66,2382289.068,000146.817,66466242.362
2021-10-13T07:00:02.124Z,-USD,000142.913,000155.549,0000137.66,2394270.467,000146.377,66510448.648
2021-10-13T08:00:02.214Z,-USD,000143.396,000155.549,0000137.66,2416433.952,000145.479,66552501.49
2021-10-13T09:00:02.105Z,-USD,000144.671,000155.549,0000137.66,2424691.245,000146.359,66591368.15
2021-10-13T10:00:02.579Z,-USD,000141.674,000155.549,0000137.66,2408590.618,000146.417,66614031.104
2021-10-13T11:00:02.093Z,-USD,000141.666,000155.549,0000137.66,2374916.475,000146.232,66634834.498
2021-10-13T12:00:02.298Z,-USD,000142.535,000155.549,0000137.66,2368960.688,000146.738,66659065.637
2021-10-13T13:00:01.833Z,-USD,000138.661,000155.549,000138.627,2263549.342,000146.733,66683462.688
2021-10-13T14:00:01.99Z,-USD,000143.482,000155.549,000140.167,2192434.998,000145.017,66709264.245
2021-10-13T15:00:02.007Z,-USD,000141.795,000155.549,000140.167,2127883.662,000146.361,66754460.325
2021-10-13T16:00:02.355Z,-USD,000143.538,000155.549,000142.935,2079799.344,000146.241,66796805.823
2021-10-13T17:00:01.918Z,-USD,000149.484,000155.549,000144.344,1934344.46,000146.302,66834103.093
2021-10-13T18:00:02.304Z,-USD,0000146.79,000155.549,000144.344,1796759.048,000146.752,66891429.175
2021-10-13T19:00:02.617Z,-USD,000151.263,000155.549,000144.344,1616304.203,0000145.35,66951130.436
2021-10-13T20:00:02.707Z,-USD,000150.171,000155.549,000144.344,1430853.225,000145.138,67007697.695
2021-10-13T21:00:02.185Z,-USD,000150.215,000155.549,000144.344,1317730.61,000146.081,67066993.356
2021-10-13T22:00:02.473Z,-USD,000149.409,000155.549,000144.344,1301607.529,000146.502,67115242.588
2021-10-13T23:00:01.978Z,-USD,000150.564,000155.549,000144.344,1265587.359,000148.792,67178959.916
2021-10-14T00:00:02.046Z,-USD,000152.441,000155.549,000144.344,1171152.51,000148.199,67220749.421
2021-10-14T01:00:05.243Z,-USD,0000153.44,000153.542,000144.344,1073368.053,000147.495,63041446.498
2021-10-14T02:00:03.006Z,-USD,000150.991,000152.142,000144.344,1064266.055,000149.455,63103649.756
2021-10-14T03:00:02.7Z,-USD,000151.243,000151.371,000144.344,1082117.657,000149.817,63166936.799
2021-10-14T04:00:02.047Z,-USD,000149.324,000150.978,000144.344,1070268.685,000149.851,63204372.321
2021-10-14T05:00:02.507Z,-USD,000149.274,000150.978,000144.344,1078550.008,000149.474,63236628.047
2021-10-14T06:00:02.568Z,-USD,000146.158,000150.978,000144.344,1031873.365,000149.599,63257415.072
2021-10-14T07:00:02.595Z,-USD,000146.122,000152.141,000144.344,1044217.795,000151.013,63312410.951
2021-10-14T08:00:02.577Z,-USD,0000145.37,000152.141,000144.344,1028123.404,000150.534,63338595.385
2021-10-14T09:00:02.551Z,-USD,000146.035,000152.141,000144.344,1012395.349,000150.966,63361463.541
2021-10-14T10:00:01.905Z,-USD,00000146.3,000152.141,000144.344,1013899.091,00000150.7,63385711.074
2021-10-14T11:00:02.068Z,-USD,000146.383,000152.141,000144.344,1028031.087,000150.736,63420558.631
2021-10-14T12:00:02.265Z,-USD,0000146.91,000154.132,000144.344,1067429.704,000153.824,63484252.808
2021-10-14T13:00:02.14Z,-USD,000146.858,00000155.0,000144.344,1099474.15,000153.532,63540618.301
2021-10-14T14:00:02.068Z,-USD,0000145.18,00000155.0,000144.344,1149344.126,000153.697,63616310.484
2021-10-14T15:00:02.441Z,-USD,000146.484,0000155.65,000144.591,1186507.746,000154.262,63698626.87
2021-10-14T16:00:04.16Z,-USD,000146.359,0000155.65,000144.591,1223386.715,000152.692,63777871.997
2021-10-14T17:00:02.106Z,-USD,000145.763,0000155.65,000144.591,1273023.612,000151.254,63865183.285
2021-10-14T18:00:02.311Z,-USD,000146.877,0000155.65,000144.591,1246813.16,000151.839,63896691.512
2021-10-14T19:00:02.462Z,-USD,000145.283,0000155.65,000144.591,1239923.009,000150.705,63949029.811
2021-10-14T20:00:07.559Z,-USD,000145.025,0000155.65,0000144.75,1231507.25,000149.977,63997164.635
2021-10-14T21:00:10.523Z,-USD,000146.093,0000155.65,000145.821,1214293.803,000149.949,64039027.108
2021-10-14T22:00:14.151Z,-USD,000146.314,0000155.65,000146.288,1194740.836,000150.548,64068476.361
2021-10-14T23:00:12.339Z,-USD,000148.646,0000155.65,000147.318,1163285.292,000150.095,64100099.06
2021-10-15T00:00:17.239Z,-USD,000148.068,0000155.65,000147.318,1147504.375,000149.848,64127633.02
2021-10-15T01:00:12.464Z,-USD,000147.641,0000155.65,0000147.13,1140122.418,000147.761,61577491.753
2021-10-15T02:00:12.334Z,-USD,0000149.71,0000155.65,0000146.75,1125529.852,000148.114,61626454.344
2021-10-15T03:00:11.185Z,-USD,000149.663,0000155.65,0000146.75,1130699.356,000150.377,61693481.253
2021-10-15T04:00:22.641Z,-USD,000149.784,0000155.65,0000146.75,1140014.226,000150.728,61739779.114
2021-10-15T05:00:10.149Z,-USD,000149.296,000156.143,0000146.75,1235741.094,000154.613,61868177.42
2021-10-15T06:00:07.409Z,-USD,000149.444,000156.143,0000146.75,1271971.411,000154.669,61925293.268
2021-10-15T07:00:03.474Z,-USD,000151.079,0000163.33,0000146.75,1399281.352,000161.373,62106992.728
2021-10-15T08:00:03.829Z,-USD,000150.414,0000163.33,0000146.75,1446411.902,0000161.65,62180283.499
2021-10-15T09:00:02.657Z,-USD,000150.927,000165.268,0000146.75,1555199.16,000159.336,62312128.519
2021-10-15T10:00:02.516Z,-USD,000150.513,000165.268,0000146.75,1602113.912,000160.069,62384084.519
2021-10-15T11:00:04.493Z,-USD,000150.741,000165.268,0000146.75,1622233.893,000158.959,62438134.611
2021-10-15T12:00:04.313Z,-USD,000153.939,000165.268,0000146.75,1605401.33,000157.685,62485354.733
2021-10-15T13:00:03.096Z,-USD,000153.326,000165.268,0000146.75,1586746.662,000158.324,62522779.872
2021-10-15T14:00:08.91Z,-USD,000153.835,000165.268,0000146.75,1571576.269,000159.668,62583483.636
2021-10-15T15:00:10.762Z,-USD,000154.201,000165.268,0000146.75,1577678.502,0000160.45,62672596.537
2021-10-15T16:00:10.703Z,-USD,000152.832,000165.268,0000146.75,1556202.023,000159.111,62729895.695
2021-10-15T17:00:09.903Z,-USD,000151.069,000165.268,0000146.75,1543692.853,000162.007,62804868.666
2021-10-15T18:00:08.961Z,-USD,000151.761,000165.268,0000146.75,1570339.819,0000160.97,62862836.315
2021-10-15T19:00:02.023Z,-USD,0000150.86,000165.268,0000146.75,1587722.393,0000161.13,62932532.935
2021-10-15T20:00:02.445Z,-USD,000150.086,000165.268,0000146.75,1601704.931,000160.391,62994210.079
2021-10-15T21:00:02.621Z,-USD,000149.916,000165.268,0000146.75,1644352.288,0000162.36,63078576.557
2021-10-15T22:00:01.816Z,-USD,000150.643,000165.268,0000146.75,1660489.764,000159.244,63124498.958
2021-10-15T23:00:02.561Z,-USD,000150.041,000165.268,0000146.75,1697092.274,000161.815,63192544.415
2021-10-16T00:00:01.776Z,-USD,000150.026,000165.268,0000146.75,1744501.324,000162.787,63267578.54
2021-10-16T01:00:10.841Z,-USD,000147.938,000165.268,0000146.75,1748548.158,000159.974,61269656.053
2021-10-16T02:00:11.121Z,-USD,000148.206,000165.268,000147.262,1757776.934,00000158.5,61327376.071
2021-10-16T03:00:11.374Z,-USD,000150.534,000165.268,000150.388,1723173.709,0000159.56,61360494.162
2021-10-16T04:00:23.43Z,-USD,000150.879,000165.268,000150.879,1705218.426,000158.682,61388439.621
2021-10-16T05:00:09.936Z,-USD,000154.669,000165.268,000152.621,1604397.994,000158.158,61417657.168
2021-10-16T06:00:10.923Z,-USD,000154.816,000165.268,000154.676,1564007.963,000158.995,61432493.825
2021-10-16T07:00:08.629Z,-USD,000161.934,000165.268,00000157.0,1389396.303,000159.477,61442776.002
2021-10-16T08:00:02.213Z,-USD,000161.658,000165.268,00000157.0,1337089.291,000158.375,61461382.963
2021-10-16T09:00:02.128Z,-USD,000159.336,000164.297,00000157.0,1219227.835,000160.477,61476573.794
2021-10-16T10:00:02.706Z,-USD,000159.985,000164.297,000157.088,1173778.113,000161.922,61501400.068
2021-10-16T11:00:03.731Z,-USD,000159.268,000164.766,000157.088,1163497.707,000162.638,61545008.939
2021-10-16T12:00:02.202Z,-USD,000157.909,000164.766,000157.088,1137906.088,000162.523,61566913.813
2021-10-16T13:00:11.501Z,-USD,000158.421,000164.766,000157.577,1141490.476,000159.568,61607521.722
2021-10-16T14:00:11.199Z,-USD,000159.561,000164.766,000157.577,1108397.485,000159.999,61635911.738
2021-10-16T15:00:17.788Z,-USD,000160.487,000164.766,000157.577,1047025.483,000159.673,61663044.446
2021-10-16T16:00:11.248Z,-USD,000159.362,000164.766,000157.577,1018031.964,000159.685,61692183.882
2021-10-16T17:00:10.684Z,-USD,000161.962,000164.766,000157.577,966910.887,000159.939,61715547.09
2021-10-16T18:00:10.018Z,-USD,000161.171,000164.766,000157.577,940219.812,000158.819,61746777.509
2021-10-16T19:00:11.792Z,-USD,000161.182,000164.766,000157.577,888345.883,000158.791,61764790.794
2021-10-16T20:00:10.055Z,-USD,0000160.38,000164.766,000157.577,845646.325,000158.238,61783055.393
2021-10-16T21:00:02.455Z,-USD,000162.376,000164.766,000157.577,782574.396,000158.758,61804325.65
2021-10-16T22:00:02.416Z,-USD,0000159.35,000164.766,000156.578,761324.335,000157.011,61829031.879
2021-10-16T23:00:02.255Z,-USD,000161.807,000164.766,000156.578,720812.358,0000157.94,61856447.909
2021-10-17T00:00:01.695Z,-USD,000163.193,000164.766,000156.578,663501.895,000157.424,61874829.838
2021-10-17T01:00:11.042Z,-USD,000160.027,000164.766,000156.578,634686.686,000159.375,58151966.88
2021-10-17T02:00:11.159Z,-USD,000158.773,000164.766,000156.578,615101.775,000158.949,58188163.658
2021-10-17T03:00:11.036Z,-USD,000159.696,000164.766,000156.578,594089.134,000159.813,58201047.238
2021-10-17T04:00:42.256Z,-USD,00000158.2,000164.766,000156.578,572095.399,000162.943,58235849.708
2021-10-17T05:00:08.356Z,-USD,00000158.2,000164.766,000156.578,654842.499,000162.966,58318596.808
2021-10-17T06:00:09.229Z,-USD,000158.947,000164.766,000156.578,670688.173,000160.967,58348564.493
2021-10-17T07:00:09.424Z,-USD,000159.513,000164.766,000156.578,683589.147,0000163.26,58371896.797
2021-10-17T08:00:08.545Z,-USD,000158.365,00000165.0,000156.578,697242.408,000162.237,58404034.984
2021-10-17T09:00:09.307Z,-USD,000160.594,00000167.5,000156.578,735409.938,000166.593,58457454.76
2021-10-17T10:00:09.766Z,-USD,000161.679,00000167.5,000156.578,740423.855,000165.679,58487305.776
2021-10-17T11:00:10.085Z,-USD,000162.561,00000167.5,000156.578,714742.633,000166.119,58505370.528
2021-10-17T12:00:08.446Z,-USD,000162.252,00000167.5,000156.578,721490.466,000163.721,58533922.766
2021-10-17T13:00:11.507Z,-USD,000159.078,00000167.5,000156.578,712122.341,000164.759,58565239.606
2021-10-17T14:00:09.855Z,-USD,000160.031,00000167.5,000156.578,713735.012,000164.427,58595138.386
2021-10-17T15:00:09.417Z,-USD,000159.619,00000167.5,000156.578,0714231.49,000164.137,58622779.8
2021-10-17T16:00:08.9Z,-USD,000159.636,00000167.5,000156.578,737423.736,000160.972,58675230.432
2021-10-17T17:00:02.403Z,-USD,000159.948,00000167.5,000156.578,757772.673,0000160.58,58718711.623
2021-10-17T18:00:03.747Z,-USD,000158.965,00000167.5,000156.578,749305.214,000159.967,58741571.288
2021-10-17T19:00:01.935Z,-USD,000158.904,00000167.5,000156.578,753435.136,000160.222,58764028.393
2021-10-17T20:00:02.498Z,-USD,000158.252,00000167.5,000156.578,0768598.88,000158.749,58797191.238
2021-10-17T21:00:02.149Z,-USD,000158.789,00000167.5,00000153.2,871568.574,000155.302,58921556.552
2021-10-17T22:00:02.532Z,-USD,000157.054,00000167.5,00000153.2,887349.317,000158.529,58962045.9
2021-10-17T23:00:01.82Z,-USD,000157.993,00000167.5,00000153.2,920322.108,000159.727,59022219.288
2021-10-18T00:00:08.546Z,-USD,000157.615,00000167.5,00000153.2,933939.004,000159.785,59054432.672
2021-10-18T01:00:02.724Z,-USD,000159.161,00000167.5,00000153.2,00945926.0,000161.178,55147841.114
2021-10-18T02:00:01.902Z,-USD,000159.024,00000167.5,00000153.2,945663.039,000161.871,55183808.636
2021-10-18T03:00:01.983Z,-USD,000159.723,00000167.5,00000153.2,964620.096,000161.671,55215654.56
2021-10-18T04:00:02.164Z,-USD,000162.942,00000167.5,00000153.2,974851.735,000159.945,55258939.537
2021-10-18T05:00:01.742Z,-USD,000162.999,00000167.5,00000153.2,913292.369,000160.358,55282838.609
2021-10-18T06:00:01.777Z,-USD,000161.017,00000167.5,00000153.2,898739.492,000161.139,55297309.688
2021-10-18T07:00:01.706Z,-USD,000163.371,00000167.5,00000153.2,886466.489,000160.204,55308439.228
2021-10-18T08:00:02.552Z,-USD,000162.112,00000167.5,00000153.2,867624.988,000159.032,55321488.019
2021-10-18T09:00:02.451Z,-USD,000166.302,000166.819,00000153.2,828634.896,000158.734,55336670.13
2021-10-18T10:00:02.248Z,-USD,000165.594,000166.609,00000153.2,836729.683,000157.167,55374241.522
2021-10-18T11:00:02.559Z,-USD,000165.979,000166.343,00000153.2,851525.678,000158.284,55406778.754
2021-10-18T12:00:02.461Z,-USD,000163.592,000165.484,00000153.2,855724.925,000156.727,55439651.614
2021-10-18T13:00:02.581Z,-USD,000164.685,000165.013,00000153.2,850804.898,000156.969,55465962.547
2021-10-18T14:00:01.943Z,-USD,000164.557,000165.013,00000153.2,881742.626,000159.737,55527222.613
2021-10-18T15:00:02.116Z,-USD,0000164.27,000164.479,00000153.2,0885569.43,000157.576,55558381.061
2021-10-18T16:00:02.353Z,-USD,000160.743,000162.952,00000153.2,869203.661,000157.244,55594459.907
2021-10-18T17:00:01.827Z,-USD,000160.656,000162.952,00000153.2,873681.549,000156.316,55642270.042
2021-10-18T18:00:02.355Z,-USD,000160.028,000162.952,00000153.2,897392.107,000155.608,55688889.542
2021-10-18T19:00:02.229Z,-USD,000160.345,000162.952,00000153.2,925900.294,000157.228,55739889.945
2021-10-18T20:00:02.515Z,-USD,000158.795,000162.952,00000153.2,933837.374,000156.753,55780936.21
2021-10-18T21:00:01.852Z,-USD,000155.225,000162.952,000154.808,829977.548,0000157.17,55801441.365
2021-10-18T22:00:02.585Z,-USD,0000158.54,000162.952,00000155.0,808154.407,000156.415,55820470.466
2021-10-18T23:00:01.997Z,-USD,000159.579,000162.952,00000155.0,774720.347,0000156.66,55846884.342
2021-10-19T00:00:02.07Z,-USD,000160.132,000162.952,00000155.0,770542.635,000157.214,55875175.534
2021-10-19T01:00:02.499Z,-USD,000161.224,000162.952,00000155.0,748643.708,000156.383,53531466.206
2021-10-19T02:00:01.899Z,-USD,0000161.94,000162.291,00000155.0,741547.089,000157.151,53560239.273
2021-10-19T03:00:02.276Z,-USD,000161.632,0000161.75,00000155.0,740585.362,000157.186,53591028.212
2021-10-19T04:00:02.483Z,-USD,000159.924,000161.465,00000155.0,721645.849,000158.794,53615372.7
2021-10-19T05:00:01.823Z,-USD,000160.264,000161.465,00000155.0,721226.686,000158.079,53638862.598
2021-10-19T06:00:02.691Z,-USD,000160.707,000161.465,00000155.0,716948.559,000158.662,53648969.64
2021-10-19T07:00:01.891Z,-USD,000160.161,000161.465,00000155.0,718313.966,000157.036,53661545.062
2021-10-19T08:00:01.966Z,-USD,000158.821,000159.896,00000155.0,00713481.3,000157.829,53669670.005
2021-10-19T09:00:02.439Z,-USD,000158.783,000159.748,00000155.0,707733.528,000157.697,53679134.84
2021-10-19T10:00:02.336Z,-USD,000157.075,000159.748,00000155.0,682451.619,000157.151,53691476.872
2021-10-19T11:00:02.348Z,-USD,000158.154,000159.748,00000155.0,662645.891,0000156.66,53704148.028
2021-10-19T12:00:02.418Z,-USD,000156.902,000159.748,00000155.0,641567.868,000157.025,53716149.931
2021-10-19T13:00:02.461Z,-USD,000157.027,000159.748,00000155.0,635756.961,000157.274,53736780.21
2021-10-19T14:00:02.569Z,-USD,000159.393,000159.748,00000155.0,599344.843,000156.912,53761550.63
2021-10-19T15:00:01.94Z,-USD,000157.322,00000159.4,000154.863,621649.819,0000156.06,53815087.422
2021-10-19T16:00:02.246Z,-USD,000156.714,00000159.4,000154.863,611586.849,000155.643,53844010.544
2021-10-19T17:00:02.619Z,-USD,000156.387,00000159.4,000154.863,597816.788,000155.849,53874898.012
2021-10-19T18:00:02.691Z,-USD,0000155.38,00000159.4,000154.863,599492.827,000156.115,53924014.139
2021-10-19T19:00:02.283Z,-USD,000157.082,00000159.4,000154.863,601896.339,000155.348,53976856.461
2021-10-19T20:00:02.68Z,-USD,000156.733,00000159.4,000154.467,635434.461,000154.664,54051107.946
2021-10-19T21:00:02.531Z,-USD,000157.034,00000159.4,000153.183,685309.289,000153.865,54121562.46
2021-10-19T22:00:02.312Z,-USD,000156.403,00000159.4,000153.183,689458.994,000154.485,54144722.023
2021-10-19T23:00:02.548Z,-USD,0000156.55,00000159.4,000153.183,700992.247,000156.879,54182583.96
2021-10-20T00:00:02.423Z,-USD,000157.125,00000159.4,000153.183,701323.998,000155.921,54211256.402
2021-10-20T01:00:02.584Z,-USD,000156.304,00000159.4,000153.183,707178.306,000156.602,49662511.23
2021-10-20T02:00:02.668Z,-USD,000157.262,00000159.4,000153.183,698680.945,00000156.2,49682415.249
2021-10-20T03:00:02.542Z,-USD,000157.094,00000159.4,000153.183,689924.547,0000156.31,49704518.553
2021-10-20T04:00:02.569Z,-USD,000158.526,00000159.4,000153.183,679145.055,000156.069,49718084.731
2021-10-20T05:00:01.718Z,-USD,000158.041,000159.084,000153.183,667388.235,00000156.2,49729952.846
2021-10-20T06:00:02.82Z,-USD,000158.543,0000158.81,000153.183,677451.956,000155.725,49749946.701
2021-10-20T07:00:02.601Z,-USD,000157.173,000158.064,000153.183,676993.159,000155.999,49762134.835
2021-10-20T08:00:02.315Z,-USD,000157.677,0000157.99,000153.183,686575.301,000156.524,49779788.97
2021-10-20T09:00:02.178Z,-USD,000157.634,0000157.99,000153.183,689756.038,000156.891,49792580.321
2021-10-20T10:00:02.107Z,-USD,000157.142,000158.186,000153.183,694127.527,000157.341,49809308.073
2021-10-20T11:00:04.304Z,-USD,000156.683,0000159.34,000153.183,701952.269,000158.247,49829659.813
2021-10-20T12:00:01.956Z,-USD,000157.076,00000160.2,000153.183,717131.416,000160.175,49856943.556
2021-10-20T13:00:01.795Z,-USD,000157.339,000160.904,000153.183,737044.418,000160.665,49897326.096
2021-10-20T14:00:02.204Z,-USD,0000156.76,000162.141,000153.183,773955.301,000162.082,49959118.846
2021-10-20T15:00:02.133Z,-USD,000156.054,00000164.8,000153.183,820582.964,000164.272,50059411.508
2021-10-20T16:00:02.191Z,-USD,000155.562,00000170.0,000153.183,1005294.799,00000168.7,50272972.306
2021-10-20T17:00:01.752Z,-USD,000155.881,000174.717,000153.183,1202409.674,000171.936,50501214.516
2021-10-20T18:00:02.711Z,-USD,000156.186,000174.717,000153.183,1313782.734,000172.486,50661356.294
2021-10-20T19:00:02.04Z,-USD,000155.348,000174.717,000153.183,1346624.477,000173.832,50747144.617
2021-10-20T20:00:01.881Z,-USD,000154.551,000174.961,000153.183,1356270.816,000173.584,50832447.021
2021-10-20T21:00:02.216Z,-USD,000153.847,000174.961,000153.693,1404274.603,000173.451,50949925.877
2021-10-20T22:00:02.297Z,-USD,0000154.49,000174.961,0000154.49,1455567.43,000172.664,51023860.187
2021-10-20T23:00:01.822Z,-USD,000156.734,000174.961,000155.144,1452693.483,000172.078,51058836.134
2021-10-21T00:00:02.66Z,-USD,000155.852,000176.878,000155.144,1543167.875,000176.829,51178037.908
2021-10-21T01:00:02.187Z,-USD,0000156.55,00000188.0,000155.144,1935323.831,000185.487,46950703.362
2021-10-21T02:00:02.795Z,-USD,000156.209,00000190.0,000155.144,2172788.038,00000183.9,47208005.296
2021-10-21T03:00:02.201Z,-USD,000156.285,00000190.0,000155.144,2355921.064,0000184.46,47413330.071
2021-10-21T04:00:02.146Z,-USD,000155.839,00000190.0,000155.144,2441703.19,000184.209,47513253.512
2021-10-21T05:00:02.629Z,-USD,000156.266,00000190.0,000155.144,2541410.071,000182.814,47624160.888
2021-10-21T06:00:02.524Z,-USD,000155.636,00000190.0,000155.507,2559346.573,000183.189,47662159.227
2021-10-21T07:00:02.385Z,-USD,000155.959,00000190.0,000155.754,2595790.724,000182.933,47710879.564
2021-10-21T08:00:02.232Z,-USD,000156.597,00000190.0,0000155.95,2658211.646,000187.215,47790897.3
2021-10-21T09:00:02.008Z,-USD,000156.851,000193.086,000156.773,2737609.749,000191.285,47883115.178
2021-10-21T10:00:01.763Z,-USD,000157.446,000193.683,000157.341,2797131.573,000191.259,47959284.171
2021-10-21T11:00:02.084Z,-USD,000158.248,000193.683,000157.757,2848745.829,0000191.28,48031270.584
2021-10-21T12:00:01.931Z,-USD,000160.108,000194.415,000159.525,2976533.672,000186.917,48186725.875
2021-10-21T13:00:01.776Z,-USD,000160.674,000194.415,0000160.07,3060814.417,000186.629,48311797.604
2021-10-21T14:00:02.654Z,-USD,0000162.16,000194.415,000161.682,3100057.23,000187.462,48412320.755
2021-10-21T15:00:01.791Z,-USD,000164.129,000194.415,000163.891,3172041.268,000183.951,48585038.173
2021-10-21T16:00:02.014Z,-USD,000168.886,000194.415,000166.897,3187338.958,000182.706,48814578.496
2021-10-21T17:00:02.369Z,-USD,000172.451,000194.415,00000170.0,3091401.266,000181.102,48946870.175
2021-10-21T18:00:02.593Z,-USD,000172.453,000194.415,00000170.0,3000335.083,000181.446,49014811.149
2021-10-21T19:00:02.51Z,-USD,000173.884,000194.415,00000170.0,2997597.363,00000182.4,49097884.1
2021-10-21T20:00:02.655Z,-USD,000173.084,000194.415,00000170.0,03055986.2,000184.265,49242438.75
2021-10-21T21:00:01.929Z,-USD,000173.345,000194.415,000171.088,3052187.357,000184.721,49356816.061
2021-10-21T22:00:02.08Z,-USD,00000172.5,000194.415,000171.088,3074382.718,000188.172,49451198.615
2021-10-21T23:00:02.468Z,-USD,000171.952,000194.415,000171.088,3162154.812,000184.034,49573881.157
2021-10-22T00:00:02.626Z,-USD,000176.759,000194.415,000176.759,3158979.139,000190.351,49690571.377
2021-10-22T01:00:09.309Z,-USD,000185.637,000202.137,00000178.0,3115607.956,000200.048,45473796.096
2021-10-22T02:00:07.275Z,-USD,000184.605,000205.281,00000178.0,3148085.075,000201.597,45760630.525
2021-10-22T03:00:02.234Z,-USD,000184.548,000205.281,00000178.0,3092327.659,00000199.7,45910372.014
2021-10-22T04:00:01.852Z,-USD,000184.194,000205.281,00000178.0,3120758.455,000201.267,46037794.066
2021-10-22T05:00:02.652Z,-USD,0000182.82,000205.281,00000178.0,3105746.615,000202.671,46133544.584
2021-10-22T06:00:02.402Z,-USD,000183.308,000208.233,00000178.0,3189328.411,000205.558,46255231.445
2021-10-22T07:00:02.05Z,-USD,000183.216,000208.233,00000178.0,3197796.219,000202.299,46312522.398
2021-10-22T08:00:01.781Z,-USD,000187.033,000208.233,00000178.0,3152947.693,000203.058,46347796.836
2021-10-22T09:00:02.57Z,-USD,000191.125,000208.233,00000178.0,3095227.999,000203.231,46382188.59
2021-10-22T10:00:02.161Z,-USD,000191.637,000208.233,00000178.0,3070683.954,000204.982,46433629.511
2021-10-22T11:00:02.351Z,-USD,000191.619,000208.233,00000178.0,3050042.162,000203.144,46485113.224
2021-10-22T12:00:01.743Z,-USD,000187.098,000208.233,00000178.0,2939035.935,000204.563,46530305.111
2021-10-22T13:00:02.639Z,-USD,000186.751,000209.295,00000178.0,2903567.865,000209.168,46619657.899
2021-10-22T14:00:02.466Z,-USD,000187.345,0000214.22,00000178.0,3043319.969,000209.771,46859952.944
2021-10-22T15:00:01.819Z,-USD,000183.777,0000214.22,00000178.0,3065342.353,000208.537,47055339.199
2021-10-22T16:00:01.939Z,-USD,000182.675,00000215.0,000180.489,3114041.424,0000206.71,47333947.619
2021-10-22T17:00:02.393Z,-USD,000180.923,00000215.0,000180.747,3208109.841,000208.445,47559045.635
2021-10-22T18:00:02.025Z,-USD,000181.389,00000215.0,000181.159,3297133.424,0000202.89,47715758.743
2021-10-22T19:00:02.161Z,-USD,000182.727,00000215.0,000182.641,3358441.402,000200.768,47860407.647
2021-10-22T20:00:02.173Z,-USD,000184.813,00000215.0,0000182.75,3431072.911,000197.384,48077505.317
2021-10-22T21:00:02.418Z,-USD,000184.503,00000215.0,000183.872,3443449.824,000196.219,48204634.146
2021-10-22T22:00:02.198Z,-USD,000188.056,00000215.0,000183.872,3447698.359,000194.807,48303721.493
2021-10-22T23:00:02.568Z,-USD,000184.113,00000215.0,000184.019,3436480.412,000197.263,48416428.587
2021-10-23T00:00:02.446Z,-USD,000190.501,00000215.0,000188.025,3388388.802,000196.111,48482753.244
2021-10-23T01:00:02.283Z,-USD,0000200.23,00000215.0,000191.726,3102351.21,000197.745,46375571.431
2021-10-23T02:00:02.096Z,-USD,000201.425,00000215.0,000191.726,2861824.692,000196.522,46420154.15
2021-10-23T03:00:02.102Z,-USD,000199.454,00000215.0,000191.726,2815016.996,000202.023,46522702.649
2021-10-23T04:00:02.17Z,-USD,000201.736,00000215.0,000191.726,2733853.376,000203.169,46569437.021
2021-10-23T05:00:02.322Z,-USD,000202.883,00000215.0,000191.726,2691071.427,000203.665,46621794.068
2021-10-23T06:00:02.227Z,-USD,000205.222,00000215.0,000191.726,2613243.605,0000201.14,46665382.81
2021-10-23T07:00:02.1Z,-USD,000202.214,00000215.0,000191.726,2586042.847,000200.988,46695294.321
2021-10-23T08:00:01.833Z,-USD,000203.261,00000215.0,000191.726,2574963.649,000201.465,46719584.156
2021-10-23T09:00:01.76Z,-USD,000203.201,00000215.0,000191.726,2570501.49,000202.457,46749449.726
2021-10-23T10:00:02.585Z,-USD,000204.826,00000215.0,000191.726,2557907.199,000199.899,46788846.022
2021-10-23T11:00:01.767Z,-USD,000202.978,00000215.0,000191.726,2537697.358,000198.811,46819500.057
2021-10-23T12:00:02.463Z,-USD,000204.294,00000215.0,000191.726,2541526.145,000201.919,46869246.983
2021-10-23T13:00:02.387Z,-USD,000209.906,00000215.0,000191.726,2479421.842,000201.402,46903857.566
2021-10-23T14:00:02.271Z,-USD,000209.849,00000215.0,000191.726,2303349.017,000199.172,46961024.418
2021-10-31T18:00:08.706Z,-USD,000192.095,00000202.0,000185.584,1169853.425,000196.072,46114677.561
2021-10-31T19:00:01.791Z,-USD,000193.596,00000202.0,000185.584,1166807.06,000196.975,46145695.236
2021-10-31T20:00:01.778Z,-USD,000194.744,00000202.0,000185.584,1176592.744,000195.979,46187679.992
2021-10-31T21:00:02.684Z,-USD,000193.572,00000202.0,000185.584,1189939.511,000198.359,46231700.15
2021-10-31T22:00:01.709Z,-USD,000192.012,000205.242,000185.584,1333967.659,000204.444,46416790.764
2021-10-31T23:00:03.094Z,-USD,000191.421,000205.264,000185.584,1288990.577,000202.408,46481440.601
2021-11-01T00:00:04.868Z,-USD,000195.924,000205.264,000185.584,1261308.314,000202.899,46519683.263
2021-11-01T01:00:04.338Z,-USD,000195.098,000209.736,000185.584,1360270.197,000207.495,44977100.636
2021-11-01T02:00:03.854Z,-USD,000191.698,000210.203,000185.584,1402680.296,000206.389,45090612.706
2021-11-01T03:00:03.703Z,-USD,000193.325,000210.203,000185.584,1492260.034,0000201.78,45232217.602
2021-11-01T04:00:13.388Z,-USD,000192.062,000210.203,000185.584,1521469.617,000201.334,45290262.063
2021-11-01T05:00:07.284Z,-USD,000192.379,000210.203,000185.584,1583714.55,000203.016,45381299.331
2021-11-01T06:00:06.049Z,-USD,000191.154,000210.203,000185.584,1602291.432,000203.331,45427947.135
2021-11-01T07:00:06.388Z,-USD,000190.121,000210.203,000185.584,1635681.492,000206.812,45488442.459
2021-11-01T08:00:02.266Z,-USD,000190.693,000210.203,000185.584,1722414.252,000209.766,45590739.047
2021-11-01T09:00:01.782Z,-USD,000189.134,000211.687,000185.584,1765574.62,000207.538,45658089.934
2021-11-01T10:00:02.202Z,-USD,000187.916,000211.687,000185.584,1780560.019,000208.147,45698134.758
2021-11-01T11:00:03.213Z,-USD,0000187.52,000211.687,000185.584,1777084.963,000206.826,45730011.645
2021-11-01T12:00:02.513Z,-USD,000186.474,000211.687,000185.584,1784827.94,000204.562,45766236.496
2021-11-01T13:00:02.256Z,-USD,000187.593,000211.687,000185.584,1783278.327,000204.479,45816102.756
2021-11-01T14:00:02.194Z,-USD,0000189.87,000211.687,000188.137,1778735.778,000204.422,45875318.948
2021-11-01T15:00:02.248Z,-USD,000194.686,000211.687,000193.211,1768791.784,000202.346,45936161.789
2021-11-01T16:00:01.801Z,-USD,000195.218,000211.687,000193.211,1684839.705,000203.265,45983483.701
2021-11-01T17:00:03.98Z,-USD,00000197.2,000211.687,0000194.46,1672763.497,000200.718,46045019.925
2021-11-01T18:00:02.944Z,-USD,000196.002,000211.687,0000194.46,1691936.749,000201.749,46108331.444
2021-11-01T19:00:02.167Z,-USD,000196.812,000211.687,000195.044,1734549.729,000199.667,46182006.64
2021-11-01T20:00:02.283Z,-USD,000196.146,000211.687,000195.118,1767379.44,000203.817,46256725.0
2021-11-01T21:00:02.427Z,-USD,000198.367,000211.687,0000197.85,1804697.577,000202.367,46338476.07
2021-11-01T22:00:02.478Z,-USD,000204.374,000211.687,0000197.85,1653385.245,000203.019,46372000.279
2021-11-01T23:00:03.419Z,-USD,000202.194,000211.687,0000197.85,1622713.461,000203.557,46405998.739
2021-11-02T00:00:01.929Z,-USD,000202.673,000211.687,0000197.85,1628136.572,000203.609,46449577.478
2021-11-02T01:00:01.873Z,-USD,000208.349,000211.687,0000197.85,1510812.776,000201.888,45163081.064
2021-11-02T02:00:01.986Z,-USD,000206.161,000211.687,0000197.85,1440817.316,000202.316,45205271.701
2021-11-02T03:00:01.903Z,-USD,000201.108,000211.687,0000197.85,1264657.997,000202.718,45233651.974
2021-11-02T04:00:02.082Z,-USD,000201.108,000211.687,0000197.85,1290793.017,000204.505,45259786.994
2021-11-02T05:01:03.096Z,-USD,000203.449,000211.687,000198.919,1190843.366,000204.579,45292163.696
2021-11-02T06:00:02.166Z,-USD,000203.449,000211.687,000198.919,1212747.338,000205.242,45314067.668
2021-11-02T07:00:01.91Z,-USD,000207.613,000211.687,000198.919,1180425.216,000204.395,45343219.662
2021-11-02T08:00:01.852Z,-USD,0000209.94,000211.687,000198.919,1109494.358,000203.269,45375051.224
2021-11-02T09:00:01.775Z,-USD,000207.416,000210.565,000198.919,1069801.708,000203.847,45401398.74
2021-11-02T10:00:01.714Z,-USD,000208.041,000208.311,000198.919,1062985.126,000206.516,45434316.985
2021-11-02T11:00:04.183Z,-USD,000207.109,000207.652,000198.919,1072659.698,000206.222,45476007.393
2021-11-02T12:00:01.711Z,-USD,000204.952,000208.193,000198.919,1073313.156,0000204.72,45514275.26
2021-11-02T13:00:02.582Z,-USD,000204.375,000208.193,000198.919,1052874.833,000204.861,45542600.894
2021-11-02T14:00:02.686Z,-USD,000203.986,000208.193,000198.919,1025970.481,000206.156,45575782.083
2021-11-02T15:00:02.009Z,-USD,0000202.23,000208.193,000198.919,1015356.701,0000204.83,45625039.282
2021-11-02T16:00:02.22Z,-USD,000204.196,000209.062,000198.919,1040983.148,000208.957,45699359.935
2021-11-02T17:00:03.37Z,-USD,0000200.66,000212.217,000198.919,1155681.076,000211.963,45874970.897
2021-11-02T18:00:02.126Z,-USD,000201.598,0000214.66,000198.919,01246474.4,000214.028,46028166.446
2021-11-02T19:00:02.42Z,-USD,000199.426,000217.151,000198.919,1319206.788,0000212.61,46174524.605
2021-11-02T20:00:01.771Z,-USD,000204.195,000217.896,000200.943,1329635.41,000217.117,46260726.475
2021-11-02T21:00:01.886Z,-USD,000202.527,000218.301,000200.943,1406890.845,000215.865,46419306.88
2021-11-02T22:00:02.016Z,-USD,000202.836,000218.301,000201.024,1439916.138,000214.155,46485390.315
2021-11-02T23:00:02.751Z,-USD,00000203.5,000218.301,000201.024,1466295.598,000214.841,46545782.237
2021-11-03T00:00:02.489Z,-USD,000204.061,000222.428,000201.024,1585888.731,000220.267,46709512.457
2021-11-03T01:00:02.616Z,-USD,000201.969,000224.178,000201.024,1695525.393,000223.651,45416420.101
2021-11-03T02:00:02.352Z,-USD,000202.205,00000230.0,000201.797,1894006.144,000226.693,45657225.47
2021-11-03T03:00:02.521Z,-USD,000202.481,000230.262,000202.369,1991216.535,000227.148,45782491.823
2021-11-03T04:00:02.703Z,-USD,000204.175,00000232.0,000202.637,2086338.407,000228.708,45904575.986
2021-11-03T05:00:03.72Z,-USD,000204.557,00000232.0,000202.637,2145366.817,000224.437,45995162.83
2021-11-03T06:00:02.825Z,-USD,000205.462,00000232.0,000202.637,2196471.623,000229.779,46069118.565
2021-11-03T07:00:01.666Z,-USD,000204.235,00000232.0,000202.637,2222869.92,000227.774,46123900.864
2021-11-03T08:00:02.667Z,-USD,000203.702,000232.822,000202.637,2237275.619,000232.524,46171012.711
2021-11-03T09:00:02.682Z,-USD,000203.659,000232.891,000202.981,2255015.802,000228.089,46214760.66
2021-11-03T10:00:02.489Z,-USD,000206.516,000233.956,000203.896,2265599.541,000233.942,46257778.723
2021-11-03T11:00:04.508Z,-USD,000206.276,000235.236,000203.896,2300886.766,000232.971,46335072.487
2021-11-03T12:00:01.942Z,-USD,000204.555,000235.236,000203.896,2353840.426,000231.685,46425989.076
2021-11-03T13:00:01.863Z,-USD,000204.877,000235.236,000203.896,2419030.546,000226.551,46519867.577
2021-11-03T14:00:01.998Z,-USD,000206.325,000235.236,000203.896,2486123.322,000226.095,46619877.62
2021-11-03T15:00:02.207Z,-USD,000204.725,000235.236,0000204.39,2549439.381,000226.403,46732428.153
2021-11-03T16:00:01.68Z,-USD,000209.092,000235.236,000206.769,2550036.756,000225.719,46808606.769
2021-11-03T17:00:03.277Z,-USD,000212.139,000235.236,000210.541,2483135.987,000222.317,46918905.188
2021-11-03T18:00:01.882Z,-USD,000214.029,000235.236,000211.943,2409036.003,000225.764,46996782.642
2021-11-03T19:00:02.278Z,-USD,000212.524,0000237.13,00000212.3,2484543.198,00000236.5,47217115.26
2021-11-03T20:00:02.568Z,-USD,000217.441,000238.252,00000212.3,2508437.214,000235.097,47328779.458
2021-11-03T21:00:01.933Z,-USD,000215.927,000240.414,00000212.3,2529047.443,000239.438,47508257.681
