Coin on file:	SUSHI
Created by:	chris
Created on:	09/18/2021T03:00:1631948402Z

Recorded,Currency,Open,High,Low,Volume,Last,Volume30day
2021-09-18T03:00:02.659Z,-USD,000014.519,000014.748,000012.106,05933678.8,000012.565,54128126.07
2021-09-18T04:00:01.983Z,-USD,000014.582,000014.748,000012.106,5964186.97,000012.664,54242159.42
2021-09-18T05:00:02.052Z,-USD,000014.662,000014.748,000012.106,5944697.65,000012.824,54395150.79
2021-09-18T06:00:02.083Z,-USD,000014.066,000014.388,000012.106,5280009.09,000013.012,54491064.41
2021-09-18T07:00:02.385Z,-USD,000014.278,000014.388,000012.106,4898466.01,000012.924,54568725.58
2021-09-18T08:00:02.626Z,-USD,000013.948,0000014.21,000012.106,4875142.18,0000012.91,54612353.33
2021-09-18T09:00:01.852Z,-USD,000014.136,000014.177,000012.106,04915455.4,000012.793,54700253.5
2021-09-18T10:00:01.968Z,-USD,000013.794,000013.804,000012.106,4964415.64,000012.864,54817390.85
2021-09-18T11:00:02.344Z,-USD,000013.403,0000013.68,000012.106,4651261.16,000012.929,54881783.49
2021-09-18T12:00:02.46Z,-USD,000013.022,000013.576,000012.106,4389025.76,000012.987,55004025.61
2021-09-18T13:00:02.675Z,-USD,000013.231,000013.576,000012.106,4054009.12,000012.985,55088925.2
2021-09-18T14:00:01.88Z,-USD,000013.251,000013.576,000012.106,3949270.58,000013.026,55172046.94
2021-09-18T14:27:57.952Z,-USD,000013.162,000013.414,000012.106,3781467.17,000013.029,55194136.21
2021-09-18T14:28:37.246Z,-USD,000013.162,000013.414,000012.106,3781489.91,000013.024,55194158.95
2021-09-18T14:31:17.504Z,-USD,000013.162,000013.414,000012.106,3782651.81,000013.031,55195320.85
2021-09-18T15:00:02.118Z,-USD,000013.162,000013.414,000012.106,3819101.42,000013.002,55231770.46
2021-09-18T16:00:02.322Z,-USD,000012.978,000013.414,000012.106,3622963.59,000012.911,55309377.56
2021-09-18T17:00:02.107Z,-USD,000013.231,000013.368,000012.106,3654633.04,000012.793,55600209.28
2021-09-18T18:00:07.221Z,-USD,000013.127,000013.368,000012.106,3600492.54,000012.882,55661316.19
2021-09-18T19:00:01.787Z,-USD,000013.242,000013.368,000012.106,3575889.04,00000012.6,55849110.7
2021-09-18T20:00:02.515Z,-USD,0000013.27,00000013.3,000012.106,3425665.33,000012.635,55900016.27
2021-09-18T21:00:02.121Z,-USD,0000012.84,000013.296,000012.106,3294709.16,000012.486,55932653.53
2021-09-18T22:00:02.335Z,-USD,000012.702,000013.296,000012.106,3107591.56,000012.417,55960307.39
2021-09-18T23:00:01.768Z,-USD,000012.348,000013.296,000012.106,2993018.48,000012.495,56037914.95
2021-09-19T00:00:02.394Z,-USD,000012.525,000013.296,000012.106,02852570.8,000012.697,56114699.52
2021-09-19T01:00:02.002Z,-USD,000012.392,000013.296,000012.329,2606823.71,0000012.46,54934880.75
2021-09-19T02:00:02.019Z,-USD,000012.723,000013.296,000012.257,2288122.02,000012.488,55005178.65
2021-09-19T03:00:02.664Z,-USD,000012.562,000013.296,000012.257,2164825.26,000012.532,55051026.68
2021-09-19T04:00:02.654Z,-USD,000012.664,000013.296,000012.257,2064831.36,000012.352,55065945.35
2021-09-19T05:00:02.407Z,-USD,000012.833,000013.296,000012.211,01966769.2,000012.324,55121130.17
2021-09-19T06:00:02.187Z,-USD,000013.031,000013.296,000012.211,1880414.48,000012.424,55129226.7
2021-09-19T07:00:02.005Z,-USD,000012.997,000013.296,000012.211,1814507.64,000012.459,55143182.99
2021-09-19T08:00:02.143Z,-USD,000012.923,000013.296,000012.211,1788715.57,000012.468,55158763.54
2021-09-19T09:00:01.925Z,-USD,000012.792,000013.296,000012.211,1713254.38,000012.511,55171241.09
2021-09-19T10:00:01.868Z,-USD,000012.909,000013.296,000012.211,1618439.55,000012.398,55194235.74
2021-09-19T11:00:02.48Z,-USD,000012.928,000013.296,000012.211,1582507.27,000012.432,55222050.44
2021-09-19T12:00:02.523Z,-USD,000013.002,000013.296,000011.808,1593633.43,000011.977,55355729.38
2021-09-19T13:00:02.684Z,-USD,000012.979,000013.296,000011.781,1590035.41,000011.962,55437175.5
2021-09-19T14:00:02.607Z,-USD,000013.045,000013.138,000011.781,1556949.14,000012.105,55486985.77
2021-09-19T15:00:02.684Z,-USD,000013.006,000013.014,000011.781,1552366.16,000012.093,55541911.31
2021-09-19T16:00:02.634Z,-USD,000012.945,000012.964,000011.781,1514928.52,000012.087,55583172.54
2021-09-19T17:00:02.62Z,-USD,000012.784,000012.906,000011.781,1300299.12,000012.057,55659222.73
2021-09-19T18:00:01.7Z,-USD,000012.872,000012.872,000011.781,1311434.58,000011.964,55730450.21
2021-09-19T19:00:01.839Z,-USD,000012.581,000012.726,000011.781,1169394.91,000012.084,55776645.1
2021-09-19T20:00:01.841Z,-USD,000012.632,000012.726,000011.781,1180463.32,0000011.96,55838674.53
2021-09-19T21:00:02.299Z,-USD,000012.459,000012.726,000011.781,1257956.05,0000012.22,55948349.42
2021-09-19T22:00:02.24Z,-USD,000012.434,000012.726,000011.781,1324488.79,000012.238,56043265.96
2021-09-19T23:00:02.396Z,-USD,000012.508,000012.726,000011.781,1341911.28,000011.843,56137724.12
2021-09-20T00:00:01.696Z,-USD,000012.689,0000012.72,000011.781,1296828.52,000012.043,56169544.18
2021-09-20T01:00:01.876Z,-USD,000012.472,000012.615,000011.557,1363410.69,000011.624,53879851.04
2021-09-20T02:00:02.151Z,-USD,000012.454,000012.615,000011.557,1365078.37,000011.759,53951740.61
2021-09-20T03:00:02.274Z,-USD,000012.521,000012.553,000011.226,1619480.84,000011.239,54251912.02
2021-09-20T04:00:02.153Z,-USD,0000012.35,000012.553,000011.028,1819765.38,000011.241,54467180.74
2021-09-20T05:00:01.965Z,-USD,000012.305,000012.553,00000011.0,1872877.81,000011.215,54575936.88
2021-09-20T06:00:01.919Z,-USD,000012.429,000012.553,00000011.0,1910681.15,000011.205,54621438.89
2021-09-20T07:00:02.042Z,-USD,000012.477,000012.553,0000010.99,2031407.86,000011.082,54756010.1
2021-09-20T08:00:02.121Z,-USD,0000012.48,000012.546,0000010.62,2185712.56,000010.773,54925989.69
2021-09-20T09:00:01.892Z,-USD,000012.504,000012.546,0000010.62,2332456.27,000011.097,55085150.12
2021-09-20T10:00:01.701Z,-USD,000012.391,000012.447,0000010.62,2458429.19,0000011.04,55234127.39
2021-09-20T11:00:02.361Z,-USD,000012.413,000012.421,0000010.62,2505992.34,000010.984,55309945.2
2021-09-20T12:00:02.361Z,-USD,000011.967,0000012.35,000010.246,2584984.35,000010.428,55522689.12
2021-09-20T13:00:02.403Z,-USD,0000011.94,0000012.35,000009.903,2767475.03,000010.505,55786248.99
2021-09-20T14:00:02.73Z,-USD,0000012.12,0000012.35,000009.903,2872934.52,000010.739,55941364.52
2021-09-20T15:00:01.832Z,-USD,000012.091,0000012.35,000009.903,2924595.43,000010.568,56048193.24
2021-09-20T16:00:02.357Z,-USD,000012.063,0000012.35,000009.903,3018700.97,000010.757,56183500.83
2021-09-20T17:00:02.536Z,-USD,000012.055,0000012.35,000009.903,03086095.1,000010.864,56326812.56
2021-09-20T18:00:02.544Z,-USD,000011.953,0000012.35,000009.903,3092344.85,000010.885,56404654.01
2021-09-20T19:00:02.469Z,-USD,000012.104,0000012.35,000009.903,3161303.05,000010.488,56519351.92
2021-09-20T20:00:02.434Z,-USD,000011.962,0000012.35,000009.903,3231720.41,000010.649,56652386.63
2021-09-20T21:00:02.46Z,-USD,000012.218,0000012.35,000009.903,3193241.56,000010.445,56723671.3
2021-09-20T22:00:02.44Z,-USD,000012.255,000012.318,000009.903,3135031.39,000010.502,56760006.58
2021-09-20T23:00:02.52Z,-USD,000011.846,000012.101,000009.903,03118251.5,000010.452,56837545.56
2021-09-21T00:00:02.956Z,-USD,000012.053,000012.101,000009.903,3177841.06,000010.284,56928814.78
2021-09-21T01:00:02.191Z,-USD,000011.635,000011.782,0000009.56,3487392.53,000009.898,56451380.55
2021-09-21T02:00:01.777Z,-USD,000011.771,000011.774,0000009.56,3564319.05,000010.373,56600359.92
2021-09-21T03:00:02.103Z,-USD,000011.212,0000011.33,0000009.56,3373979.79,000010.515,56719615.91
2021-09-21T04:00:02.34Z,-USD,000011.203,000011.309,0000009.56,3242745.84,000010.334,56793863.93
2021-09-21T05:00:02.612Z,-USD,000011.207,000011.309,0000009.56,3183781.18,000010.185,56843833.72
2021-09-21T06:00:02.518Z,-USD,000011.195,0000011.28,0000009.56,3195900.01,0000010.22,56901748.43
2021-09-21T07:00:02.272Z,-USD,000011.095,0000011.28,0000009.56,3108679.47,000010.352,56948603.71
2021-09-21T08:00:02.419Z,-USD,000010.798,0000011.28,0000009.56,2975264.55,000010.552,56985309.62
2021-09-21T09:00:02.545Z,-USD,000011.086,0000011.28,0000009.56,2926690.82,000010.726,57095688.84
2021-09-21T10:00:02.395Z,-USD,000011.045,000011.227,0000009.56,2817993.19,000010.544,57135897.21
2021-09-21T11:00:02.6Z,-USD,000010.983,000011.035,0000009.56,2826234.62,000010.812,57220388.36
2021-09-21T12:00:02.507Z,-USD,000010.396,000010.997,0000009.56,2647958.47,00000010.7,57256183.52
2021-09-21T13:00:02.679Z,-USD,000010.503,000010.997,0000009.56,2446525.96,000010.541,57316680.27
2021-09-21T14:00:01.857Z,-USD,000010.726,000010.997,0000009.56,2334375.51,000010.545,57359689.32
2021-09-21T15:00:02.144Z,-USD,0000010.56,000010.997,0000009.56,2297275.62,000010.243,57429537.02
2021-09-21T16:00:02.617Z,-USD,000010.726,000010.997,0000009.56,2258786.87,000010.362,57526716.58
2021-09-21T17:00:03.462Z,-USD,000010.882,000010.933,0000009.56,2235306.98,000009.935,57646610.47
2021-09-21T18:00:01.824Z,-USD,000010.904,000010.907,0000009.56,2294436.39,000009.681,57783150.18
2021-09-21T19:00:02.438Z,-USD,000010.515,000010.878,0000009.56,2459124.59,000009.728,58062503.26
2021-09-21T20:00:02.298Z,-USD,000010.677,000010.878,0000009.56,2494697.76,000009.662,58230927.4
2021-09-21T21:00:01.766Z,-USD,000010.458,000010.878,0000009.22,2679787.69,000009.294,58488268.75
2021-09-21T22:00:02.225Z,-USD,0000010.52,000010.878,00000008.9,2909813.94,000009.449,58754019.66
2021-09-21T23:00:02.124Z,-USD,000010.459,000010.878,00000008.9,3103855.37,000009.011,59025342.43
2021-09-22T00:00:02.323Z,-USD,000010.309,000010.878,00000008.9,03255307.6,000009.209,59268390.35
2021-09-22T01:00:02.686Z,-USD,000009.918,000010.878,00000008.9,3044935.53,000009.227,58706009.93
2021-09-22T02:00:01.838Z,-USD,000010.378,000010.878,00000008.9,3082731.87,000009.709,58893435.52
2021-09-22T03:00:02.496Z,-USD,00000010.5,000010.878,00000008.9,3088373.39,000009.633,59017909.77
2021-09-22T04:00:01.855Z,-USD,000010.325,000010.878,00000008.9,3084224.53,000009.578,59087747.39
2021-09-22T05:00:01.961Z,-USD,000010.181,000010.878,00000008.9,3087923.96,000009.468,59141467.7
2021-09-22T06:00:02.356Z,-USD,000010.258,000010.878,00000008.9,3089907.03,0000009.66,59201345.1
2021-09-22T07:00:02.359Z,-USD,0000010.37,000010.878,00000008.9,03083822.5,000009.762,59242175.56
2021-09-22T08:00:02.458Z,-USD,000010.608,000010.878,00000008.9,3088306.74,000009.917,59291739.9
2021-09-22T09:00:03.657Z,-USD,000010.721,000010.878,00000008.9,3013987.66,000009.798,59319672.03
2021-09-22T10:00:01.805Z,-USD,000010.557,000010.878,00000008.9,3019453.44,000009.847,59365035.6
2021-09-22T11:00:02.368Z,-USD,0000010.84,000010.873,00000008.9,02992488.7,000009.747,59422578.75
2021-09-22T12:00:02.378Z,-USD,000010.695,000010.807,00000008.9,2997594.77,000009.625,59463574.98
2021-09-22T13:00:02.638Z,-USD,000010.529,000010.661,00000008.9,2974553.49,000009.747,59500934.71
2021-09-22T14:00:01.835Z,-USD,000010.558,000010.572,00000008.9,3008226.07,0000009.87,59577651.59
2021-09-22T15:00:01.945Z,-USD,000010.226,000010.475,00000008.9,2991976.22,000009.877,59631169.19
2021-09-22T16:00:02.268Z,-USD,000010.382,000010.424,00000008.9,3074579.87,000010.232,59811912.02
2021-09-22T17:00:02.156Z,-USD,000009.927,000010.395,00000008.9,3106345.79,000010.372,59962687.76
2021-09-22T18:00:02.557Z,-USD,0000009.68,000010.395,00000008.9,3112882.39,000010.177,60108926.75
2021-09-22T19:00:02.158Z,-USD,000009.711,000010.564,00000008.9,3058729.41,000010.168,60331297.3
2021-09-22T20:00:02.676Z,-USD,000009.624,000010.564,00000008.9,3018609.31,0000010.22,60459429.11
2021-09-22T21:00:01.933Z,-USD,000009.294,000010.564,00000008.9,2824419.48,000010.297,60523141.67
2021-09-22T22:00:02.514Z,-USD,000009.421,000010.564,0000009.01,2640653.84,000010.266,60604963.95
2021-09-22T23:00:02.005Z,-USD,0000009.04,000010.697,000009.026,2575974.34,000010.465,60817172.48
2021-09-23T00:00:03.545Z,-USD,0000009.23,000010.697,000009.066,2427252.43,000010.511,60906124.53
2021-09-23T01:00:02.49Z,-USD,000009.253,000010.697,000009.165,2291868.17,0000010.31,59528527.76
2021-09-23T02:00:02.357Z,-USD,000009.718,000010.697,000009.435,2330789.18,000010.544,59754099.58
2021-09-23T03:00:02.712Z,-USD,000009.617,000010.697,000009.435,2247337.21,000010.611,59796455.5
2021-09-23T04:00:01.926Z,-USD,000009.574,000010.697,000009.435,2281629.48,000010.678,59899218.29
2021-09-23T05:00:02.221Z,-USD,000009.453,000010.912,000009.453,2313048.53,000010.695,59984192.76
2021-09-23T06:00:02.32Z,-USD,000009.685,000010.912,000009.535,2309308.66,000010.665,60040677.43
2021-09-23T07:00:03.134Z,-USD,000009.775,000010.912,000009.571,2301984.91,0000010.73,60075505.38
2021-09-23T08:00:02.122Z,-USD,000009.912,000010.912,000009.571,2292032.91,0000010.77,60113470.44
2021-09-23T09:00:02.3Z,-USD,000009.799,000010.912,000009.571,02326129.7,000010.541,60175475.99
2021-09-23T10:00:02.464Z,-USD,000009.876,000010.912,000009.571,2356373.22,000010.432,60255708.64
2021-09-23T11:00:05.825Z,-USD,000009.778,000010.912,000009.571,2353658.15,000010.374,60305930.23
2021-09-23T12:00:02.063Z,-USD,000009.625,000010.912,000009.606,2336287.61,000010.201,60329945.3
2021-09-23T13:00:02.551Z,-USD,000009.755,000010.912,000009.721,2325695.12,0000010.23,60356457.7
2021-09-23T14:00:01.849Z,-USD,000009.874,000010.912,0000009.81,2356387.81,000010.407,60463710.54
2021-09-23T15:00:02.469Z,-USD,0000009.89,000010.912,000009.887,2406839.22,000010.545,60567608.54
2021-09-23T16:00:01.835Z,-USD,000010.224,000010.912,000010.082,2279959.97,000010.386,60623801.02
2021-09-23T17:00:02.388Z,-USD,000010.366,000010.912,000010.082,2533487.98,000010.304,61025886.82
2021-09-23T18:00:01.982Z,-USD,000010.148,000010.912,000010.082,2564555.42,000010.607,61204204.18
2021-09-23T19:00:01.805Z,-USD,000010.162,000010.912,000010.082,2495120.08,000010.658,61356693.32
2021-09-23T20:00:02.516Z,-USD,000010.234,000010.912,0000010.13,2506307.65,000010.635,61495782.44
2021-09-23T21:00:02.25Z,-USD,000010.301,000010.912,0000010.13,2483635.01,000010.549,61536476.95
2021-09-23T22:00:02.175Z,-USD,0000010.29,000010.912,0000010.13,2456918.58,000010.573,61592027.68
2021-09-23T23:00:01.951Z,-USD,000010.451,000010.912,0000010.13,2296634.61,0000010.57,61644962.04
2021-09-24T00:00:02.48Z,-USD,000010.518,000010.912,0000010.13,02271125.7,000010.645,61707155.31
2021-09-24T01:00:02.228Z,-USD,000010.315,000010.912,0000010.13,2223028.53,0000010.48,60041280.89
2021-09-24T02:00:02.084Z,-USD,000010.559,000010.912,0000010.13,2070537.37,0000010.38,60111760.69
2021-09-24T03:00:01.973Z,-USD,000010.617,000010.912,0000010.13,2113864.25,000010.305,60197536.81
2021-09-24T04:00:02.45Z,-USD,000010.685,000010.912,0000010.13,2062599.87,000010.254,60248702.45
2021-09-24T05:00:02.206Z,-USD,000010.689,000010.803,0000010.13,02022911.8,000010.267,60294009.32
2021-09-24T06:00:02.643Z,-USD,000010.664,000010.799,000010.077,2005459.18,000010.216,60333542.99
2021-09-24T07:00:02.623Z,-USD,000010.742,000010.799,000010.077,1994193.88,000010.161,60356785.56
2021-09-24T08:00:01.884Z,-USD,000010.775,000010.799,000010.077,02021516.1,000010.342,60422121.02
2021-09-24T09:00:02.126Z,-USD,0000010.52,000010.688,000010.077,2042485.66,00000010.3,60506833.73
2021-09-24T10:00:02.248Z,-USD,000010.416,000010.688,0000009.25,2336443.15,000009.286,60879352.62
2021-09-24T11:00:02.663Z,-USD,000010.339,000010.688,000009.181,2465882.47,000009.286,61058800.9
2021-09-24T12:00:02.133Z,-USD,000010.213,000010.688,000008.952,2720205.08,000009.349,61337156.24
2021-09-24T13:00:02.817Z,-USD,000010.245,000010.688,000008.952,2830114.08,000009.223,61474502.83
2021-09-24T14:00:02.591Z,-USD,000010.421,000010.688,000008.952,02903904.2,000009.535,61654676.1
2021-09-24T15:00:02.124Z,-USD,000010.537,000010.688,000008.952,2940751.57,000009.621,61795836.28
2021-09-24T16:00:01.961Z,-USD,000010.361,000010.688,000008.952,2997654.34,0000009.53,61908352.54
2021-09-24T17:00:02.316Z,-USD,000010.314,000010.688,000008.952,2664451.17,000009.595,61977246.66
2021-09-24T18:00:02.431Z,-USD,000010.621,000010.688,000008.952,2552060.69,000009.435,62044517.93
2021-09-24T19:00:02.41Z,-USD,000010.673,000010.688,000008.952,2452110.19,000009.539,62098010.86
2021-09-24T20:00:01.732Z,-USD,0000010.65,000010.677,000008.952,2384764.96,000009.615,62167411.57
2021-09-24T21:00:02.101Z,-USD,000010.566,000010.672,000008.952,2399183.56,000009.764,62223170.53
2021-09-24T22:00:02.204Z,-USD,0000010.58,000010.672,000008.952,2395686.67,00000009.8,62275183.06
2021-09-24T23:00:01.997Z,-USD,0000010.57,000010.653,000008.952,2422854.07,000009.809,62354665.89
2021-09-25T00:00:02.169Z,-USD,000010.633,000010.653,000008.952,2428680.47,000009.685,62422823.98
2021-09-25T01:00:02.578Z,-USD,000010.501,000010.597,000008.952,2430468.06,000009.814,60781320.36
2021-09-25T02:00:01.928Z,-USD,0000010.39,000010.597,000008.952,2460880.03,000009.694,60882183.55
2021-09-25T03:00:01.987Z,-USD,000010.311,000010.597,000008.952,2425072.17,0000009.62,60932377.0
2021-09-25T04:00:02.605Z,-USD,000010.251,000010.597,000008.952,2580474.03,000009.455,61138668.69
2021-09-25T05:00:02.68Z,-USD,000010.264,000010.597,000008.952,2588936.72,000009.482,61192490.85
2021-09-25T06:00:02.668Z,-USD,000010.215,000010.597,000008.952,2587211.94,000009.384,61230320.39
2021-09-25T07:00:01.846Z,-USD,000010.161,000010.597,000008.952,2647032.21,000009.563,61313608.39
2021-09-25T08:00:01.884Z,-USD,000010.316,000010.597,000008.952,2620486.31,0000009.31,61352836.97
2021-09-25T09:00:02.034Z,-USD,0000010.34,000010.354,000008.952,2608488.68,000009.372,61425694.99
2021-09-25T10:00:01.83Z,-USD,0000009.25,000009.888,000008.952,2278284.14,000009.516,61469465.25
2021-09-25T11:00:02.586Z,-USD,000009.272,000009.888,000008.952,2129537.29,000009.527,61498645.22
2021-09-25T12:00:02.497Z,-USD,0000009.32,000009.888,000009.071,1880079.82,0000009.42,61527007.37
2021-09-25T13:00:02.182Z,-USD,000009.242,000009.888,000009.071,1758723.59,000009.388,61543154.53
2021-09-25T14:00:02.678Z,-USD,000009.521,000009.888,000009.071,1614751.57,000009.567,61579217.07
2021-09-25T15:00:02.678Z,-USD,000009.637,000009.888,000009.071,1607636.14,000009.379,61713651.52
2021-09-25T16:00:01.769Z,-USD,000009.514,000009.888,000009.071,1623520.55,000009.684,61842450.19
2021-09-25T17:00:02.512Z,-USD,000009.602,000009.888,000009.071,1625440.33,000009.553,61912657.81
2021-09-25T18:00:01.743Z,-USD,000009.471,000009.888,000009.071,1589324.25,000009.543,61944356.86
2021-09-25T19:00:01.831Z,-USD,0000009.52,000009.888,000009.071,1569232.28,000009.476,61976797.98
2021-09-25T20:00:02.078Z,-USD,000009.628,000009.888,000009.071,1546740.93,000009.583,62024041.4
2021-09-25T21:00:02.047Z,-USD,000009.758,000009.888,000009.071,1525210.23,000009.551,62058013.56
2021-09-25T22:00:01.967Z,-USD,000009.828,000009.844,000009.071,1508771.95,000009.526,62093651.74
2021-09-25T23:00:02.555Z,-USD,000009.794,000009.824,000009.071,1478849.61,0000009.56,62143761.47
2021-09-26T00:00:01.749Z,-USD,000009.676,000009.824,000009.071,1445952.07,000009.524,62180819.59
2021-09-26T01:00:01.825Z,-USD,000009.795,000009.817,000009.071,1455637.15,000009.328,60660744.71
2021-09-26T02:00:02.1Z,-USD,00000009.7,0000009.81,000009.071,1410784.09,000009.212,60716761.89
2021-09-26T03:00:01.99Z,-USD,000009.616,0000009.81,000009.053,1406618.98,000009.136,60762785.59
2021-09-26T04:00:02.515Z,-USD,000009.461,0000009.81,000009.053,1251566.56,000009.221,60814112.68
2021-09-26T05:00:01.75Z,-USD,000009.472,0000009.81,000009.053,1217719.75,000009.217,60834117.13
2021-09-26T06:00:02.535Z,-USD,000009.386,0000009.81,000009.053,1201527.65,000009.172,60855750.12
2021-09-26T07:00:02.664Z,-USD,000009.553,0000009.81,000009.014,1148785.76,0000009.02,60889553.44
2021-09-26T08:00:02.631Z,-USD,0000009.32,0000009.81,000008.517,1288899.88,000008.679,61065841.8
2021-09-26T09:00:02.674Z,-USD,0000009.35,0000009.81,000008.513,1355496.73,000008.773,61205167.27
2021-09-26T10:00:01.845Z,-USD,000009.512,000010.896,000008.513,2222252.76,000010.465,62115679.41
2021-09-26T11:00:01.798Z,-USD,00000009.5,000010.896,000008.513,2550816.68,000010.469,62473534.55
2021-09-26T12:00:02.079Z,-USD,000009.395,000010.896,000008.513,2704797.06,000010.536,62655590.07
2021-09-26T13:00:02.198Z,-USD,000009.391,000011.086,000008.513,3134113.58,0000010.85,63101136.05
2021-09-26T14:00:02.218Z,-USD,000009.526,000011.086,000008.513,3277917.66,000010.792,63281557.82
2021-09-26T15:00:02.375Z,-USD,000009.369,000011.094,000008.513,3323043.37,000011.033,63460724.61
2021-09-26T16:00:02.518Z,-USD,000009.669,000011.354,000008.513,3493871.95,000011.242,63760163.09
2021-09-26T17:00:02.496Z,-USD,000009.571,000011.354,000008.513,03636969.6,000011.041,63973414.06
2021-09-26T18:00:01.767Z,-USD,00000009.5,000011.354,000008.513,3781195.79,000011.142,64149573.6
2021-09-26T19:00:01.978Z,-USD,000009.476,000011.354,000008.513,3992651.23,000011.089,64393237.16
2021-09-26T20:00:02.12Z,-USD,000009.603,000011.354,000008.513,4071385.88,000011.209,64520139.33
2021-09-26T21:00:02.114Z,-USD,000009.547,000011.436,000008.513,4203826.27,000011.234,64685626.87
2021-09-26T22:00:02.208Z,-USD,000009.526,000011.436,000008.513,4304465.07,000011.261,64821905.96
2021-09-26T23:00:02.421Z,-USD,00000009.6,000011.436,000008.513,4353959.19,000010.948,64921514.16
2021-09-27T00:00:02.585Z,-USD,000009.509,000011.577,000008.513,4521173.44,000011.403,65125840.75
2021-09-27T01:00:01.792Z,-USD,000009.344,000011.789,000008.513,4808443.61,000011.759,64718351.9
2021-09-27T02:00:01.815Z,-USD,000009.213,000011.952,000008.513,04957244.1,000011.696,64922759.77
2021-09-27T03:00:01.926Z,-USD,0000009.11,000011.952,000008.513,4975874.92,000011.529,64987457.93
2021-09-27T04:00:02.541Z,-USD,000009.227,000011.952,000008.513,4997353.88,000011.316,65060271.51
2021-09-27T05:00:02.144Z,-USD,000009.216,000011.952,000008.513,5026711.66,0000011.23,65109677.32
2021-09-27T06:00:02.117Z,-USD,000009.149,000011.952,000008.513,5053782.51,000011.181,65158255.36
2021-09-27T07:00:02.227Z,-USD,000009.017,000011.952,000008.513,5060401.98,000010.979,65199824.53
2021-09-27T08:00:02.214Z,-USD,000008.665,000011.952,000008.513,4940410.41,000011.083,65257707.7
2021-09-27T09:00:02.262Z,-USD,000008.781,000011.952,000008.759,4953591.69,000011.169,65408606.1
2021-09-27T10:00:02.303Z,-USD,0000010.47,000011.952,000010.172,4178629.46,00000010.9,65544936.4
2021-09-27T11:00:01.866Z,-USD,000010.464,000011.952,000010.395,3901022.53,000010.913,65626940.98
2021-09-27T12:00:01.882Z,-USD,000010.586,000011.952,000010.565,3758636.88,000010.958,65664693.58
2021-09-27T13:00:02.11Z,-USD,000010.871,000011.952,000010.638,3424069.56,000010.826,65775324.43
2021-09-27T14:00:02.199Z,-USD,00000010.8,000011.952,000010.691,3288467.76,000010.794,65818842.05
2021-09-27T15:00:02.738Z,-USD,0000011.07,000011.952,0000010.54,3191065.64,000010.619,65900550.63
2021-09-27T16:00:02.049Z,-USD,0000011.27,000011.952,000010.488,3021288.79,000010.688,66031372.26
2021-09-27T17:00:02.063Z,-USD,000011.027,000011.952,000010.275,2933627.49,000010.426,66156527.85
2021-09-27T18:00:02.964Z,-USD,000011.125,000011.952,000010.275,2821740.98,000010.478,66220619.11
2021-09-27T19:00:02.296Z,-USD,000011.098,000011.952,000010.275,2614399.98,000010.411,66256585.94
2021-09-27T20:00:02.256Z,-USD,000011.279,000011.952,000010.275,2535067.58,000010.391,66304735.92
2021-09-27T21:00:02.424Z,-USD,000011.228,000011.952,0000010.16,2443643.86,0000010.19,66391246.39
2021-09-27T22:00:02.669Z,-USD,000011.262,000011.952,0000010.16,2417904.69,000010.369,66488532.32
2021-09-27T23:00:01.766Z,-USD,000010.897,000011.952,0000010.16,2353737.17,000010.347,66525445.73
2021-09-28T00:00:02.209Z,-USD,000011.403,000011.952,000009.968,2250486.55,000010.009,66625971.2
2021-09-28T01:00:02.458Z,-USD,000011.751,000011.952,000009.938,2048939.84,0000010.08,66065449.34
2021-09-28T02:00:01.85Z,-USD,000011.712,000011.731,000009.938,1914136.66,000010.233,66135037.13
2021-09-28T03:00:01.975Z,-USD,0000011.55,0000011.62,000009.938,1938801.52,000010.233,66220938.49
2021-09-28T04:00:02.216Z,-USD,0000011.35,000011.447,000009.938,1907690.51,000010.275,66262684.5
2021-09-28T05:00:01.939Z,-USD,00000011.2,000011.447,000009.938,1921948.67,000010.242,66326287.96
2021-09-28T06:00:02.042Z,-USD,000011.184,000011.447,000009.938,1931892.13,000010.132,66384812.05
2021-09-28T07:00:02.341Z,-USD,000010.969,000011.447,000009.934,1917987.31,000010.054,66412687.09
2021-09-28T08:00:02.528Z,-USD,000011.062,000011.447,0000009.84,1906611.04,000009.923,66459695.83
2021-09-28T09:00:02.378Z,-USD,000011.178,000011.447,0000009.84,1843001.63,0000010.07,66546452.44
2021-09-28T10:00:02.386Z,-USD,00000010.9,000011.073,0000009.84,1820043.06,000010.178,66659641.6
2021-09-28T11:00:02.074Z,-USD,000010.927,000011.073,0000009.84,1805381.89,000010.168,66726994.92
2021-09-28T12:00:02.338Z,-USD,000010.939,000011.073,0000009.84,1842127.82,000010.338,66801703.27
2021-09-28T13:00:02.449Z,-USD,000010.836,000011.073,0000009.84,1774025.99,0000010.11,66844820.85
2021-09-28T14:00:02.665Z,-USD,000010.774,000011.073,0000009.84,1765786.28,000010.127,66879299.45
2021-09-28T15:00:01.936Z,-USD,000010.631,000010.713,0000009.84,1741096.14,000009.984,66936877.19
2021-09-28T16:00:02.569Z,-USD,000010.669,000010.682,000009.831,1776222.85,000009.889,67102573.64
2021-09-28T17:00:02.866Z,-USD,000010.417,000010.539,000009.755,1774688.75,000009.801,67226219.62
2021-09-28T18:00:02.31Z,-USD,000010.447,000010.539,000009.683,1775890.31,000009.775,67291604.47
2021-09-28T19:00:02.452Z,-USD,000010.415,000010.506,000009.683,1806494.08,000009.836,67357741.65
2021-09-28T20:00:02.524Z,-USD,000010.374,000010.475,000009.683,1789374.81,000009.769,67388824.85
2021-09-28T21:00:02.277Z,-USD,0000010.17,000010.475,000009.683,1749338.04,0000009.89,67435913.97
2021-09-28T22:00:01.703Z,-USD,0000010.35,000010.475,000009.683,1673449.94,000009.948,67456867.48
2021-09-28T23:00:02.446Z,-USD,000010.342,000010.407,000009.683,1762977.39,000009.826,67583093.54
2021-09-29T00:00:02.799Z,-USD,000010.004,000010.407,000009.567,1868424.96,000009.672,67789108.97
2021-09-29T01:00:02.151Z,-USD,000010.123,000010.407,000009.279,2147626.34,000009.634,66937430.26
2021-09-29T02:00:01.875Z,-USD,000010.227,000010.407,000009.279,2152632.62,000009.682,67011865.01
2021-09-29T03:00:02.624Z,-USD,000010.214,000010.374,000009.279,2119349.27,000009.771,67064503.3
2021-09-29T04:00:02.225Z,-USD,000010.274,000010.374,000009.279,2138174.12,000009.883,67125116.05
2021-09-29T05:00:01.856Z,-USD,000010.247,000010.374,000009.279,2216796.75,000009.928,67267256.92
2021-09-29T06:00:02.48Z,-USD,000010.137,000010.374,000009.279,2194902.65,000009.949,67303940.66
2021-09-29T07:00:02.046Z,-USD,000010.038,000010.374,000009.279,2201273.69,000010.079,67342585.39
2021-09-29T08:00:02.639Z,-USD,000009.927,000010.374,000009.279,2168178.88,000010.046,67352326.55
2021-09-29T09:00:02.32Z,-USD,000010.098,000010.374,000009.279,02195755.8,000009.944,67466575.24
2021-09-29T10:00:02.706Z,-USD,000010.161,000010.371,000009.279,2171811.77,000009.831,67555938.32
2021-09-29T11:00:03.436Z,-USD,000010.159,000010.371,000009.279,2136137.53,000010.014,67587290.11
2021-09-29T12:00:02.427Z,-USD,000010.303,000010.371,000009.279,02097779.2,0000009.92,67627969.53
2021-09-29T13:00:02.041Z,-USD,000010.104,000010.317,000009.279,2117292.39,000009.815,67686552.7
2021-09-29T14:00:02.192Z,-USD,000010.118,000010.133,000009.279,2173466.16,000009.817,67777113.78
2021-09-29T15:00:02.089Z,-USD,000009.967,000010.081,000009.279,2143377.97,000009.819,67804748.67
2021-09-29T16:00:01.756Z,-USD,000009.854,000010.081,000009.279,2076637.03,000009.577,67903462.95
2021-09-29T17:00:02.569Z,-USD,000009.791,000010.081,000009.279,2027962.82,000009.497,67978353.24
2021-09-29T18:00:02.127Z,-USD,000009.747,000010.081,000009.279,2025972.27,000009.353,68041847.38
2021-09-29T19:00:01.734Z,-USD,000009.814,000010.081,000009.279,2032156.76,000009.379,68114770.05
2021-09-29T20:00:02.534Z,-USD,000009.821,000010.081,000009.279,2037953.09,000009.352,68151028.5
2021-09-29T21:00:02.245Z,-USD,000009.882,000010.081,000009.219,2067123.21,000009.337,68227193.58
2021-09-29T22:00:02.118Z,-USD,000009.958,000010.081,000009.219,2111303.89,0000009.38,68292554.11
2021-09-29T23:00:02.473Z,-USD,000009.847,000010.081,000009.219,02043953.0,000009.449,68351710.25
2021-09-30T20:00:24.953Z,-USD,0000009.35,000010.123,000009.219,1275513.73,000009.937,67859097.14
2021-09-30T21:00:01.877Z,-USD,0000009.35,000010.123,000009.287,1260021.38,000009.876,67919539.02
2021-09-30T22:00:01.971Z,-USD,000009.384,000010.123,000009.335,1234418.05,0000009.98,67958730.67
2021-09-30T23:00:01.898Z,-USD,000009.446,000010.123,000009.421,1200522.76,000010.036,67984464.72
2021-10-01T00:00:02.236Z,-USD,000009.506,000010.174,000009.455,1227587.46,000010.162,68053100.95
2021-10-01T01:00:02.43Z,-USD,000009.705,000010.303,000009.684,1296336.99,000010.222,65442969.44
2021-10-01T02:00:01.807Z,-USD,000009.846,000010.333,000009.707,1288548.77,000010.291,65511671.23
2021-10-01T03:00:02.143Z,-USD,000009.964,000010.367,000009.707,1320839.04,000010.112,65597703.1
2021-10-01T04:00:01.981Z,-USD,000010.053,000010.367,000009.707,1201998.29,000010.092,65615119.92
2021-10-01T05:00:01.806Z,-USD,0000009.96,000010.367,000009.707,1171525.14,000010.124,65636535.34
2021-10-01T06:00:01.719Z,-USD,0000010.05,000010.367,000009.707,1100438.42,000010.245,65659920.48
2021-10-01T07:00:02.628Z,-USD,000009.962,000010.367,000009.707,1075589.85,000010.225,65666694.93
2021-10-01T08:00:02.645Z,-USD,000009.905,0000010.45,000009.707,1080847.39,000010.442,65700426.73
2021-10-01T09:00:02.609Z,-USD,0000009.82,000010.595,000009.707,1106946.37,000010.573,65779477.37
2021-10-01T10:00:02.404Z,-USD,000009.807,000010.599,000009.707,1126802.73,000010.466,65816499.84
2021-10-01T11:00:02.164Z,-USD,000009.728,000010.806,000009.708,1223865.42,000010.666,65935933.6
2021-10-01T12:00:02.314Z,-USD,000009.801,0000010.88,000009.777,1250264.29,000010.814,65981721.64
2021-10-01T13:00:02.328Z,-USD,00000010.0,000010.891,000009.777,1269175.34,000010.637,66062439.18
2021-10-01T14:00:02.419Z,-USD,000009.928,000010.891,000009.777,1278334.87,000010.431,66135534.7
2021-10-01T15:00:02.422Z,-USD,0000009.84,000010.891,000009.777,1316116.35,000010.478,66217163.12
2021-10-01T16:00:02.633Z,-USD,000009.934,000010.891,000009.777,1351876.47,000010.526,66278273.28
2021-10-01T17:00:01.817Z,-USD,000009.846,000010.891,000009.809,1427357.46,0000010.82,66405013.55
2021-10-01T18:00:02.137Z,-USD,000009.852,000010.891,000009.834,1434634.46,000010.859,66436809.37
2021-10-01T19:00:02.528Z,-USD,000010.054,000010.891,000009.834,1423697.74,000010.846,66481606.44
2021-10-01T20:00:02.642Z,-USD,000009.934,000010.973,000009.834,1423777.62,0000010.85,66542379.28
2021-10-01T21:00:01.797Z,-USD,000009.864,000010.973,000009.852,1459576.08,000010.773,66638612.26
2021-10-01T22:00:01.864Z,-USD,000009.975,000010.973,000009.946,1530044.86,000010.931,66748468.79
2021-10-01T23:00:01.744Z,-USD,000010.036,000010.973,0000009.99,1572634.68,000010.745,66816616.36
2021-10-02T00:00:02.671Z,-USD,000010.156,000010.973,000010.048,1531724.89,000010.834,66845088.96
2021-10-02T01:00:02.583Z,-USD,000010.197,000010.973,000010.048,1440937.85,000010.725,65792869.88
2021-10-02T02:00:01.75Z,-USD,000010.304,000010.973,000010.048,1413861.84,000010.783,65834386.05
2021-10-02T03:00:01.917Z,-USD,000010.113,000010.973,000010.048,1384964.06,000010.706,65891385.03
2021-10-02T04:00:02.267Z,-USD,000010.132,000010.973,000010.083,1403431.91,0000010.58,65927345.87
2021-10-02T05:00:01.935Z,-USD,0000010.13,000010.973,000010.083,01421786.9,000010.591,65967015.2
2021-10-02T06:00:02.018Z,-USD,0000010.25,000010.973,000010.163,1410776.15,000010.613,65979670.85
2021-10-02T07:00:02.099Z,-USD,000010.234,000010.973,000010.189,1422155.95,000010.657,65997542.41
2021-10-02T08:00:01.754Z,-USD,0000010.45,000010.973,000010.368,01397674.6,000010.665,66006776.27
2021-10-02T09:00:02.683Z,-USD,000010.597,000010.973,000010.368,1326395.14,000010.671,66014587.49
2021-10-02T10:00:02.272Z,-USD,000010.479,000010.973,000010.368,1315591.75,000010.756,66040788.07
2021-10-02T11:00:02.409Z,-USD,000010.672,000010.973,000010.368,1206960.12,000010.735,66052013.1
2021-10-02T12:00:02.429Z,-USD,000010.815,000010.973,000010.368,1173208.09,000010.808,66063710.62
2021-10-02T13:00:02.295Z,-USD,000010.635,000010.973,000010.368,01118529.0,000010.846,66089651.63
2021-10-02T14:00:02.394Z,-USD,0000010.43,000011.033,000010.368,1240593.36,00000011.0,66285113.71
2021-10-02T15:00:02.37Z,-USD,000010.487,000011.127,000010.477,1231173.13,000011.115,66357033.98
2021-10-02T16:00:02.284Z,-USD,000010.547,000011.217,00000010.5,1214278.89,000011.209,66401420.0
2021-10-02T17:00:01.853Z,-USD,000010.797,000011.302,00000010.5,1184847.09,000011.302,66498594.62
2021-10-02T18:00:01.996Z,-USD,000010.831,000011.303,00000010.5,1194336.75,000011.258,66540054.73
2021-10-02T19:00:03.21Z,-USD,000010.853,000011.303,00000010.5,1175632.48,000011.285,66566545.71
2021-10-02T20:00:02.449Z,-USD,000010.866,000011.312,00000010.5,1178383.09,000011.299,66630021.53
2021-10-02T21:00:02.484Z,-USD,0000010.78,000011.312,00000010.5,1117133.18,000011.207,66665444.82
2021-10-02T22:00:02.619Z,-USD,000010.933,000011.312,00000010.5,1026064.47,000011.206,66683256.42
2021-10-02T23:00:02.232Z,-USD,000010.775,000011.312,00000010.5,1023212.14,000011.096,66751230.14
2021-10-03T00:00:02.159Z,-USD,000010.831,000011.312,00000010.5,1075812.39,000010.902,66829915.53
2021-10-03T01:00:02.643Z,-USD,000010.746,000011.312,00000010.5,1094222.26,000010.748,65891646.07
2021-10-03T02:00:02.455Z,-USD,000010.777,000011.312,00000010.5,1104380.01,000010.835,65943135.85
2021-10-03T03:00:02.212Z,-USD,000010.698,000011.312,00000010.5,1083198.95,000010.868,65978950.9
2021-10-03T04:00:02.056Z,-USD,000010.559,000011.312,00000010.5,1075371.08,000010.939,66008065.74
2021-10-03T05:00:02.271Z,-USD,000010.574,000011.312,000010.574,1092917.93,0000011.01,66064294.83
2021-10-03T06:00:01.704Z,-USD,000010.615,000011.312,000010.585,1109066.91,000011.067,66093192.61
2021-10-03T07:00:02.137Z,-USD,000010.646,000011.312,000010.585,1109781.86,000011.081,66111807.52
2021-10-03T08:00:01.747Z,-USD,000010.675,000011.312,000010.585,1117559.15,000010.991,66128698.07
2021-10-03T09:00:02.23Z,-USD,000010.674,000011.312,000010.641,1130443.81,000011.015,66149408.84
2021-10-03T10:00:01.83Z,-USD,000010.748,000011.312,000010.641,1129364.57,000010.909,66174514.94
2021-10-03T11:00:02.311Z,-USD,000010.748,000011.312,000010.641,1135459.25,000010.918,66192117.38
2021-10-03T12:00:02.605Z,-USD,000010.789,000011.312,000010.668,1135351.62,000011.068,66204156.17
2021-10-03T13:00:02.294Z,-USD,000010.843,000011.312,000010.668,1126101.72,00000011.0,66220206.8
2021-10-03T14:00:02.107Z,-USD,000011.008,000011.312,000010.668,0972863.37,000011.142,66262338.11
2021-10-03T15:00:01.771Z,-USD,0000011.11,000011.312,000010.668,0923771.67,000011.021,66285221.4
2021-10-03T16:00:02.635Z,-USD,0000011.23,000011.312,000010.668,0907580.49,000010.888,66317485.36
2021-10-03T17:00:02.595Z,-USD,000011.287,000011.312,000010.668,0849333.93,000010.949,66352313.91
2021-10-03T18:00:02.164Z,-USD,000011.256,000011.312,000010.668,00860964.6,000011.035,66405425.37
2021-10-03T19:00:02.339Z,-USD,000011.292,000011.312,000010.668,0892399.74,000011.092,66463331.81
2021-10-03T20:00:02.394Z,-USD,000011.299,000011.303,000010.668,0849069.65,000011.115,66483463.04
2021-10-03T21:00:02.153Z,-USD,000011.218,000011.296,000010.668,0845997.38,000010.945,66515803.65
2021-10-03T22:00:02.068Z,-USD,000011.208,000011.255,000010.668,0929672.51,000010.761,66617303.58
2021-10-03T23:00:01.757Z,-USD,000011.078,000011.182,000010.668,00916308.7,000010.784,66672980.53
2021-10-04T00:00:01.766Z,-USD,000010.908,000011.182,000010.668,0895853.28,000010.819,66730156.35
2021-10-04T01:00:01.911Z,-USD,000010.714,000011.182,000010.571,0903085.65,000010.622,66097172.35
2021-10-04T02:00:02.161Z,-USD,000010.841,000011.182,000010.515,0949250.41,000010.563,66194032.07
2021-10-04T03:00:02.437Z,-USD,000010.852,000011.182,000010.436,0979438.49,000010.457,66260111.26
2021-10-04T04:00:02.577Z,-USD,0000010.95,000011.182,000010.355,0994477.05,000010.416,66304396.88
2021-10-04T05:00:02.206Z,-USD,000011.012,000011.182,000010.317,00980432.2,000010.517,66346609.14
2021-10-04T06:00:02.478Z,-USD,000011.061,000011.182,000010.317,0964413.85,000010.509,66360139.21
2021-10-04T07:00:02.295Z,-USD,000011.059,000011.182,000010.317,0956923.42,000010.453,66370819.45
2021-10-04T08:00:02.455Z,-USD,000010.998,000011.182,000010.317,0959237.57,000010.557,66390327.67
2021-10-04T09:00:02.365Z,-USD,000010.976,000011.182,000010.317,0968881.96,000010.393,66419893.42
2021-10-04T10:00:02.176Z,-USD,000010.929,000011.182,000010.317,0957581.96,000010.429,66434671.42
2021-10-04T11:00:02.405Z,-USD,000010.923,000011.182,000010.317,0960738.84,000010.368,66454733.87
2021-10-04T12:00:02.181Z,-USD,000011.062,000011.182,0000010.21,1026214.82,000010.315,66532025.8
2021-10-04T13:00:03.229Z,-USD,000011.003,000011.182,0000010.21,01054710.6,000010.401,66576862.01
2021-10-04T14:00:02.249Z,-USD,000011.138,000011.182,0000010.21,1048423.18,000010.535,66612675.2
2021-10-04T15:00:02.514Z,-USD,000011.031,000011.182,000010.175,1099803.25,000010.227,66687008.31
2021-10-04T16:00:01.811Z,-USD,000010.914,000011.182,000010.063,1136419.33,000010.269,66756247.98
2021-10-04T17:00:01.975Z,-USD,000010.933,000011.182,000010.063,1163432.32,000010.444,66817362.2
2021-10-04T18:00:02.628Z,-USD,000011.056,000011.182,000010.063,1155864.17,0000010.62,66863704.9
2021-10-04T19:00:02.19Z,-USD,00000011.1,0000011.15,000010.063,1130084.94,000010.592,66895163.36
2021-10-04T20:00:02.612Z,-USD,000011.121,000011.128,000010.063,01142521.0,000010.545,66927591.62
2021-10-04T21:00:02.314Z,-USD,000010.917,000010.919,000010.063,1169124.28,0000010.42,66987052.93
2021-10-04T22:00:02.616Z,-USD,000010.744,000010.852,000010.063,1116859.45,0000010.45,67036224.93
2021-10-04T23:00:01.945Z,-USD,000010.784,000010.852,000010.063,1141009.93,000010.277,67120916.87
2021-10-05T00:00:01.829Z,-USD,000010.818,000010.818,000010.063,01159231.1,000010.362,67191036.93
2021-10-05T01:00:01.97Z,-USD,000010.584,000010.666,000010.063,1121133.26,000010.493,66043030.94
2021-10-05T02:00:02.235Z,-USD,000010.551,000010.666,000010.063,01163203.4,000010.451,66181188.77
2021-10-05T03:00:02.364Z,-USD,000010.461,000010.666,000010.063,1173225.92,000010.404,66256933.45
2021-10-05T04:00:02.384Z,-USD,000010.397,000010.666,000010.063,1187736.82,000010.437,66315727.73
2021-10-05T05:00:01.837Z,-USD,000010.514,000010.666,000010.063,1240802.16,000010.369,66412038.65
2021-10-05T06:00:01.692Z,-USD,000010.491,000010.666,000010.063,1268497.84,000010.464,66452472.31
2021-10-05T07:00:02.624Z,-USD,000010.412,000010.666,000010.063,1308176.31,000010.464,66502561.52
2021-10-05T08:00:02.359Z,-USD,000010.574,000010.666,000010.063,1322075.71,000010.512,66536699.65
2021-10-05T09:00:02.454Z,-USD,000010.399,000010.666,000010.063,1309340.01,000010.526,66552868.29
2021-10-05T10:00:02.347Z,-USD,000010.432,000010.666,000010.063,1329395.42,000010.527,66587636.4
2021-10-05T11:00:02.138Z,-USD,000010.343,000010.718,000010.063,1347172.22,000010.557,66626089.94
2021-10-05T12:00:02.334Z,-USD,0000010.29,000010.739,000010.063,1285165.39,000010.737,66646467.74
2021-10-05T13:00:02.277Z,-USD,000010.395,000010.767,000010.063,1280927.73,000010.625,66681400.69
2021-10-05T14:00:02.345Z,-USD,000010.576,000010.767,000010.063,1271907.11,000010.636,66709442.97
2021-10-05T15:00:02.507Z,-USD,000010.243,000010.767,000010.063,1395188.97,000010.413,66907664.67
2021-10-05T16:00:02.682Z,-USD,000010.337,000010.767,000010.225,1382182.73,000010.369,66963349.18
2021-10-05T17:00:02.625Z,-USD,000010.427,000010.767,000010.225,1382981.97,000010.414,67024031.51
2021-10-05T18:00:02.044Z,-USD,000010.659,000010.767,000010.225,1404384.95,000010.412,67091791.21
2021-10-05T19:00:02.356Z,-USD,000010.593,000010.767,000010.225,1399238.63,0000010.47,67121231.57
2021-10-05T20:00:02.651Z,-USD,00000010.6,000010.767,000010.225,1404135.66,000010.552,67156477.94
2021-10-05T21:00:01.92Z,-USD,000010.427,000010.767,000010.225,1385183.45,000010.735,67196632.97
2021-10-05T22:00:02.228Z,-USD,000010.446,0000010.79,000010.225,1371509.92,000010.726,67232128.48
2021-10-05T23:00:02.554Z,-USD,000010.265,0000010.79,0000010.26,1314518.51,000010.683,67259741.1
2021-10-06T00:00:02.48Z,-USD,000010.374,000010.894,000010.281,1336435.56,000010.777,67353113.25
2021-10-06T01:00:03.848Z,-USD,000010.484,000011.001,000010.281,1482330.47,000010.772,66616231.88
2021-10-06T02:00:02.558Z,-USD,000010.425,000011.001,000010.281,1406993.25,000010.674,66682551.32
2021-10-06T03:00:02.558Z,-USD,000010.397,000011.001,000010.281,1394812.63,000010.739,66740733.6
2021-10-06T04:00:02.525Z,-USD,000010.447,000011.001,000010.281,1567899.63,000010.858,66975458.83
2021-10-06T05:00:02.242Z,-USD,000010.368,000011.001,000010.281,1656067.14,000010.574,67157147.02
2021-10-06T06:00:02.1Z,-USD,000010.441,000011.001,000010.281,1670527.81,000010.544,67211490.11
2021-10-06T07:00:01.857Z,-USD,000010.461,000011.001,000010.281,01636417.0,000010.534,67227782.48
2021-10-06T08:00:01.881Z,-USD,000010.491,000011.001,000010.281,1648439.63,000010.394,67274632.9
2021-10-06T09:00:01.785Z,-USD,000010.535,000011.001,000010.006,1705945.39,000010.063,67347631.62
2021-10-06T10:00:01.918Z,-USD,000010.534,000011.001,0000009.89,1780789.29,000009.988,67457412.55
2021-10-06T11:00:02.583Z,-USD,0000010.56,000011.001,0000009.89,1763254.86,000010.083,67478269.53
2021-10-06T12:00:02.527Z,-USD,000010.744,000011.001,0000009.89,1755130.52,000010.066,67493180.09
2021-10-06T13:00:02.795Z,-USD,000010.634,000011.001,0000009.89,1747120.37,000010.278,67517339.44
2021-10-06T14:00:02.037Z,-USD,000010.652,000011.001,0000009.89,1941235.04,000010.622,67739686.1
2021-10-06T15:00:01.789Z,-USD,000010.402,000011.001,0000009.89,1810962.29,000010.714,67808146.62
2021-10-06T16:00:02.198Z,-USD,000010.371,000011.001,0000009.89,1825693.18,000010.859,67877965.11
2021-10-06T17:00:02.432Z,-USD,000010.423,000011.001,0000009.89,1808122.95,000010.823,67921568.86
2021-10-06T18:00:02.61Z,-USD,0000010.46,000011.001,0000009.89,1776870.06,000010.806,67957163.83
2021-10-06T19:00:02.044Z,-USD,0000010.47,000011.001,0000009.89,1767055.16,000010.821,67977547.28
2021-10-06T20:00:02.302Z,-USD,000010.567,000011.001,0000009.89,1770791.03,000010.825,68015747.22
2021-10-06T21:00:02.267Z,-USD,000010.739,000011.001,0000009.89,1852854.21,000010.582,68139225.95
2021-10-06T22:00:02.387Z,-USD,000010.744,000011.001,0000009.89,1876065.29,000010.594,68196801.74
2021-10-06T23:00:02.252Z,-USD,000010.703,000011.001,0000009.89,1892415.68,000010.619,68240582.38
2021-10-07T00:00:02.344Z,-USD,0000010.85,000011.001,0000009.89,01825725.9,000010.531,68299086.9
2021-10-07T01:00:02.619Z,-USD,000010.825,000010.973,0000009.89,1714383.75,000010.439,65561257.59
2021-10-07T02:00:01.765Z,-USD,000010.683,000010.973,0000009.89,01691262.6,000010.328,65604395.61
2021-10-07T03:00:01.924Z,-USD,000010.727,000010.973,0000009.89,1664881.13,000010.308,65637438.78
2021-10-07T04:00:01.977Z,-USD,000010.844,000010.914,0000009.89,1470166.31,000010.301,65679175.08
2021-10-07T05:00:01.982Z,-USD,000010.544,000010.914,0000009.89,1341990.35,000010.434,65729715.71
2021-10-07T06:00:02.06Z,-USD,000010.552,000010.914,0000009.89,1302821.85,0000010.41,65745709.3
2021-10-07T07:00:02.06Z,-USD,0000010.51,000010.914,0000009.89,1312073.09,000010.362,65770416.9
2021-10-07T08:00:01.954Z,-USD,000010.405,000010.914,0000009.89,1304624.43,000010.636,65809802.97
2021-10-07T09:00:02.462Z,-USD,000010.021,000010.914,0000009.89,01259189.5,000010.681,65837345.1
2021-10-07T10:00:01.882Z,-USD,000009.974,000010.914,000009.967,1163970.96,000010.571,65852045.59
2021-10-07T11:00:02.552Z,-USD,000010.057,000010.914,000010.028,1155553.61,000010.508,65864322.36
2021-10-07T12:00:02.381Z,-USD,000010.053,000010.914,000010.028,1163109.24,000010.567,65886824.45
2021-10-07T13:00:02.003Z,-USD,000010.249,000010.914,000010.204,1181034.46,000010.437,65932289.63
2021-10-07T14:00:02.354Z,-USD,000010.626,000010.914,0000010.23,0992479.22,000010.622,65964071.08
2021-10-07T15:00:02.174Z,-USD,000010.691,000010.914,0000010.23,0976759.54,000010.396,66016136.81
2021-10-07T16:00:02.337Z,-USD,000010.851,000010.914,0000010.23,00949436.1,000010.538,66060047.47
2021-10-07T17:00:02.827Z,-USD,000010.825,000010.914,0000010.23,0947491.78,000010.614,66099575.06
2021-10-07T18:00:02.286Z,-USD,000010.822,000010.914,0000010.23,0953507.45,000010.547,66141372.24
2021-10-07T19:00:02.466Z,-USD,00000010.8,000010.914,0000010.23,0976807.73,000010.685,66185331.74
2021-10-07T20:00:02.612Z,-USD,000010.813,00000011.0,0000010.23,1070117.16,000010.963,66316671.15
2021-10-07T21:00:02.671Z,-USD,000010.599,0000011.14,0000010.23,1098723.41,000010.979,66469624.47
2021-10-07T22:00:02.414Z,-USD,000010.619,0000011.14,0000010.23,1087966.23,000010.908,66516309.34
2021-10-07T23:00:01.81Z,-USD,000010.628,0000011.14,0000010.23,1109189.52,000010.885,66580386.63
2021-10-08T00:00:02.056Z,-USD,000010.529,0000011.14,0000010.23,1110913.85,000010.774,66641234.58
2021-10-08T01:00:02.337Z,-USD,000010.428,0000011.14,0000010.23,1106144.73,0000010.81,64412256.05
2021-10-08T02:00:02.461Z,-USD,000010.309,0000011.14,000010.242,1074060.05,000010.792,64423324.28
2021-10-08T03:00:02.42Z,-USD,000010.313,0000011.14,000010.242,01084106.7,0000010.73,64466572.49
2021-10-08T04:00:02.64Z,-USD,000010.247,0000011.14,000010.243,1068009.19,000010.809,64492037.92
2021-10-08T05:00:02.097Z,-USD,000010.404,0000011.14,000010.292,1064215.88,000010.833,64538777.03
2021-10-08T06:00:02.779Z,-USD,0000010.39,0000011.14,000010.314,1102087.57,000011.092,64592361.42
2021-10-08T07:00:01.68Z,-USD,000010.328,000011.165,000010.314,1147979.08,000011.082,64663062.99
2021-10-08T08:00:02.649Z,-USD,000010.645,000011.197,000010.326,1149278.88,000011.184,64705446.93
2021-10-08T09:00:01.806Z,-USD,000010.658,000011.264,000010.326,1176282.13,000011.258,64758296.23
2021-10-08T10:00:02.664Z,-USD,000010.575,000011.365,000010.326,1271651.87,000011.315,64868223.7
2021-10-08T11:00:02.738Z,-USD,000010.509,00000011.5,000010.326,1387253.23,000011.386,64996115.09
2021-10-08T12:00:01.729Z,-USD,000010.551,00000011.5,000010.326,1437767.58,000011.222,65069168.88
2021-10-08T13:00:01.748Z,-USD,0000010.45,00000011.5,000010.326,1665864.65,000011.098,65343521.1
2021-10-08T14:00:01.788Z,-USD,0000010.63,00000011.5,000010.326,1706893.78,000011.036,65415537.47
2021-10-08T15:00:01.932Z,-USD,000010.393,00000011.5,000010.373,1687311.16,000011.235,65449414.31
2021-10-08T16:00:01.733Z,-USD,000010.581,00000011.5,000010.434,1685077.12,000011.116,65490601.14
2021-10-08T17:00:02.074Z,-USD,000010.626,00000011.5,000010.538,1682693.37,000011.058,65543782.32
2021-10-08T18:00:02.349Z,-USD,000010.539,00000011.5,000010.539,01703519.7,000010.961,65589445.23
2021-10-08T19:00:02.991Z,-USD,000010.696,00000011.5,0000010.66,1716905.46,000011.011,65647458.98
2021-10-08T20:00:02.668Z,-USD,000010.999,00000011.5,0000010.66,1619652.42,000011.011,65683962.51
2021-10-08T21:00:01.935Z,-USD,000011.032,00000011.5,0000010.66,1502969.06,000010.753,65723760.97
2021-10-08T22:00:02.123Z,-USD,000010.934,00000011.5,0000010.66,1517714.18,000010.799,65779212.05
2021-10-08T23:00:02.58Z,-USD,000010.905,00000011.5,0000010.66,1474871.29,000010.811,65801916.8
2021-10-09T00:00:01.744Z,-USD,000010.794,00000011.5,000010.666,1425928.07,000010.745,65811833.97
2021-10-09T01:00:01.779Z,-USD,00000010.8,00000011.5,0000010.65,1438759.52,000010.767,64427267.17
2021-10-09T02:00:01.757Z,-USD,000010.802,00000011.5,0000010.65,1443146.57,000010.688,64442416.25
2021-10-09T03:00:01.973Z,-USD,000010.729,00000011.5,000010.573,1428532.55,0000010.74,64470938.02
2021-10-09T04:00:02.461Z,-USD,000010.818,00000011.5,000010.573,1413856.88,0000010.76,64481573.97
2021-10-09T05:00:02.076Z,-USD,000010.882,00000011.5,000010.573,1406806.05,000010.826,64521169.11
2021-10-09T06:00:02.058Z,-USD,000011.112,00000011.5,000010.573,1353490.82,000010.799,64537085.53
2021-10-09T07:00:01.978Z,-USD,0000011.14,00000011.5,000010.573,1308309.18,000010.852,64548915.11
2021-10-09T08:00:01.965Z,-USD,000011.211,00000011.5,000010.573,1271957.33,000010.848,64557507.67
2021-10-09T09:00:01.831Z,-USD,000011.266,00000011.5,000010.573,1227487.72,000010.736,64562474.94
2021-10-09T10:00:01.974Z,-USD,000011.342,00000011.5,000010.573,1138696.22,000010.807,64583627.02
2021-10-09T11:00:02.63Z,-USD,0000011.39,000011.466,000010.573,1003758.08,000010.892,64590519.79
2021-10-09T12:00:02.557Z,-USD,000011.205,000011.294,000010.573,0959293.64,000010.792,64604528.39
2021-10-09T13:00:02.488Z,-USD,000011.113,000011.294,000010.573,0700700.57,000010.841,64620918.67
2021-10-09T14:00:02.565Z,-USD,000011.059,000011.294,000010.573,0662351.59,000010.893,64654719.23
2021-10-09T15:00:02.382Z,-USD,000011.276,000011.279,000010.573,0639830.13,000010.911,64665500.21
2021-10-09T16:00:01.741Z,-USD,000011.141,000011.165,000010.573,00648784.5,0000010.88,64715008.46
2021-10-09T17:00:02.433Z,-USD,000011.081,000011.102,000010.573,0621144.64,000010.832,64741180.35
2021-10-09T18:00:01.824Z,-USD,000010.961,0000011.05,000010.573,0614129.53,000010.841,64779491.0
2021-10-09T19:00:02.075Z,-USD,0000011.02,000011.045,000010.573,0566543.94,000010.885,64790221.6
2021-10-09T20:00:01.879Z,-USD,000010.995,000010.995,000010.573,0549774.74,000010.841,64811355.9
2021-10-09T21:00:02.673Z,-USD,000010.705,000010.977,000010.573,0526412.67,000010.839,64827410.75
2021-10-09T22:00:02.583Z,-USD,000010.739,000010.977,000010.573,0487165.22,000010.878,64842688.05
2021-10-09T23:00:02.295Z,-USD,0000010.79,000010.977,000010.573,0478210.52,000010.933,64856285.13
2021-10-10T00:00:02.547Z,-USD,000010.749,000010.977,000010.573,0478611.11,000010.911,64866949.54
2021-10-10T01:00:02.553Z,-USD,000010.798,000010.977,000010.573,0461990.81,000010.779,63489802.18
2021-10-10T02:00:02.552Z,-USD,000010.668,000010.977,000010.573,0472084.81,000010.678,63514788.18
2021-10-10T03:00:01.861Z,-USD,000010.725,000010.977,000010.613,0482893.72,000010.745,63553880.93
2021-10-10T04:00:01.882Z,-USD,000010.749,000010.977,000010.613,0483045.27,000010.826,63564757.21
2021-10-10T05:00:02.18Z,-USD,000010.806,000010.977,000010.613,0469744.45,0000010.89,63591037.15
2021-10-10T06:00:02.301Z,-USD,000010.818,000011.065,000010.613,0524449.18,000010.936,63661578.65
2021-10-10T07:00:02.218Z,-USD,000010.828,000011.101,000010.613,00547150.4,000011.092,63696201.9
2021-10-10T08:00:02.251Z,-USD,000010.861,000011.139,000010.613,00600200.6,000010.982,63757802.85
2021-10-10T09:00:02.179Z,-USD,000010.732,000011.139,000010.613,0603659.92,000011.022,63766043.42
2021-10-10T10:00:02.269Z,-USD,000010.823,000011.139,000010.613,0608624.52,000010.899,63793022.42
2021-10-10T11:00:02.648Z,-USD,000010.892,000011.139,000010.613,0618695.79,000010.866,63809159.22
2021-10-10T12:00:07.664Z,-USD,000010.828,000011.139,000010.613,0620808.46,000010.878,63825190.1
2021-10-10T13:00:02.71Z,-USD,000010.842,000011.139,000010.613,00616500.2,000010.783,63837344.73
2021-10-10T14:00:01.793Z,-USD,000010.889,000011.139,000010.613,0595815.08,000010.775,63850408.25
2021-10-10T15:00:02.025Z,-USD,000010.922,000011.139,000010.613,0595369.17,000010.831,63860777.03
2021-10-10T16:00:02.139Z,-USD,000010.877,000011.139,000010.613,00556568.2,000010.838,63871763.68
2021-10-10T17:00:02.385Z,-USD,000010.825,000011.139,000010.613,0541254.26,000010.822,63882655.13
2021-10-10T18:00:02.252Z,-USD,000010.853,000011.139,000010.613,0535197.06,000010.741,63915060.21
2021-10-10T19:00:02.349Z,-USD,000010.881,000011.139,000010.613,0582092.85,000010.884,63972387.93
2021-10-10T20:00:02.364Z,-USD,000010.825,000011.139,000010.613,0584359.59,000010.803,63995570.58
2021-10-10T21:00:02.48Z,-USD,000010.836,000011.139,000010.613,0602645.18,000010.697,64029979.71
2021-10-10T22:00:02.666Z,-USD,000010.913,000011.139,0000010.31,0705058.76,00000010.4,64147619.1
2021-10-10T23:00:02.191Z,-USD,000010.947,000011.139,000010.266,0735736.87,000010.384,64192696.24
2021-10-11T00:00:02.154Z,-USD,000010.949,000011.139,000010.192,0744190.18,000010.256,64212824.68
2021-10-11T01:00:02.527Z,-USD,000010.773,000011.139,000010.114,0772078.61,000010.334,63287778.16
2021-10-11T02:00:02.635Z,-USD,000010.675,000011.139,000010.114,0760472.25,000010.405,63301297.3
2021-10-11T03:00:02.558Z,-USD,000010.759,000011.139,000010.114,0745258.31,000010.459,63324232.57
2021-10-11T04:00:01.875Z,-USD,000010.812,000011.139,000010.114,0761610.31,000010.595,63352534.04
2021-10-11T05:00:02.204Z,-USD,0000010.91,000011.139,000010.114,0792388.75,000010.642,63408875.0
2021-10-11T06:00:02.139Z,-USD,000010.967,000011.139,000010.114,0736835.14,000010.599,63423807.64
2021-10-11T07:00:02.069Z,-USD,000011.095,000011.118,000010.114,0718324.61,000010.608,63441905.88
2021-10-11T08:00:02.235Z,-USD,000011.034,000011.066,000010.114,0687805.12,000010.793,63471642.55
2021-10-11T09:00:02.208Z,-USD,000011.052,000011.052,000010.114,0709668.14,000010.765,63500934.78
2021-10-11T10:00:02.067Z,-USD,000010.901,000010.937,000010.114,0692153.74,000010.706,63510235.24
2021-10-11T11:00:02.16Z,-USD,0000010.88,000010.937,000010.114,0699548.68,000010.616,63533939.93
2021-10-11T12:00:02.145Z,-USD,000010.886,000010.937,000010.114,0707084.28,000010.576,63557661.51
2021-10-11T13:00:02.285Z,-USD,000010.804,000010.937,000010.114,0732399.23,000010.624,63595042.48
2021-10-11T14:00:02.568Z,-USD,000010.787,000010.937,000010.114,00752593.7,000010.651,63628087.74
2021-10-11T15:00:01.913Z,-USD,000010.805,000010.937,000010.114,0773656.31,000010.686,63659518.68
2021-10-11T16:00:02.399Z,-USD,000010.838,000010.937,000010.114,0786709.57,000010.572,63683692.08
2021-10-11T17:00:02.792Z,-USD,000010.841,000010.937,000010.114,0809592.03,000010.485,63717426.45
2021-10-11T18:00:02.105Z,-USD,000010.735,000010.937,000010.114,0796365.26,000010.409,63736601.46
2021-10-11T19:00:02.186Z,-USD,000010.899,000010.937,000010.114,0786455.91,000010.253,63784412.92
2021-10-11T20:00:02.657Z,-USD,000010.777,000010.937,000010.089,0865196.93,000010.103,63886122.88
2021-10-11T21:00:01.781Z,-USD,000010.714,0000010.85,000009.991,0912516.87,0000010.09,63968012.38
2021-10-11T22:00:02.029Z,-USD,0000010.39,0000010.85,000009.991,0854524.89,000010.177,64028079.79
2021-10-11T23:00:02.517Z,-USD,000010.396,0000010.85,000009.991,0870927.03,000010.288,64088939.53
2021-10-12T00:00:01.841Z,-USD,0000010.24,0000010.85,000009.991,00875550.7,000010.339,64114231.09
2021-10-12T01:00:02.656Z,-USD,000010.328,0000010.85,000009.991,0864612.29,000010.153,62310745.81
2021-10-12T02:00:02.318Z,-USD,000010.401,0000010.85,000009.991,0900566.52,000010.203,62360246.82
2021-10-12T03:00:01.942Z,-USD,000010.456,0000010.85,0000009.99,0927240.22,000010.013,62410995.21
2021-10-12T04:00:02.146Z,-USD,00000010.6,0000010.85,0000009.83,0982047.89,000009.938,62500956.22
2021-10-12T05:00:02.04Z,-USD,000010.636,0000010.85,0000009.83,0954389.01,000010.038,62521630.28
2021-10-12T06:00:02.041Z,-USD,000010.598,0000010.85,0000009.83,0964239.33,000010.051,62547395.31
2021-10-12T07:00:02.005Z,-USD,000010.594,0000010.85,0000009.83,0973445.51,0000009.89,62574144.75
2021-10-12T08:00:02.023Z,-USD,0000010.75,0000010.85,0000009.83,0966726.75,000009.947,62596852.12
2021-10-12T09:00:01.857Z,-USD,000010.787,000010.808,0000009.83,0944513.12,000010.003,62603891.52
2021-10-12T10:00:02.173Z,-USD,000010.717,000010.756,000009.719,00977726.5,000009.764,62646317.22
2021-10-12T11:00:02.102Z,-USD,000010.617,000010.699,0000009.68,0990252.24,000009.799,62683590.7
2021-10-12T12:00:04.158Z,-USD,0000010.57,000010.699,0000009.68,0986435.64,0000009.87,62706052.17
2021-10-12T13:00:02.162Z,-USD,000010.624,000010.699,000009.665,0990827.95,000009.731,62749790.28
2021-10-12T14:00:02.326Z,-USD,000010.682,000010.699,000009.665,1015751.54,000010.006,62803025.13
2021-10-12T15:00:02.526Z,-USD,000010.679,000010.694,000009.665,1024584.07,000009.909,62842808.31
2021-10-12T16:00:02.687Z,-USD,000010.572,000010.581,000009.665,01068909.8,0000010.02,62911030.36
2021-10-12T17:00:02.293Z,-USD,000010.469,0000010.49,000009.665,1071059.79,000010.054,62946978.27
2021-10-12T18:00:02.619Z,-USD,000010.389,000010.443,000009.665,1110428.98,000009.875,63005609.85
2021-10-12T19:00:01.827Z,-USD,000010.241,000010.347,000009.665,1094885.01,000009.986,63038684.5
2021-10-12T20:00:02.18Z,-USD,000010.095,000010.347,000009.665,1020076.88,000009.885,63064602.46
2021-10-12T21:00:02.512Z,-USD,000010.062,000010.347,000009.665,0987515.49,000009.989,63113884.01
2021-10-12T22:00:02.088Z,-USD,000010.154,000010.347,000009.665,0950435.53,000010.016,63138232.03
2021-10-12T23:00:02.493Z,-USD,000010.243,000010.347,000009.665,0910663.56,000010.087,63160043.48
2021-10-13T00:00:01.744Z,-USD,000010.335,000010.345,000009.665,0897991.85,000010.051,63170949.74
2021-10-13T01:00:02.208Z,-USD,000010.171,000010.273,000009.665,0881074.81,000010.125,60731621.52
2021-10-13T02:00:02.689Z,-USD,000010.198,000010.228,000009.665,0852853.24,000010.095,60746884.8
2021-10-13T03:00:01.885Z,-USD,000010.009,000010.188,000009.665,00817486.4,000010.146,60764074.93
2021-10-13T04:00:01.985Z,-USD,000009.933,000010.188,000009.665,0762711.67,000010.149,60797470.01
2021-10-13T05:00:02.285Z,-USD,000010.033,000010.198,000009.665,0750097.53,000010.164,60805746.67
2021-10-13T06:00:02.133Z,-USD,000010.053,0000010.75,000009.665,1092684.54,000010.449,61174309.53
2021-10-13T07:00:02.124Z,-USD,000009.885,0000010.75,000009.665,1315034.79,000010.253,61422953.38
2021-10-13T08:00:02.214Z,-USD,000009.937,0000010.75,000009.665,1405803.79,000010.106,61536260.32
2021-10-13T09:00:02.105Z,-USD,000009.999,0000010.75,000009.665,1463736.02,000010.088,61601448.84
2021-10-13T10:00:02.579Z,-USD,000009.779,0000010.75,000009.665,1424980.16,0000010.12,61608171.96
2021-10-13T11:00:02.093Z,-USD,00000009.8,0000010.75,000009.665,01396733.1,000010.093,61614003.25
2021-10-13T12:00:02.298Z,-USD,000009.856,0000010.75,000009.665,01383444.2,000010.188,61623042.71
2021-10-13T13:00:01.833Z,-USD,000009.738,0000010.75,000009.738,1350828.93,000010.189,61634466.92
2021-10-13T14:00:01.99Z,-USD,000009.979,0000010.75,000009.773,1331870.46,0000010.08,61668563.73
2021-10-13T15:00:02.007Z,-USD,000009.939,0000010.75,000009.773,1332196.02,000010.159,61711248.13
2021-10-13T16:00:02.355Z,-USD,000010.016,0000010.75,000009.773,1311626.08,000010.002,61758205.35
2021-10-13T17:00:01.918Z,-USD,000010.035,0000010.75,000009.748,1431952.99,000009.838,61912484.44
2021-10-13T18:00:02.304Z,-USD,000009.892,0000010.75,000009.748,01459003.4,0000009.87,61998850.16
2021-10-13T19:00:02.617Z,-USD,000009.949,0000010.75,000009.748,1467999.05,000009.881,62041197.01
2021-10-13T20:00:02.707Z,-USD,000009.865,0000010.75,000009.748,1522274.64,0000010.02,62120937.72
2021-10-13T21:00:02.185Z,-USD,000009.977,0000010.75,000009.748,1525117.37,0000010.09,62172850.99
2021-10-13T22:00:02.473Z,-USD,000010.001,0000010.75,000009.748,1527056.51,00000010.1,62199612.88
2021-10-13T23:00:01.978Z,-USD,000010.059,0000010.75,000009.748,1523915.72,000010.138,62222338.4
2021-10-14T00:00:02.046Z,-USD,000010.046,0000010.75,000009.748,1592924.01,0000010.36,62297395.76
2021-10-14T01:00:05.243Z,-USD,000010.147,0000010.75,000009.748,1676105.23,000010.118,59889367.76
2021-10-14T02:00:03.006Z,-USD,0000010.09,0000010.75,000009.748,1696957.88,0000010.24,59925488.54
2021-10-14T03:00:02.7Z,-USD,000010.145,0000010.75,000009.748,1697255.48,000010.195,59942765.85
2021-10-14T04:00:02.047Z,-USD,0000010.14,0000010.75,000009.748,1700051.86,000010.248,59979885.9
2021-10-14T05:00:02.507Z,-USD,000010.168,0000010.75,000009.748,1706830.19,000010.279,59994271.27
2021-10-14T06:00:02.568Z,-USD,000010.397,000010.585,000009.748,1365599.64,000010.248,60027668.88
2021-10-14T07:00:02.595Z,-USD,000010.249,000010.415,000009.748,1147973.53,000010.242,60053985.78
2021-10-14T08:00:02.577Z,-USD,000010.087,000010.415,000009.748,1051583.69,0000010.26,60072366.54
2021-10-14T09:00:02.551Z,-USD,000010.067,0000010.42,000009.748,1026902.26,000010.387,60110550.18
2021-10-14T10:00:01.905Z,-USD,00000010.1,0000010.42,000009.748,1029487.31,000010.332,60119135.9
2021-10-14T11:00:02.068Z,-USD,000010.097,0000010.42,000009.748,1051219.21,000010.367,60146738.56
2021-10-14T12:00:02.265Z,-USD,000010.186,000010.581,000009.748,1103906.05,000010.549,60208469.8
2021-10-14T13:00:02.14Z,-USD,000010.197,000010.581,000009.748,1114932.19,000010.448,60230945.24
2021-10-14T14:00:02.068Z,-USD,000010.054,000010.581,000009.748,1105457.79,000010.467,60255729.24
2021-10-14T15:00:02.441Z,-USD,000010.172,000010.581,000009.748,1084845.88,000010.556,60278150.16
2021-10-14T16:00:04.16Z,-USD,000009.986,0000010.63,000009.748,1090402.61,000010.592,60330553.24
2021-10-14T17:00:02.106Z,-USD,000009.831,0000010.68,000009.814,1069670.26,000010.441,60463763.31
2021-10-14T18:00:02.311Z,-USD,0000009.86,0000010.68,000009.852,1021324.01,000010.553,60503237.69
2021-10-14T19:00:02.462Z,-USD,000009.871,0000010.68,000009.852,1079427.34,000010.585,60602466.61
2021-10-14T20:00:07.559Z,-USD,000010.014,0000010.68,000009.976,1033065.56,000010.588,60636420.66
2021-10-14T21:00:10.523Z,-USD,0000010.08,0000010.68,000010.046,1005153.82,000010.462,60659505.43
2021-10-14T22:00:14.151Z,-USD,000010.076,000010.827,000010.046,01177695.9,000010.689,60860455.19
2021-10-14T23:00:12.339Z,-USD,000010.141,000010.827,000010.059,01236847.7,0000010.78,60941349.54
2021-10-15T00:00:17.239Z,-USD,000010.258,000010.838,000010.098,1167022.81,000010.733,60972524.52
2021-10-15T01:00:12.464Z,-USD,000010.117,000010.838,000010.116,01138185.2,000010.559,56991785.94
2021-10-15T02:00:12.334Z,-USD,000010.224,000010.838,0000010.17,01170213.0,000010.498,57060429.21
2021-10-15T03:00:11.185Z,-USD,000010.182,000010.861,000010.182,1201682.36,000010.854,57109191.49
2021-10-15T04:00:22.641Z,-USD,000010.236,000010.884,000010.191,1264486.11,000010.813,57208218.44
2021-10-15T05:00:10.149Z,-USD,000010.255,000010.884,000010.191,1302920.73,000010.731,57261836.18
2021-10-15T06:00:07.409Z,-USD,0000010.24,000010.884,000010.193,1306287.31,000010.802,57298367.08
2021-10-15T07:00:03.474Z,-USD,000010.244,000010.884,000010.202,1326339.47,000010.831,57345122.07
2021-10-15T08:00:03.829Z,-USD,000010.233,000010.884,000010.233,1358793.52,000010.736,57394995.9
2021-10-15T09:00:02.657Z,-USD,000010.377,000010.884,000010.297,1396620.28,000010.459,57471464.22
2021-10-15T10:00:02.516Z,-USD,000010.299,000010.884,000010.297,1426803.02,0000010.58,57509749.42
2021-10-15T11:00:04.493Z,-USD,000010.364,000010.884,000010.344,1424326.13,000010.651,57534944.93
2021-10-15T12:00:04.313Z,-USD,000010.524,000010.884,000010.354,1374333.39,0000010.64,57546801.74
2021-10-15T13:00:03.096Z,-USD,000010.451,000010.884,000010.354,1388264.29,000010.561,57583147.86
2021-10-15T14:00:08.91Z,-USD,0000010.48,000010.884,000010.354,1385430.41,000010.616,57605411.3
2021-10-15T15:00:10.762Z,-USD,0000010.56,000010.884,000010.354,1383017.48,000010.609,57625374.49
2021-10-15T16:00:10.703Z,-USD,000010.627,000010.884,000010.354,1362219.46,000010.579,57657308.56
2021-10-15T17:00:09.903Z,-USD,000010.429,000010.884,000010.357,1247829.84,000010.733,57676741.12
2021-10-15T18:00:08.961Z,-USD,000010.564,000011.013,000010.357,1263536.48,0000010.93,57733813.86
2021-10-15T19:00:02.023Z,-USD,000010.597,000011.195,000010.357,1239175.24,000011.109,57807550.05
2021-10-15T20:00:02.445Z,-USD,000010.622,000011.245,000010.357,1267839.22,000011.196,57871939.84
2021-10-15T21:00:02.621Z,-USD,000010.482,00000011.3,000010.357,1341552.01,000011.299,57969965.07
2021-10-15T22:00:01.816Z,-USD,000010.745,000011.329,000010.357,1288396.39,000011.078,58115372.74
2021-10-15T23:00:02.561Z,-USD,000010.818,000011.329,000010.357,1251795.65,000011.003,58159243.85
2021-10-16T00:00:01.776Z,-USD,000010.775,000011.329,000010.357,1259231.68,000011.059,58196955.69
2021-10-16T01:00:10.841Z,-USD,000010.603,000011.329,000010.357,01216621.1,000011.023,53928419.38
2021-10-16T02:00:11.121Z,-USD,000010.511,000011.329,000010.357,1171458.25,000010.951,53950735.08
2021-10-16T03:00:11.374Z,-USD,000010.874,000011.329,000010.357,1123902.63,000011.022,53969680.4
2021-10-16T04:00:23.43Z,-USD,000010.836,000011.329,000010.357,1069120.12,000010.912,53998278.55
2021-10-16T05:00:09.936Z,-USD,000010.744,000011.329,000010.357,01032389.2,0000010.95,54013214.51
2021-10-16T06:00:10.923Z,-USD,000010.824,000011.329,000010.357,1010411.61,000010.997,54027391.81
2021-10-16T07:00:08.629Z,-USD,000010.831,000011.329,000010.357,0984721.06,000011.043,54050695.83
2021-10-16T08:00:02.213Z,-USD,0000010.74,000011.329,000010.357,0945436.28,000011.053,54060781.8
2021-10-16T09:00:02.128Z,-USD,0000010.47,000011.333,000010.357,0904829.09,000011.286,54095154.82
2021-10-16T10:00:02.706Z,-USD,000010.581,000011.333,00000010.5,0905612.34,000011.305,54133820.58
2021-10-16T11:00:03.731Z,-USD,000010.636,000011.372,000010.503,0901702.51,000011.361,54155293.95
2021-10-16T12:00:02.202Z,-USD,000010.654,000011.634,000010.503,1034654.95,0000011.62,54299858.98
2021-10-16T13:00:11.501Z,-USD,000010.544,000011.644,000010.503,1092848.83,000011.288,54394590.36
2021-10-16T14:00:11.199Z,-USD,000010.606,000011.788,000010.557,1277984.72,000011.765,54602096.93
2021-10-16T15:00:17.788Z,-USD,000010.616,000011.843,000010.557,1462587.48,000011.681,54806918.07
2021-10-16T16:00:11.248Z,-USD,000010.576,000011.843,000010.557,1496180.15,000011.641,54871937.13
2021-10-16T17:00:10.684Z,-USD,000010.736,000011.843,000010.733,1569963.87,000011.661,54965698.24
2021-10-16T18:00:10.018Z,-USD,000010.992,000011.843,000010.885,1665421.48,000011.752,55118226.83
2021-10-16T19:00:11.792Z,-USD,000011.132,000011.884,000010.885,1702764.13,000011.866,55230979.46
2021-10-16T20:00:10.055Z,-USD,000011.209,000011.884,000010.885,1694390.95,0000011.59,55284873.27
2021-10-16T21:00:02.455Z,-USD,000011.317,000011.884,000010.885,1610058.49,000011.539,55318307.88
2021-10-16T22:00:02.416Z,-USD,000011.108,000011.884,000010.885,01511850.2,000011.423,55347062.54
2021-10-16T23:00:02.255Z,-USD,000011.007,000011.884,000010.885,1490334.42,0000011.51,55368919.53
2021-10-17T00:00:01.695Z,-USD,000011.089,000011.884,000010.885,1484756.41,000011.376,55400876.48
2021-10-17T01:00:11.042Z,-USD,000011.023,000011.884,000010.885,01543441.7,000011.345,49911336.12
2021-10-17T02:00:11.159Z,-USD,000010.952,000011.884,000010.908,1549868.35,0000011.31,49940188.98
2021-10-17T03:00:11.036Z,-USD,000011.004,000011.884,000010.908,01571382.9,000011.354,49980653.05
2021-10-17T04:00:42.256Z,-USD,0000010.95,000011.884,000010.944,1553266.53,000011.361,50006070.06
2021-10-17T05:00:08.356Z,-USD,0000010.95,000011.884,000010.944,1562386.73,000011.357,50015190.26
2021-10-17T06:00:09.229Z,-USD,000010.994,000011.884,000010.972,1560534.17,000011.251,50028261.95
2021-10-17T07:00:09.424Z,-USD,000011.043,000011.884,000010.994,1576479.37,000011.354,50066660.9
2021-10-17T08:00:08.545Z,-USD,000011.046,000011.884,000011.029,1601100.99,000011.312,50101342.46
2021-10-17T09:00:09.307Z,-USD,000011.295,000011.884,000011.158,1606342.76,000011.557,50141059.06
2021-10-17T10:00:09.766Z,-USD,000011.315,000011.884,000011.158,1586962.05,000011.491,50160543.23
2021-10-17T11:00:10.085Z,-USD,000011.336,000011.884,000011.158,1599736.57,000011.551,50195772.0
2021-10-17T12:00:08.446Z,-USD,000011.618,000011.884,000011.158,1565732.82,0000011.69,50308126.13
2021-10-17T13:00:11.507Z,-USD,000011.322,000011.884,000011.158,1579671.09,0000011.69,50413987.22
2021-10-17T14:00:09.855Z,-USD,000011.784,000011.884,000011.158,1395197.94,000011.651,50439504.89
2021-10-17T15:00:09.417Z,-USD,000011.695,000011.884,000011.158,01212062.9,000011.536,50458872.74
2021-10-17T16:00:08.9Z,-USD,0000011.69,000011.884,000011.158,01192540.9,000011.307,50506106.28
2021-10-17T17:00:02.403Z,-USD,000011.716,000011.884,000011.158,1141071.97,000011.234,50556591.52
2021-10-17T18:00:03.747Z,-USD,000011.783,000011.884,000011.158,1008529.44,000011.204,50574410.57
2021-10-17T19:00:01.935Z,-USD,000011.843,000011.856,000011.158,0921159.01,000011.257,50591596.92
2021-10-17T20:00:02.498Z,-USD,000011.603,000011.788,0000011.06,0915848.18,000011.119,50640933.1
2021-10-17T21:00:02.149Z,-USD,000011.526,000011.788,000010.708,1002380.17,000010.835,50760903.53
2021-10-17T22:00:02.532Z,-USD,000011.401,000011.788,000010.708,1017769.36,000010.959,50807209.03
2021-10-17T23:00:01.82Z,-USD,000011.536,000011.788,000010.708,1072900.77,000011.092,50881286.25
2021-10-18T00:00:08.546Z,-USD,000011.402,000011.788,000010.708,1060127.52,0000011.16,50900793.43
2021-10-18T01:00:02.724Z,-USD,000011.326,000011.788,000010.708,01016605.6,000011.278,48076576.91
2021-10-18T02:00:01.902Z,-USD,000011.309,000011.788,000010.708,1020048.33,000011.279,48107419.63
2021-10-18T03:00:01.983Z,-USD,000011.339,000011.788,000010.708,00999292.9,000011.229,48127115.33
2021-10-18T04:00:02.164Z,-USD,000011.355,000011.788,000010.708,1003814.53,000011.111,48156651.05
2021-10-18T05:00:01.742Z,-USD,0000011.34,000011.788,000010.708,1001328.55,000011.188,48163612.7
2021-10-18T06:00:01.777Z,-USD,000011.245,000011.788,000010.708,0994973.53,000011.212,48170347.18
2021-10-18T07:00:01.706Z,-USD,000011.335,000011.788,000010.708,0962911.72,000011.205,48176856.83
2021-10-18T08:00:02.552Z,-USD,0000011.31,000011.788,000010.708,00938521.9,000011.111,48187045.9
2021-10-18T09:00:02.451Z,-USD,000011.553,000011.788,000010.708,0913948.88,000011.136,48202413.34
2021-10-18T10:00:02.248Z,-USD,000011.498,000011.788,000010.708,0915299.83,000010.977,48223006.44
2021-10-18T11:00:02.559Z,-USD,000011.547,000011.788,000010.708,0916570.25,000010.944,48259618.93
2021-10-18T12:00:02.461Z,-USD,000011.686,000011.788,000010.708,0825468.28,000010.861,48281697.38
2021-10-18T13:00:02.581Z,-USD,000011.697,000011.761,000010.708,0735780.53,000010.852,48297021.79
2021-10-18T14:00:01.943Z,-USD,000011.636,000011.652,000010.707,0759109.38,000011.045,48345840.65
2021-10-18T15:00:02.116Z,-USD,000011.557,000011.571,000010.707,0760394.51,000010.962,48366361.9
2021-10-18T16:00:02.353Z,-USD,000011.298,0000011.36,000010.707,0733987.53,000010.933,48387514.77
2021-10-18T17:00:01.827Z,-USD,000011.256,000011.337,000010.707,0701642.27,000010.797,48405895.78
2021-10-18T18:00:02.355Z,-USD,000011.197,000011.337,000010.707,0700213.03,0000010.75,48422199.1
2021-10-18T19:00:02.229Z,-USD,000011.252,000011.337,000010.707,0740817.64,000010.788,48479522.62
2021-10-18T20:00:02.515Z,-USD,000011.078,000011.337,000010.707,0721498.83,0000010.82,48509877.68
2021-10-18T21:00:01.852Z,-USD,000010.809,000011.337,000010.707,0624862.87,000010.848,48533640.25
2021-10-18T22:00:02.585Z,-USD,000010.964,000011.337,000010.707,0594803.81,000010.832,48549154.25
2021-10-18T23:00:01.997Z,-USD,000011.073,000011.337,000010.707,0534960.32,000010.789,48563854.46
2021-10-19T00:00:02.07Z,-USD,000011.145,000011.337,000010.707,0539215.37,000010.792,48587156.8
2021-10-19T01:00:02.499Z,-USD,0000011.28,000011.337,000010.707,0536134.25,000010.777,47316459.45
2021-10-19T02:00:01.899Z,-USD,000011.305,000011.328,000010.707,0589974.24,000010.929,47401306.51
2021-10-19T03:00:02.276Z,-USD,0000011.21,000011.271,000010.707,0591282.54,0000010.88,47421579.62
2021-10-19T04:00:02.483Z,-USD,000011.108,000011.271,000010.707,0611871.07,000011.004,47472004.43
2021-10-19T05:00:01.823Z,-USD,000011.208,000011.271,000010.707,0614212.26,000010.919,47481011.52
2021-10-19T06:00:02.691Z,-USD,000011.212,000011.271,000010.707,0615501.92,000010.924,47489012.09
2021-10-19T07:00:01.891Z,-USD,000011.224,000011.271,000010.707,0646970.27,000010.775,47526983.35
2021-10-19T08:00:01.966Z,-USD,0000011.11,000011.195,000010.707,0641387.23,000010.844,47532450.47
2021-10-19T09:00:02.439Z,-USD,000011.112,000011.147,000010.661,0670977.52,000010.765,47576692.01
2021-10-19T10:00:02.336Z,-USD,000010.977,000011.059,000010.661,0654763.54,000010.763,47581107.59
2021-10-19T11:00:02.348Z,-USD,000010.941,000011.059,000010.661,0628524.18,000010.734,47591293.04
2021-10-19T12:00:02.418Z,-USD,000010.858,000011.059,000010.661,0616110.67,000010.745,47601328.77
2021-10-19T13:00:02.461Z,-USD,000010.836,000011.059,000010.661,0613377.58,0000010.79,47613547.14
2021-10-19T14:00:02.569Z,-USD,000011.035,000011.059,000010.661,0595282.37,000010.701,47644385.16
2021-10-19T15:00:01.94Z,-USD,000010.936,000011.029,000010.471,0654732.43,000010.651,47725181.85
2021-10-19T16:00:02.246Z,-USD,000010.923,000011.029,000010.471,0648316.55,000010.593,47738976.35
2021-10-19T17:00:02.619Z,-USD,000010.791,000011.029,000010.471,00642499.0,000010.608,47751554.3
2021-10-19T18:00:02.691Z,-USD,000010.741,000011.029,000010.471,0651428.57,0000010.66,47777425.08
2021-10-19T19:00:02.283Z,-USD,000010.768,000011.029,000010.471,0615280.05,000010.562,47798592.46
2021-10-19T20:00:02.68Z,-USD,000010.818,000011.029,000010.471,0601532.56,000010.594,47817893.81
2021-10-19T21:00:02.531Z,-USD,000010.821,000011.029,000010.471,0596633.61,000010.541,47834782.66
2021-10-19T22:00:02.312Z,-USD,000010.811,000011.029,000010.471,0628334.65,000010.621,47880919.67
2021-10-19T23:00:02.548Z,-USD,000010.762,000011.029,000010.471,0735622.67,000010.794,48002640.32
2021-10-20T00:00:02.423Z,-USD,000010.798,000011.029,000010.471,0745151.58,000010.721,48035738.63
2021-10-20T01:00:02.584Z,-USD,000010.805,000011.029,000010.471,0743714.43,000010.671,44882094.68
2021-10-20T02:00:02.668Z,-USD,0000010.96,000011.029,000010.471,0667762.25,000010.717,44891362.55
2021-10-20T03:00:02.542Z,-USD,000010.879,000011.029,000010.471,0659064.49,000010.746,44902232.58
2021-10-20T04:00:02.569Z,-USD,000011.007,000011.024,000010.471,0618082.31,000010.704,44911997.91
2021-10-20T05:00:01.718Z,-USD,000010.928,000010.955,000010.471,0617687.11,000010.697,44920419.54
2021-10-20T06:00:02.82Z,-USD,000010.911,000010.946,000010.471,0655386.04,000010.518,44966069.54
2021-10-20T07:00:02.601Z,-USD,0000010.79,00000010.9,000010.471,0626934.81,000010.499,44975641.55
2021-10-20T08:00:02.315Z,-USD,000010.822,00000010.9,000010.471,0626834.72,000010.585,44980938.4
2021-10-20T09:00:02.178Z,-USD,000010.782,00000010.9,000010.471,0585493.02,000010.556,44983844.36
2021-10-20T10:00:02.107Z,-USD,000010.782,00000010.9,000010.471,00590207.6,000010.609,44992904.67
2021-10-20T11:00:04.304Z,-USD,000010.727,00000010.9,000010.471,0623570.71,000010.838,45036629.37
2021-10-20T12:00:01.956Z,-USD,000010.745,00000010.9,000010.471,0661705.22,000010.807,45084812.98
2021-10-20T13:00:01.795Z,-USD,000010.755,000010.998,000010.471,0697844.14,000010.991,45132987.2
2021-10-20T14:00:02.204Z,-USD,000010.707,0000011.16,000010.471,0709867.44,000011.152,45176083.66
2021-10-20T15:00:02.133Z,-USD,000010.642,000011.221,000010.482,0676037.24,000011.125,45222814.42
2021-10-20T16:00:02.191Z,-USD,000010.577,000011.292,000010.482,0716897.72,000011.276,45277659.34
2021-10-20T17:00:01.752Z,-USD,000010.623,000011.602,000010.482,0827557.88,000011.491,45401175.8
2021-10-20T18:00:02.711Z,-USD,000010.645,000011.602,000010.482,0842600.73,000011.368,45441689.51
2021-10-20T19:00:02.04Z,-USD,000010.554,000011.602,000010.482,0870025.17,000011.512,45491168.5
2021-10-20T20:00:01.881Z,-USD,0000010.61,000011.602,000010.482,0892555.85,000011.425,45532263.46
2021-10-20T21:00:02.216Z,-USD,000010.543,000011.602,000010.482,0899356.72,000011.387,45555746.12
2021-10-20T22:00:02.297Z,-USD,000010.614,000011.602,000010.482,0906638.39,0000011.38,45609154.62
2021-10-20T23:00:01.822Z,-USD,000010.775,000011.602,000010.482,0821038.62,000011.391,45645540.25
2021-10-21T00:00:02.66Z,-USD,000010.724,000011.602,000010.482,0837977.42,0000011.52,45695475.16
2021-10-21T01:00:02.187Z,-USD,000010.658,000011.656,000010.482,0839739.23,000011.589,42465800.22
2021-10-21T02:00:02.795Z,-USD,000010.728,000011.715,000010.482,0871062.82,000011.577,42506377.0
2021-10-21T03:00:02.201Z,-USD,000010.741,000011.715,000010.482,0911341.99,000011.569,42557443.41
2021-10-21T04:00:02.146Z,-USD,000010.713,000011.715,000010.482,0964722.26,000011.415,42620584.1
2021-10-21T05:00:02.629Z,-USD,000010.722,000011.715,000010.482,0990011.33,000011.291,42654478.2
2021-10-21T06:00:02.524Z,-USD,0000010.53,000011.715,000010.482,0955805.95,000011.328,42666126.83
2021-10-21T07:00:02.385Z,-USD,000010.525,000011.715,000010.523,0979125.71,000011.246,42698668.66
2021-10-21T08:00:02.232Z,-USD,0000010.58,000011.715,000010.552,1007043.22,00000011.2,42731845.02
2021-10-21T09:00:02.008Z,-USD,000010.562,000011.715,000010.552,1018062.68,000011.304,42745773.16
2021-10-21T10:00:01.763Z,-USD,000010.611,000011.715,000010.588,1035314.62,000011.501,42772270.96
2021-10-21T11:00:02.084Z,-USD,000010.845,000011.715,000010.727,1014648.81,000011.519,42796046.38
2021-10-21T12:00:01.931Z,-USD,000010.808,000011.715,0000010.76,1118944.58,000011.227,42947734.34
2021-10-21T13:00:01.776Z,-USD,000010.976,000011.715,0000010.76,01134090.8,000011.307,43013354.24
2021-10-21T14:00:02.654Z,-USD,000011.169,000011.715,0000010.76,1306553.06,000011.369,43227174.53
2021-10-21T15:00:01.791Z,-USD,000011.174,000011.715,0000010.76,1322446.67,0000011.07,43289356.88
2021-10-21T16:00:02.014Z,-USD,000011.278,000011.715,0000010.76,1356459.83,000011.027,43378475.52
2021-10-21T17:00:02.369Z,-USD,000011.486,000011.715,0000010.76,1277477.75,000010.969,43422582.22
2021-10-21T18:00:02.593Z,-USD,000011.373,000011.715,0000010.76,1260910.23,000010.927,43446471.02
2021-10-21T19:00:02.51Z,-USD,000011.524,000011.715,0000010.76,1273175.68,000011.028,43508217.59
2021-10-21T20:00:02.655Z,-USD,000011.416,000011.715,0000010.76,1261219.77,000010.978,43537661.99
2021-10-21T21:00:01.929Z,-USD,00000011.4,000011.715,0000010.76,1267769.17,000011.033,43567378.0
2021-10-21T22:00:02.08Z,-USD,000011.378,000011.715,0000010.76,1224768.82,000011.062,43578742.14
2021-10-21T23:00:02.468Z,-USD,000011.407,000011.715,0000010.76,1197958.93,000010.966,43588077.39
2021-10-22T00:00:02.626Z,-USD,000011.549,000011.715,0000010.76,1159535.71,000010.891,43599135.14
2021-10-22T01:00:09.309Z,-USD,000011.585,000011.715,0000010.76,1163871.26,0000011.15,41202221.21
2021-10-22T02:00:07.275Z,-USD,000011.591,000011.712,0000010.76,1157736.14,000011.107,41236715.03
2021-10-22T03:00:02.234Z,-USD,000011.587,000011.712,0000010.76,1122557.31,0000011.13,41252652.77
2021-10-22T04:00:01.852Z,-USD,000011.412,000011.712,0000010.76,1082477.67,000011.247,41275531.43
2021-10-22T05:00:02.652Z,-USD,000011.294,000011.712,0000010.76,1093659.34,000011.213,41320609.91
2021-10-22T06:00:02.402Z,-USD,000011.326,000011.712,0000010.76,1091234.28,000011.216,41329816.45
2021-10-22T07:00:02.05Z,-USD,000011.244,000011.712,0000010.76,1069934.54,000011.153,41341096.57
2021-10-22T08:00:01.781Z,-USD,000011.197,000011.712,0000010.76,01043390.8,000011.175,41347695.42
2021-10-22T09:00:02.57Z,-USD,000011.295,000011.712,0000010.76,01038122.8,000011.184,41356340.63
2021-10-22T10:00:02.161Z,-USD,000011.498,000011.712,0000010.76,1016850.44,000011.122,41361745.65
2021-10-22T11:00:02.351Z,-USD,000011.519,000011.712,0000010.76,01001071.4,000011.146,41370019.44
2021-10-22T12:00:01.743Z,-USD,000011.224,000011.538,000010.799,0858064.47,000011.209,41378776.28
2021-10-22T13:00:02.639Z,-USD,000011.318,000011.538,000010.799,0800307.24,000011.235,41390747.72
2021-10-22T14:00:02.466Z,-USD,000011.348,000011.443,000010.799,0609407.73,000010.978,41409258.9
2021-10-22T15:00:01.819Z,-USD,000011.068,000011.378,000010.767,0614039.28,000010.908,41476429.34
2021-10-22T16:00:01.939Z,-USD,000011.006,000011.378,0000010.75,0584241.51,0000010.75,41535462.94
2021-10-22T17:00:02.393Z,-USD,000010.968,000011.378,000010.579,0617706.09,0000010.75,41613273.37
2021-10-22T18:00:02.025Z,-USD,000010.938,000011.378,000010.579,0639376.35,000010.704,41658306.03
2021-10-22T19:00:02.161Z,-USD,000011.038,000011.378,000010.579,0599297.18,000010.742,41680265.19
2021-10-22T20:00:02.173Z,-USD,000011.001,000011.378,000010.579,0626278.43,000010.773,41736393.88
2021-10-22T21:00:02.418Z,-USD,000011.042,000011.378,000010.579,0612108.42,000010.773,41751926.97
2021-10-22T22:00:02.198Z,-USD,000011.065,000011.378,000010.579,0620555.55,000010.637,41772099.41
2021-10-22T23:00:02.568Z,-USD,000010.989,000011.378,000010.579,0631202.25,0000010.73,41792312.84
2021-10-23T00:00:02.446Z,-USD,000010.898,000011.378,000010.579,0634987.67,000010.687,41806637.67
2021-10-23T01:00:02.283Z,-USD,000011.132,000011.378,000010.579,0611633.49,000010.737,39543085.83
2021-10-23T02:00:02.096Z,-USD,000011.099,000011.378,000010.579,0603063.24,000010.754,39568525.21
2021-10-23T03:00:02.102Z,-USD,000011.122,000011.378,000010.579,0624044.77,000010.789,39605479.36
2021-10-23T04:00:02.17Z,-USD,000011.261,000011.378,000010.579,00615440.2,000010.784,39619985.51
2021-10-23T05:00:02.322Z,-USD,000011.214,000011.296,000010.579,0582418.96,000010.799,39631760.19
2021-10-23T06:00:02.227Z,-USD,000011.235,000011.296,000010.579,00580918.5,000010.731,39639474.5
2021-10-23T07:00:02.1Z,-USD,000011.169,0000011.27,000010.579,0615571.22,0000010.75,39685398.83
2021-10-23T08:00:01.833Z,-USD,000011.206,0000011.27,000010.579,00628061.5,000010.734,39704704.1
2021-10-23T09:00:01.76Z,-USD,000011.183,0000011.27,000010.579,0634588.77,000010.784,39720021.17
2021-10-23T10:00:02.585Z,-USD,000011.149,0000011.27,000010.579,00635402.6,000010.656,39725899.05
2021-10-23T11:00:01.767Z,-USD,000011.139,0000011.27,000010.579,0643466.79,000010.604,39742504.08
2021-10-23T12:00:02.463Z,-USD,000011.202,0000011.27,000010.527,00654072.1,000010.746,39761876.35
2021-10-23T13:00:02.387Z,-USD,000011.233,000011.237,000010.527,0665818.78,000010.703,39785423.32
2021-10-23T14:00:02.271Z,-USD,000010.974,000010.974,000010.527,00662989.6,000010.662,39801036.28
2021-10-31T18:00:08.706Z,-USD,000011.088,000011.294,000010.575,1195262.04,000010.761,35014075.13
2021-10-31T19:00:01.791Z,-USD,000011.163,000011.294,000010.575,1229869.68,000010.738,35085106.44
2021-10-31T20:00:01.778Z,-USD,000011.149,000011.294,000010.575,1235612.74,000010.746,35135485.01
2021-10-31T21:00:02.684Z,-USD,000011.053,000011.294,000010.575,1271632.26,000010.852,35200419.85
2021-10-31T22:00:01.709Z,-USD,000011.028,000011.294,000010.575,1274841.71,000010.951,35247547.48
2021-10-31T23:00:03.094Z,-USD,000010.921,000011.294,000010.575,1271121.73,000010.917,35296652.22
2021-11-01T00:00:04.868Z,-USD,000011.075,000011.294,000010.575,1292568.02,000010.846,35364576.58
2021-11-01T01:00:04.338Z,-USD,000011.239,000011.294,000010.575,1282108.34,000010.928,34341728.87
2021-11-01T02:00:03.854Z,-USD,000011.092,000011.285,000010.575,01200463.8,000010.904,34353025.77
2021-11-01T03:00:03.703Z,-USD,000011.145,000011.285,000010.575,1224395.91,000010.751,34429648.46
2021-11-01T04:00:13.388Z,-USD,000011.212,000011.285,000010.575,1236502.99,000010.621,34472899.16
2021-11-01T05:00:07.284Z,-USD,000011.221,000011.247,000010.556,1472699.24,000011.061,34729842.44
2021-11-01T06:00:06.049Z,-USD,000011.187,000011.406,000010.556,1603963.52,000011.284,34890503.26
2021-11-01T07:00:06.388Z,-USD,000011.132,000011.456,000010.556,1674035.98,000011.305,34980557.23
2021-11-01T08:00:02.266Z,-USD,000011.216,000011.532,000010.556,1706704.28,000011.445,35033372.39
2021-11-01T09:00:01.782Z,-USD,000010.997,000011.532,000010.556,1725279.07,000011.482,35110473.32
2021-11-01T10:00:02.202Z,-USD,000010.996,000011.899,000010.556,1942512.97,000011.865,35348530.08
2021-11-01T11:00:03.213Z,-USD,000010.962,000011.908,000010.556,2037820.44,000011.719,35484300.29
2021-11-01T12:00:02.513Z,-USD,0000010.88,000011.908,000010.556,2108508.92,000011.706,35592704.97
2021-11-01T13:00:02.256Z,-USD,000010.756,000011.908,000010.556,2216957.51,000011.736,35780980.87
2021-11-01T14:00:02.194Z,-USD,000010.817,000012.354,000010.556,2513598.47,000012.214,36124935.92
2021-11-01T15:00:02.248Z,-USD,000010.709,000012.495,000010.556,2833398.44,000012.333,36513354.3
2021-11-01T16:00:01.801Z,-USD,000010.718,000012.621,000010.556,3095968.76,000012.487,36884794.18
2021-11-01T17:00:03.98Z,-USD,000010.774,000012.734,000010.556,3390585.66,000012.598,37267439.62
2021-11-01T18:00:02.944Z,-USD,000010.731,000012.734,000010.556,03606274.4,000012.412,37544652.99
2021-11-01T19:00:02.167Z,-USD,000010.731,000012.734,000010.556,3743779.16,000012.512,37753243.77
2021-11-01T20:00:02.283Z,-USD,000010.728,000012.973,000010.556,4138940.57,000012.894,38198673.38
2021-11-01T21:00:02.427Z,-USD,0000010.85,000013.113,000010.556,04537513.4,00000012.9,38662805.7
2021-11-01T22:00:02.478Z,-USD,000010.969,000013.113,000010.556,4779717.86,0000012.58,38953073.87
2021-11-01T23:00:03.419Z,-USD,000010.956,000013.113,000010.556,4874783.78,000012.507,39095755.42
2021-11-02T00:00:01.929Z,-USD,000010.906,000013.113,000010.556,4960537.66,000012.757,39252478.9
2021-11-02T01:00:01.873Z,-USD,000010.944,000013.113,000010.556,5115780.53,000012.528,38561630.15
2021-11-02T02:00:01.986Z,-USD,000010.898,000013.113,000010.556,5237496.51,000012.481,38694755.21
2021-11-02T03:00:01.903Z,-USD,000010.612,000013.113,000010.556,05173978.8,000012.342,38765075.95
2021-11-02T04:00:02.082Z,-USD,000010.612,000013.113,000010.556,5232054.36,00000012.4,38823151.51
2021-11-02T05:01:03.096Z,-USD,000011.317,000013.113,000011.211,4876934.95,000012.481,38874629.65
2021-11-02T06:00:02.166Z,-USD,000011.317,000013.113,000011.211,4899975.18,000012.524,38897669.88
2021-11-02T07:00:01.91Z,-USD,0000011.35,000013.113,000011.313,4857150.68,000012.497,38942768.79
2021-11-02T08:00:01.852Z,-USD,000011.468,000013.113,000011.364,04827157.9,000012.416,38966023.58
2021-11-02T09:00:01.775Z,-USD,000011.597,000013.113,000011.549,4747448.47,000012.442,38980618.43
2021-11-02T10:00:01.714Z,-USD,000011.862,000013.113,000011.611,4561914.02,000012.617,39019277.52
2021-11-02T11:00:04.183Z,-USD,0000011.75,000013.113,000011.645,4558639.48,0000012.58,39148742.1
2021-11-02T12:00:01.711Z,-USD,000011.771,000013.113,000011.645,4546880.89,000012.402,39248028.75
2021-11-02T13:00:02.582Z,-USD,000011.745,000013.113,000011.726,4411333.32,000012.422,39296931.33
2021-11-02T14:00:02.686Z,-USD,000012.252,000013.113,000012.138,4192329.53,000012.477,39423301.0
2021-11-02T15:00:02.009Z,-USD,000012.325,000013.113,000012.227,3901446.22,000012.448,39526443.26
2021-11-02T16:00:02.22Z,-USD,000012.547,000013.113,000012.293,3563419.84,000012.565,39560849.76
2021-11-02T17:00:03.37Z,-USD,000012.624,000013.113,000012.293,3267645.74,000012.428,39640060.57
2021-11-02T18:00:02.126Z,-USD,0000012.43,000013.113,000012.293,3042103.28,000012.397,39694402.67
2021-11-02T19:00:02.42Z,-USD,000012.555,000013.113,000012.293,2918305.15,0000012.37,39786045.33
2021-11-02T20:00:01.771Z,-USD,000012.907,000013.113,000012.293,2529075.17,000012.394,39838055.51
2021-11-02T21:00:01.886Z,-USD,000012.908,0000013.02,000012.293,2092236.73,000012.331,39875352.25
2021-11-02T22:00:02.016Z,-USD,000012.598,000012.984,000012.107,1898532.34,000012.191,39960721.06
2021-11-02T23:00:02.751Z,-USD,000012.499,000012.984,000012.107,1795210.52,000012.193,39996441.64
2021-11-03T00:00:02.489Z,-USD,0000012.75,000012.984,000012.078,1895902.13,000012.112,40256330.49
2021-11-03T01:00:02.616Z,-USD,000012.563,000012.984,000012.031,1770996.69,000012.333,39171879.2
2021-11-03T02:00:02.352Z,-USD,000012.472,000012.984,000012.031,1703979.51,000012.383,39237883.22
2021-11-03T03:00:02.521Z,-USD,000012.342,000012.984,000012.031,1804923.47,000012.776,39408672.09
2021-11-03T04:00:02.703Z,-USD,000012.398,000012.984,000012.031,01957543.3,000012.606,39619473.01
2021-11-03T05:00:03.72Z,-USD,000012.479,000012.984,000012.031,2093747.13,000012.436,39806725.09
2021-11-03T06:00:02.825Z,-USD,0000012.52,000012.984,000012.031,2110545.88,000012.594,39847168.55
2021-11-03T07:00:01.666Z,-USD,000012.492,000012.984,000012.031,2093305.79,0000012.51,39876475.32
2021-11-03T08:00:02.667Z,-USD,000012.454,000012.984,000012.031,02086778.7,000012.661,39892767.3
2021-11-03T09:00:02.682Z,-USD,000012.431,000012.984,000012.031,2085391.78,000012.603,39907052.13
2021-11-03T10:00:02.489Z,-USD,000012.567,000012.984,000012.031,02085656.1,000012.696,39944474.61
2021-11-03T11:00:04.508Z,-USD,000012.554,000012.851,000012.031,2018736.91,000012.654,40010322.06
2021-11-03T12:00:01.942Z,-USD,000012.406,000012.851,000012.031,1967039.75,000012.534,40057627.71
2021-11-03T13:00:01.863Z,-USD,000012.429,000012.851,000012.031,2084051.05,000012.103,40224767.62
2021-11-03T14:00:01.998Z,-USD,000012.507,000012.851,0000011.88,2041464.38,000011.946,40303954.71
2021-11-03T15:00:02.207Z,-USD,000012.447,000012.851,000011.876,2041965.73,000012.015,40407451.16
2021-11-03T16:00:01.68Z,-USD,000012.564,000012.851,000011.876,2209284.05,000012.183,40610471.62
2021-11-03T17:00:03.277Z,-USD,000012.438,000012.851,000011.876,2220071.06,000012.263,40699779.63
2021-11-03T18:00:01.882Z,-USD,000012.385,000012.851,000011.876,2312909.53,000012.497,40846311.07
2021-11-03T19:00:02.278Z,-USD,000012.358,000012.897,000011.876,2397809.05,000012.893,41029620.51
2021-11-03T20:00:02.568Z,-USD,000012.397,000013.094,000011.876,2523566.36,000012.948,41200930.71
2021-11-03T21:00:01.933Z,-USD,000012.288,000013.232,000011.876,2655233.47,000013.221,41385996.14
