Coin on file:	UNI
Created by:	chris
Created on:	09/18/2021T03:00:1631948402Z

Recorded,Currency,Open,High,Low,Volume,Last,Volume30day
2021-09-18T03:00:02.659Z,-USD,00025.4254,00025.9892,000023.942,1127292.771572,00024.4936,29279166.553949
2021-09-18T04:00:01.983Z,-USD,00025.7479,00025.9892,000023.942,1058838.373579,00024.7259,29293908.84562
2021-09-18T05:00:02.052Z,-USD,00025.9463,00025.9892,000023.942,1027394.509097,00024.9702,29315916.169147
2021-09-18T06:00:02.083Z,-USD,00025.9279,000025.988,000023.942,1002388.663973,000025.152,29346204.921084
2021-09-18T07:00:02.385Z,-USD,00025.8555,00025.9766,000023.942,942222.455198,00024.9973,29359346.739952
2021-09-18T08:00:02.626Z,-USD,00025.5438,00025.8696,000023.942,894506.11571,00024.9444,29368503.950067
2021-09-18T09:00:01.852Z,-USD,00025.7487,00025.8416,000023.942,792222.911026,00024.9573,29383870.473283
2021-09-18T10:00:01.968Z,-USD,00025.3674,00025.4586,000023.942,745208.975632,00024.8644,29397775.167241
2021-09-18T11:00:02.344Z,-USD,00024.7305,00025.2015,000023.942,667611.623128,00024.9637,29410220.138002
2021-09-18T12:00:02.46Z,-USD,00024.4944,00025.2015,000023.942,636438.23031,00024.6344,29427232.95991
2021-09-18T13:00:02.675Z,-USD,00024.6505,00025.2015,000023.942,620312.274607,00024.5986,29458941.10347
2021-09-18T14:00:01.88Z,-USD,00024.4501,00025.2015,000023.942,594001.819997,00024.6103,29476455.130127
2021-09-18T14:27:57.952Z,-USD,00024.7904,00025.2015,000023.942,547335.461031,00024.7054,29481669.810654
2021-09-18T14:28:37.246Z,-USD,00024.7904,00025.2015,000023.942,547369.788171,000024.697,29481704.137794
2021-09-18T14:31:17.504Z,-USD,00024.7904,00025.2015,000023.942,547544.698177,00024.7032,29481879.0478
2021-09-18T15:00:02.118Z,-USD,00024.7904,00025.2015,000023.942,554344.022624,00024.6889,29488678.372247
2021-09-18T16:00:02.322Z,-USD,00024.6461,00025.2015,000023.942,497261.176669,00024.6251,29501941.95766
2021-09-18T17:00:02.107Z,-USD,00024.9595,00025.2015,000023.942,463859.9704,00024.3341,29519603.811792
2021-09-18T18:00:07.221Z,-USD,0000024.59,00025.2015,000023.942,465307.567662,00024.4587,29538676.208406
2021-09-18T19:00:01.787Z,-USD,00024.4551,00025.2015,000023.942,422904.53759,00024.3893,29546644.999273
2021-09-18T20:00:02.515Z,-USD,00024.6888,00025.2015,000023.942,426560.361613,000024.307,29566350.388789
2021-09-18T21:00:02.121Z,-USD,00024.2866,00025.2015,000023.942,432051.344373,00024.1003,29584272.119389
2021-09-18T22:00:02.335Z,-USD,00024.4558,00025.2015,000023.942,401317.136188,00024.1018,29592423.177927
2021-09-18T23:00:01.768Z,-USD,00024.0216,00025.2015,000023.942,398295.293101,000024.268,29605411.979611
2021-09-19T00:00:02.394Z,-USD,00024.3362,00025.2015,000023.942,410004.578854,00024.5514,29627566.352492
2021-09-19T01:00:02.002Z,-USD,00024.3178,00025.2015,00023.9744,415373.919542,00024.3521,28975084.988375
2021-09-19T02:00:02.019Z,-USD,000024.558,00025.2015,00023.9744,407791.84964,000024.289,28992134.621469
2021-09-19T03:00:02.664Z,-USD,00024.4965,00025.2015,00023.9744,400759.298555,00024.2916,29005934.710071
2021-09-19T04:00:02.654Z,-USD,00024.7013,00025.2015,00023.9744,391436.435185,00024.2029,29011462.754384
2021-09-19T05:00:02.407Z,-USD,00024.9838,00025.2015,00023.9744,373438.698167,00024.2491,29015476.562467
2021-09-19T06:00:02.187Z,-USD,000025.183,00025.1876,00023.9744,347068.794421,00024.3932,29019344.39706
2021-09-19T07:00:02.005Z,-USD,00025.0452,00025.0895,00023.9744,337859.702503,00024.4766,29023389.561998
2021-09-19T08:00:02.143Z,-USD,000024.958,00025.0588,00023.9744,336432.739207,00024.4399,29031032.725199
2021-09-19T09:00:01.925Z,-USD,00024.9618,00025.0481,00023.9744,327045.625833,00024.4654,29036864.543745
2021-09-19T10:00:01.868Z,-USD,000024.877,00025.0481,00023.9744,326140.694959,00024.3992,29049899.286893
2021-09-19T11:00:02.48Z,-USD,00024.9866,00025.0481,00023.9744,322234.719172,00024.3713,29058463.153594
2021-09-19T12:00:02.523Z,-USD,00024.6671,00024.8719,0000023.51,341230.965867,00023.6442,29094576.75047
2021-09-19T13:00:02.684Z,-USD,00024.5902,00024.7517,0000023.51,335353.934074,00023.6648,29120300.558227
2021-09-19T14:00:02.607Z,-USD,00024.6103,00024.7458,0000023.51,344413.482699,00023.9671,29146845.61677
2021-09-19T15:00:02.684Z,-USD,00024.7072,000024.736,0000023.51,351811.428598,00023.9281,29166453.185538
2021-09-19T16:00:02.634Z,-USD,00024.6451,00024.6921,0000023.51,349650.372602,000024.042,29177546.954955
2021-09-19T17:00:02.62Z,-USD,0000024.33,00024.6471,0000023.51,346495.98027,00023.9951,29192051.014268
2021-09-19T18:00:01.7Z,-USD,00024.4038,00024.6471,0000023.51,336991.56546,00023.9108,29201623.535365
2021-09-19T19:00:01.839Z,-USD,00024.3442,00024.6471,0000023.51,344656.30694,000024.059,29217276.030906
2021-09-19T20:00:01.841Z,-USD,00024.3215,00024.6471,0000023.51,332210.809697,000023.843,29224645.123179
2021-09-19T21:00:02.299Z,-USD,00024.0887,00024.6471,0000023.51,330714.924066,00024.0572,29240938.665107
2021-09-19T22:00:02.24Z,-USD,000024.101,00024.6471,0000023.51,342262.523835,00024.0155,29260653.74938
2021-09-19T23:00:02.396Z,-USD,00024.2908,00024.6471,00023.5001,358076.128797,00023.6884,29289495.933101
2021-09-20T00:00:01.696Z,-USD,000024.544,00024.6471,00023.5001,350920.968332,00023.8863,29304630.318452
2021-09-20T01:00:01.876Z,-USD,00024.2942,00024.6471,00023.2722,368119.061415,00023.4166,28825553.74629
2021-09-20T02:00:02.151Z,-USD,00024.2788,00024.6471,00023.2722,368796.822143,00023.6479,28843105.25159
2021-09-20T03:00:02.274Z,-USD,00024.3118,00024.6471,00022.7048,425139.469962,000022.767,28912902.370024
2021-09-20T04:00:02.153Z,-USD,00024.2177,00024.6471,00022.2064,506452.397703,00022.6164,28999747.2867
2021-09-20T05:00:01.965Z,-USD,000024.227,00024.6471,00022.2064,533456.656408,00022.7934,29030786.588512
2021-09-20T06:00:01.919Z,-USD,00024.4078,00024.6471,00022.2064,553394.671575,00022.8026,29054666.076613
2021-09-20T07:00:02.042Z,-USD,00024.4885,00024.6471,00022.2064,590975.863366,00022.6625,29096195.692726
2021-09-20T08:00:02.121Z,-USD,00024.4621,00024.4933,00022.1129,642405.638093,00022.2748,29155267.429829
2021-09-20T09:00:01.892Z,-USD,00024.4711,00024.4933,00022.1129,705244.468779,00022.5448,29223957.644036
2021-09-20T10:00:01.701Z,-USD,00024.4049,00024.4331,00022.1129,727177.081835,00022.5057,29258984.076706
2021-09-20T11:00:02.361Z,-USD,00024.3724,00024.4064,00022.1129,776968.655064,00022.4072,29317269.516636
2021-09-20T12:00:02.361Z,-USD,00023.6267,00024.1623,0000021.16,859169.164317,00021.5436,29435594.446592
2021-09-20T13:00:02.403Z,-USD,00023.6856,00024.1623,0000020.46,962206.606516,00021.3318,29564468.054117
2021-09-20T14:00:02.73Z,-USD,00023.9518,00024.1623,0000020.46,1027210.818095,00021.8725,29656268.442843
2021-09-20T15:00:01.832Z,-USD,00023.9166,00024.1623,0000020.46,1062032.064367,00021.6049,29710544.732451
2021-09-20T16:00:02.357Z,-USD,00024.0334,00024.1623,0000020.46,1123812.857576,00021.8968,29783390.044522
2021-09-20T17:00:02.536Z,-USD,00023.9914,00024.1371,0000020.46,1177654.605753,00021.7229,29851548.840111
2021-09-20T18:00:02.544Z,-USD,00023.9103,00024.1371,0000020.46,1214889.186661,00021.7937,29898343.880004
2021-09-20T19:00:02.469Z,-USD,00024.0609,00024.1371,0000020.46,1244491.245822,00021.2709,29943596.584706
2021-09-20T20:00:02.434Z,-USD,000023.843,00024.1371,0000020.46,1282777.891083,00021.4878,29989378.562226
2021-09-20T21:00:02.46Z,-USD,00024.0607,00024.1371,0000020.46,1303786.445632,00021.2087,30026779.88144
2021-09-20T22:00:02.44Z,-USD,00024.0705,00024.1371,0000020.46,1300757.496958,00021.2921,30043422.959301
2021-09-20T23:00:02.52Z,-USD,00023.6698,00023.9857,0000020.46,1359115.786563,00021.0937,30130487.196292
2021-09-21T00:00:02.956Z,-USD,00023.8978,00023.9857,0000020.46,1387874.835209,00020.8389,30174427.361639
2021-09-21T01:00:02.191Z,-USD,00023.4348,00023.6712,00019.3966,1486063.527564,0000019.93,29788816.142954
2021-09-21T02:00:01.777Z,-USD,00023.6369,00023.6407,00019.3966,1568686.799871,000021.018,29888694.024285
2021-09-21T03:00:02.103Z,-USD,00000022.7,00022.9694,00019.3966,1552731.611191,00021.2771,29942840.344157
2021-09-21T04:00:02.34Z,-USD,000022.584,000022.933,00019.3966,1496616.370242,00021.0747,29973353.385117
2021-09-21T05:00:02.612Z,-USD,00022.7637,000022.933,00019.3966,1492240.29735,000020.725,30000010.329972
2021-09-21T06:00:02.518Z,-USD,00022.8225,000022.933,00019.3966,1500758.176903,00020.8304,30032366.73585
2021-09-21T07:00:02.272Z,-USD,00022.6835,000022.933,00019.3966,1490421.037074,00021.1048,30063554.37391
2021-09-21T08:00:02.419Z,-USD,00022.2978,000022.933,00019.3966,1456425.049726,00021.3585,30088590.323665
2021-09-21T09:00:02.545Z,-USD,00022.4945,000022.933,00019.3966,1423282.495402,00021.4533,30124457.870897
2021-09-21T10:00:02.395Z,-USD,00022.5209,000022.933,00019.3966,1403098.185841,00021.2009,30139577.956535
2021-09-21T11:00:02.6Z,-USD,00022.4178,00022.4505,00019.3966,1370460.242791,00021.4528,30164926.836938
2021-09-21T12:00:02.507Z,-USD,00021.5026,00022.0864,00019.3966,1278470.548545,00021.2957,30191752.087512
2021-09-21T13:00:02.679Z,-USD,00021.3809,00022.0864,00019.3966,1171201.727933,00021.1311,30212620.414823
2021-09-21T14:00:01.857Z,-USD,00021.8449,00022.0864,00019.3966,1105899.642698,00021.2283,30239420.13163
2021-09-21T15:00:02.144Z,-USD,00021.5747,00022.0864,00019.3966,1089595.269318,00020.8774,30277054.236014
2021-09-21T16:00:02.617Z,-USD,00021.8406,00022.0864,00019.3966,1084825.260889,00021.0927,30345947.497775
2021-09-21T17:00:03.462Z,-USD,00021.7225,00021.9052,00019.3966,1068661.041701,00020.4506,30397135.228843
2021-09-21T18:00:01.824Z,-USD,00021.8065,000021.847,00019.3966,1104944.291786,00020.1575,30480186.505566
2021-09-21T19:00:02.438Z,-USD,00021.2921,00021.6363,00019.3966,1112946.473722,00020.0215,30533976.05991
2021-09-21T20:00:02.298Z,-USD,00021.4941,00021.6363,00019.3966,1110328.228964,00019.8695,30576623.363876
2021-09-21T21:00:01.766Z,-USD,00021.2317,00021.6363,00018.9529,1162810.475222,00019.0261,30666637.023169
2021-09-21T22:00:02.225Z,-USD,00021.2877,00021.6363,00018.3416,1279464.815128,00019.3631,30800123.015737
2021-09-21T23:00:02.124Z,-USD,00021.1004,00021.6363,00018.3416,1246500.539285,00018.8635,30854093.719687
2021-09-22T00:00:02.323Z,-USD,00020.9065,00021.6363,00018.3416,1257648.809156,000019.052,30909248.638828
2021-09-22T01:00:02.686Z,-USD,00019.9212,00021.6363,00018.3416,1234047.10651,00019.1641,30587031.666471
2021-09-22T02:00:01.838Z,-USD,00020.9889,00021.6363,00018.3416,1188043.894402,00019.8478,30640925.603956
2021-09-22T03:00:02.496Z,-USD,000021.262,00021.6363,00018.3416,1172346.597741,00019.8249,30679462.54867
2021-09-22T04:00:01.855Z,-USD,00021.0844,00021.6363,00018.3416,1216211.422052,0000019.93,30753521.494658
2021-09-22T05:00:01.961Z,-USD,00020.7193,00021.6363,00018.3416,1216414.084213,00019.6757,30780361.991744
2021-09-22T06:00:02.356Z,-USD,00020.8587,00021.6363,00018.3416,1216722.903005,00019.9839,30813040.573253
2021-09-22T07:00:02.359Z,-USD,00021.1441,00021.6363,00018.3416,1224429.72364,00020.1077,30852098.739016
2021-09-22T08:00:02.458Z,-USD,00021.3959,00021.6363,00018.3416,1246940.769904,00020.1968,30899810.457577
2021-09-22T09:00:03.657Z,-USD,00021.4354,00021.6363,00018.3416,1235164.955841,00019.9897,30923712.843745
2021-09-22T10:00:01.805Z,-USD,00021.2235,00021.6363,00018.3416,1245547.537404,00020.2406,30949098.108332
2021-09-22T11:00:02.368Z,-USD,00021.4777,00021.5572,00018.3416,1244600.530896,00020.2114,30973470.775245
2021-09-22T12:00:02.378Z,-USD,000021.275,00021.5523,00018.3416,1252351.189608,00019.9857,31008047.496022
2021-09-22T13:00:02.638Z,-USD,00021.0811,00021.4514,00018.3416,1263630.133711,00020.1426,31040339.673829
2021-09-22T14:00:01.835Z,-USD,00021.2435,00021.2647,00018.3416,1323862.112301,000020.325,31127801.892163
2021-09-22T15:00:01.945Z,-USD,00020.8831,00021.2395,00018.3416,1348403.698429,000020.268,31189399.35145
2021-09-22T16:00:02.268Z,-USD,00021.1133,00021.1789,00018.3416,1362005.932979,00020.8182,31272171.788402
2021-09-22T17:00:02.156Z,-USD,00020.4983,00021.2183,00018.3416,1368621.922538,00021.1459,31329814.947714
2021-09-22T18:00:02.557Z,-USD,00020.1564,00021.2395,00018.3416,1336747.377639,00020.9061,31381008.124928
2021-09-22T19:00:02.158Z,-USD,00020.0195,00021.5859,00018.3416,1426074.823092,00021.0462,31523999.082975
2021-09-22T20:00:02.676Z,-USD,00019.7942,00021.5859,00018.3416,1486840.200871,00021.2396,31628227.034755
2021-09-22T21:00:01.933Z,-USD,00019.0284,00021.5859,00018.3416,1466389.701219,00021.3792,31697340.328832
2021-09-22T22:00:02.514Z,-USD,0000019.32,00021.5859,00018.8045,1367615.15252,00021.2922,31731770.428635
2021-09-22T23:00:02.005Z,-USD,00018.8849,00021.5859,00018.8045,1349357.784151,00021.5328,31767610.63371
2021-09-23T00:00:03.545Z,-USD,00019.0614,00021.6594,00018.8444,1320995.663399,00021.6158,31794906.103173
2021-09-23T01:00:02.49Z,-USD,00019.2386,00021.6878,00019.0723,1260161.361829,0000021.27,31248232.489157
2021-09-23T02:00:02.357Z,-USD,00019.8697,00021.6878,00019.6394,1234177.08462,00021.4309,31275982.560169
2021-09-23T03:00:02.712Z,-USD,00019.7855,00021.6878,00019.6394,1220442.393952,00021.5179,31300891.912745
2021-09-23T04:00:01.926Z,-USD,00019.9804,00021.7238,00019.6394,1169114.564661,00021.7016,31323438.729442
2021-09-23T05:00:02.221Z,-USD,00019.7051,00021.8441,00019.6991,1165387.318819,00021.5956,31346691.460557
2021-09-23T06:00:02.32Z,-USD,00020.0248,00021.8441,00019.7287,1157321.290902,00021.4727,31371359.852404
2021-09-23T07:00:03.134Z,-USD,000020.129,00021.8441,00019.8564,1129096.720442,00021.6867,31381996.13418
2021-09-23T08:00:02.122Z,-USD,00020.2008,00021.8441,00019.8564,1103409.907853,00021.7252,31404021.812634
2021-09-23T09:00:02.3Z,-USD,00019.9904,00021.8441,00019.8564,1117258.664849,00021.4005,31442055.360479
2021-09-23T10:00:02.464Z,-USD,00020.2809,00021.8441,00019.8564,1106343.165763,00021.3746,31457090.039234
2021-09-23T11:00:05.825Z,-USD,00020.2199,00021.8441,00019.8564,1116007.702031,00021.1214,31490369.749028
2021-09-23T12:00:02.063Z,-USD,00020.0158,00021.8441,00019.8564,1105869.333727,00020.9924,31514984.046857
2021-09-23T13:00:02.551Z,-USD,000020.161,00021.8441,00020.0136,1102279.672114,00021.0584,31543704.26721
2021-09-23T14:00:01.849Z,-USD,00020.3437,00021.8441,0000020.16,1045863.828714,00021.4513,31574561.504232
2021-09-23T15:00:02.469Z,-USD,00020.2547,00021.8441,00020.2547,1015640.265565,00021.3738,31608193.865949
2021-09-23T16:00:01.835Z,-USD,00020.8279,00021.8441,00020.7063,977367.715371,00021.0345,31650605.599189
2021-09-23T17:00:02.388Z,-USD,00021.1737,00021.8441,00020.7775,951969.479608,00020.9606,31682843.847236
2021-09-23T18:00:01.982Z,-USD,00020.8511,00021.8441,00020.8061,968117.691423,00021.5677,31750334.698696
2021-09-23T19:00:01.805Z,-USD,00021.0154,00021.8441,00020.8945,857968.229201,00021.5345,31783386.618713
2021-09-23T20:00:02.516Z,-USD,00021.2584,00021.8441,00020.8945,782428.339973,00021.6318,31812406.582766
2021-09-23T21:00:02.25Z,-USD,00021.3557,00021.8441,00020.8945,738566.437764,00021.4484,31836945.874747
2021-09-23T22:00:02.175Z,-USD,00021.2917,00021.8441,00020.8945,728985.649434,00021.3994,31861633.248192
2021-09-23T23:00:01.951Z,-USD,00021.5038,00021.8441,00020.8945,728365.216365,00021.3678,31896886.220198
2021-09-24T00:00:02.48Z,-USD,000021.618,00021.8441,00020.8945,723717.537709,00021.5042,31919755.37023
2021-09-24T01:00:02.228Z,-USD,00021.2693,00021.8441,00020.8945,694877.073982,00021.2982,31364648.894846
2021-09-24T02:00:02.084Z,-USD,00021.4611,00021.8441,00020.8945,688677.67884,00021.1116,31386272.7084
2021-09-24T03:00:01.973Z,-USD,00021.5054,00021.8441,00020.8945,679305.791481,00000021.1,31401751.466031
2021-09-24T04:00:02.45Z,-USD,00021.7238,00021.8441,00020.8945,683761.857145,00020.9754,31428750.023752
2021-09-24T05:00:02.206Z,-USD,00021.6018,00021.8146,00020.8447,685353.242743,0000020.97,31453745.277438
2021-09-24T06:00:02.643Z,-USD,00021.4905,00021.8146,00020.6739,687882.062402,00020.9342,31481340.51996
2021-09-24T07:00:02.623Z,-USD,00021.7233,00021.8146,00020.6739,697692.385914,00020.7495,31501758.639904
2021-09-24T08:00:01.884Z,-USD,00021.7388,00021.8146,00020.6739,708274.590227,00021.0986,31534447.827635
2021-09-24T09:00:02.126Z,-USD,00021.3906,00021.6696,00020.6739,688818.252241,00020.8202,31552728.283442
2021-09-24T10:00:02.248Z,-USD,0000021.33,00021.6696,00019.0816,822781.949348,00019.0963,31701414.720289
2021-09-24T11:00:02.663Z,-USD,000021.107,00021.6696,00018.8368,883741.904068,00019.0326,31795761.012467
2021-09-24T12:00:02.133Z,-USD,00021.0328,00021.6696,00018.1865,973830.228102,00019.0727,31910620.402247
2021-09-24T13:00:02.817Z,-USD,000021.095,00021.6696,00018.1865,1028728.173686,00018.8918,31994132.172603
2021-09-24T14:00:02.591Z,-USD,00021.4854,00021.6696,00018.1865,1095795.272281,00019.3168,32092309.241677
2021-09-24T15:00:02.124Z,-USD,00021.3756,00021.6696,00018.1865,1349902.68114,00019.6544,32379777.180016
2021-09-24T16:00:01.961Z,-USD,00021.0404,00021.6696,00018.1865,1347067.607543,00019.4934,32419356.643768
2021-09-24T17:00:02.316Z,-USD,00020.9567,00021.6696,00018.1865,1354067.804574,000019.662,32458469.880389
2021-09-24T18:00:02.431Z,-USD,00021.5242,00021.6696,00018.1865,1336889.493874,000019.476,32510206.878991
2021-09-24T19:00:02.41Z,-USD,00021.5771,00021.6696,00018.1865,1349606.62666,00019.6712,32554778.963447
2021-09-24T20:00:01.732Z,-USD,00021.6375,00021.6696,00018.1865,1378890.546313,00019.7082,32612950.466334
2021-09-24T21:00:02.101Z,-USD,00021.4481,00021.6419,00018.1865,1419619.497506,00020.0348,32678394.592307
2021-09-24T22:00:02.204Z,-USD,00021.4011,00021.6419,00018.1865,1418400.991616,00020.0045,32701680.853672
2021-09-24T23:00:01.997Z,-USD,00021.3503,00021.6419,00018.1865,1597783.329939,000019.902,32916230.543286
2021-09-25T00:00:02.169Z,-USD,00021.4995,00021.6419,00018.1865,1607579.510714,00019.6795,32948915.697347
2021-09-25T01:00:02.578Z,-USD,00021.3262,00021.3734,00018.1865,1635912.836476,000019.997,32331283.687415
2021-09-25T02:00:01.928Z,-USD,00021.1657,00021.2752,00018.1865,1669998.926678,00019.9028,32386817.208916
2021-09-25T03:00:01.987Z,-USD,00021.1268,00021.2752,00018.1865,1679459.87983,00019.8019,32411973.37284
2021-09-25T04:00:02.605Z,-USD,00020.9736,00021.2752,00018.1865,1671142.715945,00019.8899,32430686.455134
2021-09-25T05:00:02.68Z,-USD,00020.9777,00021.2752,00018.1865,1661283.600417,00019.8829,32445660.69705
2021-09-25T06:00:02.668Z,-USD,00020.9034,00021.2752,00018.1865,1660590.390315,00019.6642,32472490.959846
2021-09-25T07:00:01.846Z,-USD,00020.7448,00021.2752,00018.1865,1655408.589086,00019.9183,32487887.578561
2021-09-25T08:00:01.884Z,-USD,00021.0721,00021.2752,00018.1865,1649954.146128,00019.4588,32516167.718862
2021-09-25T09:00:02.034Z,-USD,00020.8452,00020.8511,00018.1865,1681553.822274,00019.4828,32565145.068394
2021-09-25T10:00:01.83Z,-USD,0000019.07,00020.6028,00018.1865,1565950.030767,00019.6747,32598964.855355
2021-09-25T11:00:02.586Z,-USD,00019.0231,00020.6028,00018.1865,1489063.619024,00019.6504,32615575.008883
2021-09-25T12:00:02.497Z,-USD,00019.0538,00020.6028,000018.647,1395423.494194,000019.407,32636620.526069
2021-09-25T13:00:02.182Z,-USD,000018.913,00020.6028,000018.647,1326568.085569,00019.4053,32651617.338441
2021-09-25T14:00:02.678Z,-USD,00019.3129,00020.6028,0000018.96,1254692.595092,00019.5455,32678019.162542
2021-09-25T15:00:02.678Z,-USD,00019.6544,0000020.17,0000018.96,1015115.238415,000019.258,32725679.17945
2021-09-25T16:00:01.769Z,-USD,00019.4696,0000020.17,0000018.96,1033539.011445,00019.4786,32783596.973921
2021-09-25T17:00:02.512Z,-USD,00019.6418,0000020.17,0000018.96,1026834.928383,00019.3355,32815824.960725
2021-09-25T18:00:01.743Z,-USD,00019.5241,0000020.17,0000018.96,1043957.282519,000019.314,32885135.422839
2021-09-25T19:00:01.831Z,-USD,00019.6294,0000020.17,0000018.96,1033179.811631,00019.2344,32918760.914807
2021-09-25T20:00:02.078Z,-USD,00019.7348,0000020.17,0000018.96,993922.022401,00019.4811,32937680.113593
2021-09-25T21:00:02.047Z,-USD,00020.0171,0000020.17,0000018.96,947700.75007,000019.459,32956843.482114
2021-09-25T22:00:01.967Z,-USD,00020.0293,0000020.11,0000018.96,940675.342451,00019.3849,32973131.345694
2021-09-25T23:00:02.555Z,-USD,00019.8851,0000020.11,0000018.96,745889.837026,00019.5114,32992825.798419
2021-09-26T00:00:01.749Z,-USD,00019.6591,0000020.11,0000018.96,735148.725012,00019.4727,33014739.041313
2021-09-26T01:00:01.825Z,-USD,00000020.0,0000020.11,00018.8822,742513.818588,00019.0282,32500065.177443
2021-09-26T02:00:02.1Z,-USD,000019.894,0000020.11,0000018.68,738162.25502,000018.801,32551151.525376
2021-09-26T03:00:01.99Z,-USD,00019.7782,0000020.11,00018.5247,752367.825381,00018.7652,32590496.259661
2021-09-26T04:00:02.515Z,-USD,00019.8832,0000020.11,00018.5247,999627.897539,00019.0402,32856542.365201
2021-09-26T05:00:01.75Z,-USD,000019.871,00000020.0,00017.5258,1217361.06785,000018.894,33089219.180708
2021-09-26T06:00:02.535Z,-USD,00019.6508,00000020.0,00017.5258,1205591.9805,00018.9103,33104240.208882
2021-09-26T07:00:02.664Z,-USD,00019.9321,00000020.0,00017.5258,1231736.883355,00018.7082,33145894.47912
2021-09-26T08:00:02.631Z,-USD,00019.4745,00000020.0,00017.5258,1319984.082567,00018.0706,33262344.977869
2021-09-26T09:00:02.674Z,-USD,000019.464,00000020.0,00017.5258,1359873.475012,00018.3538,33351364.964013
2021-09-26T10:00:01.845Z,-USD,00019.6889,00022.7491,00017.5258,1874783.468523,00022.1369,33899972.539204
2021-09-26T11:00:01.798Z,-USD,00019.6599,00022.7491,00017.5258,2076254.875993,00022.3939,34117982.946316
2021-09-26T12:00:02.079Z,-USD,00019.3683,000022.988,00017.5258,2180223.400355,00022.8348,34243061.120208
2021-09-26T13:00:02.198Z,-USD,00019.4016,0000023.82,00017.5258,2340578.144727,00023.4786,34418524.130091
2021-09-26T14:00:02.218Z,-USD,00019.5086,0000023.82,00017.5258,2449198.438752,000023.457,34553914.660307
2021-09-26T15:00:02.375Z,-USD,00019.2233,00023.8747,00017.5258,2585211.48086,00023.7148,34737574.10135
2021-09-26T16:00:02.518Z,-USD,00019.4692,00023.8888,00017.5258,2627769.221298,00023.8877,34837653.676492
2021-09-26T17:00:02.496Z,-USD,00019.3319,000023.936,00017.5258,2775647.761481,00023.6888,35023048.557236
2021-09-26T18:00:01.767Z,-USD,000019.252,00024.8156,00017.5258,2967136.116644,00024.1528,35278431.39794
2021-09-26T19:00:01.978Z,-USD,00019.2519,00024.8156,00017.5258,2981104.653204,00024.1788,35326033.013655
2021-09-26T20:00:02.12Z,-USD,00019.4974,00024.8156,00017.5258,3018851.230048,000024.341,35382784.905081
2021-09-26T21:00:02.114Z,-USD,000019.449,00024.8156,00017.5258,3067647.609873,00024.3615,35450643.253427
2021-09-26T22:00:02.208Z,-USD,00019.3926,00024.8156,00017.5258,3082517.644503,00024.4694,35481888.94495
2021-09-26T23:00:02.421Z,-USD,00019.5248,00024.8156,00017.5258,3123483.11131,00023.7521,35542499.386806
2021-09-27T00:00:02.585Z,-USD,00019.4869,00024.8156,00017.5258,3216112.617783,00024.0845,35657008.855536
2021-09-27T01:00:01.792Z,-USD,00019.0701,00025.6746,00017.5258,3333642.948407,000025.469,35537461.322204
2021-09-27T02:00:01.815Z,-USD,00018.7898,00026.0267,00017.5258,3509867.519824,00025.3668,35763127.278501
2021-09-27T03:00:01.926Z,-USD,00018.7619,00026.0267,00017.5258,3603180.201215,00025.1531,35895501.310572
2021-09-27T04:00:02.541Z,-USD,00019.0439,00026.0267,00017.5258,3412307.933424,00025.2085,35970782.903478
2021-09-27T05:00:02.144Z,-USD,00018.9113,00026.0267,00017.7556,3275948.841919,000025.085,36066980.963553
2021-09-27T06:00:02.117Z,-USD,00018.9088,00026.0267,00017.7556,3309879.950213,00024.9738,36115897.536719
2021-09-27T07:00:02.227Z,-USD,00018.7108,00026.0267,00017.7556,3318721.099792,00024.4173,36166586.436892
2021-09-27T08:00:02.214Z,-USD,00018.0596,00026.0267,00017.7686,3281197.409308,00024.4945,36246383.224176
2021-09-27T09:00:02.262Z,-USD,00018.3362,00026.0267,00000018.3,3285108.060675,000024.863,36339060.734005
2021-09-27T10:00:02.303Z,-USD,00022.1144,00026.0267,00021.5603,2875692.770452,00024.3833,36478358.012344
2021-09-27T11:00:01.866Z,-USD,00022.3616,00026.0267,00000022.2,2704205.24556,00024.4044,36524976.907729
2021-09-27T12:00:01.882Z,-USD,000022.864,00026.0267,00022.7453,2633956.240661,00024.4094,36579499.013221
2021-09-27T13:00:02.11Z,-USD,0000023.56,00026.0267,00023.1183,2521568.289789,00024.3087,36643114.554569
2021-09-27T14:00:02.199Z,-USD,00023.4662,00026.0267,00023.1389,2443631.586022,00023.9602,36699554.270897
2021-09-27T15:00:02.738Z,-USD,000023.715,00026.0267,00023.1389,2351245.15353,00023.4879,36790836.14786
2021-09-27T16:00:02.049Z,-USD,00023.8697,00026.0267,00023.1389,2304448.849405,000023.475,36845994.635712
2021-09-27T17:00:02.063Z,-USD,00023.6512,00026.0267,00022.3654,2222255.226015,00022.7277,36947981.342162
2021-09-27T18:00:02.964Z,-USD,00024.1378,00026.0267,00022.3654,2024914.721219,00022.6764,37005652.749757
2021-09-27T19:00:02.296Z,-USD,00024.1848,00026.0267,00022.3654,2039988.992039,00022.7815,37067815.653048
2021-09-27T20:00:02.256Z,-USD,000024.329,00026.0267,00022.3654,2015836.896759,00022.6903,37100544.101628
2021-09-27T21:00:02.424Z,-USD,00024.3351,00026.0267,00022.2756,1995292.492169,00022.3994,37148023.126536
2021-09-27T22:00:02.669Z,-USD,00024.4655,00026.0267,00022.2756,2038014.944419,00022.9467,37221970.685318
2021-09-27T23:00:01.766Z,-USD,00023.6781,00026.0267,00022.2756,2029226.280762,00022.8912,37274146.846417
2021-09-28T00:00:02.209Z,-USD,00024.0332,00026.0267,00022.2738,1970875.326392,00022.3856,37330263.231807
2021-09-28T01:00:02.458Z,-USD,00025.4283,00026.0267,0000022.15,1937333.238563,00022.6039,36903313.735133
2021-09-28T02:00:01.85Z,-USD,00025.5175,00025.5884,0000022.15,1797025.032759,00022.8531,36994276.884945
2021-09-28T03:00:01.975Z,-USD,00025.1517,000025.466,0000022.15,1889464.152676,00023.1593,37213229.674965
2021-09-28T04:00:02.216Z,-USD,00025.2208,000025.466,0000022.15,1891987.267523,00023.2307,37290739.453013
2021-09-28T05:00:01.939Z,-USD,00025.0738,00025.3309,0000022.15,1873951.44108,00023.0843,37369193.256623
2021-09-28T06:00:02.042Z,-USD,00025.0033,00025.3309,0000022.15,1900235.969837,00022.8675,37444226.523785
2021-09-28T07:00:02.341Z,-USD,00024.4081,00025.3309,0000022.15,1953470.454025,00023.0723,37548534.692795
2021-09-28T08:00:02.528Z,-USD,00024.4012,00025.3309,0000022.15,1993037.804594,00023.0096,37668536.552351
2021-09-28T09:00:02.378Z,-USD,00024.8351,00025.3309,0000022.15,2135781.544475,00023.6293,37903187.738648
2021-09-28T10:00:02.386Z,-USD,00024.4306,00024.7691,0000022.15,2232726.769518,00024.0928,38139457.850925
2021-09-28T11:00:02.074Z,-USD,00024.3843,00024.5502,0000022.15,2332262.254416,00024.2305,38285202.269182
2021-09-28T12:00:02.338Z,-USD,00024.3804,00024.9842,0000022.15,2452722.908779,000024.717,38460749.366836
2021-09-28T13:00:02.449Z,-USD,00024.2762,00024.9842,0000022.15,2508537.010643,00024.0281,38579602.838326
2021-09-28T14:00:02.665Z,-USD,00023.9573,00024.9842,0000022.15,2619917.330983,00024.3599,38747402.547095
2021-09-28T15:00:01.936Z,-USD,00023.5622,00024.9842,0000022.15,2839460.596966,00024.2818,39058301.368787
2021-09-28T16:00:02.569Z,-USD,00023.4353,00024.9842,0000022.15,2932867.259101,00023.8812,39206803.224463
2021-09-28T17:00:02.866Z,-USD,00022.7934,00024.9842,0000022.15,3095216.916433,00023.8556,39471528.628189
2021-09-28T18:00:02.31Z,-USD,00022.6769,00024.9842,0000022.15,3148927.740186,00023.8966,39582726.78178
2021-09-28T19:00:02.452Z,-USD,00022.7978,00024.9842,0000022.15,3210587.886809,00024.1991,39706440.725361
2021-09-28T20:00:02.524Z,-USD,00022.6671,00024.9842,0000022.15,3256368.977319,000024.076,39785017.525501
2021-09-28T21:00:02.277Z,-USD,00022.3936,00024.9842,0000022.15,3310091.58949,00024.0151,39886257.898434
2021-09-28T22:00:01.703Z,-USD,00022.9394,00024.9842,0000022.15,3305210.580859,000024.204,39955175.093169
2021-09-28T23:00:02.446Z,-USD,00022.8833,00024.9842,0000022.15,3381167.608531,00023.5096,40083261.813907
2021-09-29T00:00:02.799Z,-USD,00022.3898,00024.9842,0000022.15,3544946.524183,00023.0399,40303354.33161
2021-09-29T01:00:02.151Z,-USD,00022.6137,00024.9842,0000022.29,3580235.278876,00023.4788,39554498.230291
2021-09-29T02:00:01.875Z,-USD,00022.8575,00024.9842,00022.5877,3636945.612977,00023.5575,39701990.518198
2021-09-29T03:00:02.624Z,-USD,00023.1291,00024.9842,00022.5877,3467239.284918,00023.6126,39751531.367089
2021-09-29T04:00:02.225Z,-USD,00023.2412,00024.9842,00022.5877,3456833.403576,00023.7991,39818535.062897
2021-09-29T05:00:01.856Z,-USD,00023.0406,00024.9842,00022.5877,3505351.057508,000024.027,39945416.546587
2021-09-29T06:00:02.48Z,-USD,000022.888,00024.9842,00022.5877,3511930.408963,00023.8111,40026972.817547
2021-09-29T07:00:02.046Z,-USD,00023.1193,00024.9842,00022.5877,3518137.404761,000024.197,40137587.428625
2021-09-29T08:00:02.639Z,-USD,000023.019,00024.9842,00022.8171,3477784.251658,00024.1987,40218586.237874
2021-09-29T09:00:02.32Z,-USD,00023.6713,00024.9842,00022.8541,3395329.160626,00023.9199,40369270.097142
2021-09-29T10:00:02.706Z,-USD,00024.0577,00024.9842,00022.8541,3304325.925886,00023.6088,40518500.460259
2021-09-29T11:00:03.436Z,-USD,00024.2632,00024.9842,00022.8541,3265548.003387,00023.9746,40621523.76918
2021-09-29T12:00:02.427Z,-USD,00024.7259,00024.7829,00022.8541,3186102.524256,00024.0732,40717638.492054
2021-09-29T13:00:02.041Z,-USD,00024.0414,00024.7499,00022.8541,3259223.280897,00023.5904,40909962.869516
2021-09-29T14:00:02.192Z,-USD,000024.333,00024.5493,00022.8541,3224713.148043,00023.6526,41042764.143266
2021-09-29T15:00:02.089Z,-USD,00024.2759,00024.4613,00022.8541,3028022.857017,00023.7091,41156884.256572
2021-09-29T16:00:01.756Z,-USD,00023.8591,00024.4613,00022.8541,2997134.098184,000023.101,41274834.763723
2021-09-29T17:00:02.569Z,-USD,00023.8597,00024.4613,00022.8541,2840055.065182,000023.111,41382424.383872
2021-09-29T18:00:02.127Z,-USD,00023.8813,00024.4613,00022.8541,2818574.281157,00022.9734,41471984.733088
2021-09-29T19:00:01.734Z,-USD,00024.1621,00024.4613,00022.8541,2729841.861978,00023.1296,41506961.350325
2021-09-29T20:00:02.534Z,-USD,000024.096,00024.4283,00022.8541,2682660.808913,00023.0148,41543778.995647
2021-09-29T21:00:02.245Z,-USD,00024.0161,00024.3008,00022.3272,2681450.154966,00022.6109,41638487.370605
2021-09-29T22:00:02.118Z,-USD,00024.2049,00024.3008,00022.3272,2641222.792357,00022.6629,41667205.271957
2021-09-29T23:00:02.473Z,-USD,00023.3532,00024.3008,00022.3272,2532378.373614,00022.7441,41697280.584814
2021-09-30T20:00:24.953Z,-USD,00023.0389,00023.9494,00022.3272,1645634.745527,000022.898,41114510.342899
2021-09-30T21:00:01.877Z,-USD,00022.6148,00023.9494,00022.5031,1600885.530366,00022.9403,41165390.90896
2021-09-30T22:00:01.971Z,-USD,000022.661,00023.9494,00022.5695,1596809.441648,00023.1424,41188921.12271
2021-09-30T23:00:01.898Z,-USD,00022.7217,00023.9494,0000022.61,1596698.377396,00023.2866,41219086.697417
2021-10-01T00:00:02.236Z,-USD,000023.012,00023.9494,000022.631,1610054.267387,00023.5321,41290308.330339
2021-10-01T01:00:02.43Z,-USD,000023.548,00023.9908,000022.631,1608513.044819,00023.8736,39585904.980423
2021-10-01T02:00:01.807Z,-USD,00023.4346,00024.5203,000022.631,1629064.283731,00024.3951,39708550.388007
2021-10-01T03:00:02.143Z,-USD,000023.624,00024.5203,000022.631,1650164.783651,00024.1711,39800098.798975
2021-10-01T04:00:01.981Z,-USD,00023.8467,00024.5203,000022.631,1671276.744342,00024.2436,39888850.552196
2021-10-01T05:00:01.806Z,-USD,00023.6334,00024.5203,000022.631,1706447.50852,00024.2991,40021743.907528
2021-10-01T06:00:01.719Z,-USD,00023.5919,00024.7315,000022.631,1807178.391907,00024.6628,40194993.455865
2021-10-01T07:00:02.628Z,-USD,00023.5981,00024.7896,000022.631,1808995.86649,00024.6692,40236375.55432
2021-10-01T08:00:02.645Z,-USD,00023.3572,00025.0103,000022.631,1833071.739063,00024.9918,40318526.602058
2021-10-01T09:00:02.609Z,-USD,000023.041,00025.2974,000022.631,1862927.87075,00025.2471,40415186.790471
2021-10-01T10:00:02.404Z,-USD,00023.0645,00025.2974,000022.631,1941272.623605,00024.9892,40530814.753028
2021-10-01T11:00:02.164Z,-USD,00022.7581,000025.823,000022.631,1993608.607179,00025.3414,40701534.239326
2021-10-01T12:00:02.314Z,-USD,00022.9572,000025.823,000022.631,2014458.546202,000025.541,40781988.332428
2021-10-01T13:00:02.328Z,-USD,00023.1811,000025.823,000022.631,1993232.200469,0000025.17,40838168.707612
2021-10-01T14:00:02.419Z,-USD,00022.9677,000025.823,000022.631,1984436.564247,00000024.9,40882346.021322
2021-10-01T15:00:02.422Z,-USD,00022.8679,000025.823,000022.631,1973234.42163,00025.0154,40937220.904134
2021-10-01T16:00:02.633Z,-USD,00022.8929,000025.823,000022.631,1944721.927654,00025.3417,40966955.375444
2021-10-01T17:00:01.817Z,-USD,00022.8119,000025.823,00022.7688,1935981.690856,00025.4994,41014754.655758
2021-10-01T18:00:02.137Z,-USD,00022.9078,000025.823,0000022.82,1918359.636911,00025.4205,41047911.89148
2021-10-01T19:00:02.528Z,-USD,00023.2819,000025.823,0000022.82,1908069.141737,00025.2081,41099288.236698
2021-10-01T20:00:02.642Z,-USD,00022.9053,000025.823,0000022.82,1807259.825284,00025.2835,41130735.98037
2021-10-01T21:00:01.797Z,-USD,000022.938,000025.823,00022.9153,1811351.292159,00025.2174,41184672.289422
2021-10-01T22:00:01.864Z,-USD,00023.1317,000025.823,00023.0117,1836070.758014,00025.5685,41232835.606044
2021-10-01T23:00:01.744Z,-USD,00023.3171,000025.823,00023.1009,1847909.751008,00025.1774,41274889.837418
2021-10-02T00:00:02.671Z,-USD,000023.529,000025.823,00023.4725,1802252.809835,00025.6466,41300770.489945
2021-10-02T01:00:02.583Z,-USD,00023.8614,000025.823,00023.7947,1765413.174082,00025.4703,40396752.180354
2021-10-02T02:00:01.75Z,-USD,00024.3986,00026.2701,00023.9469,1796573.755428,00026.2643,40550830.558235
2021-10-02T03:00:01.917Z,-USD,00024.2399,00026.4369,0000023.97,1765494.735262,00026.0683,40612359.444779
2021-10-02T04:00:02.267Z,-USD,000024.267,00026.4369,00024.1794,1754194.591232,00025.6321,40688409.958228
2021-10-02T05:00:01.935Z,-USD,00024.3208,00026.4369,00024.1794,1688074.633495,00025.5424,40755163.335517
2021-10-02T06:00:02.018Z,-USD,00024.6344,00026.4369,00024.4656,1545767.177916,00025.5224,40787750.414281
2021-10-02T07:00:02.099Z,-USD,00024.6911,00026.4369,00024.5208,1528149.901318,00025.8227,40810257.666116
2021-10-02T08:00:01.754Z,-USD,00024.9893,00026.4369,0000024.76,1482422.721653,00025.7939,40847921.338199
2021-10-02T09:00:02.683Z,-USD,00025.2328,00026.4369,0000024.76,1440877.203428,00025.8154,40901679.700752
2021-10-02T10:00:02.272Z,-USD,00025.0248,00026.4369,0000024.76,1357093.258865,00026.0921,40933281.926928
2021-10-02T11:00:02.409Z,-USD,00025.3414,00026.4369,0000024.76,1231028.681879,00025.9236,40977886.988266
2021-10-02T12:00:02.429Z,-USD,00025.5378,00026.4369,0000024.76,1170979.627991,00000026.1,40998297.883074
2021-10-02T13:00:02.295Z,-USD,00025.1701,00026.4369,0000024.76,1138361.252891,00026.0959,41022158.681005
2021-10-02T14:00:02.394Z,-USD,00024.8812,0000026.55,0000024.76,1170462.436923,00026.2026,41098505.160806
2021-10-02T15:00:02.37Z,-USD,00025.0185,00026.5564,00024.9948,1187239.485013,000026.524,41169891.840443
2021-10-02T16:00:02.284Z,-USD,00025.3542,00026.8422,00025.0631,1208479.855845,00026.7294,41221267.288837
2021-10-02T17:00:01.853Z,-USD,00025.5083,00026.9769,00025.0631,1251526.897452,00026.8345,41312365.621691
2021-10-02T18:00:01.996Z,-USD,00025.3979,00026.9988,00025.0631,1282577.941033,000026.873,41375861.769872
2021-10-02T19:00:03.21Z,-USD,00025.2117,000027.011,00025.0631,1295786.608794,00027.0099,41440388.432453
2021-10-02T20:00:02.449Z,-USD,00025.2993,00027.1963,00025.0631,1313459.192824,00027.1417,41489787.265123
2021-10-02T21:00:02.484Z,-USD,00025.2074,00027.2376,00025.0631,1312531.241743,00026.9074,41542546.154598
2021-10-02T22:00:02.619Z,-USD,00025.5848,00027.2376,00025.0631,1293477.485449,00027.0195,41571732.053566
2021-10-02T23:00:02.232Z,-USD,00025.2139,00027.2376,00025.1291,1283676.278754,00026.6904,41603917.082628
2021-10-03T00:00:02.159Z,-USD,00025.6425,00027.2376,00025.3773,1353538.265637,00026.1772,41699617.831324
2021-10-03T01:00:02.643Z,-USD,00025.5486,00027.2376,00025.3851,1356413.534616,00026.0114,39970409.940044
2021-10-03T02:00:02.455Z,-USD,00026.2589,00027.2376,00025.3851,1225679.022135,00026.2077,39994345.908345
2021-10-03T03:00:02.212Z,-USD,00026.0402,00027.2376,00025.3851,1192703.794209,00026.1727,40022088.322521
2021-10-03T04:00:02.056Z,-USD,00025.6387,00027.2376,00025.3851,1137358.13497,00026.2967,40043248.44042
2021-10-03T05:00:02.271Z,-USD,00025.5572,00027.2376,00025.4651,1106143.570274,00026.3074,40078450.55242
2021-10-03T06:00:01.704Z,-USD,00025.5301,00027.2376,00025.4651,1094214.428503,00026.4126,40099016.897379
2021-10-03T07:00:02.137Z,-USD,00025.8222,00027.2376,00025.5014,1089538.291011,000026.302,40116853.825722
2021-10-03T08:00:01.747Z,-USD,00025.7908,00027.2376,00025.5014,1072365.983165,00026.0625,40137313.767993
2021-10-03T09:00:02.23Z,-USD,00025.8285,00027.2376,00025.7049,1046414.137597,00026.0136,40165405.367826
2021-10-03T10:00:01.83Z,-USD,00026.0754,00027.2376,00025.7049,1046908.017026,00025.8642,40197253.009187
2021-10-03T11:00:02.311Z,-USD,00025.9239,00027.2376,00025.7049,1029481.304973,000025.924,40224541.46791
2021-10-03T12:00:02.605Z,-USD,00026.0644,00027.2376,00025.7674,1025885.047413,00026.2014,40241660.492308
2021-10-03T13:00:02.294Z,-USD,00026.1258,00027.2376,00025.7674,1023096.435481,00026.0681,40262367.761924
2021-10-03T14:00:02.107Z,-USD,00026.1779,00027.2376,00025.7674,975745.144269,00026.2821,40291332.641671
2021-10-03T15:00:01.771Z,-USD,00026.5476,00027.2376,00025.7674,932676.329113,00026.0623,40319945.016185
2021-10-03T16:00:02.635Z,-USD,00026.6842,00027.2376,00025.7674,916182.444169,00025.9397,40354593.082512
2021-10-03T17:00:02.595Z,-USD,00026.9008,00027.2376,00025.7674,843716.920558,00026.1901,40374615.650565
2021-10-03T18:00:02.164Z,-USD,00026.9199,00027.2376,00025.7674,824531.579375,0000026.38,40418079.680335
2021-10-03T19:00:02.339Z,-USD,00027.0183,00027.2376,00025.7674,814241.14148,00026.4612,40471861.982544
2021-10-03T20:00:02.394Z,-USD,000027.232,00027.2342,00025.7674,780632.297989,00026.4325,40494804.515057
2021-10-03T21:00:02.153Z,-USD,00026.9089,000027.118,00025.7674,750930.603352,00026.2899,40510663.302301
2021-10-03T22:00:02.068Z,-USD,00027.0194,000027.118,00025.6563,764773.849492,00025.8363,40553545.444167
2021-10-03T23:00:01.757Z,-USD,00026.6449,00026.7974,00025.6563,758271.346124,000025.925,40579602.1682
2021-10-04T00:00:01.766Z,-USD,000026.132,00026.6261,00025.6563,678771.241512,00025.9882,40596488.870648
2021-10-04T01:00:01.911Z,-USD,00025.9587,00026.6261,000025.508,650657.097284,00025.6033,39887800.89988
2021-10-04T02:00:02.161Z,-USD,00026.1949,00026.6261,00025.3759,645038.563174,00025.5556,39905996.737145
2021-10-04T03:00:02.437Z,-USD,0000026.19,00026.6261,0000025.26,646058.062349,0000025.26,39934766.054406
2021-10-04T04:00:02.577Z,-USD,000026.273,00026.6261,00025.0581,667004.875384,00025.2119,39977546.53192
2021-10-04T05:00:02.206Z,-USD,00026.2999,00026.6261,00024.9757,699683.923861,00025.3171,40044822.57856
2021-10-04T06:00:02.478Z,-USD,00026.4427,00026.6261,00024.9757,698829.223634,00025.4123,40064526.922587
2021-10-04T07:00:02.295Z,-USD,000026.287,00026.6261,00024.9757,699489.424877,00025.2388,40083046.242863
2021-10-04T08:00:02.455Z,-USD,00026.0515,00026.6261,00024.9757,706636.141064,00025.4194,40110630.835771
2021-10-04T09:00:02.365Z,-USD,00026.0235,00026.6261,00024.9757,714112.33221,00025.2559,40146151.455896
2021-10-04T10:00:02.176Z,-USD,00025.9061,00026.6261,00024.9757,703733.434311,00025.3087,40167809.95441
2021-10-04T11:00:02.405Z,-USD,00025.9504,00026.6261,00024.9757,706705.313669,00025.2698,40197858.947205
2021-10-04T12:00:02.181Z,-USD,00026.1701,00026.6261,00024.8424,739430.307208,00025.1131,40248773.825269
2021-10-04T13:00:03.229Z,-USD,00026.0366,00026.6261,00024.8424,763327.265539,00025.2535,40292383.593089
2021-10-04T14:00:02.249Z,-USD,00026.3028,00026.6261,00024.8424,765324.005993,00025.4534,40323281.41329
2021-10-04T15:00:02.514Z,-USD,00026.0604,00026.6261,00024.5369,817966.467436,00024.7729,40404713.962162
2021-10-04T16:00:01.811Z,-USD,00025.9802,00026.6261,00024.2648,872472.85373,00024.8335,40493866.016373
2021-10-04T17:00:01.975Z,-USD,00026.1935,00026.6261,00024.2648,942938.153433,00025.2157,40584192.97425
2021-10-04T18:00:02.628Z,-USD,00026.4079,00026.6261,00024.2648,943637.02306,00025.5343,40628362.866252
2021-10-04T19:00:02.19Z,-USD,000026.446,00026.6261,00024.2648,917079.238724,000025.565,40655831.265348
2021-10-04T20:00:02.612Z,-USD,00026.4508,00026.4957,00024.2648,928200.851008,00025.3817,40690181.739189
2021-10-04T21:00:02.314Z,-USD,00026.2397,00026.2714,00024.2648,956691.268946,00025.1772,40736488.813337
2021-10-04T22:00:02.616Z,-USD,00025.8052,00026.1191,00024.2648,970067.040303,000025.215,40790896.448596
2021-10-04T23:00:01.945Z,-USD,000025.926,00026.0633,00024.2648,1018892.44387,00025.1158,40865194.005062
2021-10-05T00:00:01.829Z,-USD,00026.0428,00026.0449,00024.2648,1043893.687534,00025.3592,40907792.881037
2021-10-05T01:00:01.97Z,-USD,000025.532,00025.7692,00024.2648,1080330.811666,00025.4962,40428542.4558
2021-10-05T02:00:02.235Z,-USD,00025.5762,00025.7692,00024.2648,1118709.721181,00025.5666,40485287.570238
2021-10-05T03:00:02.364Z,-USD,00025.3033,00025.7692,00024.2648,1154202.136576,00025.2268,40549523.569869
2021-10-05T04:00:02.384Z,-USD,0000025.16,00025.7692,00024.2648,1158095.199213,00025.1512,40596213.535104
2021-10-05T05:00:01.837Z,-USD,00025.3552,00025.7692,00024.2648,1217161.420725,00024.9373,40722369.659748
2021-10-05T06:00:01.692Z,-USD,000025.401,00025.7692,00024.2648,1249684.151201,00025.1292,40774558.056864
2021-10-05T07:00:02.624Z,-USD,00025.1975,00025.7692,00024.2648,1286225.326808,0000025.15,40829629.471575
2021-10-05T08:00:02.359Z,-USD,00025.5022,00025.7692,00024.2648,1276345.809955,00025.1905,40851313.442486
2021-10-05T09:00:02.454Z,-USD,00025.2851,00025.7692,00024.2648,1296429.378755,00025.3213,40903421.659334
2021-10-05T10:00:02.347Z,-USD,00025.3354,00025.7692,00024.2648,1339216.675118,000025.406,40967620.614509
2021-10-05T11:00:02.138Z,-USD,00025.2511,00025.7692,00024.2648,1343604.726816,00025.3394,41001885.806218
2021-10-05T12:00:02.334Z,-USD,00025.0908,00025.7692,00024.2648,1328016.440658,00025.4747,41037349.867327
2021-10-05T13:00:02.277Z,-USD,00025.2451,00025.7692,00024.2648,1315618.562349,000025.353,41070071.07737
2021-10-05T14:00:02.345Z,-USD,00025.5464,00025.7692,00024.2648,1348083.126624,00025.3391,41133159.528165
2021-10-05T15:00:02.507Z,-USD,00024.8561,00025.7501,00024.2648,1343153.35204,00024.9186,41208460.615141
2021-10-05T16:00:02.682Z,-USD,00024.9335,00025.7501,00024.7114,1287213.838812,00024.7644,41246317.855697
2021-10-05T17:00:02.625Z,-USD,00025.2527,00025.7501,0000024.58,1251048.234594,00024.8277,41295715.209338
2021-10-05T18:00:02.044Z,-USD,000025.597,00025.7501,0000024.58,1231844.170239,00024.8508,41320710.068628
2021-10-05T19:00:02.356Z,-USD,00025.5817,00025.7501,0000024.58,1275173.973033,00024.9403,41391422.52613
2021-10-05T20:00:02.651Z,-USD,00025.4334,00025.7501,0000024.58,1304852.027628,00025.1903,41455969.949662
2021-10-05T21:00:01.92Z,-USD,00025.1534,00025.7501,0000024.58,1308034.002376,00025.4604,41505107.424042
2021-10-05T22:00:02.228Z,-USD,00025.2456,00025.9067,0000024.58,1306834.214476,00025.7106,41558788.476723
2021-10-05T23:00:02.554Z,-USD,00025.0917,00025.9067,0000024.58,1264393.623999,00025.6634,41589966.896986
2021-10-06T00:00:02.48Z,-USD,00025.3509,00025.9067,0000024.58,1248136.080773,00025.6579,41616873.240501
2021-10-06T01:00:03.848Z,-USD,00025.5564,00025.9067,0000024.58,1208393.577098,00025.5974,40657593.982266
2021-10-06T02:00:02.558Z,-USD,00025.5435,00025.9067,0000024.58,1182064.585768,00025.4339,40687844.638285
2021-10-06T03:00:02.558Z,-USD,000025.214,00025.9067,0000024.58,1141978.913157,00025.3344,40712456.309599
2021-10-06T04:00:02.525Z,-USD,00025.1823,00025.9067,0000024.58,1119936.280349,00025.0922,40740002.491591
2021-10-06T05:00:02.242Z,-USD,00024.9234,00025.9067,0000024.58,1045313.677186,00025.0454,40791444.939827
2021-10-06T06:00:02.1Z,-USD,00025.0987,00025.9067,0000024.58,1024708.229926,00024.9835,40820125.504856
2021-10-06T07:00:01.857Z,-USD,000025.105,00025.9067,0000024.58,1010910.112461,00025.1737,40861272.523541
2021-10-06T08:00:01.881Z,-USD,00025.1898,00025.9067,0000024.58,1020197.359975,00024.8449,40894711.6359
2021-10-06T09:00:01.785Z,-USD,00025.2747,00025.9067,00023.9567,1042862.37111,00024.1164,40968440.442115
2021-10-06T10:00:01.918Z,-USD,00025.4082,00025.9067,00000023.8,1052090.706281,000024.031,41040913.643856
2021-10-06T11:00:02.583Z,-USD,00025.3648,00025.9067,00000023.8,1055781.575331,000024.103,41078216.440189
2021-10-06T12:00:02.527Z,-USD,00025.4676,00025.9067,00000023.8,1050257.723812,00024.0352,41108755.037254
2021-10-06T13:00:02.795Z,-USD,00025.3615,00025.9067,00000023.8,1050638.672715,000024.701,41141882.00738
2021-10-06T14:00:02.037Z,-USD,00025.3259,00025.9067,00000023.8,1123962.018492,00025.5043,41278344.943679
2021-10-06T15:00:01.789Z,-USD,00024.8955,00025.9067,00000023.8,1089316.336978,00025.5413,41319041.85678
2021-10-06T16:00:02.198Z,-USD,00024.7663,00025.9614,00000023.8,1115581.566242,00025.9279,41382178.150917
2021-10-06T17:00:02.432Z,-USD,00024.8197,00026.0704,00000023.8,1132027.451343,00025.8308,41448871.734943
2021-10-06T18:00:02.61Z,-USD,000024.857,00026.0704,00000023.8,1141993.848857,00025.6642,41483334.620901
2021-10-06T19:00:02.044Z,-USD,00024.8987,00026.0704,00000023.8,1114642.30606,00025.6406,41526834.021437
2021-10-06T20:00:02.302Z,-USD,00025.1654,00026.0704,00000023.8,1088548.732259,000025.558,41565890.096523
2021-10-06T21:00:02.267Z,-USD,00025.4973,00026.0704,00000023.8,1132252.69358,0000025.14,41658645.422943
2021-10-06T22:00:02.387Z,-USD,00025.7067,00026.0704,00000023.8,1104972.079517,00025.1939,41684911.981169
2021-10-06T23:00:02.252Z,-USD,00025.7122,00026.0704,00000023.8,1098615.233486,00025.2665,41709300.120852
2021-10-07T00:00:02.344Z,-USD,000025.657,00026.0704,00000023.8,1104489.294258,00025.2671,41741633.636953
2021-10-07T01:00:02.619Z,-USD,00025.6194,00026.0704,00000023.8,1133064.469087,00025.0487,39473817.878768
2021-10-07T02:00:01.765Z,-USD,000025.413,00026.0704,00000023.8,1149702.663727,00024.7717,39520703.591189
2021-10-07T03:00:01.924Z,-USD,00025.3136,00026.0704,00000023.8,1174372.832128,0000024.94,39570395.04434
2021-10-07T04:00:01.977Z,-USD,00025.0555,00026.0704,00000023.8,1177815.518236,00024.8408,39601386.475811
2021-10-07T05:00:01.982Z,-USD,00025.0187,00026.0704,00000023.8,1159167.462839,00025.0896,39633859.156407
2021-10-07T06:00:02.06Z,-USD,00025.0174,00026.0704,00000023.8,1169719.068826,000025.147,39673529.502712
2021-10-07T07:00:02.06Z,-USD,0000025.12,00026.0704,00000023.8,1152128.166014,00025.0575,39697344.026078
2021-10-07T08:00:01.954Z,-USD,00024.8586,00026.0704,00000023.8,1176552.089778,00025.5187,39755326.738127
2021-10-07T09:00:02.462Z,-USD,00024.1028,00026.0704,00000023.8,1176820.97214,00025.9696,39829072.141431
2021-10-07T10:00:01.882Z,-USD,00024.0066,00026.0989,00023.9424,1167719.698035,000025.643,39892285.286452
2021-10-07T11:00:02.552Z,-USD,000024.088,00026.0989,000024.016,1197285.187027,00025.4194,39959081.035114
2021-10-07T12:00:02.381Z,-USD,00024.0393,00026.0989,000024.016,1195872.599657,00025.7815,39987850.950018
2021-10-07T13:00:02.003Z,-USD,00024.6605,00026.0989,00024.4823,1198944.449566,00025.5295,40024058.749483
2021-10-07T14:00:02.354Z,-USD,00025.4817,00026.0989,00024.4823,1102681.693637,00025.9466,40064491.031759
2021-10-07T15:00:02.174Z,-USD,00025.5651,00026.3222,00024.4823,1165778.988996,00025.3725,40169022.919153
2021-10-07T16:00:02.337Z,-USD,00025.9911,00026.3222,00024.4823,1156408.793661,00025.6469,40226910.809834
2021-10-07T17:00:02.827Z,-USD,00025.8448,00026.3222,00024.4823,1120258.382839,000025.793,40252482.606036
2021-10-07T18:00:02.286Z,-USD,00025.6811,00026.3222,00024.4823,1111136.367702,00025.6586,40277842.49216
2021-10-07T19:00:02.466Z,-USD,000025.604,00026.3222,00024.4823,1090457.365475,00000025.7,40300660.435327
2021-10-07T20:00:02.612Z,-USD,00025.4923,00026.3222,00024.4823,1071157.298766,00025.8524,40324260.347557
2021-10-07T21:00:02.671Z,-USD,00025.1704,00026.3222,00024.4823,1006574.129048,00025.8319,40348722.241949
2021-10-07T22:00:02.414Z,-USD,00025.2058,00026.3222,00024.4823,1001270.906368,00025.7338,40370745.136849
2021-10-07T23:00:01.81Z,-USD,00025.2723,00026.3222,00024.4823,1010461.207094,000025.647,40403235.75799
2021-10-08T00:00:02.056Z,-USD,00025.2606,00026.3222,00024.4823,1004223.108075,00025.5209,40429010.237343
2021-10-08T01:00:02.337Z,-USD,00024.9599,00026.3222,00024.4823,968903.052276,00025.6526,38756315.410965
2021-10-08T02:00:02.461Z,-USD,000024.739,00026.3222,00024.6801,942905.588172,000025.519,38774993.87493
2021-10-08T03:00:02.42Z,-USD,00024.9546,00026.3222,00024.6801,927283.93135,000025.259,38808983.381423
2021-10-08T04:00:02.64Z,-USD,00024.8143,00026.3222,00024.7812,924429.413339,00025.1427,38836808.313274
2021-10-08T05:00:02.097Z,-USD,00025.0924,00026.3222,0000024.83,907203.103283,00025.1116,38852271.913091
2021-10-08T06:00:02.779Z,-USD,00025.1862,00026.3222,00024.9326,894476.428528,00025.2368,38880129.660187
2021-10-08T07:00:01.68Z,-USD,000025.041,00026.3222,00024.9326,893330.87288,00025.1751,38901692.05069
2021-10-08T08:00:02.649Z,-USD,00025.5713,00026.3222,0000024.97,866556.116377,00025.3226,38934447.984664
2021-10-08T09:00:01.806Z,-USD,00025.9839,00026.3222,0000024.97,843824.435154,00025.6591,38986210.943789
2021-10-08T10:00:02.664Z,-USD,00025.6737,00026.3222,0000024.97,818678.367098,00025.3809,39022243.250873
2021-10-08T11:00:02.738Z,-USD,00025.4445,00026.3222,0000024.97,844561.154014,00025.9844,39115655.225604
2021-10-08T12:00:01.729Z,-USD,00025.7713,00026.3222,0000024.97,893810.754092,00025.6244,39192921.212965
2021-10-08T13:00:01.748Z,-USD,00025.5516,00026.3222,0000024.97,916644.952674,00025.4213,39252243.763419
2021-10-08T14:00:01.788Z,-USD,00026.0078,00026.3222,0000024.97,910749.02893,00025.3625,39286841.73414
2021-10-08T15:00:01.932Z,-USD,00025.3992,00026.1144,0000024.97,836477.788953,00025.6971,39316822.419754
2021-10-08T16:00:01.733Z,-USD,00025.7296,00026.1144,0000024.97,821064.782761,00025.5264,39359097.859884
2021-10-08T17:00:02.074Z,-USD,00025.8371,00026.1144,0000024.97,825548.137314,00025.4966,39389218.815427
2021-10-08T18:00:02.349Z,-USD,00025.6578,00026.1144,0000024.97,838579.582994,00025.3801,39427672.436391
2021-10-08T19:00:02.991Z,-USD,00025.7556,00026.1144,0000024.97,861724.737709,00025.3957,39473421.315676
2021-10-08T20:00:02.668Z,-USD,00025.9701,00026.1144,0000024.97,879128.096335,00025.2479,39514677.568435
2021-10-08T21:00:01.935Z,-USD,000025.854,00026.1144,0000024.63,910785.650476,00024.7591,39571096.872287
2021-10-08T22:00:02.123Z,-USD,00025.7417,00026.1144,0000024.63,909631.198251,00024.7967,39591509.354877
2021-10-08T23:00:02.58Z,-USD,0000025.64,00026.1144,0000024.63,909153.722527,00024.9052,39623696.163985
2021-10-09T00:00:01.744Z,-USD,00025.5374,00026.1144,0000024.63,901330.548004,00024.7539,39641456.372774
2021-10-09T01:00:01.779Z,-USD,00025.5919,00026.1144,00024.5333,912080.107772,00024.9024,38293507.576293
2021-10-09T02:00:01.757Z,-USD,00025.4828,00026.1144,00024.5333,904508.296997,00024.7252,38304598.478306
2021-10-09T03:00:01.973Z,-USD,000025.203,00026.1144,00024.5274,886148.372498,00024.8471,38320566.520043
2021-10-09T04:00:02.461Z,-USD,000025.164,00026.1144,00024.5274,878349.067006,00025.0576,38340636.788242
2021-10-09T05:00:02.076Z,-USD,00025.1439,00026.1144,00024.5274,878696.125429,00025.0806,38356182.828874
2021-10-09T06:00:02.058Z,-USD,00025.2328,00026.1144,00024.5274,861518.331193,00024.9671,38366873.75037
2021-10-09T07:00:01.978Z,-USD,00025.1779,00026.1144,00024.5274,862118.427394,00025.0449,38388926.092078
2021-10-09T08:00:01.965Z,-USD,00025.3199,00026.1144,00024.5274,843539.359374,00025.0446,38403710.333136
2021-10-09T09:00:01.831Z,-USD,00025.5826,00026.1144,00024.5274,817796.130597,00024.8629,38429230.56259
2021-10-09T10:00:01.974Z,-USD,00025.3249,00026.1144,00024.5274,904570.225886,00025.3129,38551955.177829
2021-10-09T11:00:02.63Z,-USD,00025.9548,00026.1144,00024.5274,895997.237207,00025.5466,38637319.078518
2021-10-09T12:00:02.557Z,-USD,00025.5548,00025.8393,00024.5274,876955.193062,00025.2944,38695531.033145
2021-10-09T13:00:02.488Z,-USD,00025.4263,00025.8393,00024.5274,883366.693,0000025.55,38760557.018566
2021-10-09T14:00:02.565Z,-USD,00025.3559,00025.8393,00024.5274,890053.860048,00025.6085,38801944.60514
2021-10-09T15:00:02.382Z,-USD,00025.6567,00025.8393,00024.5274,889423.200037,00025.5071,38831425.152265
2021-10-09T16:00:01.741Z,-USD,00025.5494,00025.6892,00024.5274,871735.851363,00025.3739,38856646.02435
2021-10-09T17:00:02.433Z,-USD,00025.4946,00025.6892,00024.5274,881208.352124,00025.1755,38895530.875006
2021-10-09T18:00:01.824Z,-USD,00025.3859,00025.6892,00024.5274,875673.856428,00025.2935,38928320.53467
2021-10-09T19:00:02.075Z,-USD,0000025.41,00025.6892,00024.5274,861061.619138,00025.3337,38959343.996532
2021-10-09T20:00:01.879Z,-USD,00025.2618,00025.6892,00024.5274,837441.582611,00025.1504,38978480.45945
2021-10-09T21:00:02.673Z,-USD,00024.7572,00025.6892,00024.5274,812870.506549,00025.2842,39009777.586981
2021-10-09T22:00:02.583Z,-USD,00024.7631,00025.6892,00024.5274,811942.817908,00025.2022,39028299.983525
2021-10-09T23:00:02.295Z,-USD,0000024.87,00025.6892,00024.5274,789861.526883,00025.2535,39039140.800382
2021-10-10T00:00:02.547Z,-USD,00024.7876,00025.6892,00024.5274,790325.225798,00025.1256,39056653.211082
2021-10-10T01:00:02.553Z,-USD,00024.9672,00025.6892,00024.5274,788882.522911,00024.9248,37750576.207868
2021-10-10T02:00:02.552Z,-USD,000024.722,00025.6892,00024.5274,822865.862325,00024.7763,37795023.092153
2021-10-10T03:00:01.861Z,-USD,00024.8443,00025.6892,00024.5954,840072.943467,00024.8875,37828505.698847
2021-10-10T04:00:01.882Z,-USD,00025.0341,00025.6892,00024.5954,842461.934175,00025.0568,37851695.218779
2021-10-10T05:00:02.18Z,-USD,000025.064,00025.6892,00024.5954,853586.34721,00025.1799,37877686.616236
2021-10-10T06:00:02.301Z,-USD,00024.9746,00025.6892,00024.5954,904555.883792,00025.5474,37938726.481158
2021-10-10T07:00:02.218Z,-USD,00025.0587,00026.0131,00024.5954,970067.9604,00025.8159,38026652.455252
2021-10-10T08:00:02.251Z,-USD,00025.1275,00026.0131,00024.5954,977301.210863,00025.7711,38049265.064947
2021-10-10T09:00:02.179Z,-USD,00024.8567,00026.0131,00024.5954,970295.292403,00025.7346,38067428.767871
2021-10-10T10:00:02.269Z,-USD,00025.3238,00026.0131,00024.5954,907139.29968,00025.5949,38126822.165195
2021-10-10T11:00:02.648Z,-USD,00025.5698,00026.0131,00024.5954,855900.745617,00025.4736,38161801.903691
2021-10-10T12:00:07.664Z,-USD,000025.305,00026.0131,00024.5954,812450.478261,00025.5685,38175926.935501
2021-10-10T13:00:02.71Z,-USD,00025.5545,00026.0131,00024.5954,786643.160896,00025.2348,38214571.196639
2021-10-10T14:00:01.793Z,-USD,00025.5951,00026.0131,00024.5954,765720.340024,00025.2395,38235419.038967
2021-10-10T15:00:02.025Z,-USD,00025.5256,00026.0131,00024.5954,760248.697281,00025.1775,38259181.997392
2021-10-10T16:00:02.139Z,-USD,00025.3735,00026.0131,00024.5954,759146.800874,00025.2727,38283529.452841
2021-10-10T17:00:02.385Z,-USD,00025.1616,00026.0131,00024.5954,734752.409777,000025.186,38298615.223416
2021-10-10T18:00:02.252Z,-USD,00025.3121,00026.0131,00024.5954,728324.626973,00024.9892,38324792.86864
2021-10-10T19:00:02.349Z,-USD,00025.3378,00026.0131,00024.5954,713670.237952,00025.0354,38340703.372499
2021-10-10T20:00:02.364Z,-USD,00025.1472,00026.0131,00024.5954,706775.592008,00024.9952,38353223.168883
2021-10-10T21:00:02.48Z,-USD,00025.2669,00026.0131,00024.5954,710383.52481,000024.816,38388219.944014
2021-10-10T22:00:02.666Z,-USD,000025.188,00026.0131,00024.1675,750685.516557,00024.4139,38446508.499199
2021-10-10T23:00:02.191Z,-USD,00025.2779,00026.0131,00024.1675,772792.775612,000024.592,38479391.512872
2021-10-11T00:00:02.154Z,-USD,00025.1536,00026.0131,00024.0952,796032.319184,00024.2106,38520240.325467
2021-10-11T01:00:02.527Z,-USD,00024.8961,00026.0131,00023.8906,822577.335859,00024.3285,38002741.083989
2021-10-11T02:00:02.635Z,-USD,00024.7413,00026.0131,00023.8906,838095.252222,000024.122,38062039.063185
2021-10-11T03:00:02.558Z,-USD,00024.8647,00026.0131,00023.8906,819535.07981,00024.2647,38076934.198425
2021-10-11T04:00:01.875Z,-USD,00025.0099,00026.0131,00023.8906,829845.634818,00024.6168,38110521.227792
2021-10-11T05:00:02.204Z,-USD,00025.2304,00026.0131,00023.8906,837749.646697,00024.5801,38145158.19631
2021-10-11T06:00:02.139Z,-USD,00025.6554,00026.0131,00023.8906,797554.526796,00024.4576,38171595.924632
2021-10-11T07:00:02.069Z,-USD,00025.8865,0000025.98,00023.8906,740532.512732,00024.4833,38197675.213024
2021-10-11T08:00:02.235Z,-USD,00025.8324,0000025.98,00023.8906,758725.359,00024.8765,38238386.56226
2021-10-11T09:00:02.208Z,-USD,00025.8618,0000025.98,00023.8906,812114.077089,00024.9086,38309287.480353
2021-10-11T10:00:02.067Z,-USD,00025.6418,00025.6689,00023.8906,773901.323268,00024.8203,38329751.319534
2021-10-11T11:00:02.16Z,-USD,00025.4619,00025.6012,00023.8906,765600.059147,00024.6657,38356527.967366
2021-10-11T12:00:02.145Z,-USD,00025.5713,00025.6012,00023.8906,801958.028881,000024.553,38406773.868222
2021-10-11T13:00:02.285Z,-USD,00025.2727,000025.441,00023.8906,787470.603751,00024.5598,38431361.284601
2021-10-11T14:00:02.568Z,-USD,00025.2428,00025.4089,00023.8906,805752.634091,00024.5867,38470312.757874
2021-10-11T15:00:01.913Z,-USD,00025.1579,00025.3363,00023.8906,846975.278355,00024.7028,38535100.133526
2021-10-11T16:00:02.399Z,-USD,00025.2727,00025.3363,00023.8906,859430.185672,00024.5682,38571945.304926
2021-10-11T17:00:02.792Z,-USD,00025.1894,00025.1898,00023.8906,880568.231797,00024.4851,38608297.043003
2021-10-11T18:00:02.105Z,-USD,00024.9834,00025.1898,00023.8906,885881.54982,00024.2742,38639623.083598
2021-10-11T19:00:02.186Z,-USD,00025.0171,00025.1898,00023.8906,909827.0788,00024.2477,38679544.545139
2021-10-11T20:00:02.657Z,-USD,000024.938,00025.1898,00023.8906,926824.497881,00023.9401,38709101.999342
2021-10-11T21:00:01.781Z,-USD,00024.8285,00025.0855,00023.5142,932960.013495,00023.6681,38750099.869284
2021-10-11T22:00:02.029Z,-USD,00024.4028,00025.0855,00023.5142,893034.889137,00023.8996,38768518.587785
2021-10-11T23:00:02.517Z,-USD,00024.5981,00025.0855,00023.5142,880745.65926,00024.0498,38789101.324205
2021-10-12T00:00:01.841Z,-USD,00024.1527,00025.0855,00023.5142,857798.784847,00024.1406,38807602.078032
2021-10-12T01:00:02.656Z,-USD,00024.3109,00025.0855,00023.5142,828445.965824,00023.9588,38026163.525998
2021-10-12T02:00:02.318Z,-USD,00024.1138,00025.0855,00023.5142,790216.173991,00024.0087,38047343.977769
2021-10-12T03:00:01.942Z,-USD,00024.2397,00025.0855,00023.5142,798468.132783,00023.6922,38070398.006186
2021-10-12T04:00:02.146Z,-USD,00024.6233,00025.0855,00023.2248,816102.616655,00023.3769,38121714.664027
2021-10-12T05:00:02.04Z,-USD,00024.5908,00025.0855,00023.2248,807126.884166,00023.5908,38147090.964973
2021-10-12T06:00:02.041Z,-USD,00024.4219,00025.0855,00023.2248,806317.542759,00023.6066,38174796.173288
2021-10-12T07:00:02.005Z,-USD,00024.4828,00025.0855,00023.1644,819618.641258,00023.1701,38212994.419477
2021-10-12T08:00:02.023Z,-USD,00024.7963,00025.0855,00022.9848,830899.199194,000023.102,38265196.003571
2021-10-12T09:00:01.857Z,-USD,00024.8821,00025.0059,00022.9848,785107.863554,00023.1681,38289534.017636
2021-10-12T10:00:02.173Z,-USD,00024.7838,00024.9585,00022.5628,813246.332249,00022.6661,38337837.431975
2021-10-12T11:00:02.102Z,-USD,00024.5929,00024.7465,00022.4211,862187.393582,00022.7036,38414254.921495
2021-10-12T12:00:04.158Z,-USD,00024.5363,00024.7465,00022.4211,844757.253128,00022.7013,38448196.320601
2021-10-12T13:00:02.162Z,-USD,00024.5614,00024.7465,00022.3061,858783.443046,00022.4539,38485080.534504
2021-10-12T14:00:02.326Z,-USD,00024.5901,00024.7465,00022.3061,899180.425966,00023.1769,38564566.737802
2021-10-12T15:00:02.526Z,-USD,00024.7075,00024.7075,00022.3061,891418.744167,00022.9525,38621749.881009
2021-10-12T16:00:02.687Z,-USD,00024.5827,000024.697,00022.3061,909054.612317,00023.2654,38676404.299581
2021-10-12T17:00:02.293Z,-USD,00024.4508,00024.4982,00022.3061,904900.924782,00023.2557,38708273.130224
2021-10-12T18:00:02.619Z,-USD,00024.2831,00024.3237,00022.3061,900207.584347,00022.9691,38734828.27459
2021-10-12T19:00:01.827Z,-USD,00024.2207,00024.3237,00022.3061,880518.060746,00023.1662,38756053.863212
2021-10-12T20:00:02.18Z,-USD,00023.9049,00024.1864,00022.3061,886313.075494,00022.9678,38790703.120195
2021-10-12T21:00:02.512Z,-USD,00023.6285,00024.1864,00022.3061,972234.509039,00023.2655,38917404.410592
2021-10-12T22:00:02.088Z,-USD,00023.9014,00024.1864,00022.3061,1000395.987897,000023.367,38963813.792009
2021-10-12T23:00:02.493Z,-USD,00024.0201,00024.1864,00022.3061,1019541.70928,00023.4632,39004286.681197
2021-10-13T00:00:01.744Z,-USD,00024.1688,00024.1692,00022.3061,1014944.61559,00023.4499,39019242.687155
2021-10-13T01:00:02.208Z,-USD,00023.9356,00024.0933,00022.3061,1025563.252521,00023.6259,38048269.758533
2021-10-13T02:00:02.689Z,-USD,00024.0099,0000024.06,00022.3061,1022523.395815,00023.5274,38066047.534132
2021-10-13T03:00:01.885Z,-USD,000023.699,000023.737,00022.3061,1023597.182272,00023.7316,38090100.670429
2021-10-13T04:00:01.985Z,-USD,00023.4147,000023.749,00022.3061,989812.392741,000023.651,38107796.470112
2021-10-13T05:00:02.285Z,-USD,00023.5847,00023.7614,00022.3061,985402.590251,00023.6604,38129010.590207
2021-10-13T06:00:02.133Z,-USD,00023.5711,00025.7461,00022.3061,1317450.507102,00025.1686,38488856.993279
2021-10-13T07:00:02.124Z,-USD,00023.1838,00025.7461,00022.3061,1514834.010987,00024.6331,38725001.674448
2021-10-13T08:00:02.214Z,-USD,00023.1065,00025.7461,00022.3061,1596337.009315,00023.8205,38857664.469706
2021-10-13T09:00:02.105Z,-USD,00023.1921,00025.7461,00022.3061,1625361.004594,00023.9919,38911426.418507
2021-10-13T10:00:02.579Z,-USD,00022.7088,00025.7461,00022.3061,1608944.596658,00023.9514,38944118.038748
2021-10-13T11:00:02.093Z,-USD,00022.6946,00025.7461,00022.3061,1555394.961781,00023.8855,38966079.78143
2021-10-13T12:00:02.298Z,-USD,00022.6885,00025.7461,00022.3061,1538426.996589,00024.0788,38982905.117521
2021-10-13T13:00:01.833Z,-USD,00022.4715,00025.7461,00022.4715,1523278.172365,00024.0284,39004816.448995
2021-10-13T14:00:01.99Z,-USD,00023.1448,00025.7461,00022.7415,1478113.073044,00023.6591,39038836.35029
2021-10-13T15:00:02.007Z,-USD,00023.0061,00025.7461,00022.7415,1456827.60388,00023.8175,39075978.808738
2021-10-13T16:00:02.355Z,-USD,00023.2647,00025.7461,00022.7415,1417765.300586,00023.7255,39090747.041848
2021-10-13T17:00:01.918Z,-USD,00023.2824,00025.7461,00022.7415,1411283.358968,00023.8831,39116103.328924
2021-10-13T18:00:02.304Z,-USD,00022.9605,00025.7461,00022.7415,1414445.498415,000023.948,39145587.324025
2021-10-13T19:00:02.617Z,-USD,00023.0933,00025.7461,00022.7415,1419654.617653,00023.9036,39172741.768525
2021-10-13T20:00:02.707Z,-USD,00022.9728,00025.7461,00022.7415,1427882.966223,00024.2643,39215179.228614
2021-10-13T21:00:02.185Z,-USD,00023.2695,00025.7461,0000023.16,1367068.18285,00024.5022,39282679.488643
2021-10-13T22:00:02.473Z,-USD,00023.3628,00025.7461,0000023.16,1344266.112976,000024.507,39304495.212646
2021-10-13T23:00:01.978Z,-USD,00023.4256,00025.7461,0000023.16,1325804.768844,00024.6757,39326267.526227
2021-10-14T00:00:02.046Z,-USD,00023.4571,00025.7461,0000023.16,1334077.241688,00024.6748,39350139.671999
2021-10-14T01:00:05.243Z,-USD,00023.6671,00025.7461,0000023.16,1320859.165444,00024.5985,38345153.945186
2021-10-14T02:00:03.006Z,-USD,00023.5492,00025.7461,0000023.16,1336659.952325,00024.8493,38377968.877686
2021-10-14T03:00:02.7Z,-USD,00023.7313,00025.7461,0000023.16,1338982.872058,00024.8237,38404477.134303
2021-10-14T04:00:02.047Z,-USD,00023.6596,00025.7461,0000023.16,1340714.449924,00024.8894,38424416.556192
2021-10-14T05:00:02.507Z,-USD,00023.7006,00025.7461,0000023.16,1366221.078464,00024.9944,38470721.494535
2021-10-14T06:00:02.568Z,-USD,00024.9156,00025.4852,00023.5182,1020843.203611,00024.8316,38493789.776394
2021-10-14T07:00:02.595Z,-USD,00024.6897,00025.1939,00023.5182,809453.675165,00024.8151,38512696.276675
2021-10-14T08:00:02.577Z,-USD,00023.8085,00025.1939,00023.5182,719365.466477,00024.7375,38553570.360473
2021-10-14T09:00:02.551Z,-USD,000023.989,00025.1939,00023.5182,689256.704265,00024.9614,38576224.492726
2021-10-14T10:00:01.905Z,-USD,00023.9928,00025.1939,00023.5182,676667.901193,00025.1458,38596261.503332
2021-10-14T11:00:02.068Z,-USD,000023.909,00025.1939,00023.5182,693739.884794,00024.8527,38635082.284098
2021-10-14T12:00:02.265Z,-USD,00024.1391,00025.4605,00023.5182,761558.074875,00025.3098,38720227.839074
2021-10-14T13:00:02.14Z,-USD,00024.0657,00025.4605,00023.5182,797881.490413,00025.1561,38778233.458871
2021-10-14T14:00:02.068Z,-USD,00023.6481,00025.4605,00023.5182,797104.751082,00025.1404,38811988.629619
2021-10-14T15:00:02.441Z,-USD,00023.8632,00025.4605,0000023.65,827134.708039,00025.2962,38878319.373911
2021-10-14T16:00:04.16Z,-USD,00023.7328,00025.4605,0000023.65,863061.447145,000025.254,38929283.536396
2021-10-14T17:00:02.106Z,-USD,00023.8138,0000025.75,00023.7996,924413.97404,0000025.75,39016604.859937
2021-10-14T18:00:02.311Z,-USD,00023.9358,0000026.27,0000023.82,1029439.929438,00026.1766,39150860.630919
2021-10-14T19:00:02.462Z,-USD,00023.9162,00026.4332,00023.8445,1124904.1233,00026.3215,39272906.151455
2021-10-14T20:00:07.559Z,-USD,00024.2595,0000026.46,00024.1191,1135159.616828,00026.1276,39325601.501116
2021-10-14T21:00:10.523Z,-USD,00024.5092,0000026.46,00024.4114,1103799.129464,00025.9304,39361978.870468
2021-10-14T22:00:14.151Z,-USD,00024.5124,00026.4704,00024.4114,1137590.910158,00026.2529,39417745.842737
2021-10-14T23:00:12.339Z,-USD,00024.6572,00026.4704,000024.462,1149814.071375,0000026.33,39451532.141685
2021-10-15T00:00:17.239Z,-USD,00024.6972,00026.4704,00024.5399,1164122.63594,00026.4544,39490016.863754
2021-10-15T01:00:12.464Z,-USD,00024.6458,00026.5709,00024.5406,1231321.338324,00025.8549,38496769.795977
2021-10-15T02:00:12.334Z,-USD,00024.7997,00026.5709,000024.559,1248310.890796,00025.8016,38546600.580702
2021-10-15T03:00:11.185Z,-USD,00024.8051,000026.617,000024.559,1300883.083206,00026.5963,38625794.434897
2021-10-15T04:00:22.641Z,-USD,000024.905,00026.6494,000024.559,1333083.781301,00026.5083,38677831.34865
2021-10-15T05:00:10.149Z,-USD,00024.9577,0000026.66,000024.559,1358780.583872,00026.4646,38749821.622704
2021-10-15T06:00:07.409Z,-USD,00024.7702,00026.8191,000024.559,1388368.649156,00026.6347,38803038.683419
2021-10-15T07:00:03.474Z,-USD,0000024.79,00026.8403,000024.559,1439263.386794,00026.6329,38872666.740287
2021-10-15T08:00:03.829Z,-USD,00024.7502,00026.8403,00024.7398,1434782.566464,00026.3533,38909653.854375
2021-10-15T09:00:02.657Z,-USD,00024.9614,00026.8403,000024.799,1502082.793651,00025.7325,38998672.324074
2021-10-15T10:00:02.516Z,-USD,00025.0804,00026.8403,000024.799,1546433.125987,00025.7541,39062991.860385
2021-10-15T11:00:04.493Z,-USD,00024.8806,00026.8403,00024.8366,1530748.699441,000025.692,39086321.00259
2021-10-15T12:00:04.313Z,-USD,00025.2954,00026.8403,00024.9192,1476072.081521,00025.7653,39117088.834358
2021-10-15T13:00:03.096Z,-USD,00025.1723,00026.8403,00024.9192,1435636.049094,00025.6629,39134248.545938
2021-10-15T14:00:08.91Z,-USD,00025.1721,00026.8403,00024.9192,1437700.630394,00025.8536,39170076.782599
2021-10-15T15:00:10.762Z,-USD,00025.2695,00026.8403,00024.9192,1395975.46976,00025.7168,39194733.406669
2021-10-15T16:00:10.703Z,-USD,00025.3205,00026.8403,00025.1269,1383771.610022,00025.6038,39233919.825111
2021-10-15T17:00:09.903Z,-USD,00025.7214,00026.8403,000025.375,1341374.20626,00025.8693,39281431.271623
2021-10-15T18:00:08.961Z,-USD,00026.2078,00026.8403,000025.375,1256861.556763,00026.0564,39329500.956536
2021-10-15T19:00:02.023Z,-USD,00026.4008,00026.8403,000025.375,1194867.358255,00025.9351,39389714.146811
2021-10-15T20:00:02.445Z,-USD,00026.2166,00026.8403,000025.375,1168988.603667,00025.8473,39415331.269319
2021-10-15T21:00:02.621Z,-USD,00025.9855,00026.8403,000025.375,1211886.662319,00026.1635,39494402.688593
2021-10-15T22:00:01.816Z,-USD,00026.2674,00026.8403,000025.375,1179680.377285,000025.875,39518803.064447
2021-10-15T23:00:02.561Z,-USD,00026.3873,00026.8403,000025.375,1165925.504624,00025.8144,39537902.400924
2021-10-16T00:00:01.776Z,-USD,00026.4413,00026.8403,000025.375,1144609.298794,00025.8677,39555844.879579
2021-10-16T01:00:10.841Z,-USD,00025.9344,00026.8403,000025.375,1078774.506417,000025.882,38073834.45092
2021-10-16T02:00:11.121Z,-USD,00025.8357,00026.8403,000025.375,1043861.305277,00025.8466,38087362.338393
2021-10-16T03:00:11.374Z,-USD,00026.6192,00026.8403,000025.375,980763.759886,00026.0797,38104419.475046
2021-10-16T04:00:23.43Z,-USD,00026.5718,00026.8403,000025.375,940591.952152,000025.883,38114691.045417
2021-10-16T05:00:09.936Z,-USD,00026.4414,00026.8403,000025.375,888562.899297,00025.9808,38134924.436202
2021-10-16T06:00:10.923Z,-USD,00026.6553,00026.8403,000025.375,848505.072233,00026.1767,38148152.312036
2021-10-16T07:00:08.629Z,-USD,00026.6146,00026.6452,000025.375,799350.977183,00026.1627,38168650.168222
2021-10-16T08:00:02.213Z,-USD,00026.2989,000026.381,000025.375,778120.570688,00026.0523,38185021.871449
2021-10-16T09:00:02.128Z,-USD,00025.7167,00026.7175,000025.375,735190.465945,00026.6256,38231026.614872
2021-10-16T10:00:02.706Z,-USD,00025.7344,00026.7185,00025.4619,687953.884713,00026.6034,38247136.590681
2021-10-16T11:00:03.731Z,-USD,00025.6871,00026.7185,00025.5194,681762.459663,00026.4263,38264828.914788
2021-10-16T12:00:02.202Z,-USD,00025.7612,00027.2998,00025.5194,724041.88666,00027.2749,38337315.982672
2021-10-16T13:00:11.501Z,-USD,00025.6522,00027.8876,00025.5194,876580.137244,00027.7532,38507020.688471
2021-10-16T14:00:11.199Z,-USD,00025.8285,00027.9454,00025.5194,976237.391303,00027.7444,38643450.224555
2021-10-16T15:00:17.788Z,-USD,00025.7032,00027.9454,00025.5194,1010086.359195,00027.4546,38701182.999244
2021-10-16T16:00:11.248Z,-USD,00025.6421,00027.9454,00025.5194,999178.954118,000027.441,38729533.254939
2021-10-16T17:00:10.684Z,-USD,00025.8512,00027.9454,0000025.74,990958.6344,00027.5055,38769798.464678
2021-10-16T18:00:10.018Z,-USD,00026.0383,00027.9454,0000025.74,1028943.275044,00027.1166,38855711.218307
2021-10-16T19:00:11.792Z,-USD,00025.9227,00027.9454,0000025.74,992705.81327,00026.9996,38880208.599723
2021-10-16T20:00:10.055Z,-USD,00025.8314,00027.9454,0000025.74,992260.661196,000026.919,38903978.556183
2021-10-16T21:00:02.455Z,-USD,00026.1134,00027.9454,0000025.74,946777.023301,00026.9795,38937661.168179
2021-10-16T22:00:02.416Z,-USD,00025.8459,00027.9454,0000025.74,929496.475962,00026.8912,38944702.276745
2021-10-16T23:00:02.255Z,-USD,00025.7961,00027.9454,0000025.74,923617.383088,00026.9252,38958072.793771
2021-10-17T00:00:01.695Z,-USD,0000025.88,00027.9454,00025.7462,918516.345181,00027.0112,38971128.54586
2021-10-17T01:00:11.042Z,-USD,00025.8604,00027.9454,00025.7462,971017.828683,00026.5829,37760050.329475
2021-10-17T02:00:11.159Z,-USD,000025.832,00027.9454,00025.7586,972759.212053,00026.6958,37775420.704204
2021-10-17T03:00:11.036Z,-USD,00026.0542,00027.9454,00025.8444,965769.338596,00026.5038,37785384.382888
2021-10-17T04:00:42.256Z,-USD,00025.9581,00027.9454,00025.9359,965490.384835,00026.5935,37815913.885016
2021-10-17T05:00:08.356Z,-USD,00025.9581,00027.9454,00025.9359,978444.860139,00026.5625,37828868.36032
2021-10-17T06:00:09.229Z,-USD,00026.1457,00027.9454,00000026.0,974377.704646,00026.4499,37837628.299976
2021-10-17T07:00:09.424Z,-USD,00026.1296,00027.9454,00000026.0,966287.15166,00026.6079,37850168.541254
2021-10-17T08:00:08.545Z,-USD,000026.038,00027.9454,00026.0357,1010919.717943,00026.8179,37911109.620452
2021-10-17T09:00:09.307Z,-USD,00026.6143,00027.9454,00026.2332,993777.188633,00026.9604,37940275.541454
2021-10-17T10:00:09.766Z,-USD,000026.625,00027.9454,00026.2332,1000753.215972,00026.7512,37963054.679066
2021-10-17T11:00:10.085Z,-USD,000026.427,00027.9454,00026.2332,994253.880066,00026.7586,37974237.345335
2021-10-17T12:00:08.446Z,-USD,00027.3094,00027.9454,00026.2332,940009.927167,00026.5785,37994338.001995
2021-10-17T13:00:11.507Z,-USD,00027.7563,00027.9454,00026.2332,785753.475484,00026.6366,38011181.626665
2021-10-17T14:00:09.855Z,-USD,00027.7775,000027.787,00026.2332,679854.468028,00026.9106,38039196.000416
2021-10-17T15:00:09.417Z,-USD,00027.4712,00027.6266,00026.2332,631320.835474,00026.6812,38047922.181199
2021-10-17T16:00:08.9Z,-USD,00027.4742,00027.6266,00026.0371,649838.406222,00026.1619,38095540.781388
2021-10-17T17:00:02.403Z,-USD,000027.555,00027.5576,00026.0371,641873.881073,00026.2676,38127006.593673
2021-10-17T18:00:03.747Z,-USD,00027.1355,00027.2016,00026.0371,572622.322245,00026.3109,38144021.854571
2021-10-17T19:00:01.935Z,-USD,00027.0534,00027.1272,00026.0371,561053.296528,00026.4297,38157614.800434
2021-10-17T20:00:02.498Z,-USD,00026.9219,00027.1272,00026.0284,551913.203948,00026.0984,38171182.499726
2021-10-17T21:00:02.149Z,-USD,00026.9685,00027.1272,000025.043,657868.889492,000025.294,38310665.245684
2021-10-17T22:00:02.532Z,-USD,00026.8817,00027.1272,000025.043,678318.92749,00025.6203,38338112.604962
2021-10-17T23:00:01.82Z,-USD,00026.9835,00027.1272,000025.043,697814.20082,00025.8478,38371052.786639
2021-10-18T00:00:08.546Z,-USD,00027.0657,00027.1272,000025.043,706682.976665,00025.9254,38392973.319335
2021-10-18T01:00:02.724Z,-USD,00026.5793,00027.1036,000025.043,664089.906727,00026.1724,38014660.490825
2021-10-18T02:00:01.902Z,-USD,00026.6958,00027.1036,000025.043,672154.275298,00025.9912,38037504.705565
2021-10-18T03:00:01.983Z,-USD,00026.4872,00027.1036,000025.043,676466.327152,00026.1367,38051910.700482
2021-10-18T04:00:02.164Z,-USD,00026.5944,00027.1036,000025.043,658600.541818,00025.8736,38064244.544045
2021-10-18T05:00:01.742Z,-USD,00026.5649,00027.1036,000025.043,654595.822512,00025.9369,38073363.908541
2021-10-18T06:00:01.777Z,-USD,00026.4436,00027.1036,000025.043,655073.217144,00026.0017,38082513.413331
2021-10-18T07:00:01.706Z,-USD,000026.636,00027.1036,000025.043,650716.578515,00025.9566,38090706.019257
2021-10-18T08:00:02.552Z,-USD,00026.7668,00027.0507,000025.043,596987.672045,00025.8203,38098276.910073
2021-10-18T09:00:02.451Z,-USD,000026.972,00027.0436,000025.043,582978.691371,00025.7819,38113574.632683
2021-10-18T10:00:02.248Z,-USD,00026.7786,00026.9424,000025.043,592096.531293,00025.5775,38144990.586134
2021-10-18T11:00:02.559Z,-USD,00026.7586,00026.9424,000025.043,611435.814032,00025.6083,38175496.148057
2021-10-18T12:00:02.461Z,-USD,00026.5295,00026.9424,000025.043,619492.374833,00025.1758,38204350.599677
2021-10-18T13:00:02.581Z,-USD,00026.6158,00026.9424,000025.043,631295.724446,00025.1653,38232427.107243
2021-10-18T14:00:01.943Z,-USD,00026.9046,00026.9153,00024.8712,677427.360791,00025.6862,38306994.111209
2021-10-18T15:00:02.116Z,-USD,000026.697,00026.7565,00024.8712,695875.262277,00025.5635,38333869.72057
2021-10-18T16:00:02.353Z,-USD,00026.1296,00026.4456,00024.8712,659662.482635,00025.4359,38346426.448024
2021-10-18T17:00:01.827Z,-USD,00026.3125,00026.4456,00024.8712,651974.549097,00025.1917,38369709.086772
2021-10-18T18:00:02.355Z,-USD,00026.2951,00026.4456,00024.8712,646637.098068,00025.2284,38381040.945439
2021-10-18T19:00:02.229Z,-USD,00026.4418,00026.4456,00024.8712,652542.586058,00025.3205,38400216.292911
2021-10-18T20:00:02.515Z,-USD,00026.0739,00026.2453,00024.8712,741805.185383,00025.5032,38502938.167983
2021-10-18T21:00:01.852Z,-USD,00025.2785,00026.2453,00024.8712,689575.301649,00025.5122,38591214.232857
2021-10-18T22:00:02.585Z,-USD,00025.6165,00026.2453,00024.8712,684968.946624,00025.4883,38612929.746182
2021-10-18T23:00:01.997Z,-USD,00025.8141,00026.2453,00024.8712,682576.888043,00025.5243,38643966.48329
2021-10-19T00:00:02.07Z,-USD,00025.9229,00026.2453,00024.8712,690543.428992,0000025.67,38673804.112901
2021-10-19T01:00:02.499Z,-USD,00026.1691,00026.2453,00024.8712,717782.746848,00025.7073,38381663.269049
2021-10-19T02:00:01.899Z,-USD,00026.0032,00026.2615,00024.8712,734745.746629,00026.1172,38421684.058724
2021-10-19T03:00:02.276Z,-USD,00026.1428,00026.2615,00024.8712,734520.981216,0000026.15,38435493.326536
2021-10-19T04:00:02.483Z,-USD,00025.9137,00026.2615,00024.8712,754262.348515,00026.2392,38467498.681724
2021-10-19T05:00:01.823Z,-USD,000025.955,00026.3095,00024.8712,758172.676539,00026.1119,38480651.192101
2021-10-19T06:00:02.691Z,-USD,00026.0048,00026.3095,00024.8712,759581.032088,00026.1084,38491491.469748
2021-10-19T07:00:01.891Z,-USD,00025.9546,00026.3095,00024.8712,761554.595827,00025.8826,38501440.437587
2021-10-19T08:00:01.966Z,-USD,00025.8275,00026.3095,00024.8712,771157.209696,00025.9635,38518421.630437
2021-10-19T09:00:02.439Z,-USD,00025.7535,00026.3095,00024.8712,772473.751678,00025.9386,38535114.94146
2021-10-19T10:00:02.336Z,-USD,00025.5414,00026.3095,00024.8712,760832.295783,00025.8436,38555078.447158
2021-10-19T11:00:02.348Z,-USD,00025.5757,00026.3095,00024.8712,742264.621941,00025.7489,38566817.487813
2021-10-19T12:00:02.418Z,-USD,00025.2138,00026.3095,00024.8712,716071.116902,00025.7391,38574166.97835
2021-10-19T13:00:02.461Z,-USD,00025.1963,00026.3095,00024.8712,703388.038023,00025.8169,38584931.256367
2021-10-19T14:00:02.569Z,-USD,00025.6556,00026.3095,00025.0911,668201.803294,00025.7278,38624325.884951
2021-10-19T15:00:01.94Z,-USD,0000025.52,00026.3095,00025.0911,693871.780243,00025.5452,38676912.635889
2021-10-19T16:00:02.246Z,-USD,00025.4231,00026.3095,00025.0911,703021.493891,000025.377,38698522.194084
2021-10-19T17:00:02.619Z,-USD,000025.195,00026.3095,00025.1054,704399.724081,00025.5361,38723454.283893
2021-10-19T18:00:02.691Z,-USD,00025.1874,00026.3095,00025.1054,705777.110937,00025.6214,38735904.11281
2021-10-19T19:00:02.283Z,-USD,00025.2994,00026.3095,00025.1054,697202.368344,00025.4799,38746487.250546
2021-10-19T20:00:02.68Z,-USD,000025.499,00026.3095,00025.2469,619359.926016,00025.5331,38772700.416799
2021-10-19T21:00:02.531Z,-USD,00025.4896,00026.3095,00025.2469,550144.981383,00025.4307,38790419.230146
2021-10-19T22:00:02.312Z,-USD,00000025.5,00026.3095,00025.2469,547381.768764,00025.5807,38809344.719549
2021-10-19T23:00:02.548Z,-USD,000025.519,00026.3095,00025.2469,559174.1161,00026.0677,38852449.422746
2021-10-20T00:00:02.423Z,-USD,000025.656,00026.3095,00025.2469,547539.182673,00026.0578,38871712.285205
2021-10-20T01:00:02.584Z,-USD,00025.7065,00026.3095,00025.2469,507341.746896,00025.9599,37501045.923444
2021-10-20T02:00:02.668Z,-USD,000026.157,00026.3095,00025.2469,483933.175578,00026.0032,37517479.904962
2021-10-20T03:00:02.542Z,-USD,000026.153,00026.3095,00025.2469,478978.505453,00025.8759,37526396.382523
2021-10-20T04:00:02.569Z,-USD,00026.2156,00026.3095,00025.2469,451234.598291,00025.8605,37530744.271426
2021-10-20T05:00:01.718Z,-USD,00026.1319,000026.223,00025.2469,463970.741958,00025.8343,37556589.504954
2021-10-20T06:00:02.82Z,-USD,00026.0555,000026.223,00025.2469,488745.155728,00025.6417,37592605.900746
2021-10-20T07:00:02.601Z,-USD,00025.9078,000026.223,00025.2469,488653.916048,00025.6631,37602270.281238
2021-10-20T08:00:02.315Z,-USD,00025.9826,000026.223,00025.2469,478935.485217,00025.6885,37609467.709513
2021-10-20T09:00:02.178Z,-USD,00025.9557,000026.223,00025.2469,469947.184778,00025.6536,37617317.385537
2021-10-20T10:00:02.107Z,-USD,000025.838,000026.223,00025.2469,465148.021258,00025.8101,37632153.951972
2021-10-20T11:00:04.304Z,-USD,00025.7428,000026.223,00025.2469,467679.607377,00025.6467,37646379.551658
2021-10-20T12:00:01.956Z,-USD,00025.7402,000026.223,00025.2469,490893.373895,00025.8697,37677038.623019
2021-10-20T13:00:01.795Z,-USD,00025.8199,00026.2671,00025.2469,505975.025808,00026.1349,37703032.565341
2021-10-20T14:00:02.204Z,-USD,00025.7256,00026.4692,00025.2469,513693.194336,0000026.45,37750130.348177
2021-10-20T15:00:02.133Z,-USD,00025.5424,00026.7538,000025.338,565863.666405,00026.4582,37854628.359757
2021-10-20T16:00:02.191Z,-USD,00025.3501,00026.7538,000025.338,578427.628656,000026.682,37888804.266571
2021-10-20T17:00:01.752Z,-USD,00025.5585,00026.8853,00025.4012,594527.335455,00026.7894,37929907.928723
2021-10-20T18:00:02.711Z,-USD,00025.5966,00026.8853,00025.4012,609293.324276,00026.6842,37957139.53016
2021-10-20T19:00:02.04Z,-USD,00025.4887,00026.9879,00025.4012,624813.533861,00026.9721,37983256.542305
2021-10-20T20:00:01.881Z,-USD,00025.4959,00027.0709,00025.4012,626496.580948,00027.0268,38011316.495517
2021-10-20T21:00:02.216Z,-USD,00025.4293,00027.0709,00025.4066,636013.474214,00026.9289,38038335.12997
2021-10-20T22:00:02.297Z,-USD,00025.6044,00027.0709,00025.5077,633546.957098,00000027.0,38055749.306144
2021-10-20T23:00:01.822Z,-USD,00026.0384,00027.0862,00025.5077,615085.40627,00026.8924,38079964.101835
2021-10-21T00:00:02.66Z,-USD,00026.0311,00027.1119,00025.5077,626324.680639,00027.0947,38110001.260954
2021-10-21T01:00:02.187Z,-USD,000025.955,00027.4765,00025.5077,642228.807238,00027.3617,36885202.860084
2021-10-21T02:00:02.795Z,-USD,00026.0346,00027.6306,00025.5077,666788.980974,00027.2605,36925985.178472
2021-10-21T03:00:02.201Z,-USD,000025.895,00027.6306,00025.5077,710200.528851,00027.2553,36978364.537044
2021-10-21T04:00:02.146Z,-USD,00025.8705,00027.6306,00025.5077,734102.907779,00027.1929,37006457.72711
2021-10-21T05:00:02.629Z,-USD,0000025.85,00027.6306,00025.5077,724197.186638,00027.2492,37022398.108689
2021-10-21T06:00:02.524Z,-USD,00025.6341,00027.6306,00025.5876,707805.78454,000027.148,37042036.725387
2021-10-21T07:00:02.385Z,-USD,00025.6664,00027.6306,00025.6117,718155.789842,00026.9844,37062040.379303
2021-10-21T08:00:02.232Z,-USD,00025.6874,00027.6306,00025.6117,743127.742388,00027.0736,37094269.840126
2021-10-21T09:00:02.008Z,-USD,00025.6713,00027.6306,00025.6117,744684.884628,00027.2938,37103722.725071
2021-10-21T10:00:01.763Z,-USD,00025.8091,00027.6306,000025.614,776932.575078,00027.5965,37150867.738731
2021-10-21T11:00:02.084Z,-USD,00025.6309,00027.6819,000025.614,783000.572742,00027.5459,37171005.146483
2021-10-21T12:00:01.931Z,-USD,00025.8699,00027.7518,00025.8699,911392.276846,00026.7874,37330340.951648
2021-10-21T13:00:01.776Z,-USD,00026.1181,00027.7518,000026.115,935575.346863,00026.9019,37380219.419109
2021-10-21T14:00:02.654Z,-USD,00026.4502,00027.7518,00026.3615,915727.031379,00026.9414,37407573.42806
2021-10-21T15:00:01.791Z,-USD,00026.4925,00027.7518,00026.2741,864119.574539,00026.3682,37460909.911413
2021-10-21T16:00:02.014Z,-USD,00026.7345,00027.7518,00025.7394,955931.236216,00026.3261,37587286.068191
2021-10-21T17:00:02.369Z,-USD,00026.7991,00027.7518,00025.7394,947449.910689,00026.1622,37618996.472929
2021-10-21T18:00:02.593Z,-USD,00026.6468,00027.7518,00025.7394,958115.565346,00026.1078,37657076.978282
2021-10-21T19:00:02.51Z,-USD,00026.9752,00027.7518,00025.7394,945167.834677,00026.1827,37670060.091485
2021-10-21T20:00:02.655Z,-USD,00027.0186,00027.7518,00025.7394,945200.225995,00026.2029,37698431.43245
2021-10-21T21:00:01.929Z,-USD,00026.9418,00027.7518,00025.7394,949705.221639,00026.2597,37729774.943272
2021-10-21T22:00:02.08Z,-USD,00026.9726,00027.7518,00025.7394,948680.70871,00026.3493,37746064.317613
2021-10-21T23:00:02.468Z,-USD,00026.8998,00027.7518,00025.7394,938542.70906,00026.1157,37760138.221697
2021-10-22T00:00:02.626Z,-USD,00027.1353,00027.7518,00025.7394,919869.522372,000026.094,37772379.494533
2021-10-22T01:00:09.309Z,-USD,00027.3505,00027.7518,00025.7394,923181.606872,00026.5483,36487083.470998
2021-10-22T02:00:07.275Z,-USD,00027.2683,00027.7518,00025.7394,907605.541284,00026.4629,36512309.025145
2021-10-22T03:00:02.234Z,-USD,00027.2809,00027.7518,00025.7394,864301.885295,00026.4127,36521852.415566
2021-10-22T04:00:01.852Z,-USD,00027.2069,00027.7518,00025.7394,850595.806457,00026.6574,36535845.959463
2021-10-22T05:00:02.652Z,-USD,000027.243,00027.7518,00025.7394,845766.001084,00026.5585,36546855.84193
2021-10-22T06:00:02.402Z,-USD,00027.1602,00027.7518,00025.7394,834912.574517,00026.5431,36555688.556216
2021-10-22T07:00:02.05Z,-USD,00026.9736,00027.7518,00025.7394,824884.678785,00026.4875,36565710.041604
2021-10-22T08:00:01.781Z,-USD,00027.0417,00027.7518,00025.7394,807841.65507,00026.6392,36580852.140624
2021-10-22T09:00:02.57Z,-USD,00027.2662,00027.7518,00025.7394,809555.802463,000026.789,36592121.485842
2021-10-22T10:00:02.161Z,-USD,00027.6218,00027.7518,00025.7394,775506.600651,00026.6136,36605420.099539
2021-10-22T11:00:02.351Z,-USD,00027.5591,00027.7518,00025.7394,762427.332135,00026.6384,36612211.795303
2021-10-22T12:00:01.743Z,-USD,00026.8065,00027.1504,00025.7394,611331.825495,00026.7381,36621403.400245
2021-10-22T13:00:02.639Z,-USD,00026.9117,00027.1504,00025.7394,576998.534126,00026.7434,36635905.84948
2021-10-22T14:00:02.466Z,-USD,00026.9307,00026.9992,00025.7394,582180.724211,00026.2424,36669468.272417
2021-10-22T15:00:01.819Z,-USD,00026.3639,0000026.85,000025.661,588128.214437,00025.9975,36728096.93698
2021-10-22T16:00:01.939Z,-USD,00026.3446,0000026.85,00025.6277,503021.866986,00025.6533,36769291.105244
2021-10-22T17:00:02.393Z,-USD,00026.1777,0000026.85,000025.326,539852.215798,00025.7893,36837799.202755
2021-10-22T18:00:02.025Z,-USD,000026.117,0000026.85,000025.326,526537.045072,00025.5853,36862350.853568
2021-10-22T19:00:02.161Z,-USD,00026.2151,0000026.85,000025.326,533112.68214,00025.6771,36881896.165561
2021-10-22T20:00:02.173Z,-USD,00026.2458,0000026.85,000025.326,521005.194553,00000025.7,36898499.588595
2021-10-22T21:00:02.418Z,-USD,00026.2548,0000026.85,000025.326,502124.605752,00025.6727,36911082.8804
2021-10-22T22:00:02.198Z,-USD,000026.332,0000026.85,000025.326,497666.591705,00025.3325,36922847.515861
2021-10-22T23:00:02.568Z,-USD,00026.1204,0000026.85,000025.326,500875.99317,00025.5633,36939689.046167
2021-10-23T00:00:02.446Z,-USD,00026.0973,0000026.85,000025.326,496553.308352,00025.6317,36947742.112135
2021-10-23T01:00:02.283Z,-USD,00026.5539,0000026.85,000025.326,487567.700668,00025.6919,36250937.425359
2021-10-23T02:00:02.096Z,-USD,00026.4413,0000026.85,000025.326,491972.85388,000025.669,36280753.394572
2021-10-23T03:00:02.102Z,-USD,000026.413,0000026.85,000025.326,490487.986406,00025.7362,36288582.702969
2021-10-23T04:00:02.17Z,-USD,000026.698,0000026.85,000025.326,483533.446367,00025.7083,36295701.544489
2021-10-23T05:00:02.322Z,-USD,00026.5721,0000026.85,000025.326,495013.564647,00025.7978,36318186.311101
2021-10-23T06:00:02.227Z,-USD,00026.5487,0000026.85,000025.326,496297.204296,000025.554,36328436.013388
2021-10-23T07:00:02.1Z,-USD,00026.5207,0000026.85,000025.326,513086.654615,00025.6314,36356274.615234
2021-10-23T08:00:01.833Z,-USD,00026.6639,0000026.85,000025.326,513474.05779,00025.7606,36370707.011839
2021-10-23T09:00:01.76Z,-USD,00026.8081,0000026.85,000025.326,508947.445248,00025.7715,36377623.538621
2021-10-23T10:00:02.585Z,-USD,00026.6133,00026.7973,000025.326,506249.386468,00025.6204,36388050.74496
2021-10-23T11:00:01.767Z,-USD,00026.6534,00026.7973,000025.326,518508.049074,00025.4183,36407085.68486
2021-10-23T12:00:02.463Z,-USD,00026.7247,00026.7973,00025.2642,542451.284664,000025.869,36440243.297281
2021-10-23T13:00:02.387Z,-USD,000026.741,00026.7973,00025.2642,546391.266594,00025.9454,36458573.214148
2021-10-23T14:00:02.271Z,-USD,00026.2377,00026.2584,00025.2642,530505.07544,00025.8578,36476402.755195
2021-10-31T18:00:08.706Z,-USD,00024.7194,00025.1981,00024.0155,701629.206261,00024.5755,27746432.013597
2021-10-31T19:00:01.791Z,-USD,00024.8622,00025.1981,00024.0155,705599.908472,00024.7309,27771192.296861
2021-10-31T20:00:01.778Z,-USD,00024.8844,00025.1981,00024.0155,716484.879092,00024.7734,27800230.190261
2021-10-31T21:00:02.684Z,-USD,00024.8831,00025.1981,00024.0155,705032.635803,00024.8021,27819591.847161
2021-10-31T22:00:01.709Z,-USD,00024.8774,00025.1981,00024.0155,706398.814171,00025.1678,27840002.051884
2021-10-31T23:00:03.094Z,-USD,00024.7167,00025.2842,00024.0155,699691.813628,00025.0619,27860424.110072
2021-11-01T00:00:04.868Z,-USD,00024.9287,00025.2842,00024.0155,681855.301258,00025.0072,27876322.762433
2021-11-01T01:00:04.338Z,-USD,00025.1797,00025.2842,00024.0155,646772.108354,00025.1612,26541612.946947
2021-11-01T02:00:03.854Z,-USD,00024.9971,00025.2842,00024.0155,639290.255286,00000025.0,26559794.4152
2021-11-01T03:00:03.703Z,-USD,000025.027,00025.2842,00024.0155,661312.369308,00024.6775,26618203.463414
2021-11-01T04:00:13.388Z,-USD,00025.1394,00025.2842,00024.0155,661256.447668,00024.3877,26637802.296787
2021-11-01T05:00:07.284Z,-USD,00025.0621,00025.2842,00024.0155,672438.724493,00024.6527,26670990.347768
2021-11-01T06:00:06.049Z,-USD,00024.9423,00025.2842,00024.0155,681357.311816,00024.8166,26699444.214627
2021-11-01T07:00:06.388Z,-USD,00024.8106,00025.2842,00024.0155,676053.593662,00024.8506,26708932.228916
2021-11-01T08:00:02.266Z,-USD,00024.8949,00025.2842,00024.0155,702181.15649,00025.1167,26749908.17903
2021-11-01T09:00:01.782Z,-USD,00024.5959,00025.2842,00024.0155,693900.278874,00025.0774,26765355.000133
2021-11-01T10:00:02.202Z,-USD,00024.6485,00025.3156,00024.0155,672570.361505,000025.257,26776463.90644
2021-11-01T11:00:03.213Z,-USD,00024.4679,00025.3842,00024.0155,650292.845156,00025.2167,26798445.36073
2021-11-01T12:00:02.513Z,-USD,00024.3196,00025.3842,00024.0155,646458.118339,00025.0269,26820952.582308
2021-11-01T13:00:02.256Z,-USD,00024.2283,00025.3842,00024.0155,644569.687477,00025.3004,26859296.508424
2021-11-01T14:00:02.194Z,-USD,00024.3072,00025.8072,00024.1685,673030.18763,00025.7443,26925069.952956
2021-11-01T15:00:02.248Z,-USD,00024.3495,00026.0239,00024.1685,713052.287605,00025.7528,26994611.857701
2021-11-01T16:00:01.801Z,-USD,00024.3295,00026.4744,00024.1685,826956.845239,00025.8153,27142981.215061
2021-11-01T17:00:03.98Z,-USD,000024.714,00026.4744,00024.1685,839692.451486,00025.6763,27215303.188534
2021-11-01T18:00:02.944Z,-USD,00024.5601,00026.4744,00024.1685,887295.376653,00025.8871,27279169.503263
2021-11-01T19:00:02.167Z,-USD,00024.7244,00026.4744,00024.1685,894180.877168,00025.6507,27311045.576894
2021-11-01T20:00:02.283Z,-USD,00024.7844,00026.4744,00024.1685,922507.719008,00026.0124,27369037.406803
2021-11-01T21:00:02.427Z,-USD,00024.8192,00026.4744,00024.1685,933736.17103,00025.6615,27398719.813729
2021-11-01T22:00:02.478Z,-USD,00025.1738,00026.4744,00024.1685,926821.423279,00025.6125,27413256.926581
2021-11-01T23:00:03.419Z,-USD,000025.074,00026.4744,00024.1685,923336.080016,000025.571,27429271.168238
2021-11-02T00:00:01.929Z,-USD,00025.0235,00026.4744,00024.1685,931174.477142,00025.6298,27453614.519513
2021-11-02T01:00:01.873Z,-USD,00025.2023,00026.4744,00024.1685,952651.842665,00025.3821,26814795.281621
2021-11-02T02:00:01.986Z,-USD,00025.0159,00026.4744,00024.1685,954882.657565,00025.6221,26835131.297954
2021-11-02T03:00:01.903Z,-USD,00024.3763,00026.4744,00024.1685,884721.721422,00025.4251,26844562.739614
2021-11-02T04:00:02.082Z,-USD,00024.3763,00026.4744,00024.1685,894714.364449,00025.4564,26854555.382641
2021-11-02T05:01:03.096Z,-USD,00024.8156,00026.4744,0000024.63,856283.817074,00025.5796,26876452.520038
2021-11-02T06:00:02.166Z,-USD,00024.8156,00026.4744,0000024.63,877395.94887,00025.3251,26897564.651834
2021-11-02T07:00:01.91Z,-USD,00024.9317,00026.4744,00024.9255,885345.561838,00025.4247,26915014.324359
2021-11-02T08:00:01.852Z,-USD,00025.1281,00026.4744,00025.0178,853474.500267,00025.2789,26923935.719716
2021-11-02T09:00:01.775Z,-USD,00025.1013,00026.4744,00025.0178,845253.891137,00025.3029,26931688.568098
2021-11-02T10:00:01.714Z,-USD,00025.2933,00026.4744,00025.0178,850418.445829,00025.6436,26947687.462966
2021-11-02T11:00:04.183Z,-USD,00025.2386,00026.4744,00025.0178,856700.606237,00025.6818,26975711.370736
2021-11-02T12:00:01.711Z,-USD,000025.031,00026.4744,00025.0215,855367.161399,0000025.55,26996823.46706
2021-11-02T13:00:02.582Z,-USD,00025.2906,00026.4744,00025.1571,832748.513477,00025.6522,27012787.380417
2021-11-02T14:00:02.686Z,-USD,00025.7272,00026.4744,00025.1571,805506.116231,00025.7575,27051215.575844
2021-11-02T15:00:02.009Z,-USD,00025.7106,00026.4744,00025.1571,759682.095217,0000025.69,27074959.947459
2021-11-02T16:00:02.22Z,-USD,00025.8877,00026.0831,00025.1571,665639.31743,00025.9726,27129569.398069
2021-11-02T17:00:03.37Z,-USD,00025.6726,00026.1046,00025.1571,643834.997632,00026.0871,27179730.741255
2021-11-02T18:00:02.126Z,-USD,00025.8446,00026.2433,00025.1571,637904.256222,00025.8551,27237876.443642
2021-11-02T19:00:02.42Z,-USD,00025.6211,00026.2433,00025.1571,623369.762045,00025.9002,27255192.942494
2021-11-02T20:00:01.771Z,-USD,00026.0548,00026.2433,00025.1571,585044.21799,00026.0492,27275953.695077
2021-11-02T21:00:01.886Z,-USD,00025.6778,00026.2433,00025.1571,585091.909321,00025.8623,27304404.801105
2021-11-02T22:00:02.016Z,-USD,00025.6026,00026.2433,00025.1571,588878.408701,00026.0248,27322632.591912
2021-11-02T23:00:02.751Z,-USD,00025.5432,00026.2433,00025.1571,596314.336808,00025.8864,27346584.657138
2021-11-03T00:00:02.489Z,-USD,00025.6261,00026.3259,00025.1571,604127.419114,00026.1582,27378373.465717
2021-11-03T01:00:02.616Z,-USD,00025.3891,00026.5265,00025.1724,610246.92581,00026.4921,26380781.383738
2021-11-03T02:00:02.352Z,-USD,00025.6251,00026.9409,00025.1724,704056.682518,00026.8131,26494876.185402
2021-11-03T03:00:02.521Z,-USD,00025.4251,00027.0888,00025.1724,805073.117929,00027.0447,26605143.735502
2021-11-03T04:00:02.703Z,-USD,0000025.44,00027.0888,00025.1724,850235.910585,00026.7274,26660378.949347
2021-11-03T05:00:03.72Z,-USD,00025.5719,00027.0888,00025.1724,890437.674052,000026.392,26722324.988381
2021-11-03T06:00:02.825Z,-USD,00025.3203,00027.0888,00025.1724,904405.600917,00026.5418,26757967.326861
2021-11-03T07:00:01.666Z,-USD,00025.3973,00027.0888,00025.1724,906076.235032,00026.5222,26776676.814346
2021-11-03T08:00:02.667Z,-USD,00025.2736,00027.0888,00025.1724,930379.036427,00026.9538,26810188.858468
2021-11-03T09:00:02.682Z,-USD,000025.276,00027.0888,00025.2623,948596.509945,00026.6517,26835919.474731
2021-11-03T10:00:02.489Z,-USD,00025.6645,00027.0888,00025.4855,948358.172511,000026.843,26851645.329071
2021-11-03T11:00:04.508Z,-USD,00025.6769,00027.0888,00025.4855,935806.23514,00026.5995,26867271.979031
2021-11-03T12:00:01.942Z,-USD,00025.5363,00027.0888,00025.4855,942978.436609,00026.5859,26895347.868913
2021-11-03T13:00:01.863Z,-USD,00025.6562,00027.0888,00025.4855,1007309.70452,00025.8016,26976038.287468
2021-11-03T14:00:01.998Z,-USD,00025.7697,00027.0888,000025.365,1051355.62763,000025.581,27058563.7356
2021-11-03T15:00:02.207Z,-USD,00025.6956,00027.0888,000025.365,1107806.255011,00025.5702,27138801.114733
2021-11-03T16:00:01.68Z,-USD,00025.9688,00027.0888,000025.365,1091424.839647,00025.7413,27178020.448742
2021-11-03T17:00:03.277Z,-USD,00026.0868,00027.0888,000025.365,1075719.878506,00025.6307,27211087.608023
2021-11-03T18:00:01.882Z,-USD,000025.865,00027.0888,000025.365,1085845.063656,000025.954,27279795.150623
2021-11-03T19:00:02.278Z,-USD,00025.8992,00027.0888,000025.365,1167172.748985,000026.484,27378312.805037
2021-11-03T20:00:02.568Z,-USD,00026.0301,00027.0888,000025.365,1192559.009723,00026.3978,27424389.113292
2021-11-03T21:00:01.933Z,-USD,00025.8384,00027.0888,000025.365,1189193.342978,00026.4957,27449235.002011
