Coin on file:	USDT
Created by:	chris
Created on:	09/18/2021T03:00:1631948402Z

Recorded,Currency,Open,High,Low,Volume,Last,Volume30day
2021-09-18T03:00:02.659Z,-USD,00001.0003,00001.0004,00000001.0,33508250.75,00001.0002,1004627980.82
2021-09-18T04:00:01.983Z,-USD,00001.0003,00001.0004,00000001.0,31746240.69,00001.0002,1005555355.93
2021-09-18T05:00:02.052Z,-USD,00001.0003,00001.0004,00000001.0,31156988.97,00001.0001,1006916713.68
2021-09-18T06:00:02.083Z,-USD,00001.0002,00001.0004,00000001.0,30958451.61,00001.0001,1007851478.2
2021-09-18T07:00:02.385Z,-USD,00001.0003,00001.0004,00000001.0,30449433.63,00001.0002,1008344987.4
2021-09-18T08:00:02.626Z,-USD,00001.0004,00001.0004,00000001.0,30453923.22,00001.0002,1009049112.71
2021-09-18T09:00:01.852Z,-USD,00001.0003,00001.0003,00000001.0,30151155.39,00000001.0,1009605042.08
2021-09-18T10:00:01.968Z,-USD,00001.0002,00001.0003,00000001.0,30161490.23,00001.0001,1010264991.61
2021-09-18T11:00:02.344Z,-USD,00001.0002,00001.0003,00000001.0,29796728.67,00001.0002,1010857303.2
2021-09-18T12:00:02.46Z,-USD,00001.0003,00001.0003,00000001.0,29864496.87,00001.0003,1011521985.33
2021-09-18T13:00:02.675Z,-USD,00001.0001,00001.0003,00000001.0,28676488.23,00001.0002,1012279158.6
2021-09-18T14:00:01.88Z,-USD,00001.0001,00001.0003,00000001.0,27687736.19,00001.0003,1012894815.1
2021-09-18T14:27:57.952Z,-USD,00001.0002,00001.0003,00000001.0,26178679.37,00001.0002,1013262760.06
2021-09-18T14:28:37.246Z,-USD,00001.0002,00001.0003,00000001.0,26182080.92,00001.0003,1013266161.61
2021-09-18T14:31:17.504Z,-USD,00001.0002,00001.0003,00000001.0,26201531.34,00001.0003,1013285612.03
2021-09-18T15:00:02.118Z,-USD,00001.0002,00001.0003,00000001.0,27109723.59,00001.0002,1014193804.28
2021-09-18T16:00:02.322Z,-USD,00001.0002,00001.0003,00000001.0,26302377.2,00001.0003,1015131360.1
2021-09-18T17:00:02.107Z,-USD,00001.0002,00001.0003,00000001.0,25412275.7,00001.0002,1016035673.95
2021-09-18T18:00:07.221Z,-USD,00001.0002,00001.0003,00000001.0,23813066.92,00001.0003,1016890705.51
2021-09-18T19:00:01.787Z,-USD,00000001.0,00001.0003,00000001.0,21865794.7,00001.0003,1017606335.64
2021-09-18T20:00:02.515Z,-USD,00001.0001,00001.0003,00000001.0,21304373.87,00001.0003,1018225340.16
2021-09-18T21:00:02.121Z,-USD,00001.0001,00001.0003,00000001.0,20957651.29,00001.0002,1018963656.54
2021-09-18T22:00:02.335Z,-USD,00001.0002,00001.0003,00000001.0,20383903.84,00001.0002,1019537480.18
2021-09-18T23:00:01.768Z,-USD,00001.0001,00001.0003,00000001.0,19534224.05,00001.0003,1020024025.43
2021-09-19T00:00:02.394Z,-USD,00001.0002,00001.0003,00000001.0,19079229.4,00001.0003,1020625149.1
2021-09-19T01:00:02.002Z,-USD,00001.0001,00001.0003,00000001.0,18229699.26,00001.0002,993361996.85
2021-09-19T02:00:02.019Z,-USD,00001.0001,00001.0003,00000001.0,18247525.69,00001.0003,994022646.76
2021-09-19T03:00:02.664Z,-USD,00001.0002,00001.0003,00000001.0,18151650.84,00001.0002,994649479.42
2021-09-19T04:00:02.654Z,-USD,00001.0001,00001.0003,00000001.0,17700711.86,00001.0003,995121624.64
2021-09-19T05:00:02.407Z,-USD,00001.0001,00001.0003,00000001.0,17210152.31,00001.0002,995990481.36
2021-09-19T06:00:02.187Z,-USD,00001.0001,00001.0003,00000001.0,16365210.49,00001.0001,996133783.56
2021-09-19T07:00:02.005Z,-USD,00001.0001,00001.0003,00000001.0,16121316.76,00001.0001,996330400.49
2021-09-19T08:00:02.143Z,-USD,00001.0002,00001.0003,00000001.0,15590236.18,00001.0002,996505517.88
2021-09-19T09:00:01.925Z,-USD,00000001.0,00001.0003,00000001.0,15754986.03,00001.0001,997230971.46
2021-09-19T10:00:01.868Z,-USD,00001.0002,00001.0003,00001.0001,15230566.42,00001.0002,997362434.08
2021-09-19T11:00:02.48Z,-USD,00001.0003,00001.0003,00001.0001,14762892.21,00001.0001,997486642.58
2021-09-19T12:00:02.523Z,-USD,00001.0003,00001.0003,00001.0001,14594035.26,00001.0001,998009375.75
2021-09-19T13:00:02.684Z,-USD,00001.0003,00001.0004,00001.0001,15961420.55,00001.0003,1000124267.92
2021-09-19T14:00:02.607Z,-USD,00001.0002,00001.0004,00001.0001,16368105.65,00001.0003,1001136607.51
2021-09-19T15:00:02.684Z,-USD,00001.0003,00001.0004,00001.0001,15509829.02,00001.0002,1001569111.57
2021-09-19T16:00:02.634Z,-USD,00001.0003,00001.0004,00001.0001,15160140.09,00001.0003,1002156403.11
2021-09-19T17:00:02.62Z,-USD,00001.0003,00001.0004,00001.0001,15402229.42,00001.0001,1003302173.87
2021-09-19T18:00:01.7Z,-USD,00001.0003,00001.0004,00001.0001,15870057.74,00001.0002,1004624827.29
2021-09-19T19:00:01.839Z,-USD,00001.0003,00001.0004,00001.0001,16167961.61,00001.0001,1005639114.71
2021-09-19T20:00:01.841Z,-USD,00001.0003,00001.0004,00001.0001,16142241.53,00001.0002,1006231368.31
2021-09-19T21:00:02.299Z,-USD,00001.0003,00001.0004,00001.0001,15876492.91,00001.0002,1006721380.21
2021-09-19T22:00:02.24Z,-USD,00001.0003,00001.0004,00001.0001,15979151.55,00001.0002,1007380288.62
2021-09-19T23:00:02.396Z,-USD,00001.0003,00001.0004,00001.0001,19421757.79,00001.0002,1011310587.74
2021-09-20T00:00:01.696Z,-USD,00001.0003,00001.0004,00001.0001,19557448.65,00001.0002,1012086975.4
2021-09-20T01:00:01.876Z,-USD,00001.0002,00001.0004,00001.0001,19627410.6,00001.0002,991986105.18
2021-09-20T02:00:02.151Z,-USD,00001.0003,00001.0004,00001.0001,19946453.19,00001.0002,992966135.36
2021-09-20T03:00:02.274Z,-USD,00001.0003,00001.0004,00001.0001,20692402.34,00001.0002,994338358.88
2021-09-20T04:00:02.153Z,-USD,00001.0003,00001.0004,00001.0001,22414187.94,00001.0001,996533810.15
2021-09-20T05:00:01.965Z,-USD,00001.0002,00001.0004,00000001.0,22929231.94,00001.0001,997916273.44
2021-09-20T06:00:01.919Z,-USD,00001.0001,00001.0004,00000001.0,23760608.84,00001.0001,998890829.76
2021-09-20T07:00:02.042Z,-USD,00001.0001,00001.0004,00000.9999,24507501.44,00000001.0,999835594.22
2021-09-20T08:00:02.121Z,-USD,00001.0001,00001.0004,00000.9998,26455401.15,00000001.0,1001957303.16
2021-09-20T09:00:01.892Z,-USD,00001.0001,00001.0004,00000.9998,28810379.07,00000001.0,1005042087.5
2021-09-20T10:00:01.701Z,-USD,00001.0002,00001.0004,00000.9998,33138248.89,00000.9999,1009497749.97
2021-09-20T11:00:02.361Z,-USD,00001.0002,00001.0004,00000.9998,34463536.44,00000001.0,1010946511.81
2021-09-20T12:00:02.361Z,-USD,00001.0002,00001.0004,00000.9998,37404950.28,00000.9999,1014411050.88
2021-09-20T13:00:02.403Z,-USD,00001.0003,00001.0003,00000.9997,38950113.91,00000.9998,1018071825.79
2021-09-20T14:00:02.73Z,-USD,00001.0003,00001.0004,00000.9997,47125411.62,00001.0004,1027259294.76
2021-09-20T15:00:01.832Z,-USD,00001.0002,00001.0007,00000.9997,53360365.43,00000001.0,1033926013.3
2021-09-20T16:00:02.357Z,-USD,00001.0002,00001.0007,00000.9997,54954625.49,00001.0001,1036107993.92
2021-09-20T17:00:02.536Z,-USD,00001.0002,00001.0007,00000.9997,55292208.69,00001.0001,1037599071.26
2021-09-20T18:00:02.544Z,-USD,00001.0002,00001.0007,00000.9997,55014901.89,00000001.0,1038637369.76
2021-09-20T19:00:02.469Z,-USD,00001.0002,00001.0007,00000.9997,57460068.71,00000.9999,1042106494.53
2021-09-20T20:00:02.434Z,-USD,00001.0002,00001.0007,00000.9997,60789096.51,00000.9998,1046016881.48
2021-09-20T21:00:02.46Z,-USD,00001.0001,00001.0007,00000.9997,62096827.6,00000.9999,1047815633.97
2021-09-20T22:00:02.44Z,-USD,00001.0002,00001.0007,00000.9997,63690469.66,00000.9997,1050078141.32
2021-09-20T23:00:02.52Z,-USD,00001.0001,00001.0007,00000.9997,61720312.39,00000.9997,1052027478.34
2021-09-21T00:00:02.956Z,-USD,00001.0001,00001.0007,00000.9997,62299824.33,00000.9997,1053384245.35
2021-09-21T01:00:02.191Z,-USD,00001.0001,00001.0007,00000.9997,65625276.17,00000.9998,1040567188.3
2021-09-21T02:00:01.777Z,-USD,00001.0001,00001.0007,00000.9996,66698448.58,00000.9997,1042620335.04
2021-09-21T03:00:02.103Z,-USD,00001.0002,00001.0007,00000.9996,67308380.04,00000.9997,1044607228.97
2021-09-21T04:00:02.34Z,-USD,00001.0002,00001.0007,00000.9996,66030116.0,00000.9998,1045522446.29
2021-09-21T05:00:02.612Z,-USD,00001.0001,00001.0007,00000.9996,65552442.49,00000.9998,1046424135.91
2021-09-21T06:00:02.518Z,-USD,00000001.0,00001.0007,00000.9996,65469507.52,00000.9998,1047316069.25
2021-09-21T07:00:02.272Z,-USD,00000.9999,00001.0007,00000.9996,64987527.75,00000.9997,1047777968.04
2021-09-21T08:00:02.419Z,-USD,00000001.0,00001.0007,00000.9996,63530808.47,00000.9998,1048456064.95
2021-09-21T09:00:02.545Z,-USD,00000001.0,00001.0007,00000.9996,62214595.09,00000.9999,1050222834.73
2021-09-21T10:00:02.395Z,-USD,00000.9999,00001.0007,00000.9996,58178041.58,00000.9998,1050644868.01
2021-09-21T11:00:02.6Z,-USD,00000001.0,00001.0007,00000.9996,57216132.13,00000.9999,1051118402.84
2021-09-21T12:00:02.507Z,-USD,00000.9999,00001.0007,00000.9996,54716250.66,00000.9999,1052096747.36
2021-09-21T13:00:02.679Z,-USD,00000.9998,00001.0007,00000.9996,52228886.7,00000001.0,1053280383.56
2021-09-21T14:00:01.857Z,-USD,00001.0003,00001.0007,00000.9996,44189067.75,00000.9999,1054409498.18
2021-09-21T15:00:02.144Z,-USD,00000.9999,00001.0001,00000.9996,40247801.58,00000001.0,1057139503.21
2021-09-21T16:00:02.617Z,-USD,00001.0001,00001.0001,00000.9996,38832613.44,00000.9999,1057924419.91
2021-09-21T17:00:03.462Z,-USD,00000001.0,00001.0001,00000.9996,39487425.89,00000001.0,1060042601.83
2021-09-21T18:00:01.824Z,-USD,00000001.0,00001.0001,00000.9996,41600968.57,00000.9999,1063195968.45
2021-09-21T19:00:02.438Z,-USD,00000.9999,00001.0001,00000.9996,39583596.64,00000.9999,1064658096.5
2021-09-21T20:00:02.298Z,-USD,00000.9998,00001.0001,00000.9996,38664035.1,00000.9998,1067636215.22
2021-09-21T21:00:01.766Z,-USD,00000.9998,00001.0001,00000.9996,38916920.74,00000.9998,1069695845.11
2021-09-21T22:00:02.225Z,-USD,00000.9998,00001.0001,00000.9996,40916667.52,00000.9999,1073951431.07
2021-09-21T23:00:02.124Z,-USD,00000.9998,00001.0001,00000.9996,41140276.66,00000.9999,1076146184.47
2021-09-22T00:00:02.323Z,-USD,00000.9997,00001.0001,00000.9996,43137045.18,00000.9999,1079478225.56
2021-09-22T01:00:02.686Z,-USD,00000.9997,00001.0001,00000.9996,40700073.84,00000001.0,1048217439.67
2021-09-22T02:00:01.838Z,-USD,00000.9996,00001.0001,00000.9996,41655848.43,00001.0001,1051225016.48
2021-09-22T03:00:02.496Z,-USD,00000.9998,00001.0001,00000.9996,42824706.6,00001.0001,1054379095.83
2021-09-22T04:00:01.855Z,-USD,00000.9998,00001.0001,00000.9996,43360057.16,00001.0001,1055835720.36
2021-09-22T05:00:01.961Z,-USD,00000.9997,00001.0001,00000.9996,43298328.31,00001.0001,1056669354.17
2021-09-22T06:00:02.356Z,-USD,00000.9998,00001.0001,00000.9996,42925153.1,00001.0001,1057188761.86
2021-09-22T07:00:02.359Z,-USD,00000.9998,00001.0001,00000.9996,43179306.01,00001.0001,1057903551.39
2021-09-22T08:00:02.458Z,-USD,00000.9998,00001.0002,00000.9996,43708225.89,00000001.0,1059112115.18
2021-09-22T09:00:03.657Z,-USD,00000.9998,00001.0002,00000.9996,42642238.9,00001.0001,1059811442.07
2021-09-22T10:00:01.805Z,-USD,00000.9999,00001.0002,00000.9996,43026603.24,00001.0002,1060617898.61
2021-09-22T11:00:02.368Z,-USD,00000.9999,00001.0002,00000.9996,43279826.68,00001.0002,1061348189.51
2021-09-22T12:00:02.378Z,-USD,00000001.0,00001.0002,00000.9996,42920233.34,00001.0002,1061963757.87
2021-09-22T13:00:02.638Z,-USD,00000001.0,00001.0002,00000.9996,42455783.8,00001.0001,1062712786.86
2021-09-22T14:00:01.835Z,-USD,00000.9999,00001.0002,00000.9996,43208442.07,00001.0001,1064564652.86
2021-09-22T15:00:01.945Z,-USD,00000.9999,00001.0003,00000.9996,42186614.59,00001.0003,1066273070.16
2021-09-22T16:00:02.268Z,-USD,00000001.0,00001.0003,00000.9996,44969990.86,00001.0003,1069860796.74
2021-09-22T17:00:02.156Z,-USD,00000.9999,00001.0003,00000.9996,45107496.45,00001.0003,1072096393.79
2021-09-22T18:00:02.557Z,-USD,00000.9998,00001.0004,00000.9996,43985822.27,00001.0003,1074159153.84
2021-09-22T19:00:02.158Z,-USD,00000.9998,00001.0006,00000.9996,46282927.68,00001.0004,1077891142.34
2021-09-22T20:00:02.676Z,-USD,00000.9997,00001.0006,00000.9996,44963643.58,00001.0004,1079548492.98
2021-09-22T21:00:01.933Z,-USD,00000.9998,00001.0006,00000.9996,44944696.77,00001.0004,1081594128.63
2021-09-22T22:00:02.514Z,-USD,00000.9999,00001.0006,00000.9998,43232840.47,00001.0005,1084131068.18
2021-09-22T23:00:02.005Z,-USD,00000001.0,00001.0006,00000.9998,42343013.39,00001.0004,1085533010.0
2021-09-23T00:00:03.545Z,-USD,00000001.0,00001.0006,00000.9998,39609862.56,00001.0004,1086045736.56
2021-09-23T01:00:02.49Z,-USD,00000.9999,00001.0006,00000.9999,38679122.21,00001.0004,1048452574.12
2021-09-23T02:00:02.357Z,-USD,00001.0001,00001.0006,00000001.0,36605736.14,00001.0004,1049393160.7
2021-09-23T03:00:02.712Z,-USD,00000001.0,00001.0006,00000001.0,34284288.81,00001.0005,1050217021.08
2021-09-23T04:00:01.926Z,-USD,00001.0001,00001.0006,00000001.0,34135780.16,00001.0006,1051522139.13
2021-09-23T05:00:02.221Z,-USD,00000001.0,00001.0006,00000001.0,34467302.57,00001.0004,1052687740.23
2021-09-23T06:00:02.32Z,-USD,00000001.0,00001.0006,00000001.0,34935340.09,00001.0005,1053680114.23
2021-09-23T07:00:03.134Z,-USD,00001.0001,00001.0006,00000001.0,35112646.97,00001.0005,1054572457.13
2021-09-23T08:00:02.122Z,-USD,00000001.0,00001.0006,00000001.0,34434266.24,00001.0006,1055098642.57
2021-09-23T09:00:02.3Z,-USD,00001.0001,00001.0006,00000001.0,34082327.18,00001.0006,1055444882.21
2021-09-23T10:00:02.464Z,-USD,00001.0001,00001.0006,00001.0001,33613083.83,00001.0006,1055781831.4
2021-09-23T11:00:05.825Z,-USD,00001.0002,00001.0006,00001.0001,33374084.68,00001.0005,1056273146.86
2021-09-23T12:00:02.063Z,-USD,00001.0001,00001.0006,00001.0001,33302980.51,00001.0005,1056819278.59
2021-09-23T13:00:02.551Z,-USD,00001.0002,00001.0006,00001.0001,33054657.12,00001.0005,1057318035.31
2021-09-23T14:00:01.849Z,-USD,00001.0002,00001.0006,00001.0001,32015938.89,00001.0005,1058132056.98
2021-09-23T15:00:02.469Z,-USD,00001.0002,00001.0006,00001.0002,32257817.56,00001.0005,1060228696.57
2021-09-23T16:00:01.835Z,-USD,00001.0003,00001.0014,00001.0002,30640682.95,00001.0007,1062083191.94
2021-09-23T17:00:02.388Z,-USD,00001.0002,00001.0014,00001.0002,29953474.44,00001.0004,1063636123.12
2021-09-23T18:00:01.982Z,-USD,00001.0003,00001.0014,00001.0003,28969720.06,00001.0004,1064682625.2
2021-09-23T19:00:01.805Z,-USD,00001.0004,00001.0014,00001.0003,27350984.98,00001.0005,1066833884.28
2021-09-23T20:00:02.516Z,-USD,00001.0003,00001.0014,00001.0003,28898632.13,00001.0007,1070014054.87
2021-09-23T21:00:02.25Z,-USD,00001.0003,00001.0014,00001.0003,28876632.29,00001.0006,1072029357.04
2021-09-23T22:00:02.175Z,-USD,00001.0005,00001.0014,00001.0004,27855073.54,00001.0007,1073537146.24
2021-09-23T23:00:01.951Z,-USD,00001.0005,00001.0014,00001.0004,28357668.17,00001.0007,1075441777.75
2021-09-24T00:00:02.48Z,-USD,00001.0005,00001.0014,00001.0004,28562901.13,00001.0007,1076170482.89
2021-09-24T01:00:02.228Z,-USD,00001.0004,00001.0014,00001.0004,29098882.81,00001.0006,1053165378.4
2021-09-24T02:00:02.084Z,-USD,00001.0004,00001.0014,00001.0004,29490187.26,00001.0006,1054496767.11
2021-09-24T03:00:01.973Z,-USD,00001.0005,00001.0014,00001.0004,29284695.48,00001.0006,1055115179.32
2021-09-24T04:00:02.45Z,-USD,00001.0006,00001.0014,00001.0004,28958702.55,00001.0006,1056096335.16
2021-09-24T05:00:02.206Z,-USD,00001.0005,00001.0014,00001.0004,29500740.21,00001.0005,1057802252.77
2021-09-24T06:00:02.643Z,-USD,00001.0004,00001.0014,00001.0004,29215786.66,00001.0006,1058509311.24
2021-09-24T07:00:02.623Z,-USD,00001.0005,00001.0014,00001.0004,29688787.0,00001.0005,1059875155.75
2021-09-24T08:00:01.884Z,-USD,00001.0005,00001.0014,00001.0004,30108480.96,00001.0005,1060820943.69
2021-09-24T09:00:02.126Z,-USD,00001.0006,00001.0014,00001.0004,30440617.83,00001.0004,1061498916.32
2021-09-24T10:00:02.248Z,-USD,00001.0006,00001.0014,00001.0004,32167342.14,00001.0007,1063562599.91
2021-09-24T11:00:02.663Z,-USD,00001.0006,00001.0014,00001.0004,34301427.34,00001.0006,1066188138.61
2021-09-24T12:00:02.133Z,-USD,00001.0006,00001.0014,00001.0004,38795005.21,00001.0007,1071229029.48
2021-09-24T13:00:02.817Z,-USD,00001.0006,00001.0014,00001.0004,41550091.47,00001.0005,1074481855.29
2021-09-24T14:00:02.591Z,-USD,00001.0005,00001.0014,00001.0004,44408619.99,00001.0006,1078157539.5
2021-09-24T15:00:02.124Z,-USD,00001.0006,00001.0014,00001.0004,46451355.37,00001.0007,1082300899.89
2021-09-24T16:00:01.961Z,-USD,00001.0007,000001.001,00001.0004,45754709.69,00001.0007,1083451380.17
2021-09-24T17:00:02.316Z,-USD,00001.0005,000001.001,00001.0004,45919652.28,00001.0006,1085170463.58
2021-09-24T18:00:02.431Z,-USD,00001.0004,000001.001,00001.0004,45771540.93,00001.0006,1086095446.18
2021-09-24T19:00:02.41Z,-USD,00001.0005,000001.001,00001.0004,45556961.0,00001.0006,1088005705.37
2021-09-24T20:00:01.732Z,-USD,00001.0007,000001.001,00001.0004,43481066.62,00001.0006,1089109093.53
2021-09-24T21:00:02.101Z,-USD,00001.0006,00001.0013,00001.0004,43715888.8,00001.0008,1091359119.77
2021-09-24T22:00:02.204Z,-USD,00001.0006,00001.0013,00001.0004,44054810.01,00001.0008,1093206865.74
2021-09-24T23:00:01.997Z,-USD,00001.0007,00001.0013,00001.0004,43460211.6,00001.0007,1094525546.72
2021-09-25T00:00:02.169Z,-USD,00001.0006,00001.0013,00001.0004,43689960.25,00001.0008,1095480508.84
2021-09-25T01:00:02.578Z,-USD,00001.0006,00001.0013,00001.0004,43008282.71,00001.0007,1059839289.68
2021-09-25T02:00:01.928Z,-USD,00001.0006,00001.0013,00001.0004,42471723.6,00001.0008,1060637060.29
2021-09-25T03:00:01.987Z,-USD,00001.0006,00001.0013,00001.0004,42433000.91,00001.0008,1061242277.79
2021-09-25T04:00:02.605Z,-USD,00001.0006,00001.0013,00001.0004,42058596.15,00001.0007,1061822281.33
2021-09-25T05:00:02.68Z,-USD,00001.0005,00001.0013,00001.0004,41356098.29,00001.0007,1062822521.69
2021-09-25T06:00:02.668Z,-USD,00001.0005,00001.0013,00001.0004,42956455.09,00001.0007,1065129581.69
2021-09-25T07:00:01.846Z,-USD,00001.0004,00001.0013,00001.0004,41988915.64,00001.0006,1065528962.56
2021-09-25T08:00:01.884Z,-USD,00001.0005,00001.0013,00001.0004,41410265.28,00001.0007,1065895224.3
2021-09-25T09:00:02.034Z,-USD,00001.0005,00001.0013,00001.0004,41208615.94,00001.0007,1066371432.14
2021-09-25T10:00:01.83Z,-USD,00001.0007,00001.0013,00001.0004,39784485.29,00001.0006,1067027977.43
2021-09-25T11:00:02.586Z,-USD,00001.0007,00001.0013,00001.0004,37641916.77,00001.0006,1067494275.31
2021-09-25T12:00:02.497Z,-USD,00001.0007,00001.0013,00001.0004,33311270.77,00001.0006,1068209202.71
2021-09-25T13:00:02.182Z,-USD,00001.0004,00001.0013,00001.0004,30508463.01,00001.0007,1068741173.05
2021-09-25T14:00:02.678Z,-USD,00001.0006,00001.0013,00001.0005,27838756.7,00001.0007,1069685893.47
2021-09-25T15:00:02.678Z,-USD,00001.0007,00001.0013,00001.0006,24354469.63,00001.0007,1070326608.25
2021-09-25T16:00:01.769Z,-USD,00001.0006,00001.0013,00001.0006,24474099.88,00001.0006,1071606207.37
2021-09-25T17:00:02.512Z,-USD,00001.0007,00001.0013,00001.0005,24330778.89,00001.0005,1073164916.55
2021-09-25T18:00:01.743Z,-USD,00001.0007,00001.0013,00001.0005,23968571.68,00001.0006,1073766660.23
2021-09-25T19:00:01.831Z,-USD,00001.0007,00001.0013,00001.0005,22851810.3,00001.0006,1074521163.94
2021-09-25T20:00:02.078Z,-USD,00001.0007,00001.0013,00001.0005,22404514.88,00001.0006,1075177491.1
2021-09-25T21:00:02.047Z,-USD,00001.0008,00001.0008,00001.0005,20749229.99,00001.0005,1075775338.8
2021-09-25T22:00:01.967Z,-USD,00001.0008,00001.0008,00001.0005,19885685.45,00001.0006,1076756450.43
2021-09-25T23:00:02.555Z,-USD,00001.0008,00001.0008,00001.0005,18936068.25,00001.0006,1077128153.93
2021-09-26T00:00:01.749Z,-USD,00001.0007,00001.0008,00001.0005,18292486.49,00001.0006,1077477993.69
2021-09-26T01:00:01.825Z,-USD,00001.0007,00001.0008,00001.0005,18310703.2,00001.0005,1043059130.36
2021-09-26T02:00:02.1Z,-USD,00001.0007,00001.0008,00001.0005,18282020.57,00001.0005,1043851916.13
2021-09-26T03:00:01.99Z,-USD,00001.0008,00001.0008,00001.0005,18287893.88,00001.0006,1044483479.91
2021-09-26T04:00:02.515Z,-USD,00001.0007,00001.0008,00001.0005,18837186.43,00001.0006,1045563023.46
2021-09-26T05:00:01.75Z,-USD,00001.0007,00001.0008,00001.0005,19886840.97,00001.0007,1047612541.85
2021-09-26T06:00:02.535Z,-USD,00001.0006,00001.0007,00001.0004,18636028.24,00001.0005,1048668380.15
2021-09-26T07:00:02.664Z,-USD,00001.0007,00001.0007,00001.0004,18546522.14,00001.0005,1048980596.28
2021-09-26T08:00:02.631Z,-USD,00001.0007,00001.0008,00001.0004,19511752.15,00001.0008,1050313681.83
2021-09-26T09:00:02.674Z,-USD,00001.0007,00001.0008,00001.0004,21341554.49,00001.0007,1052619473.0
2021-09-26T10:00:01.845Z,-USD,00001.0007,00001.0008,00001.0003,22295884.18,00001.0003,1054226873.77
2021-09-26T11:00:01.798Z,-USD,00001.0007,00001.0008,00001.0003,22230610.09,00001.0003,1054630565.73
2021-09-26T12:00:02.079Z,-USD,00001.0006,00001.0008,00001.0003,21803146.17,00001.0004,1054928030.54
2021-09-26T13:00:02.198Z,-USD,00001.0006,00001.0008,00001.0003,21363024.24,00001.0004,1055468109.85
2021-09-26T14:00:02.218Z,-USD,00001.0007,00001.0008,00001.0003,21551457.27,00001.0004,1056141329.74
2021-09-26T15:00:02.375Z,-USD,00001.0007,00001.0008,00001.0003,21942241.02,00001.0004,1057175936.49
2021-09-26T16:00:02.518Z,-USD,00001.0007,00001.0008,00001.0003,22074459.26,00001.0004,1058586027.33
2021-09-26T17:00:02.496Z,-USD,00001.0005,00001.0008,00001.0003,21472766.7,00001.0005,1059540563.31
2021-09-26T18:00:01.767Z,-USD,00001.0005,00001.0008,00001.0003,21472253.96,00001.0005,1060144829.25
2021-09-26T19:00:01.978Z,-USD,00001.0006,00001.0008,00001.0003,21451479.19,00001.0005,1060875483.03
2021-09-26T20:00:02.12Z,-USD,00001.0006,00001.0008,00001.0003,21380775.58,00001.0005,1061461010.46
2021-09-26T21:00:02.114Z,-USD,00001.0005,00001.0008,00001.0003,21711473.22,00001.0005,1062389608.88
2021-09-26T22:00:02.208Z,-USD,00001.0005,00001.0008,00001.0003,21151991.37,00001.0004,1062814657.95
2021-09-26T23:00:02.421Z,-USD,00001.0006,00001.0008,00001.0003,22065577.78,00001.0005,1064096511.48
2021-09-27T00:00:02.585Z,-USD,00001.0006,00001.0008,00001.0003,23060055.09,00001.0004,1065441386.13
2021-09-27T01:00:01.792Z,-USD,00001.0005,00001.0008,00001.0003,22978890.92,00001.0005,1051354715.89
2021-09-27T02:00:01.815Z,-USD,00001.0006,00001.0008,00001.0003,23240304.46,00001.0005,1052409324.1
2021-09-27T03:00:01.926Z,-USD,00001.0006,00001.0008,00001.0003,23246883.34,00001.0005,1053046978.72
2021-09-27T04:00:02.541Z,-USD,00001.0007,00001.0008,00001.0003,23121849.71,00001.0005,1054001503.93
2021-09-27T05:00:02.144Z,-USD,00001.0006,00001.0008,00001.0003,21618422.04,00001.0005,1054548642.65
2021-09-27T06:00:02.117Z,-USD,00001.0005,00001.0008,00001.0003,20975471.81,00001.0005,1054961831.09
2021-09-27T07:00:02.227Z,-USD,00001.0006,00001.0008,00001.0003,20961864.52,00001.0004,1055262868.01
2021-09-27T08:00:02.214Z,-USD,00001.0007,00001.0008,00001.0003,20855392.99,00001.0004,1056487701.9
2021-09-27T09:00:02.262Z,-USD,00001.0006,00001.0007,00001.0003,18849070.02,00001.0004,1056784996.5
2021-09-27T10:00:02.303Z,-USD,00001.0004,00001.0005,00001.0003,17802215.23,00001.0004,1057347452.56
2021-09-27T11:00:01.866Z,-USD,00001.0004,00001.0005,00001.0003,17889525.89,00001.0003,1057837457.61
2021-09-27T12:00:01.882Z,-USD,00001.0003,00001.0005,00001.0003,18018752.98,00001.0003,1058263267.0
2021-09-27T13:00:02.11Z,-USD,00001.0004,00001.0005,00001.0003,17881811.42,00001.0003,1058668230.17
2021-09-27T14:00:02.199Z,-USD,00001.0004,00001.0005,00001.0003,17935359.98,00001.0003,1059393096.23
2021-09-27T15:00:02.738Z,-USD,00001.0003,00001.0005,00001.0003,18295375.27,00001.0004,1060788562.44
2021-09-27T16:00:02.049Z,-USD,00001.0005,00001.0005,00001.0003,18424138.6,00001.0004,1062329391.7
2021-09-27T17:00:02.063Z,-USD,00001.0005,00001.0005,00001.0003,18964365.19,00001.0005,1063823603.47
2021-09-27T18:00:02.964Z,-USD,00001.0004,00001.0005,00001.0003,20522667.18,00001.0003,1065992535.79
2021-09-27T19:00:02.296Z,-USD,00001.0004,00001.0005,00001.0003,20917663.69,00001.0003,1067110051.91
2021-09-27T20:00:02.256Z,-USD,00001.0005,00001.0005,00001.0003,21587418.18,00001.0005,1068364839.62
2021-09-27T21:00:02.424Z,-USD,00001.0004,00001.0005,00001.0003,22111225.91,00001.0005,1069817403.82
2021-09-27T22:00:02.669Z,-USD,00001.0005,00001.0005,00001.0003,22722956.78,00001.0005,1070874028.0
2021-09-27T23:00:01.766Z,-USD,00001.0005,00001.0005,00001.0003,23393373.9,00001.0003,1072809266.82
2021-09-28T00:00:02.209Z,-USD,00001.0004,00001.0005,00001.0002,23090365.34,00001.0002,1073852974.06
2021-09-28T01:00:02.458Z,-USD,00001.0005,00001.0005,00001.0002,24363205.08,00001.0003,1062979790.45
2021-09-28T02:00:01.85Z,-USD,00001.0004,00001.0005,00001.0002,24248714.16,00001.0004,1063919874.58
2021-09-28T03:00:01.975Z,-USD,00001.0004,00001.0005,00001.0002,24494591.08,00001.0004,1064811064.17
2021-09-28T04:00:02.216Z,-USD,00001.0005,00001.0005,00001.0002,25246103.46,00001.0005,1066509965.33
2021-09-28T05:00:01.939Z,-USD,00001.0005,00001.0005,00001.0002,25846902.06,00001.0003,1067657689.95
2021-09-28T06:00:02.042Z,-USD,00001.0005,00001.0005,00001.0002,25835888.84,00001.0003,1068060519.78
2021-09-28T07:00:02.341Z,-USD,00001.0004,00001.0005,00001.0002,25894973.21,00001.0004,1068419603.46
2021-09-28T08:00:02.528Z,-USD,00001.0005,00001.0005,00001.0002,25111483.4,00001.0004,1068861018.46
2021-09-28T09:00:02.378Z,-USD,00001.0005,00001.0005,00001.0002,26328513.21,00001.0003,1070377419.29
2021-09-28T10:00:02.386Z,-USD,00001.0005,00001.0005,00001.0002,26198049.3,00001.0003,1070808327.74
2021-09-28T11:00:02.074Z,-USD,00001.0004,00001.0005,00001.0001,27225980.14,00001.0001,1072325387.38
2021-09-28T12:00:02.338Z,-USD,00001.0004,00001.0005,00001.0001,27914273.37,00001.0001,1073439520.68
2021-09-28T13:00:02.449Z,-USD,00001.0003,00001.0005,00000001.0,27934112.49,00000001.0,1073871625.62
2021-09-28T14:00:02.665Z,-USD,00001.0004,00001.0005,00000001.0,28254950.26,00001.0001,1074910838.17
2021-09-28T15:00:01.936Z,-USD,00001.0003,00001.0005,00000001.0,30113868.63,00001.0001,1078169754.18
2021-09-28T16:00:02.569Z,-USD,00001.0003,00001.0005,00000001.0,30450846.15,00000001.0,1080052377.71
2021-09-28T17:00:02.866Z,-USD,00001.0005,00001.0005,00000001.0,30028821.54,00000001.0,1081115473.28
2021-09-28T18:00:02.31Z,-USD,00001.0003,00001.0005,00000001.0,29202605.26,00000001.0,1082468403.94
2021-09-28T19:00:02.452Z,-USD,00001.0003,00001.0005,00000001.0,29277280.56,00001.0001,1083678442.42
2021-09-28T20:00:02.524Z,-USD,00001.0004,00001.0005,00000.9997,30374870.22,00000.9998,1086005468.74
2021-09-28T21:00:02.277Z,-USD,00001.0005,00001.0005,00000.9997,30502732.37,00001.0001,1087582148.24
2021-09-28T22:00:01.703Z,-USD,00001.0005,00001.0005,00000.9997,31458557.12,00001.0002,1090427793.77
2021-09-28T23:00:02.446Z,-USD,00001.0004,00001.0005,00000.9997,31008509.35,00001.0001,1091079651.91
2021-09-29T00:00:02.799Z,-USD,00001.0002,00001.0005,00000.9997,32470595.76,00001.0003,1093586764.7
2021-09-29T01:00:02.151Z,-USD,00001.0003,00001.0005,00000.9997,31616066.38,00001.0001,1068877377.9
2021-09-29T02:00:01.875Z,-USD,00001.0004,00001.0005,00000.9997,31690285.98,00001.0002,1069947176.95
2021-09-29T03:00:02.624Z,-USD,00001.0004,00001.0005,00000.9997,31712425.75,00001.0002,1070799263.09
2021-09-29T04:00:02.225Z,-USD,00001.0005,00001.0005,00000.9997,30643367.88,00001.0002,1071430810.28
2021-09-29T05:00:01.856Z,-USD,00001.0004,00001.0004,00000.9997,30663075.17,00000001.0,1072596438.2
2021-09-29T06:00:02.48Z,-USD,00001.0004,00001.0004,00000.9997,30543673.69,00001.0001,1072880638.99
2021-09-29T07:00:02.046Z,-USD,00001.0003,00001.0004,00000.9997,30373223.58,00001.0001,1073068485.32
2021-09-29T08:00:02.639Z,-USD,00001.0003,00001.0004,00000.9997,30180953.22,00000001.0,1073317590.09
2021-09-29T09:00:02.32Z,-USD,00001.0003,00001.0003,00000.9997,29921958.23,00000001.0,1074575345.98
2021-09-29T10:00:02.706Z,-USD,00001.0002,00001.0003,00000.9997,29775114.35,00001.0001,1074860075.08
2021-09-29T11:00:03.436Z,-USD,00001.0002,00001.0003,00000.9997,28602555.89,00000001.0,1075203813.6
2021-09-29T12:00:02.427Z,-USD,00001.0002,00001.0003,00000.9997,28498504.04,00000001.0,1076221710.29
2021-09-29T13:00:02.041Z,-USD,00001.0001,00001.0003,00000.9997,28658041.86,00001.0001,1076805390.93
2021-09-29T14:00:02.192Z,-USD,00000001.0,00001.0003,00000.9997,29018854.9,00000001.0,1078207943.12
2021-09-29T15:00:02.089Z,-USD,00001.0001,00001.0003,00000.9997,26446451.09,00000.9999,1078898056.35
2021-09-29T16:00:01.756Z,-USD,00001.0001,00001.0003,00000.9997,25460570.93,00000.9999,1079788617.92
2021-09-29T17:00:02.569Z,-USD,00001.0001,00001.0003,00000.9997,25481679.73,00000001.0,1080876573.93
2021-09-29T18:00:02.127Z,-USD,00001.0001,00001.0003,00000.9997,25205993.77,00000001.0,1081950597.02
2021-09-29T19:00:01.734Z,-USD,00001.0001,00001.0003,00000.9997,25313203.17,00000001.0,1083267737.86
2021-09-29T20:00:02.534Z,-USD,00000.9998,00001.0003,00000.9997,25056740.83,00000.9998,1085366503.93
2021-09-29T21:00:02.245Z,-USD,00000001.0,00001.0003,00000.9998,24550597.75,00000.9998,1086408424.39
2021-09-29T22:00:02.118Z,-USD,00001.0002,00001.0003,00000.9998,22638096.51,00000.9998,1087415207.78
2021-09-29T23:00:02.473Z,-USD,00001.0001,00001.0003,00000.9998,22606290.07,00000.9999,1087964393.34
2021-09-30T20:00:24.953Z,-USD,00000.9998,00001.0002,00000.9998,18547831.63,00001.0002,1075559454.99
2021-09-30T21:00:01.877Z,-USD,00000.9999,00001.0003,00000.9998,19559757.21,00001.0001,1077620676.33
2021-09-30T22:00:01.971Z,-USD,00000.9999,00001.0003,00000.9998,19188796.74,00001.0001,1078250473.84
2021-09-30T23:00:01.898Z,-USD,00000.9999,00001.0003,00000.9998,21710595.56,00001.0002,1081318943.6
2021-10-01T00:00:02.236Z,-USD,00000.9999,00001.0003,00000.9998,21662650.82,00001.0002,1081788382.95
2021-10-01T01:00:02.43Z,-USD,00000.9999,00001.0003,00000.9998,21425598.23,00001.0001,1057321772.63
2021-10-01T02:00:01.807Z,-USD,00000.9999,00001.0003,00000.9998,21249461.98,00000001.0,1058324861.87
2021-10-01T03:00:02.143Z,-USD,00000.9999,00001.0003,00000.9998,20768384.95,00001.0001,1058662180.68
2021-10-01T04:00:01.981Z,-USD,00000.9999,00001.0003,00000.9998,20291849.04,00001.0001,1059219476.89
2021-10-01T05:00:01.806Z,-USD,00000001.0,00001.0003,00000.9999,20073103.09,00000001.0,1059691694.34
2021-10-01T06:00:01.719Z,-USD,00000.9999,00001.0003,00000.9999,19941259.08,00000001.0,1060031319.64
2021-10-01T07:00:02.628Z,-USD,00000001.0,00001.0003,00000.9999,19812123.08,00001.0001,1060426232.15
2021-10-01T08:00:02.645Z,-USD,00000001.0,00001.0003,00000.9999,20290426.62,00001.0001,1061118549.17
2021-10-01T09:00:02.609Z,-USD,00000.9999,00001.0003,00000.9999,21910677.21,00001.0002,1063362603.16
2021-10-01T10:00:02.404Z,-USD,00000.9999,00001.0003,00000.9999,21774605.64,00001.0001,1063782016.84
2021-10-01T11:00:02.164Z,-USD,00000.9999,00001.0003,00000.9999,24284876.71,00001.0002,1066495768.18
2021-10-01T12:00:02.314Z,-USD,00000001.0,00001.0003,00000.9999,25927903.51,00001.0002,1068472580.87
2021-10-01T13:00:02.328Z,-USD,00001.0001,00001.0003,00000001.0,26485660.54,00001.0003,1069614198.0
2021-10-01T14:00:02.419Z,-USD,00001.0001,00001.0003,00000001.0,27006893.57,00001.0003,1070873159.15
2021-10-01T15:00:02.422Z,-USD,00001.0001,00001.0004,00000001.0,29773890.25,00001.0002,1074300257.94
2021-10-01T16:00:02.633Z,-USD,00001.0001,00001.0004,00000001.0,30295255.96,00001.0004,1075959584.91
2021-10-01T17:00:01.817Z,-USD,00000001.0,00001.0005,00000001.0,31117030.42,00001.0005,1077832868.9
2021-10-01T18:00:02.137Z,-USD,00000001.0,00001.0005,00000001.0,31327367.0,00001.0005,1078772341.74
2021-10-01T19:00:02.528Z,-USD,00001.0001,00001.0005,00000001.0,31726827.32,00001.0005,1079878326.75
2021-10-01T20:00:02.642Z,-USD,00001.0002,00001.0005,00000001.0,31104802.23,00001.0004,1081586863.13
2021-10-01T21:00:01.797Z,-USD,00001.0001,00001.0005,00000001.0,30716061.82,00001.0005,1083248619.79
2021-10-01T22:00:01.864Z,-USD,00001.0001,00001.0006,00000001.0,31726148.1,00001.0006,1084889202.19
2021-10-01T23:00:01.744Z,-USD,00001.0002,00001.0006,00000001.0,30028696.13,00001.0006,1086257533.86
2021-10-02T00:00:02.671Z,-USD,00001.0002,00001.0006,00000001.0,30783549.63,00001.0004,1087481811.25
2021-10-02T01:00:02.583Z,-USD,00001.0001,00001.0006,00000001.0,30984314.04,00001.0004,1060182343.42
2021-10-02T02:00:01.75Z,-USD,00001.0001,00001.0006,00000001.0,30600938.61,00001.0004,1060792627.9
2021-10-02T03:00:01.917Z,-USD,00000001.0,00001.0006,00000001.0,31148995.99,00001.0005,1061672341.51
2021-10-02T04:00:02.267Z,-USD,00000001.0,00001.0006,00000001.0,31223106.99,00001.0005,1062304639.72
2021-10-02T05:00:01.935Z,-USD,00001.0001,00001.0006,00000001.0,31476836.63,00001.0004,1063029657.0
2021-10-02T06:00:02.018Z,-USD,00000001.0,00001.0006,00000001.0,31513378.88,00001.0004,1063408925.79
2021-10-02T07:00:02.099Z,-USD,00001.0001,00001.0006,00000001.0,31345678.99,00001.0005,1063652020.65
2021-10-02T08:00:01.754Z,-USD,00001.0002,00001.0006,00000001.0,30851786.36,00001.0004,1063918831.62
2021-10-02T09:00:02.683Z,-USD,00001.0002,00001.0006,00000001.0,28960040.55,00001.0004,1064183765.68
2021-10-02T10:00:02.272Z,-USD,00001.0001,00001.0006,00000001.0,28828732.58,00001.0004,1064471905.08
2021-10-02T11:00:02.409Z,-USD,00001.0003,00001.0006,00001.0001,26338149.53,00001.0005,1064698778.52
2021-10-02T12:00:02.429Z,-USD,00001.0003,00001.0006,00001.0002,24723085.45,00001.0005,1065057913.21
2021-10-02T13:00:02.295Z,-USD,00001.0002,00001.0006,00001.0002,23852763.29,00001.0004,1065334506.24
2021-10-02T14:00:02.394Z,-USD,00001.0002,00001.0006,00001.0002,23578186.81,00001.0004,1066327102.64
2021-10-02T15:00:02.37Z,-USD,00001.0002,00001.0006,00001.0002,20694965.68,00001.0005,1066856849.8
2021-10-02T16:00:02.284Z,-USD,00001.0004,00001.0006,00001.0003,20244835.35,00001.0006,1068073641.97
2021-10-02T17:00:01.853Z,-USD,00001.0005,00001.0006,00001.0004,20023480.35,00001.0005,1069721072.43
2021-10-02T18:00:01.996Z,-USD,00001.0005,00001.0006,00001.0003,21617377.63,00001.0003,1072262473.52
2021-10-02T19:00:03.21Z,-USD,00001.0005,00001.0006,00001.0003,21715739.05,00001.0005,1073455351.55
2021-10-02T20:00:02.449Z,-USD,00001.0005,00001.0006,00001.0003,21869871.61,00001.0005,1075318221.39
2021-10-02T21:00:02.484Z,-USD,00001.0005,00001.0006,00001.0003,21170227.79,00001.0006,1076283018.01
2021-10-02T22:00:02.619Z,-USD,00001.0006,00001.0006,00001.0003,20327852.15,00001.0006,1077079444.17
2021-10-02T23:00:02.232Z,-USD,00001.0006,00001.0006,00001.0003,19831086.39,00001.0006,1077949878.88
2021-10-03T00:00:02.159Z,-USD,00001.0005,00001.0006,00001.0003,19575698.47,00001.0006,1078919531.97
2021-10-03T01:00:02.643Z,-USD,00001.0005,00001.0006,00001.0003,19513458.38,00001.0006,1041352289.97
2021-10-03T02:00:02.455Z,-USD,00001.0005,00001.0006,00001.0003,19618827.36,00001.0006,1042067181.0
2021-10-03T03:00:02.212Z,-USD,00001.0005,00001.0006,00001.0003,19117688.6,00001.0006,1042445748.77
2021-10-03T04:00:02.056Z,-USD,00001.0005,00001.0007,00001.0003,20059419.19,00001.0006,1044019820.2
2021-10-03T05:00:02.271Z,-USD,00001.0004,00001.0007,00001.0003,19739407.7,00001.0005,1044425108.41
2021-10-03T06:00:01.704Z,-USD,00001.0005,00001.0007,00001.0003,20596290.03,00001.0003,1045662269.19
2021-10-03T07:00:02.137Z,-USD,00001.0004,00001.0007,00001.0002,21317774.6,00001.0003,1046628557.1
2021-10-03T08:00:01.747Z,-USD,00001.0004,00001.0007,00001.0002,21569035.45,00001.0003,1047143574.16
2021-10-03T09:00:02.23Z,-USD,00001.0004,00001.0007,00001.0002,21831478.93,00001.0005,1047672866.14
2021-10-03T10:00:01.83Z,-USD,00001.0005,00001.0007,00001.0002,22082318.74,00001.0005,1048209927.07
2021-10-03T11:00:02.311Z,-USD,00001.0004,00001.0007,00001.0002,22075689.59,00001.0004,1048430170.12
2021-10-03T12:00:02.605Z,-USD,00001.0005,00001.0007,00001.0002,21909154.95,00001.0005,1048652968.54
2021-10-03T13:00:02.294Z,-USD,00001.0005,00001.0007,00001.0002,22390860.85,00001.0005,1049382098.79
2021-10-03T14:00:02.107Z,-USD,00001.0005,00001.0007,00001.0002,22065766.96,00001.0005,1050056478.28
2021-10-03T15:00:01.771Z,-USD,00001.0004,00001.0007,00001.0002,22199315.07,00001.0005,1050716145.71
2021-10-03T16:00:02.635Z,-USD,00001.0006,00001.0007,00001.0002,21710749.9,00001.0005,1051445111.89
2021-10-03T17:00:02.595Z,-USD,00001.0006,00001.0007,00001.0002,20817932.07,00001.0005,1052195362.04
2021-10-03T18:00:02.164Z,-USD,00001.0004,00001.0007,00001.0002,19958825.75,00001.0005,1053912135.32
2021-10-03T19:00:02.339Z,-USD,00001.0005,00001.0007,00001.0002,19647948.28,00001.0004,1054791417.18
2021-10-03T20:00:02.394Z,-USD,00001.0005,00001.0007,00001.0002,18569530.86,00001.0005,1055550096.83
2021-10-03T21:00:02.153Z,-USD,00001.0006,00001.0007,00001.0002,18218466.6,00001.0005,1056161821.31
2021-10-03T22:00:02.068Z,-USD,00001.0006,00001.0007,00001.0002,18636025.44,00001.0005,1057371587.04
2021-10-03T23:00:01.757Z,-USD,00001.0006,00001.0007,00001.0002,18785551.17,00001.0006,1058391131.44
2021-10-04T00:00:01.766Z,-USD,00001.0006,00001.0007,00001.0002,18366613.73,00001.0006,1058955547.48
2021-10-04T01:00:01.911Z,-USD,00001.0005,00001.0007,00001.0002,20231460.61,00001.0006,1036131189.49
2021-10-04T02:00:02.161Z,-USD,00001.0005,00001.0007,00001.0002,20566346.93,00001.0006,1037180949.65
2021-10-04T03:00:02.437Z,-USD,00001.0006,00001.0007,00001.0002,21668576.34,00001.0006,1038661662.67
2021-10-04T04:00:02.577Z,-USD,00001.0007,00001.0007,00001.0002,21002089.36,00001.0005,1039585282.29
2021-10-04T05:00:02.206Z,-USD,00001.0005,00001.0007,00001.0002,21744692.68,00001.0006,1040717166.74
2021-10-04T06:00:02.478Z,-USD,00001.0004,00001.0007,00001.0002,20953539.96,00001.0005,1041165016.41
2021-10-04T07:00:02.295Z,-USD,00001.0003,00001.0007,00001.0002,20265471.52,00001.0006,1041451224.15
2021-10-04T08:00:02.455Z,-USD,00001.0003,00001.0007,00001.0002,20202338.79,00001.0005,1041897063.24
2021-10-04T09:00:02.365Z,-USD,00001.0004,00001.0007,00001.0004,20061213.58,00001.0005,1042281382.93
2021-10-04T10:00:02.176Z,-USD,00001.0005,00001.0007,00001.0004,19714327.46,00001.0005,1042480068.59
2021-10-04T11:00:02.405Z,-USD,00001.0005,00001.0007,00001.0004,20065564.25,00001.0005,1043043717.31
2021-10-04T12:00:02.181Z,-USD,00001.0005,00001.0007,00001.0003,21048243.41,00001.0003,1044252620.59
2021-10-04T13:00:03.229Z,-USD,00001.0004,00001.0007,00001.0003,20878769.23,00001.0003,1044869642.3
2021-10-04T14:00:02.249Z,-USD,00001.0005,00001.0007,00001.0003,23184426.01,00001.0003,1047789369.61
2021-10-04T15:00:02.514Z,-USD,00001.0005,00001.0007,00001.0003,24143750.99,00001.0004,1049407618.09
2021-10-04T16:00:01.811Z,-USD,00001.0006,00001.0007,00001.0003,25210205.88,00001.0004,1051221927.94
2021-10-04T17:00:01.975Z,-USD,00001.0006,00001.0007,00001.0003,26589998.94,00001.0004,1053340559.27
2021-10-04T18:00:02.628Z,-USD,00001.0005,00001.0007,00001.0003,26697678.1,00001.0003,1055162895.03
2021-10-04T19:00:02.19Z,-USD,00001.0005,00001.0007,00001.0003,27851885.36,00001.0004,1057193855.58
2021-10-04T20:00:02.612Z,-USD,00001.0005,00001.0007,00001.0003,31973790.79,00001.0004,1062079179.09
2021-10-04T21:00:02.314Z,-USD,00001.0005,00001.0007,00001.0001,38493062.73,00001.0002,1069202984.16
2021-10-04T22:00:02.616Z,-USD,00001.0005,00001.0007,00001.0001,39038080.92,00001.0004,1070988627.85
2021-10-05T00:00:01.829Z,-USD,00001.0006,00001.0007,00001.0001,42486961.77,00001.0005,1075995670.73
2021-10-05T01:00:01.97Z,-USD,00001.0006,00001.0006,00001.0001,42112123.2,00001.0003,1060993038.91
2021-10-05T02:00:02.235Z,-USD,00001.0006,00001.0006,00001.0001,42185132.4,00001.0003,1062113136.52
2021-10-05T03:00:02.364Z,-USD,00001.0005,00001.0006,00001.0001,41863130.9,00001.0004,1063271007.75
2021-10-05T04:00:02.384Z,-USD,00001.0006,00001.0006,00001.0001,42786149.1,00001.0004,1065171013.64
2021-10-05T05:00:01.837Z,-USD,00001.0006,00001.0006,00001.0001,43413811.47,00001.0003,1066874335.34
2021-10-05T06:00:01.692Z,-USD,00001.0006,00001.0006,00001.0001,43917925.92,00001.0002,1067828436.1
2021-10-05T07:00:02.624Z,-USD,00001.0005,00001.0006,00001.0001,44296847.55,00001.0003,1068492020.13
2021-10-05T08:00:02.359Z,-USD,00001.0005,00001.0006,00001.0001,44217663.92,00001.0002,1068861107.32
2021-10-05T09:00:02.454Z,-USD,00001.0005,00001.0005,00001.0001,44371927.78,00001.0002,1069401962.14
2021-10-05T10:00:02.347Z,-USD,00001.0004,00001.0005,00001.0001,44823098.11,00001.0003,1070046518.01
2021-10-05T11:00:02.138Z,-USD,00001.0005,00001.0005,00001.0001,44794738.26,00001.0002,1070601254.29
2021-10-05T12:00:02.334Z,-USD,00001.0004,00001.0005,00001.0001,44389431.64,00001.0003,1071385465.72
2021-10-05T13:00:02.277Z,-USD,00001.0004,00001.0005,00001.0001,45469418.06,00001.0003,1073083314.39
2021-10-05T14:00:02.345Z,-USD,00001.0004,00001.0005,00001.0001,46212390.61,00001.0004,1076792733.7
2021-10-05T15:00:02.507Z,-USD,00001.0004,00001.0012,00001.0001,60200265.81,00001.0008,1092362067.8
2021-10-05T16:00:02.682Z,-USD,00001.0003,00001.0012,00001.0001,66283252.2,00001.0004,1100251655.61
2021-10-05T17:00:02.625Z,-USD,00001.0003,00001.0012,00001.0001,66942512.12,00001.0004,1103036677.52
2021-10-05T18:00:02.044Z,-USD,00001.0003,00001.0012,00001.0001,68499356.62,00001.0005,1106427117.28
2021-10-05T19:00:02.356Z,-USD,00001.0004,00001.0012,00001.0001,71111720.07,00001.0005,1111062463.45
2021-10-05T20:00:02.651Z,-USD,00001.0004,00001.0012,00001.0001,68528243.87,00001.0005,1113546529.61
2021-10-05T21:00:01.92Z,-USD,00001.0001,00001.0012,00001.0001,64910384.17,00001.0004,1116873715.76
2021-10-05T22:00:02.228Z,-USD,00001.0004,00001.0012,00001.0002,67162690.63,00001.0005,1120911914.01
2021-10-05T23:00:02.554Z,-USD,00001.0004,00001.0012,00001.0002,66026976.07,00001.0005,1122386901.11
2021-10-06T00:00:02.48Z,-USD,00001.0005,00001.0012,00001.0002,65380108.41,00001.0006,1124119715.96
2021-10-06T01:00:03.848Z,-USD,00001.0002,00001.0012,00001.0002,65395753.04,00001.0006,1097069991.38
2021-10-06T02:00:02.558Z,-USD,00001.0002,00001.0012,00001.0002,66515526.36,00001.0006,1099312574.86
2021-10-06T03:00:02.558Z,-USD,00001.0004,00001.0012,00001.0002,66260140.42,00001.0006,1100227728.15
2021-10-06T04:00:02.525Z,-USD,00001.0004,00001.0012,00001.0002,66062927.26,00001.0006,1101954730.96
2021-10-06T05:00:02.242Z,-USD,00001.0003,00001.0012,00001.0002,70730018.12,00001.0005,1108280388.89
2021-10-06T06:00:02.1Z,-USD,00001.0003,00001.0012,00001.0002,73214589.5,00001.0006,1111721258.75
2021-10-06T07:00:01.857Z,-USD,00001.0002,00001.0012,00001.0002,74175284.38,00001.0005,1113343102.45
2021-10-06T08:00:01.881Z,-USD,00001.0003,00001.0012,00001.0002,76274229.08,00001.0005,1115810870.29
2021-10-06T09:00:01.785Z,-USD,00001.0002,00001.0012,00001.0002,79015483.48,00001.0005,1119094543.44
2021-10-06T10:00:01.918Z,-USD,00001.0003,00001.0012,00001.0002,79185092.04,00001.0004,1119936934.68
2021-10-06T11:00:02.583Z,-USD,00001.0002,00001.0012,00001.0002,82310632.39,00001.0004,1123591662.51
2021-10-06T12:00:02.527Z,-USD,00001.0003,00001.0012,00001.0002,82286774.15,00001.0004,1124350930.08
2021-10-06T13:00:02.795Z,-USD,00001.0003,00001.0012,00001.0002,82827913.63,00001.0005,1126593441.65
2021-10-06T14:00:02.037Z,-USD,00001.0004,00001.0012,00000.9997,86631201.26,00000001.0,1134157501.61
2021-10-06T15:00:01.789Z,-USD,00001.0007,00001.0009,00000.9997,74350041.56,00000001.0,1137904309.75
2021-10-06T16:00:02.198Z,-USD,00001.0004,00001.0008,00000.9997,69740544.81,00001.0002,1140698462.28
2021-10-06T17:00:02.432Z,-USD,00001.0003,00001.0008,00000.9997,69406644.33,00001.0003,1143147437.49
2021-10-06T18:00:02.61Z,-USD,00001.0005,00001.0008,00000.9997,68956558.9,00001.0004,1146486764.79
2021-10-06T19:00:02.044Z,-USD,00001.0005,00001.0008,00000.9997,66081794.11,00001.0004,1147845000.94
2021-10-06T20:00:02.302Z,-USD,00001.0004,00001.0008,00000.9997,65541106.61,00001.0004,1149800991.54
2021-10-06T21:00:02.267Z,-USD,00001.0003,00001.0008,00000.9997,65399606.61,00001.0004,1153265185.04
2021-10-06T22:00:02.387Z,-USD,00001.0005,00001.0008,00000.9997,71124361.01,00001.0005,1162744222.0
2021-10-06T23:00:02.252Z,-USD,00001.0005,00001.0011,00000.9997,83898136.15,00001.0003,1176963830.69
2021-10-07T00:00:02.344Z,-USD,00001.0007,00001.0011,00000.9997,96062680.54,00001.0005,1190873616.9
2021-10-07T01:00:02.619Z,-USD,00001.0006,00001.0011,00000.9997,99146410.17,00001.0005,1081965621.65
2021-10-07T02:00:01.765Z,-USD,00001.0006,00001.0011,00000.9997,114361290.4,00001.0004,1099408308.74
2021-10-07T03:00:01.924Z,-USD,00001.0005,00001.0011,00000.9997,123232889.94,00001.0005,1109205572.85
2021-10-07T04:00:01.977Z,-USD,00001.0005,00001.0011,00000.9997,128097007.89,00001.0003,1115830727.83
2021-10-07T05:00:01.982Z,-USD,00001.0005,00001.0011,00000.9997,127902606.89,00001.0005,1121927013.97
2021-10-07T06:00:02.06Z,-USD,00001.0006,00001.0011,00000.9997,125592594.67,00001.0004,1123063280.05
2021-10-07T07:00:02.06Z,-USD,00001.0006,00001.0011,00000.9997,125205317.27,00001.0004,1124269563.73
2021-10-07T08:00:01.954Z,-USD,00001.0004,00001.0011,00000.9997,125343945.91,00001.0004,1126869004.03
2021-10-07T09:00:02.462Z,-USD,00001.0004,00001.0011,00000.9997,122707646.28,00001.0004,1127519086.31
2021-10-07T10:00:01.882Z,-USD,00001.0004,00001.0011,00000.9997,122720535.76,00001.0004,1128403025.9
2021-10-07T11:00:02.552Z,-USD,00001.0004,00001.0011,00000.9997,122352692.87,00001.0004,1131664394.64
2021-10-07T12:00:02.381Z,-USD,00001.0004,00001.0011,00000.9997,124158316.89,00001.0004,1134222530.74
2021-10-07T13:00:02.003Z,-USD,00001.0004,00001.0011,00000.9997,130471403.38,00001.0004,1142779307.2
2021-10-07T14:00:02.354Z,-USD,00000001.0,00001.0011,00000001.0,130432538.99,00001.0004,1150303648.53
2021-10-07T15:00:02.174Z,-USD,00000001.0,00001.0011,00000001.0,132658445.07,00001.0003,1156338444.35
2021-10-07T16:00:02.337Z,-USD,00001.0002,00001.0011,00001.0001,135358707.35,00001.0003,1162007117.95
2021-10-07T17:00:02.827Z,-USD,00001.0002,00001.0011,00001.0002,139948101.28,00001.0002,1168851090.09
2021-10-07T18:00:02.286Z,-USD,00001.0003,00001.0011,00001.0002,141956615.3,00001.0004,1174188158.08
2021-10-07T19:00:02.466Z,-USD,00001.0004,00001.0011,00001.0002,143143489.32,00001.0003,1176720652.27
2021-10-07T20:00:02.612Z,-USD,00001.0004,00001.0011,00000.9999,154936493.81,00001.0004,1190454458.08
2021-10-07T21:00:02.671Z,-USD,00001.0004,00001.0011,00000.9999,157658530.7,00001.0004,1196693085.39
2021-10-07T22:00:02.414Z,-USD,00001.0005,00001.0011,00000.9999,151320646.38,00001.0004,1200001142.62
2021-10-07T23:00:01.81Z,-USD,00001.0004,00001.0009,00000.9999,143153436.22,00001.0001,1205844841.73
2021-10-08T00:00:02.056Z,-USD,00001.0005,00001.0009,00000.9999,130906438.49,00001.0003,1207559686.53
2021-10-08T01:00:02.337Z,-USD,00001.0004,00001.0009,00000.9999,129988957.9,00001.0004,1151854041.81
2021-10-08T02:00:02.461Z,-USD,00001.0004,00001.0009,00000.9999,115537959.02,00001.0003,1154475569.47
2021-10-08T03:00:02.42Z,-USD,00001.0005,00001.0009,00000.9999,107016052.57,00001.0002,1156228342.66
2021-10-08T04:00:02.64Z,-USD,00001.0003,00001.0009,00000.9999,103075164.41,00001.0002,1158442734.76
2021-10-08T05:00:02.097Z,-USD,00001.0005,00001.0009,00000.9999,99059990.26,00001.0002,1160526935.53
2021-10-08T06:00:02.779Z,-USD,00001.0004,00001.0009,00000.9999,102027908.8,00001.0002,1164614768.03
2021-10-08T07:00:01.68Z,-USD,00001.0004,00001.0009,00000.9999,102442376.56,00001.0003,1166235361.13
2021-10-08T08:00:02.649Z,-USD,00001.0004,00001.0009,00000.9999,101077979.21,00001.0001,1167477604.35
2021-10-08T09:00:01.806Z,-USD,00001.0004,00001.0009,00000.9999,102731386.5,00001.0002,1169774588.8
2021-10-08T10:00:02.664Z,-USD,00001.0004,00001.0009,00000.9999,103410436.13,00001.0002,1171339221.29
2021-10-08T11:00:02.738Z,-USD,00001.0004,00001.0009,00000.9999,101153127.72,00001.0003,1172405197.47
2021-10-08T12:00:01.729Z,-USD,00001.0004,00001.0009,00000.9999,99454639.45,00001.0003,1173236378.34
2021-10-08T13:00:01.748Z,-USD,00001.0004,00001.0009,00000.9999,96800457.56,00001.0004,1179173855.76
2021-10-08T14:00:01.788Z,-USD,00001.0004,00001.0009,00000.9999,94547626.43,00001.0003,1184522334.17
2021-10-08T15:00:01.932Z,-USD,00001.0003,00001.0009,00000.9999,91983883.56,00001.0004,1187940956.22
2021-10-08T16:00:01.733Z,-USD,00001.0002,00001.0009,00000.9999,89593567.93,00001.0003,1191130749.72
2021-10-08T17:00:02.074Z,-USD,00001.0002,00001.0009,00000.9999,85635783.54,00001.0002,1194021521.41
2021-10-08T18:00:02.349Z,-USD,00001.0004,00001.0009,00000.9999,84258106.25,00001.0002,1197981209.99
2021-10-08T19:00:02.991Z,-USD,00001.0003,00001.0009,00000.9999,85424332.65,00001.0002,1201739203.07
2021-10-08T20:00:02.668Z,-USD,00001.0004,00001.0009,00001.0001,74377322.49,00001.0001,1204469300.08
2021-10-08T21:00:01.935Z,-USD,00001.0004,00001.0005,00001.0001,71129709.96,00001.0002,1207441858.8
2021-10-08T22:00:02.123Z,-USD,00001.0003,00001.0005,00001.0001,70867199.94,00001.0001,1210533408.41
2021-10-08T23:00:02.58Z,-USD,00001.0001,00001.0005,00001.0001,67916259.59,00001.0002,1213298160.01
2021-10-09T00:00:01.744Z,-USD,00001.0004,00001.0005,00001.0001,68900970.25,00001.0002,1216005479.73
2021-10-09T01:00:01.779Z,-USD,00001.0004,00001.0005,00001.0001,65808386.29,00001.0003,1174177411.96
2021-10-09T02:00:01.757Z,-USD,00001.0003,00001.0005,00001.0001,65294890.14,00001.0003,1176235909.53
2021-10-09T03:00:01.973Z,-USD,00001.0002,00001.0005,00001.0001,65702157.07,00001.0001,1178379880.38
2021-10-09T04:00:02.461Z,-USD,00001.0003,00001.0005,00001.0001,65157422.15,00001.0003,1180041272.18
2021-10-09T05:00:02.076Z,-USD,00001.0003,00001.0005,00001.0001,64099627.95,00001.0002,1181077788.25
2021-10-09T06:00:02.058Z,-USD,00001.0003,00001.0005,00001.0001,61481398.73,00001.0001,1182605896.42
2021-10-09T07:00:01.978Z,-USD,00001.0003,00001.0005,00001.0001,60935745.39,00001.0002,1183633905.34
2021-10-09T08:00:01.965Z,-USD,00001.0002,00001.0005,00001.0001,61149539.9,00001.0003,1185111244.16
2021-10-09T09:00:01.831Z,-USD,00001.0002,00001.0005,00001.0001,59993815.29,00001.0002,1186423518.04
2021-10-09T10:00:01.974Z,-USD,00001.0002,00001.0005,00001.0001,59994538.72,00001.0003,1187784379.78
2021-10-09T11:00:02.63Z,-USD,00001.0002,00001.0005,00001.0001,60053084.77,00001.0003,1188929782.71
2021-10-09T12:00:02.557Z,-USD,00001.0002,00001.0005,00001.0001,59988571.21,00001.0003,1189666103.42
2021-10-09T13:00:02.488Z,-USD,00001.0004,00001.0005,00001.0001,56009970.51,00001.0002,1191636577.65
2021-10-09T14:00:02.565Z,-USD,00001.0002,00001.0004,00001.0001,54535747.57,00001.0003,1195510328.46
2021-10-09T15:00:02.382Z,-USD,00001.0003,00001.0004,00001.0001,53211952.43,00001.0003,1197594048.23
2021-10-09T16:00:01.741Z,-USD,00001.0002,00001.0004,00001.0001,52060645.86,00001.0003,1199640717.33
2021-10-09T17:00:02.433Z,-USD,00001.0002,00001.0004,00001.0001,52662468.81,00001.0004,1203203543.45
2021-10-09T18:00:01.824Z,-USD,00001.0002,00001.0004,00001.0001,50159494.43,00001.0003,1204791018.17
2021-10-09T19:00:02.075Z,-USD,00001.0002,00001.0004,00001.0001,48187941.41,00001.0002,1206457628.58
2021-10-09T20:00:01.879Z,-USD,00001.0002,00001.0004,00001.0001,46497756.92,00001.0003,1207436257.79
2021-10-09T21:00:02.673Z,-USD,00001.0001,00001.0004,00001.0001,44650012.58,00001.0003,1208538952.94
2021-10-09T22:00:02.583Z,-USD,00001.0002,00001.0004,00001.0001,42406945.99,00001.0003,1209387132.85
2021-10-09T23:00:02.295Z,-USD,00001.0003,00001.0004,00001.0001,40374504.53,00001.0003,1210118150.55
2021-10-10T00:00:02.547Z,-USD,00001.0001,00001.0004,00001.0001,38466123.53,00001.0002,1210926734.54
2021-10-10T01:00:02.553Z,-USD,00001.0004,00001.0004,00001.0001,37351989.49,00001.0002,1159827908.86
2021-10-10T02:00:02.552Z,-USD,00001.0003,00001.0004,00001.0001,36402507.21,00001.0002,1160908501.5
2021-10-10T03:00:01.861Z,-USD,00001.0002,00001.0004,00001.0001,35055401.44,00001.0003,1161729833.81
2021-10-10T04:00:01.882Z,-USD,00001.0003,00001.0004,00001.0001,34357098.44,00001.0003,1162690807.65
2021-10-10T05:00:02.18Z,-USD,00001.0003,00001.0004,00001.0001,34153144.53,00001.0002,1163504303.9
2021-10-10T06:00:02.301Z,-USD,00001.0001,00001.0004,00001.0001,33880984.82,00001.0002,1164756583.3
2021-10-10T07:00:02.218Z,-USD,00001.0002,00001.0004,00001.0001,33549992.62,00001.0001,1165482973.22
2021-10-10T08:00:02.251Z,-USD,00001.0002,00001.0004,00001.0001,33404218.78,00001.0003,1166782728.02
2021-10-10T09:00:02.179Z,-USD,00001.0003,00001.0004,00001.0001,32413616.66,00001.0003,1167114311.69
2021-10-10T10:00:02.269Z,-USD,00001.0002,00001.0004,00001.0001,31256370.39,00001.0002,1167307765.32
2021-10-10T11:00:02.648Z,-USD,00001.0003,00001.0004,00001.0001,30319405.89,00001.0002,1167515501.73
2021-10-10T12:00:07.664Z,-USD,00001.0002,00001.0004,00000.9998,32501511.34,00001.0003,1170492050.74
2021-10-10T13:00:02.71Z,-USD,00001.0003,00001.0004,00000.9998,30931569.41,00001.0003,1170837681.61
2021-10-10T14:00:01.793Z,-USD,00001.0002,00001.0004,00000.9998,27399565.9,00001.0003,1171201190.04
2021-10-10T15:00:02.025Z,-USD,00001.0003,00001.0004,00000.9998,25999844.7,00001.0003,1171894233.35
2021-10-10T16:00:02.139Z,-USD,00001.0002,00001.0004,00000.9998,25199431.98,00001.0003,1173157531.91
2021-10-10T17:00:02.385Z,-USD,00001.0004,00001.0004,00000.9998,22646076.16,00001.0004,1174136896.09
2021-10-10T18:00:02.252Z,-USD,00001.0002,00001.0004,00000.9998,22427504.8,00001.0003,1175488903.41
2021-10-10T19:00:02.349Z,-USD,00001.0003,00001.0004,00000.9998,21554964.02,00001.0003,1176322646.87
2021-10-10T20:00:02.364Z,-USD,00001.0003,00001.0004,00000.9998,21720367.62,00001.0004,1177441970.03
2021-10-10T21:00:02.48Z,-USD,00001.0003,00001.0004,00000.9998,22649653.47,00001.0002,1179496406.75
2021-10-10T22:00:02.666Z,-USD,00001.0003,00001.0004,00000.9998,23956089.01,00001.0004,1181621467.72
2021-10-10T23:00:02.191Z,-USD,00001.0003,00001.0004,00000.9998,23988893.16,00001.0003,1182404426.23
2021-10-11T00:00:02.154Z,-USD,00001.0002,00001.0004,00000.9998,24259998.46,00001.0003,1183498191.43
2021-10-11T01:00:02.527Z,-USD,00001.0003,00001.0004,00000.9998,25192248.87,00001.0004,1161468726.07
2021-10-11T02:00:02.635Z,-USD,00001.0003,00001.0004,00000.9998,25381644.72,00001.0004,1162743448.83
2021-10-11T03:00:02.558Z,-USD,00001.0003,00001.0004,00000.9998,26151140.88,00001.0004,1164332129.98
2021-10-11T04:00:01.875Z,-USD,00001.0003,00001.0004,00000.9998,26458834.16,00001.0003,1165599748.13
2021-10-11T05:00:02.204Z,-USD,00001.0003,00001.0004,00000.9998,26810151.18,00001.0004,1166762615.73
2021-10-11T06:00:02.139Z,-USD,00001.0002,00001.0004,00000.9998,26280876.06,00001.0004,1167484387.91
2021-10-11T07:00:02.069Z,-USD,00001.0001,00001.0004,00000.9998,26004448.47,00001.0002,1167945106.7
2021-10-11T08:00:02.235Z,-USD,00001.0003,00001.0004,00000.9998,25463319.13,00001.0003,1168727876.99
2021-10-11T09:00:02.208Z,-USD,00001.0002,00001.0004,00000.9998,25534522.88,00001.0003,1169097236.82
2021-10-11T10:00:02.067Z,-USD,00001.0003,00001.0004,00000.9998,25927404.32,00001.0003,1169683778.14
2021-10-11T11:00:02.16Z,-USD,00001.0003,00001.0004,00000.9998,26441851.04,00001.0002,1170404711.31
2021-10-11T12:00:02.145Z,-USD,00001.0002,00001.0004,00001.0001,24536914.96,00001.0002,1171475126.3
2021-10-11T13:00:02.285Z,-USD,00001.0002,00001.0004,00001.0001,25150727.63,00001.0003,1172439299.78
2021-10-11T14:00:02.568Z,-USD,00001.0002,00001.0004,00001.0001,26153344.74,00001.0004,1173833155.44
2021-10-11T15:00:01.913Z,-USD,00001.0002,00001.0004,00001.0001,27642665.15,00001.0003,1175998328.55
2021-10-11T16:00:02.399Z,-USD,00001.0003,00001.0004,00001.0001,28207690.0,00001.0002,1177814710.34
2021-10-11T17:00:02.792Z,-USD,00001.0004,00001.0014,00001.0001,29711811.69,00001.0003,1180303919.18
2021-10-11T18:00:02.105Z,-USD,00001.0003,00001.0014,00001.0001,30114845.58,00001.0003,1182053058.15
2021-10-11T19:00:02.186Z,-USD,00001.0004,00001.0014,00001.0001,31300039.16,00001.0003,1184075010.05
2021-10-11T20:00:02.657Z,-USD,00001.0003,00001.0014,00001.0001,31692505.83,00001.0003,1185592800.04
2021-10-11T21:00:01.781Z,-USD,00001.0002,00001.0014,00001.0001,32894751.38,00001.0003,1188839416.66
2021-10-11T22:00:02.029Z,-USD,00001.0003,00001.0014,00001.0001,31982854.85,00001.0003,1190054732.59
2021-10-11T23:00:02.517Z,-USD,00001.0004,00001.0014,00001.0001,33529203.23,00001.0004,1192388759.53
2021-10-12T00:00:01.841Z,-USD,00001.0004,00001.0014,00001.0001,33373751.26,00001.0003,1193332470.39
2021-10-12T01:00:02.656Z,-USD,00001.0004,00001.0014,00001.0001,33879901.15,00001.0002,1177964624.26
2021-10-12T02:00:02.318Z,-USD,00001.0004,00001.0014,00001.0001,33534193.76,00001.0002,1178897514.54
2021-10-12T03:00:01.942Z,-USD,00001.0004,00001.0014,00001.0001,33884768.96,00001.0002,1180830242.83
2021-10-12T04:00:02.146Z,-USD,00001.0004,00001.0014,00001.0001,34578345.75,00001.0004,1182789411.07
2021-10-12T05:00:02.04Z,-USD,00001.0003,00001.0014,00001.0001,34302802.0,00001.0003,1183683898.3
2021-10-12T06:00:02.041Z,-USD,00001.0004,00001.0014,00001.0001,35351315.36,00001.0002,1185448353.98
2021-10-12T07:00:02.005Z,-USD,00001.0003,00001.0014,00001.0001,36817520.77,00001.0003,1187391254.05
2021-10-12T08:00:02.023Z,-USD,00001.0003,00001.0014,00001.0001,36466090.98,00001.0002,1187806080.96
2021-10-12T09:00:01.857Z,-USD,00001.0003,00001.0014,00001.0001,36736166.95,00001.0003,1188447613.88
2021-10-12T10:00:02.173Z,-USD,00001.0002,00001.0014,00001.0001,37711040.02,00001.0003,1190006161.4
2021-10-12T11:00:02.102Z,-USD,00001.0002,00001.0014,00001.0001,37987188.68,00001.0003,1191005299.93
2021-10-12T12:00:04.158Z,-USD,00001.0002,00001.0014,00001.0002,38418148.85,00001.0003,1192517311.21
2021-10-12T13:00:02.162Z,-USD,00001.0003,00001.0014,00001.0002,38670149.72,00001.0003,1193725525.2
2021-10-12T14:00:02.326Z,-USD,00001.0003,00001.0014,00001.0002,38876442.14,00001.0002,1195321805.79
2021-10-12T15:00:02.526Z,-USD,00001.0002,00001.0014,00001.0001,38940082.61,00001.0001,1197553870.49
2021-10-12T16:00:02.687Z,-USD,00001.0003,00001.0014,00000.9998,39281810.91,00000001.0,1199730000.46
2021-10-12T17:00:02.293Z,-USD,00001.0003,00001.0007,00000.9998,38542470.26,00000.9999,1201462510.96
2021-10-12T18:00:02.619Z,-USD,00001.0002,00001.0007,00000.9998,38623960.93,00000001.0,1203310361.89
2021-10-12T19:00:01.827Z,-USD,00001.0003,00001.0007,00000.9998,37734207.09,00000.9999,1204440113.55
2021-10-12T20:00:02.18Z,-USD,00001.0003,00001.0007,00000.9998,37709320.34,00000001.0,1206662091.06
2021-10-12T21:00:02.512Z,-USD,00001.0002,00001.0007,00000.9998,37550362.45,00001.0001,1209019188.45
2021-10-12T22:00:02.088Z,-USD,00001.0003,00001.0007,00000.9998,38188253.4,00000001.0,1210855297.06
2021-10-12T23:00:02.493Z,-USD,00001.0003,00001.0004,00000.9998,36975989.8,00000.9999,1211981299.64
2021-10-13T00:00:01.744Z,-USD,00001.0004,00001.0004,00000.9998,37387542.62,00000.9999,1213333937.65
2021-10-13T01:00:02.208Z,-USD,00001.0003,00001.0004,00000.9998,36924825.99,00000.9999,1169486709.35
2021-10-13T02:00:02.689Z,-USD,00001.0003,00001.0004,00000.9998,37301119.11,00000.9999,1170808907.6
2021-10-13T03:00:01.885Z,-USD,00001.0002,00001.0004,00000.9998,36505387.25,00000001.0,1171933551.51
2021-10-13T04:00:01.985Z,-USD,00001.0004,00001.0004,00000.9998,35292362.1,00000001.0,1172687756.43
2021-10-13T05:00:02.285Z,-USD,00001.0003,00001.0004,00000.9998,35148486.98,00000001.0,1173430622.18
2021-10-13T06:00:02.133Z,-USD,00001.0002,00001.0004,00000.9998,34469298.15,00000.9999,1174516443.22
2021-10-13T07:00:02.124Z,-USD,00001.0003,00001.0004,00000.9998,33233576.46,00001.0001,1175224833.03
2021-10-13T08:00:02.214Z,-USD,00001.0003,00001.0004,00000.9998,33377813.2,00001.0001,1175839558.21
2021-10-13T09:00:02.105Z,-USD,00001.0003,00001.0004,00000.9998,33513100.41,00001.0001,1176556683.77
2021-10-13T10:00:02.579Z,-USD,00001.0004,00001.0004,00000.9998,32678215.43,00001.0001,1177295353.23
2021-10-13T11:00:02.093Z,-USD,00001.0003,00001.0004,00000.9998,32450660.31,00001.0001,1178074106.19
2021-10-13T12:00:02.298Z,-USD,00001.0002,00001.0003,00000.9998,32068131.75,00000001.0,1179180846.04
2021-10-13T13:00:01.833Z,-USD,00001.0003,00001.0003,00000.9998,32364897.67,00000001.0,1180752581.18
2021-10-13T14:00:01.99Z,-USD,00001.0003,00001.0003,00000.9998,31602242.07,00000001.0,1181519463.73
2021-10-13T15:00:02.007Z,-USD,00001.0001,00001.0003,00000.9998,32411495.85,00001.0001,1184592599.57
2021-10-13T16:00:02.355Z,-USD,00001.0001,00001.0003,00000.9999,31737480.21,00001.0001,1186070824.77
2021-10-13T17:00:01.918Z,-USD,00000001.0,00001.0003,00000.9999,31769162.94,00000001.0,1187841323.73
2021-10-13T18:00:02.304Z,-USD,00000001.0,00001.0004,00000.9999,32591373.03,00001.0001,1190497626.88
2021-10-13T19:00:02.617Z,-USD,00000.9999,00001.0004,00000.9999,33615995.34,00000001.0,1192667590.14
2021-10-13T20:00:02.707Z,-USD,00000001.0,00001.0004,00000.9999,33483592.42,00001.0002,1194809697.06
2021-10-13T21:00:02.185Z,-USD,00001.0001,00001.0004,00000.9999,33498017.36,00001.0001,1197120919.97
2021-10-13T22:00:02.473Z,-USD,00000.9999,00001.0004,00000.9999,34259156.16,00001.0002,1199731146.66
2021-10-13T23:00:01.978Z,-USD,00000001.0,00001.0004,00000.9999,34415394.45,00001.0001,1200995110.25
2021-10-14T00:00:02.046Z,-USD,00000001.0,00001.0004,00000.9999,35274840.5,00001.0001,1203205983.82
2021-10-14T01:00:05.243Z,-USD,00000.9999,00001.0004,00000.9999,35764206.34,00001.0001,1166534488.3
2021-10-14T02:00:03.006Z,-USD,00000.9999,00001.0004,00000.9999,35930378.13,00000001.0,1168019491.05
2021-10-14T03:00:02.7Z,-USD,00000001.0,00001.0004,00000.9999,36431448.37,00001.0001,1169644771.59
2021-10-14T04:00:02.047Z,-USD,00000001.0,00001.0004,00000.9999,37701170.21,00000001.0,1171707182.68
2021-10-14T05:00:02.507Z,-USD,00000001.0,00001.0004,00000.9999,38138725.89,00001.0001,1172849852.15
2021-10-14T06:00:02.568Z,-USD,00000.9999,00001.0004,00000.9999,39004678.57,00001.0001,1174825207.79
2021-10-14T07:00:02.595Z,-USD,00001.0001,00001.0004,00000.9999,39197417.71,00000001.0,1175706768.03
2021-10-14T08:00:02.577Z,-USD,00000001.0,00001.0004,00000.9999,39235157.32,00001.0001,1176354324.77
2021-10-14T09:00:02.551Z,-USD,00001.0001,00001.0004,00000.9999,38892216.51,00001.0001,1176728437.6
2021-10-14T10:00:01.905Z,-USD,00001.0001,00001.0004,00000.9999,38555577.3,00001.0001,1177130382.07
2021-10-14T11:00:02.068Z,-USD,00000001.0,00001.0004,00000.9999,38154652.68,00000001.0,1177509256.01
2021-10-14T12:00:02.265Z,-USD,00001.0001,00001.0004,00000.9999,38378904.01,00000001.0,1178842509.79
2021-10-14T13:00:02.14Z,-USD,00000.9999,00001.0004,00000.9999,37767916.56,00001.0001,1179852015.21
2021-10-14T14:00:02.068Z,-USD,00000001.0,00001.0004,00000.9989,41880933.88,00001.0001,1184681564.15
2021-10-14T15:00:02.441Z,-USD,00001.0001,00001.0004,00000.9989,40000386.45,00001.0001,1185883790.87
2021-10-14T16:00:04.16Z,-USD,00001.0001,00001.0004,00000.9989,41008150.0,00001.0001,1188360315.06
2021-10-14T17:00:02.106Z,-USD,00001.0001,00001.0004,00000.9989,42046260.69,00001.0001,1191176292.15
2021-10-14T18:00:02.311Z,-USD,00000001.0,00001.0007,00000.9989,43261517.65,00001.0003,1195075834.32
2021-10-14T19:00:02.462Z,-USD,00001.0001,00001.0007,00000.9989,43066439.47,00001.0002,1197044392.45
2021-10-14T20:00:07.559Z,-USD,00001.0001,00001.0007,00000.9989,42261709.03,00001.0002,1198353722.92
2021-10-14T21:00:10.523Z,-USD,00001.0002,00001.0007,00000.9989,41988168.45,00001.0002,1200396207.59
2021-10-14T22:00:14.151Z,-USD,00000001.0,00001.0007,00000.9989,41225352.2,00001.0001,1202429491.25
2021-10-14T23:00:12.339Z,-USD,00001.0001,00001.0007,00000.9989,40937461.13,00001.0002,1203478669.01
2021-10-15T00:00:17.239Z,-USD,00001.0001,00001.0007,00000.9989,39741973.32,00001.0002,1204283898.67
2021-10-15T01:00:12.464Z,-USD,00001.0001,00001.0007,00000.9989,40309570.92,00001.0002,1184895439.87
2021-10-15T02:00:12.334Z,-USD,00001.0001,00001.0007,00000.9989,41088485.73,00001.0002,1187149420.32
2021-10-15T03:00:11.185Z,-USD,00001.0001,00001.0007,00000.9989,43563219.17,00001.0001,1191253011.71
2021-10-15T04:00:22.641Z,-USD,00001.0001,00001.0007,00000.9989,42843113.65,00001.0002,1192585467.92
2021-10-15T05:00:10.149Z,-USD,00000001.0,00001.0007,00000.9989,43844422.54,00001.0001,1194937514.92
2021-10-15T06:00:07.409Z,-USD,00000001.0,00001.0007,00000.9989,43752176.25,00001.0002,1196676343.3
2021-10-15T07:00:03.474Z,-USD,00001.0001,00001.0007,00000.9953,48551375.02,00000.9997,1202295647.97
2021-10-15T08:00:03.829Z,-USD,00001.0001,00001.0007,00000.9953,50179814.67,00000001.0,1204572590.65
2021-10-15T09:00:02.657Z,-USD,00001.0001,00001.0007,00000.9953,53246892.82,00001.0001,1208011138.05
2021-10-15T10:00:02.516Z,-USD,00000001.0,00001.0007,00000.9953,55067450.66,00001.0001,1210247942.6
2021-10-15T11:00:04.493Z,-USD,00000001.0,00001.0007,00000.9953,60860553.57,00000.9999,1216408414.99
2021-10-15T12:00:04.313Z,-USD,00000001.0,00001.0007,00000.9953,62023929.76,00001.0001,1218903518.21
2021-10-15T13:00:03.096Z,-USD,00001.0001,00001.0007,00000.9953,62879006.02,00001.0001,1220766158.1
2021-10-15T14:00:08.91Z,-USD,00001.0001,00001.0007,00000.9953,61049688.79,00000001.0,1223770037.96
2021-10-15T15:00:10.762Z,-USD,00001.0001,00001.0007,00000.9953,62392879.68,00000001.0,1226315152.25
2021-10-15T16:00:10.703Z,-USD,00001.0001,00001.0007,00000.9953,64336715.42,00000.9999,1230735016.54
2021-10-15T17:00:09.903Z,-USD,00001.0001,00001.0007,00000.9953,64182922.2,00000001.0,1233399314.55
2021-10-15T18:00:08.961Z,-USD,00001.0003,00001.0003,00000.9953,63852368.17,00000.9999,1236964627.81
2021-10-15T19:00:02.023Z,-USD,00001.0002,00001.0003,00000.9953,64846380.11,00000.9997,1239952886.86
2021-10-15T20:00:02.445Z,-USD,00001.0002,00001.0003,00000.9953,71808075.76,00000.9997,1248198182.8
2021-10-15T21:00:02.621Z,-USD,00001.0001,00001.0003,00000.9953,73367240.85,00000.9997,1251809734.24
2021-10-15T22:00:01.816Z,-USD,00001.0002,00001.0003,00000.9953,73418115.9,00000.9997,1253913466.72
2021-10-15T23:00:02.561Z,-USD,00001.0002,00001.0003,00000.9953,73791292.19,00000.9998,1255309756.93
2021-10-16T00:00:01.776Z,-USD,00001.0002,00001.0003,00000.9953,74347532.73,00000.9998,1256669878.94
2021-10-16T01:00:10.841Z,-USD,00001.0002,00001.0003,00000.9953,72775476.59,00000.9999,1188953959.11
2021-10-16T02:00:11.121Z,-USD,00001.0002,00001.0003,00000.9953,71993573.73,00000.9998,1190403001.1
2021-10-16T03:00:11.374Z,-USD,00001.0002,00001.0003,00000.9953,69578480.75,00000.9999,1192088662.23
2021-10-16T04:00:23.43Z,-USD,00001.0002,00001.0003,00000.9953,70005199.2,00000001.0,1193861179.49
2021-10-16T05:00:09.936Z,-USD,00001.0001,00001.0003,00000.9953,69228530.19,00000.9999,1195480793.83
2021-10-16T06:00:10.923Z,-USD,00001.0001,00001.0003,00000.9953,68539665.52,00000.9999,1196499482.63
2021-10-16T07:00:08.629Z,-USD,00000.9998,00001.0003,00000.9994,64057419.14,00000001.0,1197616036.16
2021-10-16T08:00:02.213Z,-USD,00000001.0,00001.0003,00000.9994,63799889.14,00000.9999,1199629936.44
2021-10-16T09:00:02.128Z,-USD,00000001.0,00001.0003,00000.9994,61127484.17,00000.9998,1200429717.66
2021-10-16T10:00:02.706Z,-USD,00001.0001,00001.0003,00000.9994,59418333.89,00000.9999,1200920256.94
2021-10-16T11:00:03.731Z,-USD,00000.9999,00001.0003,00000.9994,53732369.96,00000.9999,1201459587.25
2021-10-16T12:00:02.202Z,-USD,00000001.0,00001.0003,00000.9994,51639404.66,00000.9999,1201880364.0
2021-10-16T13:00:11.501Z,-USD,00001.0001,00001.0003,00000.9994,50720176.57,00001.0001,1202744543.68
2021-10-16T14:00:11.199Z,-USD,00000001.0,00001.0003,00000.9994,48680565.36,00001.0001,1203713480.53
2021-10-16T15:00:17.788Z,-USD,00000001.0,00001.0003,00000.9994,46864394.57,00001.0001,1204529794.5
2021-10-16T16:00:11.248Z,-USD,00000.9998,00001.0003,00000.9994,43544137.02,00001.0001,1205543279.15
2021-10-16T17:00:10.684Z,-USD,00000001.0,00001.0003,00000.9994,43194551.52,00001.0001,1207878680.96
2021-10-16T18:00:10.018Z,-USD,00000.9999,00001.0003,00000.9994,41515405.59,00001.0001,1209772863.03
2021-10-16T19:00:11.792Z,-USD,00000.9998,00001.0003,00000.9995,39831874.25,00000001.0,1211109728.3
2021-10-16T20:00:10.055Z,-USD,00000.9996,00001.0003,00000.9995,32881912.96,00000001.0,1212340186.04
2021-10-16T21:00:02.455Z,-USD,00000.9996,00001.0003,00000.9996,30350695.23,00001.0001,1213501665.91
2021-10-16T22:00:02.416Z,-USD,00000.9997,00001.0003,00000.9996,29557857.68,00000001.0,1214736107.64
2021-10-16T23:00:02.255Z,-USD,00000.9998,00001.0003,00000.9997,28896354.58,00001.0001,1215471532.54
2021-10-17T00:00:01.695Z,-USD,00000.9999,00001.0003,00000.9998,28696155.88,00000001.0,1216623896.27
2021-10-17T01:00:11.042Z,-USD,00000.9999,00001.0003,00000.9998,28660233.43,00000001.0,1180533085.84
2021-10-17T02:00:11.159Z,-USD,00000.9998,00001.0003,00000.9998,27925569.82,00001.0001,1181248668.05
2021-10-17T03:00:11.036Z,-USD,00000001.0,00001.0003,00000.9998,26921053.87,00000001.0,1181926720.82
2021-10-17T04:00:42.256Z,-USD,00000001.0,00001.0003,00000.9998,24291061.87,00001.0001,1182689462.91
2021-10-17T05:00:08.356Z,-USD,00000001.0,00001.0003,00000.9998,24804087.47,00000001.0,1183202488.51
2021-10-17T06:00:09.229Z,-USD,00000001.0,00001.0003,00000.9998,24399192.96,00001.0001,1183818708.47
2021-10-17T07:00:09.424Z,-USD,00000.9999,00001.0003,00000.9998,23721763.91,00001.0001,1184273303.88
2021-10-17T08:00:08.545Z,-USD,00000001.0,00001.0003,00000.9998,22059700.67,00000001.0,1184608791.46
2021-10-17T09:00:09.307Z,-USD,00000.9998,00001.0003,00000.9998,21509850.67,00000.9999,1184872257.31
2021-10-17T10:00:09.766Z,-USD,00000.9999,00001.0003,00000.9998,21415134.29,00000001.0,1185252521.5
2021-10-17T11:00:10.085Z,-USD,00000.9999,00001.0003,00000.9998,21088806.46,00000001.0,1185466871.49
2021-10-17T12:00:08.446Z,-USD,00000.9999,00001.0003,00000.9998,20914175.88,00000001.0,1185723502.86
2021-10-17T13:00:11.507Z,-USD,00000001.0,00001.0003,00000.9999,20470397.27,00000.9999,1186146074.04
2021-10-17T14:00:09.855Z,-USD,00001.0001,00001.0003,00000.9999,20328722.59,00000.9999,1186962666.26
2021-10-17T15:00:09.417Z,-USD,00000001.0,00001.0003,00000.9999,20708626.15,00000001.0,1188163010.23
2021-10-17T16:00:08.9Z,-USD,00001.0001,00001.0003,00000.9999,20521594.5,00001.0001,1188982018.16
2021-10-17T17:00:02.403Z,-USD,00001.0001,00001.0002,00000.9999,18869811.16,00001.0001,1189674162.51
2021-10-17T18:00:03.747Z,-USD,00001.0001,00001.0001,00000.9999,17788194.72,00001.0001,1190480636.9
2021-10-17T19:00:01.935Z,-USD,00001.0001,00001.0001,00000.9999,17137394.34,00001.0001,1191194416.16
2021-10-17T20:00:02.498Z,-USD,00001.0001,00001.0001,00000.9999,16604857.06,00001.0001,1191898002.15
2021-10-17T21:00:02.149Z,-USD,00001.0001,00001.0002,00000.9999,18043989.48,00001.0002,1194473930.33
2021-10-17T22:00:02.532Z,-USD,00001.0001,00001.0002,00000.9999,18159641.23,00000001.0,1195816530.93
2021-10-17T23:00:01.82Z,-USD,00001.0001,00001.0002,00000.9999,19204859.0,00000001.0,1197597023.72
2021-10-18T00:00:08.546Z,-USD,00000001.0,00001.0002,00000.9999,19533633.59,00001.0001,1199081345.49
2021-10-18T01:00:02.724Z,-USD,00000001.0,00001.0002,00000.9999,20272118.43,00000001.0,1181694301.06
2021-10-18T02:00:01.902Z,-USD,00001.0001,00001.0002,00000.9999,20570070.75,00000001.0,1182700958.13
2021-10-18T03:00:01.983Z,-USD,00000001.0,00001.0002,00000.9999,22428594.33,00000.9999,1185237638.73
2021-10-18T04:00:02.164Z,-USD,00001.0001,00001.0002,00000.9993,25579643.91,00000001.0,1189148892.29
2021-10-18T05:00:01.742Z,-USD,00001.0001,00001.0002,00000.9993,26037936.72,00000.9996,1190139123.94
2021-10-18T06:00:01.777Z,-USD,00001.0001,00001.0002,00000.9993,26111679.41,00000.9997,1190811487.4
2021-10-18T07:00:01.706Z,-USD,00001.0001,00001.0002,00000.9993,26328171.38,00000.9996,1191486674.6
2021-10-18T08:00:02.552Z,-USD,00001.0001,00001.0002,00000.9993,26387814.03,00000.9996,1191878193.17
2021-10-18T09:00:02.451Z,-USD,00000001.0,00001.0002,00000.9993,29893732.55,00000.9996,1195646734.47
2021-10-18T10:00:02.248Z,-USD,00000001.0,00001.0002,00000.9993,30803806.63,00000.9997,1196945142.23
2021-10-18T11:00:02.559Z,-USD,00000.9999,000001.004,00000.9993,35088762.83,00000.9999,1201436497.81
2021-10-18T12:00:02.461Z,-USD,00000.9999,000001.004,00000.9993,36134342.69,00000.9998,1202742912.12
2021-10-18T13:00:02.581Z,-USD,00000001.0,000001.004,00000.9993,37492943.49,00000.9998,1204523026.42
2021-10-18T14:00:01.943Z,-USD,00000.9999,000001.004,00000.9993,38126475.79,00000.9999,1205970823.18
2021-10-18T15:00:02.116Z,-USD,00000.9999,000001.004,00000.9993,38395179.01,00000.9998,1207468181.6
2021-10-18T16:00:02.353Z,-USD,00001.0001,000001.004,00000.9993,39643725.02,00000001.0,1209505905.38
2021-10-18T17:00:01.827Z,-USD,00001.0001,000001.004,00000.9993,40581138.04,00001.0001,1211138930.59
2021-10-18T18:00:02.355Z,-USD,00001.0001,000001.004,00000.9993,41626761.56,00001.0001,1213030795.82
2021-10-18T19:00:02.229Z,-USD,00001.0001,000001.004,00000.9993,42576120.35,00000001.0,1214651413.99
2021-10-18T20:00:02.515Z,-USD,00001.0001,000001.004,00000.9921,48214959.64,00000.9999,1220997360.54
2021-10-18T21:00:01.852Z,-USD,00001.0002,000001.004,00000.9921,47492907.52,00000.9999,1222900760.21
2021-10-18T22:00:02.585Z,-USD,00001.0001,000001.004,00000.9921,48272653.07,00000.9999,1224978135.74
2021-10-18T23:00:01.997Z,-USD,00000.9999,000001.004,00000.9921,47804222.99,00000.9998,1226287607.28
2021-10-19T00:00:02.07Z,-USD,00000001.0,000001.004,00000.9921,47684179.26,00000.9998,1227647190.57
2021-10-19T01:00:02.499Z,-USD,00000001.0,000001.004,00000.9921,47581932.53,00000.9998,1209720425.11
2021-10-19T02:00:01.899Z,-USD,00000001.0,000001.004,00000.9921,47805779.05,00000001.0,1210954993.6
2021-10-19T03:00:02.276Z,-USD,00000001.0,000001.004,00000.9921,46413782.14,00000001.0,1212096847.2
2021-10-19T04:00:02.483Z,-USD,00000001.0,000001.004,00000.9921,43954405.34,00000.9999,1213544853.23
2021-10-19T05:00:01.823Z,-USD,00000.9997,000001.004,00000.9921,43675326.31,00000.9999,1214286616.41
2021-10-19T06:00:02.691Z,-USD,00000.9997,000001.004,00000.9921,43900095.38,00000001.0,1215153142.1
2021-10-19T07:00:01.891Z,-USD,00000.9997,000001.004,00000.9921,44586814.6,00000001.0,1216518394.26
2021-10-19T08:00:01.966Z,-USD,00000.9996,000001.004,00000.9921,44343555.46,00000.9999,1216681151.58
2021-10-19T09:00:02.439Z,-USD,00000.9996,000001.004,00000.9921,41043968.57,00000.9999,1217139412.86
2021-10-19T10:00:02.336Z,-USD,00000.9997,000001.004,00000.9921,40059083.67,00000001.0,1217448311.37
2021-10-19T11:00:02.348Z,-USD,00000.9999,00001.0001,00000.9921,36068489.65,00000001.0,1217949233.1
2021-10-19T12:00:02.418Z,-USD,00000.9999,00001.0001,00000.9921,35599499.46,00001.0001,1218784125.67
2021-10-19T13:00:02.461Z,-USD,00000.9998,00001.0001,00000.9921,34580540.3,00000001.0,1219545628.96
2021-10-19T14:00:02.569Z,-USD,00000.9999,00001.0001,00000.9921,34589324.23,00000001.0,1221025243.02
2021-10-19T15:00:01.94Z,-USD,00000.9998,00001.0001,00000.9921,34260887.31,00000001.0,1222182162.94
2021-10-19T16:00:02.246Z,-USD,00000001.0,00001.0001,00000.9921,33335872.08,00001.0001,1223332258.95
2021-10-19T17:00:02.619Z,-USD,00001.0001,00001.0002,00000.9921,34977573.75,00001.0002,1226558788.77
2021-10-19T18:00:02.691Z,-USD,00000001.0,00001.0002,00000.9921,35541285.07,00001.0001,1229016123.06
2021-10-19T19:00:02.283Z,-USD,00000001.0,00001.0002,00000.9921,35834061.23,00001.0001,1230928507.47
2021-10-19T20:00:02.68Z,-USD,00000.9999,00001.0002,00000.9998,32158085.14,00001.0002,1233603431.62
2021-10-19T21:00:02.531Z,-USD,00000.9999,00001.0003,00000.9998,32440107.59,00001.0003,1235804529.87
2021-10-19T22:00:02.312Z,-USD,00000.9999,00001.0003,00000.9998,32550656.36,00001.0003,1237979917.73
2021-10-19T23:00:02.548Z,-USD,00000.9999,00001.0004,00000.9998,33275044.41,00001.0002,1240009472.58
2021-10-20T00:00:02.423Z,-USD,00000.9999,00001.0004,00000.9998,33395172.72,00001.0002,1241490434.15
2021-10-20T01:00:02.584Z,-USD,00000.9998,00001.0004,00000.9998,32859864.19,00001.0002,1180286442.83
2021-10-20T02:00:02.668Z,-USD,00000001.0,00001.0004,00000.9999,32672088.81,00001.0002,1181332411.2
2021-10-20T03:00:02.542Z,-USD,00000.9999,00001.0004,00000.9999,32833765.31,00001.0002,1182748450.78
2021-10-20T04:00:02.569Z,-USD,00000.9999,00001.0004,00000.9999,32893058.37,00001.0002,1184168334.77
2021-10-20T05:00:01.718Z,-USD,00000.9999,00001.0004,00000.9999,32960828.43,00001.0001,1184946458.97
2021-10-20T06:00:02.82Z,-USD,00000001.0,00001.0004,00000.9999,32713468.94,00001.0002,1185565156.1
2021-10-20T07:00:02.601Z,-USD,00000.9999,00001.0004,00000.9999,31577894.95,00001.0002,1185794320.11
2021-10-20T08:00:02.315Z,-USD,00000.9999,00001.0004,00000.9999,32116769.68,00001.0002,1186496020.61
2021-10-20T09:00:02.178Z,-USD,00000001.0,00001.0004,00000.9999,31972692.45,00001.0002,1186810222.87
2021-10-20T10:00:02.107Z,-USD,00000.9999,00001.0004,00000.9999,31958573.03,00001.0002,1187105901.04
2021-10-20T11:00:04.304Z,-USD,00000001.0,00001.0004,00000.9999,31876781.44,00001.0001,1187528344.22
2021-10-20T12:00:01.956Z,-USD,00000001.0,00001.0004,00000001.0,32416369.68,00001.0002,1188971340.35
2021-10-20T13:00:01.795Z,-USD,00001.0001,00001.0004,00000001.0,32481391.88,00001.0002,1189732065.62
2021-10-20T14:00:02.204Z,-USD,00000001.0,00001.0004,00000001.0,32603697.93,00001.0001,1191332307.66
2021-10-20T15:00:02.133Z,-USD,00000001.0,00001.0004,00000001.0,34892216.04,00001.0002,1194774810.69
2021-10-20T16:00:02.191Z,-USD,00001.0001,00001.0004,00000001.0,39299071.34,00001.0002,1200380146.46
2021-10-20T17:00:01.752Z,-USD,00001.0001,00001.0004,00000001.0,40162361.22,00001.0002,1204424984.06
2021-10-20T18:00:02.711Z,-USD,00001.0001,00001.0004,00000001.0,39457369.75,00001.0002,1206185198.46
2021-10-20T19:00:02.04Z,-USD,00001.0001,00001.0004,00000001.0,39501286.11,00001.0002,1208129947.8
2021-10-20T20:00:01.881Z,-USD,00001.0002,00001.0004,00000001.0,39338593.59,00001.0002,1210640642.95
2021-10-20T21:00:02.216Z,-USD,00001.0002,00001.0004,00000001.0,39769233.99,00000001.0,1213275403.96
2021-10-20T22:00:02.297Z,-USD,00001.0003,00001.0004,00000001.0,39201208.18,00001.0002,1214882772.6
2021-10-20T23:00:01.822Z,-USD,00001.0003,00001.0003,00000001.0,38615014.36,00001.0001,1216337572.28
2021-10-21T00:00:02.66Z,-USD,00001.0003,00001.0003,00000001.0,38985460.51,00001.0002,1218190244.7
2021-10-21T01:00:02.187Z,-USD,00001.0003,00001.0003,00000001.0,40243120.55,00001.0002,1177419775.69
2021-10-21T02:00:02.795Z,-USD,00001.0003,00001.0024,00000001.0,43409637.19,00001.0001,1181603061.56
2021-10-21T03:00:02.201Z,-USD,00001.0002,00001.0024,00000001.0,43399061.65,00001.0003,1183200314.97
2021-10-21T04:00:02.146Z,-USD,00001.0002,00001.0024,00000001.0,43470990.76,00001.0003,1184501664.3
2021-10-21T05:00:02.629Z,-USD,00001.0001,00001.0024,00000001.0,44087394.7,00001.0002,1185889864.89
2021-10-21T06:00:02.524Z,-USD,00001.0002,00001.0024,00000001.0,45168655.56,00001.0002,1187596078.61
2021-10-21T07:00:02.385Z,-USD,00001.0002,00001.0024,00000001.0,45763348.96,00001.0002,1188410007.07
2021-10-21T08:00:02.232Z,-USD,00001.0002,00001.0024,00000001.0,46090531.9,00001.0002,1189438096.37
2021-10-21T09:00:02.008Z,-USD,00001.0001,00001.0024,00000001.0,46366182.75,00001.0001,1190029907.5
2021-10-21T10:00:01.763Z,-USD,00001.0001,00001.0024,00000001.0,46547253.66,00001.0001,1190504815.25
2021-10-21T11:00:02.084Z,-USD,00001.0002,00001.0024,00000001.0,46905866.18,00001.0002,1191286016.49
2021-10-21T12:00:01.931Z,-USD,00001.0001,00001.0024,000000.999,49382936.35,00000001.0,1195205865.34
2021-10-21T13:00:01.776Z,-USD,00001.0001,00001.0024,000000.999,49748099.21,00000.9999,1196333540.08
2021-10-21T14:00:02.654Z,-USD,00001.0001,00001.0024,000000.999,49685557.85,00001.0001,1197885776.27
2021-10-21T15:00:01.791Z,-USD,00001.0002,00001.0024,000000.999,51434943.4,00001.0001,1203160674.76
2021-10-21T16:00:02.014Z,-USD,00001.0002,00001.0024,000000.999,56387009.13,00000001.0,1213650274.87
2021-10-21T17:00:02.369Z,-USD,00001.0002,00001.0024,000000.999,60801278.89,00000001.0,1222079435.3
2021-10-21T18:00:02.593Z,-USD,00001.0002,00001.0024,000000.999,62169952.36,00000.9999,1225211982.19
2021-10-21T19:00:02.51Z,-USD,00001.0002,00001.0024,000000.999,64512304.65,00001.0001,1229499152.23
2021-10-21T20:00:02.655Z,-USD,00001.0001,00001.0024,000000.999,65173957.85,00001.0001,1232676357.1
2021-10-21T21:00:01.929Z,-USD,00000001.0,00001.0024,000000.999,64997826.21,00001.0001,1235127015.99
2021-10-21T22:00:02.08Z,-USD,00001.0002,00001.0024,000000.999,67025446.37,00001.0001,1238778854.6
2021-10-21T23:00:02.468Z,-USD,00001.0002,00001.0024,000000.999,68176255.24,00001.0001,1241365783.97
2021-10-22T00:00:02.626Z,-USD,00001.0002,00001.0024,000000.999,68984472.92,00001.0002,1244039786.22
2021-10-22T01:00:09.309Z,-USD,00001.0002,00001.0024,000000.999,70680179.72,00001.0001,1208481464.04
2021-10-22T02:00:07.275Z,-USD,00001.0002,00001.0003,000000.999,70163352.42,00001.0002,1212146436.9
2021-10-22T03:00:02.234Z,-USD,00001.0003,00001.0003,000000.999,71064886.53,00001.0001,1214646924.62
2021-10-22T04:00:01.852Z,-USD,00001.0002,00001.0003,000000.999,71146301.52,00000001.0,1216031075.6
2021-10-22T05:00:02.652Z,-USD,00001.0003,00001.0003,000000.999,70600417.5,00001.0001,1216871303.98
2021-10-22T06:00:02.402Z,-USD,00001.0002,00001.0003,000000.999,71191004.99,00001.0002,1219166633.63
2021-10-22T07:00:02.05Z,-USD,00001.0002,00001.0003,000000.999,71098405.61,00001.0002,1219889271.76
2021-10-22T08:00:01.781Z,-USD,00001.0001,00001.0003,000000.999,71073485.85,00001.0002,1220891208.46
2021-10-22T09:00:02.57Z,-USD,00001.0001,00001.0003,000000.999,71153070.18,00001.0002,1221564206.23
2021-10-22T10:00:02.161Z,-USD,00001.0002,00001.0003,000000.999,71320675.82,00000001.0,1222207056.46
2021-10-22T11:00:02.351Z,-USD,00001.0002,00001.0003,000000.999,70982036.31,00001.0001,1222648744.54
2021-10-22T12:00:01.743Z,-USD,00000.9999,00001.0003,00000.9999,67682934.2,00001.0001,1223268471.45
2021-10-22T13:00:02.639Z,-USD,00000001.0,00001.0003,00000.9999,68551866.33,00001.0002,1225278436.35
2021-10-22T14:00:02.466Z,-USD,00000001.0,00001.0003,00000.9999,70488151.27,00000001.0,1228756623.44
2021-10-22T15:00:01.819Z,-USD,00001.0001,00001.0003,00000.9998,70312250.02,00000.9999,1233990593.12
2021-10-22T16:00:01.939Z,-USD,00001.0001,00001.0003,00000.9997,63108139.8,00000.9998,1237141049.23
2021-10-22T17:00:02.393Z,-USD,00000001.0,00001.0003,00000.9996,58773055.77,00000.9997,1241244504.43
2021-10-22T18:00:02.025Z,-USD,00000.9999,00001.0003,00000.9996,57749328.0,00000.9997,1243341904.03
2021-10-22T19:00:02.161Z,-USD,00001.0001,00001.0003,00000.9996,55304197.17,00000.9998,1245193202.72
2021-10-22T20:00:02.173Z,-USD,00001.0001,00001.0003,00000.9996,54119323.33,00000.9997,1247198316.82
2021-10-22T21:00:02.418Z,-USD,00001.0001,00001.0003,00000.9996,54373986.09,00000.9997,1249894637.74
2021-10-22T22:00:02.198Z,-USD,00001.0001,00001.0003,00000.9996,52277445.98,00000.9998,1251463707.01
2021-10-22T23:00:02.568Z,-USD,00001.0001,00001.0003,00000.9996,51784440.98,00000.9998,1253555813.64
2021-10-23T00:00:02.446Z,-USD,00001.0003,00001.0003,00000.9996,50330915.17,00000.9999,1254752406.67
2021-10-23T01:00:02.283Z,-USD,00000001.0,00001.0003,00000.9996,49143570.74,00000.9999,1229065380.99
2021-10-23T02:00:02.096Z,-USD,00001.0001,00001.0003,00000.9996,46833217.8,00000.9999,1230440821.23
2021-10-23T03:00:02.102Z,-USD,00001.0001,00001.0003,00000.9996,46827792.38,00000.9999,1232908092.02
2021-10-23T04:00:02.17Z,-USD,00001.0001,00001.0003,00000.9996,46226772.74,00000.9998,1233696469.12
2021-10-23T05:00:02.322Z,-USD,00000001.0,00001.0003,00000.9996,45911036.58,00000.9999,1234219099.85
2021-10-23T06:00:02.227Z,-USD,00001.0002,00001.0003,00000.9996,44571968.74,00000.9998,1235183305.49
2021-10-23T07:00:02.1Z,-USD,00001.0002,00001.0003,00000.9996,44221143.01,00000.9999,1235541928.35
2021-10-23T08:00:01.833Z,-USD,00001.0001,00001.0003,00000.9996,44283189.27,00000.9998,1236605454.66
2021-10-23T09:00:01.76Z,-USD,00001.0002,00001.0003,00000.9996,44055629.4,00000001.0,1237058972.44
2021-10-23T10:00:02.585Z,-USD,00001.0001,00001.0003,00000.9996,44595102.62,00001.0001,1238233582.99
2021-10-23T11:00:01.767Z,-USD,00000001.0,00001.0003,00000.9996,46439567.35,00000001.0,1240525383.04
2021-10-23T12:00:02.463Z,-USD,00001.0001,00001.0003,00000.9996,46266143.51,00000001.0,1240966598.24
2021-10-23T13:00:02.387Z,-USD,00001.0002,00001.0002,00000.9996,44945046.46,00000001.0,1241661391.02
2021-10-23T14:00:02.271Z,-USD,00000001.0,00001.0001,00000.9996,42295471.87,00000001.0,1242487899.97
2021-10-31T18:00:08.706Z,-USD,00001.0004,00001.0025,00001.0003,82910196.81,00001.0007,1941205356.39
2021-10-31T19:00:01.791Z,-USD,00001.0004,00001.0025,00001.0003,82463947.34,00001.0007,1944825191.06
2021-10-31T20:00:01.778Z,-USD,00001.0006,00001.0025,00001.0003,81421370.82,00001.0007,1947367966.99
2021-10-31T21:00:02.684Z,-USD,00001.0006,00001.0025,00001.0003,82452219.93,00001.0008,1951179522.96
2021-10-31T22:00:01.709Z,-USD,00001.0005,00001.0025,00001.0003,81433086.84,00001.0008,1953882448.8
2021-10-31T23:00:03.094Z,-USD,00001.0004,00001.0025,00001.0004,73383587.53,00001.0008,1956161802.87
2021-11-01T00:00:04.868Z,-USD,00001.0005,00001.0025,00001.0004,68537383.98,00001.0008,1957604620.6
2021-11-01T01:00:04.338Z,-USD,00001.0005,00001.0025,00001.0004,64710632.68,00001.0008,1939727183.9
2021-11-01T02:00:03.854Z,-USD,00001.0005,00001.0025,00001.0004,63014835.42,00001.0006,1942355922.35
2021-11-01T03:00:03.703Z,-USD,00001.0005,00001.0025,00001.0004,61465192.96,00001.0007,1945021790.77
2021-11-01T04:00:13.388Z,-USD,00001.0005,00001.0025,00001.0004,60666320.27,00001.0006,1946742205.28
2021-11-01T05:00:07.284Z,-USD,00001.0005,00001.0025,00001.0004,58288208.63,00001.0008,1947919626.27
2021-11-01T06:00:06.049Z,-USD,00001.0005,00001.0025,00001.0004,57595723.65,00001.0007,1949421370.49
2021-11-01T07:00:06.388Z,-USD,00001.0005,00001.0025,00001.0004,57948027.28,00001.0006,1951224385.05
2021-11-01T08:00:02.266Z,-USD,00001.0005,00001.0025,00001.0004,56906103.54,00001.0006,1952809927.73
2021-11-01T09:00:01.782Z,-USD,00001.0005,00001.0025,00001.0004,55755532.73,00001.0006,1953613094.67
2021-11-01T10:00:02.202Z,-USD,00001.0004,00001.0025,00001.0004,55757218.61,00001.0005,1954674671.19
2021-11-01T11:00:03.213Z,-USD,00001.0005,00001.0025,00001.0005,55395004.6,00001.0006,1955672729.82
2021-11-01T12:00:02.513Z,-USD,00001.0006,00001.0025,00001.0005,56555127.86,00001.0005,1957864193.2
2021-11-01T13:00:02.256Z,-USD,00001.0006,00001.0025,00001.0005,56168547.39,00001.0006,1959683615.79
2021-11-01T14:00:02.194Z,-USD,00001.0006,00001.0025,00001.0005,54227079.8,00001.0006,1961572402.68
2021-11-01T15:00:02.248Z,-USD,00001.0007,00001.0009,00001.0005,52625391.11,00001.0006,1964237293.43
2021-11-01T16:00:01.801Z,-USD,00001.0008,00001.0009,00001.0005,51976611.83,00001.0005,1966410178.35
2021-11-01T17:00:03.98Z,-USD,00001.0007,00001.0009,00001.0005,52024184.78,00001.0005,1970761237.28
2021-11-01T18:00:02.944Z,-USD,00001.0007,00001.0009,00001.0005,59113242.69,00001.0006,1980737922.94
2021-11-01T19:00:02.167Z,-USD,00001.0007,00001.0009,00001.0005,59139068.04,00001.0006,1984401492.3
2021-11-01T20:00:02.283Z,-USD,00001.0007,00001.0009,00001.0005,59227634.79,00001.0006,1987030425.26
2021-11-01T21:00:02.427Z,-USD,00001.0008,00001.0009,00001.0005,58851505.3,00001.0007,1990446767.73
2021-11-01T22:00:02.478Z,-USD,00001.0008,00001.0009,00001.0005,61315027.28,00001.0006,1995634910.01
2021-11-01T23:00:03.419Z,-USD,00001.0008,00001.0009,00001.0005,61269119.48,00001.0007,1997845582.14
2021-11-02T00:00:01.929Z,-USD,00001.0007,00001.0009,00001.0005,62864202.78,00001.0007,2000883709.52
2021-11-02T01:00:01.873Z,-USD,00001.0007,00001.0009,00001.0005,63664989.42,00001.0007,1985278902.26
2021-11-02T02:00:01.986Z,-USD,00001.0006,00001.0009,00001.0005,65329182.01,00001.0008,1989324146.14
2021-11-02T03:00:01.903Z,-USD,00001.0006,00001.0009,00001.0005,64698161.55,00001.0009,1993134971.53
2021-11-02T04:00:02.082Z,-USD,00001.0006,00001.0009,00001.0005,66237730.72,00001.0009,1994674540.7
2021-11-02T05:01:03.096Z,-USD,00001.0006,000001.001,00001.0005,66612595.02,00001.0009,1997663958.8
2021-11-02T06:00:02.166Z,-USD,00001.0006,000001.001,00001.0005,69266361.62,00001.0009,2000317725.4
2021-11-02T07:00:01.91Z,-USD,00001.0006,000001.001,00001.0005,68561206.43,00001.0009,2001418083.6
2021-11-02T08:00:01.852Z,-USD,00001.0005,000001.001,00001.0005,68425382.73,00001.0008,2002863400.96
2021-11-02T09:00:01.775Z,-USD,00001.0006,000001.001,00001.0005,69508338.75,00001.0008,2004751056.15
2021-11-02T10:00:01.714Z,-USD,00001.0005,000001.001,00001.0005,70146788.53,00001.0006,2006455947.3
2021-11-02T11:00:04.183Z,-USD,00001.0006,000001.001,00001.0005,70551427.68,00001.0006,2007853234.57
2021-11-02T12:00:01.711Z,-USD,00001.0006,000001.001,00001.0005,71466431.86,00001.0008,2010972245.67
2021-11-02T13:00:02.582Z,-USD,00001.0006,000001.001,00001.0005,73867920.31,00001.0008,2015179580.76
2021-11-02T14:00:02.686Z,-USD,00001.0005,000001.001,00001.0005,77797707.78,00001.0008,2021010395.3
2021-11-02T15:00:02.009Z,-USD,00001.0006,000001.001,00001.0005,80000544.31,00001.0008,2025885201.34
2021-11-02T16:00:02.22Z,-USD,00001.0006,00001.0013,00001.0005,84509790.22,00001.0008,2032566640.42
2021-11-02T17:00:03.37Z,-USD,00001.0006,00001.0013,00001.0005,87552619.32,00001.0008,2039961384.14
2021-11-02T18:00:02.126Z,-USD,00001.0006,00001.0013,00001.0005,82542052.73,00001.0008,2044919465.15
2021-11-02T19:00:02.42Z,-USD,00001.0005,00001.0013,00001.0005,83497870.69,00001.0008,2049534427.11
2021-11-02T20:00:01.771Z,-USD,00001.0005,00001.0013,00001.0005,86551678.86,00001.0008,2055218509.17
2021-11-02T21:00:01.886Z,-USD,00001.0006,00001.0013,00001.0005,88185855.04,00001.0008,2060349855.85
2021-11-02T22:00:02.016Z,-USD,00001.0006,00001.0013,00001.0006,86988787.35,00001.0009,2064271158.67
2021-11-02T23:00:02.751Z,-USD,00001.0007,00001.0013,00001.0006,90829128.75,00001.0009,2070311850.99
2021-11-03T00:00:02.489Z,-USD,00001.0007,00001.0013,00001.0006,92779801.4,00001.0009,2075358220.4
2021-11-03T01:00:02.616Z,-USD,00001.0007,00001.0013,00001.0006,93499481.85,00001.0009,2036326633.35
2021-11-03T02:00:02.352Z,-USD,00001.0007,00001.0013,00001.0006,94745404.37,00001.0009,2041587505.91
2021-11-03T03:00:02.521Z,-USD,00001.0009,00001.0013,00001.0006,96042857.41,00001.0009,2046686584.77
2021-11-03T04:00:02.703Z,-USD,00001.0009,00001.0013,00001.0006,98926021.71,000001.001,2051119613.28
2021-11-03T05:00:03.72Z,-USD,00001.0009,00001.0013,00001.0006,101801608.74,00001.0008,2056976706.94
2021-11-03T06:00:02.825Z,-USD,00001.0009,00001.0013,00001.0006,101757038.95,00001.0009,2059587636.68
2021-11-03T07:00:01.666Z,-USD,00001.0009,00001.0013,00001.0006,102792102.18,00001.0008,2061723095.81
2021-11-03T08:00:02.667Z,-USD,00001.0008,00001.0013,00001.0006,102811093.28,00001.0007,2063231812.3
2021-11-03T09:00:02.682Z,-USD,00001.0007,00001.0013,00001.0006,103237177.35,00001.0007,2065503685.84
2021-11-03T10:00:02.489Z,-USD,00001.0007,00001.0013,00001.0006,102986469.66,00001.0008,2066957524.79
2021-11-03T11:00:04.508Z,-USD,00001.0007,00001.0013,00001.0006,103822771.75,00001.0007,2069198232.18
2021-11-03T12:00:01.942Z,-USD,00001.0008,00001.0013,00001.0006,103524406.13,00001.0007,2072086140.45
2021-11-03T13:00:01.863Z,-USD,00001.0007,00001.0013,00001.0006,102230462.37,00001.0009,2075186032.28
2021-11-03T14:00:01.998Z,-USD,00001.0007,00001.0013,00001.0006,101993242.91,00001.0008,2080561976.2
2021-11-03T15:00:02.207Z,-USD,00001.0009,00001.0013,00001.0006,101880381.59,00001.0006,2085352137.5
2021-11-03T16:00:01.68Z,-USD,00001.0009,00001.0012,00001.0006,98922963.05,00001.0007,2089114689.45
2021-11-03T17:00:03.277Z,-USD,00001.0007,0000001.01,00001.0005,98819438.53,00001.0005,2096357402.65
2021-11-03T18:00:01.882Z,-USD,00001.0008,0000001.01,00001.0005,99394652.2,00001.0007,2101867213.7
2021-11-03T19:00:02.278Z,-USD,00001.0008,0000001.01,00001.0005,103131567.36,00001.0005,2110195844.79
2021-11-03T20:00:02.568Z,-USD,00001.0008,0000001.01,00001.0005,107066774.55,00001.0006,2120058510.65
2021-11-03T21:00:01.933Z,-USD,00001.0009,0000001.01,00001.0005,112987635.75,00001.0007,2130897598.01
