Coin on file:	UST
Created by:	chris
Created on:	09/18/2021T03:00:1631948402Z

Recorded,Currency,Open,High,Low,Volume,Last,Volume30day
2021-09-18T03:00:02.659Z,-USD,000001.003,000001.005,000001.002,1829086.91,000001.003,53174760.94
2021-09-18T04:00:01.983Z,-USD,000001.003,000001.005,000001.002,1782218.64,000001.003,53192165.78
2021-09-18T05:00:02.052Z,-USD,000001.004,000001.005,000001.002,01768027.3,000001.003,53194631.23
2021-09-18T06:00:02.083Z,-USD,000001.003,000001.005,000001.002,1793797.97,000001.003,53273528.89
2021-09-18T07:00:02.385Z,-USD,000001.004,000001.005,000001.002,1796529.46,000001.003,53284859.48
2021-09-18T08:00:02.626Z,-USD,000001.004,000001.005,000001.002,1913211.31,000001.003,53403117.86
2021-09-18T09:00:01.852Z,-USD,000001.004,000001.005,000001.002,1899306.54,000001.003,53409401.2
2021-09-18T10:00:01.968Z,-USD,000001.004,000001.004,000001.002,2345329.05,000001.004,53883061.43
2021-09-18T11:00:02.344Z,-USD,000001.004,000001.004,000001.002,2326960.84,000001.004,53886736.0
2021-09-18T12:00:02.46Z,-USD,000001.004,000001.004,000001.002,2329331.77,000001.003,53901789.84
2021-09-18T13:00:02.675Z,-USD,000001.003,000001.004,000001.002,2274285.73,000001.004,53909672.47
2021-09-18T14:00:01.88Z,-USD,000001.003,000001.004,000001.002,02503556.2,000001.003,54187113.49
2021-09-18T14:27:57.952Z,-USD,000001.004,000001.004,000001.002,2482605.41,000001.003,54196008.76
2021-09-18T14:28:37.246Z,-USD,000001.004,000001.004,000001.002,2482605.41,000001.003,54196008.76
2021-09-18T14:31:17.504Z,-USD,000001.004,000001.004,000001.002,2482655.16,000001.004,54196058.51
2021-09-18T15:00:02.118Z,-USD,000001.004,000001.004,000001.002,2486998.63,000001.003,54200401.98
2021-09-18T16:00:02.322Z,-USD,000001.003,000001.004,000001.002,1678757.26,000001.004,54220575.21
2021-09-18T17:00:02.107Z,-USD,000001.003,000001.004,000001.002,1490569.72,000001.003,54283864.19
2021-09-18T18:00:07.221Z,-USD,000001.003,000001.004,000001.002,1524006.04,000001.003,54330198.81
2021-09-18T19:00:01.787Z,-USD,000001.003,000001.004,000001.002,1487101.63,000001.003,54358017.76
2021-09-18T20:00:02.515Z,-USD,000001.003,000001.004,000001.002,1510084.65,000001.004,54391120.05
2021-09-18T21:00:02.121Z,-USD,000001.004,000001.004,000001.002,1513451.41,000001.003,54405331.12
2021-09-18T22:00:02.335Z,-USD,000001.003,000001.004,000001.002,1544726.29,000001.004,54458525.34
2021-09-18T23:00:01.768Z,-USD,000001.004,000001.004,000001.002,1543658.63,000001.004,54475913.08
2021-09-19T00:00:02.394Z,-USD,000001.004,000001.004,000001.002,1558092.81,000001.003,54554984.77
2021-09-19T01:00:02.002Z,-USD,000001.003,000001.004,000001.002,1529280.04,000001.003,52826282.04
2021-09-19T02:00:02.019Z,-USD,000001.003,000001.004,000001.002,1574872.98,000001.003,52902191.64
2021-09-19T03:00:02.664Z,-USD,000001.003,000001.004,000001.002,01490372.5,000001.003,52916513.0
2021-09-19T04:00:02.654Z,-USD,000001.003,000001.004,000001.002,1562841.32,000001.004,53006036.45
2021-09-19T05:00:02.407Z,-USD,000001.003,000001.004,000001.002,1575583.21,000001.003,53021848.51
2021-09-19T06:00:02.187Z,-USD,000001.003,000001.004,000001.002,1499983.94,000001.004,53024536.56
2021-09-19T07:00:02.005Z,-USD,000001.004,000001.004,000001.002,1521314.38,000001.003,53057210.32
2021-09-19T08:00:02.143Z,-USD,000001.004,000001.004,000001.002,1415598.36,000001.004,53069785.37
2021-09-19T09:00:01.925Z,-USD,000001.004,000001.004,000001.002,01409220.0,000001.003,53070663.61
2021-09-19T10:00:01.868Z,-USD,000001.004,000001.004,000001.002,0949265.93,000001.004,53083480.8
2021-09-19T11:00:02.48Z,-USD,000001.004,000001.004,000001.002,0948971.53,000001.004,53086745.89
2021-09-19T12:00:02.523Z,-USD,000001.004,000001.004,000001.002,0951274.44,000001.004,53104092.7
2021-09-19T13:00:02.684Z,-USD,000001.003,000001.004,000001.002,0951263.38,000001.003,53112030.96
2021-09-19T14:00:02.607Z,-USD,000001.003,000001.004,000001.003,0684246.99,000001.003,53122426.11
2021-09-19T15:00:02.684Z,-USD,000001.004,000001.004,000001.003,00685121.1,000001.003,53136547.41
2021-09-19T16:00:02.634Z,-USD,000001.004,000001.004,000001.003,0704166.69,000001.003,53175908.29
2021-09-19T17:00:02.62Z,-USD,000001.003,000001.004,000001.003,0680668.32,000001.003,53231258.31
2021-09-19T18:00:01.7Z,-USD,000001.003,000001.004,000001.003,0674484.01,000001.004,53255899.66
2021-09-19T19:00:01.839Z,-USD,000001.003,000001.004,000001.003,00693677.6,000001.003,53304456.2
2021-09-19T20:00:01.841Z,-USD,000001.003,000001.004,000001.003,0732821.29,000001.004,53374966.63
2021-09-19T21:00:02.299Z,-USD,000001.003,000001.004,000001.003,0746801.82,000001.004,53412920.04
2021-09-19T22:00:02.24Z,-USD,000001.004,000001.004,000001.003,00722954.0,000001.004,53432599.76
2021-09-19T23:00:02.396Z,-USD,000001.004,000001.004,000001.003,0735349.42,000001.004,53466691.67
2021-09-20T00:00:01.696Z,-USD,000001.003,000001.005,000001.003,0782497.87,000001.004,53588514.1
2021-09-20T01:00:01.876Z,-USD,000001.003,000001.005,000001.003,0796508.29,000001.004,52863089.35
2021-09-20T02:00:02.151Z,-USD,000001.004,000001.005,000001.003,0737638.06,000001.003,52879871.03
2021-09-20T03:00:02.274Z,-USD,000001.004,000001.005,000001.003,0774148.94,000001.003,52930377.71
2021-09-20T04:00:02.153Z,-USD,000001.004,000001.005,000001.003,0735184.13,000001.004,52989654.64
2021-09-20T05:00:01.965Z,-USD,000001.003,000001.005,000001.003,0817491.55,000001.003,53079076.48
2021-09-20T06:00:01.919Z,-USD,000001.004,000001.005,000001.003,0886756.88,000001.003,53151993.58
2021-09-20T07:00:02.042Z,-USD,000001.003,000001.005,000001.003,0875316.77,000001.003,53177171.46
2021-09-20T08:00:02.121Z,-USD,000001.003,000001.005,000001.002,01255269.3,000001.003,53564771.2
2021-09-20T09:00:01.892Z,-USD,000001.003,000001.005,000001.002,1296332.14,000001.003,53606786.92
2021-09-20T10:00:01.701Z,-USD,000001.004,000001.005,000001.002,1331122.24,000001.004,53654318.6
2021-09-20T11:00:02.361Z,-USD,000001.003,000001.005,000001.001,1558837.24,000001.002,53886019.84
2021-09-20T12:00:02.361Z,-USD,000001.004,000001.005,000001.001,1716933.89,000001.003,54060891.02
2021-09-20T13:00:02.403Z,-USD,000001.003,000001.005,000001.001,01885777.9,000001.003,54237821.66
2021-09-20T14:00:02.73Z,-USD,000001.004,000001.005,000001.001,1990230.55,000001.002,54352377.28
2021-09-20T15:00:01.832Z,-USD,000001.003,000001.005,000001.001,2088659.79,000001.003,54465066.3
2021-09-20T16:00:02.357Z,-USD,000001.004,000001.005,000001.001,2188700.59,000001.002,54604332.36
2021-09-20T17:00:02.536Z,-USD,000001.003,000001.005,000001.001,2166627.36,000001.002,54637805.67
2021-09-20T18:00:02.544Z,-USD,000001.003,000001.005,000001.001,2209377.48,000001.003,54709800.99
2021-09-20T19:00:02.469Z,-USD,000001.003,000001.005,000001.001,2800502.09,000001.002,55345448.84
2021-09-20T20:00:02.434Z,-USD,000001.004,000001.005,000001.001,2858897.09,000001.003,55473857.64
2021-09-20T21:00:02.46Z,-USD,000001.004,000001.005,000001.001,2860926.17,000001.003,55513583.06
2021-09-20T22:00:02.44Z,-USD,000001.004,000001.005,000001.001,2954986.72,000001.002,55627329.31
2021-09-20T23:00:02.52Z,-USD,000001.004,000001.005,00000001.0,3030040.31,00000001.0,55736757.13
2021-09-21T00:00:02.956Z,-USD,000001.003,000001.005,00000001.0,2974246.44,000001.001,55802515.22
2021-09-21T01:00:02.191Z,-USD,000001.003,000001.005,00000001.0,3075064.04,00000001.0,55169679.58
2021-09-21T02:00:01.777Z,-USD,000001.004,000001.005,00000001.0,3169113.31,000001.002,55284179.98
2021-09-21T03:00:02.103Z,-USD,000001.004,000001.005,00000001.0,3244519.73,00000001.0,55408219.9
2021-09-21T04:00:02.34Z,-USD,000001.003,000001.005,00000001.0,3226276.91,00000001.0,55447359.44
2021-09-21T05:00:02.612Z,-USD,000001.004,000001.004,00000001.0,3252494.45,000001.001,55563000.4
2021-09-21T06:00:02.518Z,-USD,000001.003,000001.004,00000001.0,3240485.78,000001.001,55624025.69
2021-09-21T07:00:02.272Z,-USD,000001.003,000001.004,00000001.0,3268316.98,000001.001,55677413.81
2021-09-21T08:00:02.419Z,-USD,000001.003,000001.004,00000001.0,2900469.98,000001.001,55696696.57
2021-09-21T09:00:02.545Z,-USD,000001.003,000001.004,00000001.0,2881856.57,00000001.0,55720104.42
2021-09-21T10:00:02.395Z,-USD,000001.003,000001.004,00000001.0,2837032.92,00000001.0,55723168.06
2021-09-21T11:00:02.6Z,-USD,000001.003,000001.003,00000001.0,02656614.3,00000001.0,55774063.51
2021-09-21T12:00:02.507Z,-USD,000001.002,000001.003,00000001.0,02510614.7,000001.002,55811625.16
2021-09-21T13:00:02.679Z,-USD,000001.002,000001.003,00000001.0,2385338.54,000001.001,55855114.34
2021-09-21T14:00:01.857Z,-USD,000001.002,000001.003,00000001.0,2291356.22,00000001.0,55877289.28
2021-09-21T15:00:02.144Z,-USD,000001.003,000001.003,00000001.0,2192082.77,000001.001,55903169.19
2021-09-21T16:00:02.617Z,-USD,000001.002,000001.003,00000001.0,2111701.59,00000001.0,55947608.12
2021-09-21T17:00:03.462Z,-USD,000001.002,000001.003,00000001.0,2135355.63,000001.002,56004591.65
2021-09-21T18:00:01.824Z,-USD,000001.003,000001.003,00000001.0,2096836.19,000001.002,56038077.99
2021-09-21T19:00:02.438Z,-USD,000001.001,000001.003,00000001.0,1489797.89,000001.001,56070137.21
2021-09-21T20:00:02.298Z,-USD,000001.002,000001.003,00000001.0,01462800.5,000001.002,56168093.51
2021-09-21T21:00:01.766Z,-USD,000001.003,000001.003,00000001.0,1490887.22,000001.002,56235899.15
2021-09-21T22:00:02.225Z,-USD,000001.002,000001.002,00000001.0,1568632.92,000001.002,56427498.47
2021-09-21T23:00:02.124Z,-USD,00000001.0,000001.002,00000001.0,1532913.53,000001.001,56501147.18
2021-09-22T00:00:02.323Z,-USD,000001.001,000001.002,00000001.0,1499429.57,000001.002,56591609.99
2021-09-22T01:00:02.686Z,-USD,000001.001,000001.002,00000001.0,1441574.49,000001.002,55597545.41
2021-09-22T02:00:01.838Z,-USD,000001.002,000001.002,00000001.0,1395587.99,000001.001,55665905.64
2021-09-22T03:00:02.496Z,-USD,00000001.0,000001.002,00000001.0,01337386.9,000001.001,55731748.77
2021-09-22T04:00:01.855Z,-USD,00000001.0,000001.002,00000001.0,1359384.48,000001.002,55793977.47
2021-09-22T05:00:01.961Z,-USD,00000001.0,000001.002,00000001.0,1303771.83,000001.002,55853102.11
2021-09-22T06:00:02.356Z,-USD,00000001.0,000001.002,00000001.0,1260894.56,000001.001,55872228.57
2021-09-22T07:00:02.359Z,-USD,00000001.0,000001.002,00000001.0,1208185.39,000001.002,55874644.75
2021-09-22T08:00:02.458Z,-USD,000001.001,000001.002,00000001.0,1212961.79,000001.001,55896966.63
2021-09-22T09:00:03.657Z,-USD,000001.001,000001.003,00000001.0,1308815.84,000001.003,56015063.22
2021-09-22T10:00:01.805Z,-USD,000001.001,000001.003,00000001.0,1314721.45,000001.002,56024095.62
2021-09-22T11:00:02.368Z,-USD,00000001.0,000001.003,00000001.0,1284946.07,000001.002,56046099.62
2021-09-22T12:00:02.378Z,-USD,000001.001,000001.003,00000001.0,1256892.49,000001.003,56055151.05
2021-09-22T13:00:02.638Z,-USD,00000001.0,000001.003,00000001.0,1233335.64,000001.002,56074642.77
2021-09-22T14:00:01.835Z,-USD,000001.001,000001.003,00000001.0,1218821.91,000001.003,56082428.71
2021-09-22T15:00:01.945Z,-USD,000001.001,000001.003,00000001.0,1364706.94,000001.001,56254479.97
2021-09-22T16:00:02.268Z,-USD,000001.001,000001.003,00000001.0,1510929.99,000001.001,56444673.4
2021-09-22T17:00:02.156Z,-USD,000001.002,000001.003,000001.001,01485103.4,000001.001,56475863.8
2021-09-22T18:00:02.557Z,-USD,000001.002,000001.003,000001.001,1476571.54,000001.001,56501534.69
2021-09-22T19:00:02.158Z,-USD,000001.002,000001.003,000001.001,1864829.18,000001.002,56921323.4
2021-09-22T20:00:02.676Z,-USD,000001.001,000001.003,000001.001,1808913.11,000001.002,56963142.14
2021-09-22T21:00:01.933Z,-USD,000001.001,000001.003,000001.001,1774522.47,000001.002,56996681.04
2021-09-22T22:00:02.514Z,-USD,000001.001,000001.003,000001.001,1595255.69,000001.002,57010991.08
2021-09-22T23:00:02.005Z,-USD,000001.002,000001.003,000001.001,1544425.98,000001.002,57031720.69
2021-09-23T00:00:03.545Z,-USD,000001.002,000001.003,000001.001,1486925.56,000001.001,57064671.87
2021-09-23T01:00:02.49Z,-USD,000001.002,000001.003,000001.001,1437978.01,000001.002,54848357.97
2021-09-23T02:00:02.357Z,-USD,000001.002,000001.003,000001.001,1419467.21,000001.002,54859634.6
2021-09-23T03:00:02.712Z,-USD,000001.002,000001.003,000001.001,01361037.5,000001.001,54867009.11
2021-09-23T04:00:01.926Z,-USD,000001.002,000001.003,000001.001,1314558.19,000001.001,54882432.86
2021-09-23T05:00:02.221Z,-USD,000001.002,000001.003,000001.001,1278476.22,000001.001,54905548.72
2021-09-23T06:00:02.32Z,-USD,000001.002,000001.003,000001.001,1282069.92,000001.001,54928571.97
2021-09-23T07:00:03.134Z,-USD,000001.002,000001.003,000001.001,1285711.55,000001.002,54934679.14
2021-09-23T08:00:02.122Z,-USD,000001.001,000001.003,000001.001,1268645.06,000001.002,54939739.21
2021-09-23T09:00:02.3Z,-USD,000001.002,000001.003,000001.001,01165098.0,000001.002,54954052.9
2021-09-23T10:00:02.464Z,-USD,000001.002,000001.003,000001.001,1167962.71,000001.001,54966272.7
2021-09-23T11:00:05.825Z,-USD,000001.002,000001.003,00000001.0,1500990.44,000001.001,55320999.44
2021-09-23T12:00:02.063Z,-USD,000001.003,000001.003,00000001.0,01495878.8,00000001.0,55326365.62
2021-09-23T13:00:02.551Z,-USD,000001.002,000001.003,00000001.0,1487493.32,00000001.0,55337820.01
2021-09-23T14:00:01.849Z,-USD,000001.002,000001.003,00000001.0,1497069.43,000001.002,55353423.23
2021-09-23T15:00:02.469Z,-USD,000001.002,000001.003,00000001.0,1443671.24,000001.001,55472048.98
2021-09-23T16:00:01.835Z,-USD,000001.001,000001.003,00000001.0,01511688.0,000001.001,55730251.3
2021-09-23T17:00:02.388Z,-USD,000001.001,000001.003,00000001.0,1505451.99,000001.001,55755790.07
2021-09-23T18:00:01.982Z,-USD,000001.002,000001.003,00000001.0,1621075.86,000001.001,55896501.65
2021-09-23T19:00:01.805Z,-USD,000001.002,000001.002,00000001.0,01240180.1,000001.002,55938003.59
2021-09-23T20:00:02.516Z,-USD,000001.001,000001.002,00000001.0,1210571.17,000001.001,55947605.03
2021-09-23T21:00:02.25Z,-USD,000001.001,000001.002,00000001.0,1224824.47,000001.002,55995396.31
2021-09-23T22:00:02.175Z,-USD,000001.001,000001.002,00000001.0,1588549.61,000001.001,56373444.97
2021-09-23T23:00:01.951Z,-USD,000001.001,000001.002,00000001.0,1601925.07,000001.001,56412146.96
2021-09-24T00:00:02.48Z,-USD,000001.002,000001.002,00000001.0,1613103.25,000001.001,56451736.15
2021-09-24T01:00:02.228Z,-USD,000001.002,000001.002,00000001.0,1615495.38,000001.001,55019154.91
2021-09-24T02:00:02.084Z,-USD,000001.001,000001.002,00000001.0,1625787.55,00000001.0,55040615.24
2021-09-24T03:00:01.973Z,-USD,000001.001,000001.002,00000001.0,1623508.16,000001.001,55045615.89
2021-09-24T04:00:02.45Z,-USD,000001.002,000001.002,00000001.0,1619473.32,000001.001,55057037.43
2021-09-24T05:00:02.206Z,-USD,000001.002,000001.002,00000001.0,1609630.75,00000001.0,55070282.2
2021-09-24T06:00:02.643Z,-USD,000001.002,000001.002,00000001.0,01987391.4,000001.002,55471069.15
2021-09-24T07:00:02.623Z,-USD,000001.002,000001.002,00000001.0,1985909.59,000001.002,55475710.45
2021-09-24T08:00:01.884Z,-USD,000001.002,000001.002,00000001.0,1982829.09,000001.002,55477726.09
2021-09-24T09:00:02.126Z,-USD,000001.002,000001.002,00000001.0,2014942.42,00000001.0,55524116.55
2021-09-24T10:00:02.248Z,-USD,000001.001,000001.002,00000001.0,2073484.88,000001.001,55595112.55
2021-09-24T11:00:02.663Z,-USD,000001.001,000001.005,00000001.0,1835685.24,000001.003,55712153.02
2021-09-24T12:00:02.133Z,-USD,00000001.0,000001.005,00000001.0,2051245.62,00000001.0,55932722.99
2021-09-24T13:00:02.817Z,-USD,000001.001,000001.005,00000001.0,2415972.94,000001.001,56309081.35
2021-09-24T14:00:02.591Z,-USD,000001.001,000001.005,00000001.0,2474871.43,00000001.0,56383617.82
2021-09-24T15:00:02.124Z,-USD,000001.001,000001.005,00000001.0,2431571.16,000001.001,56458718.1
2021-09-24T16:00:01.961Z,-USD,00000001.0,000001.005,00000001.0,2344144.42,000001.001,56629500.25
2021-09-24T17:00:02.316Z,-USD,000001.001,000001.005,00000001.0,02371954.4,000001.001,56683822.41
2021-09-24T18:00:02.431Z,-USD,000001.002,000001.005,00000001.0,2285286.46,000001.001,56737500.57
2021-09-24T19:00:02.41Z,-USD,000001.002,000001.005,00000001.0,02305082.3,000001.001,56798582.05
2021-09-24T20:00:01.732Z,-USD,000001.001,000001.005,00000001.0,2531177.51,000001.002,57034038.45
2021-09-24T21:00:02.101Z,-USD,000001.002,000001.005,00000001.0,2618776.78,000001.002,57169289.42
2021-09-24T22:00:02.204Z,-USD,00000001.0,000001.005,00000001.0,2315572.33,000001.001,57246121.43
2021-09-24T23:00:01.997Z,-USD,000001.001,000001.005,00000001.0,2486067.45,000001.001,57453317.98
2021-09-25T00:00:02.169Z,-USD,000001.001,000001.005,00000001.0,2605871.66,000001.001,57612751.93
2021-09-25T01:00:02.578Z,-USD,000001.001,000001.005,00000001.0,2605389.37,000001.002,56853651.1
2021-09-25T02:00:01.928Z,-USD,000001.001,000001.005,00000001.0,2642126.68,000001.001,56911706.67
2021-09-25T03:00:01.987Z,-USD,000001.001,000001.005,00000001.0,2683628.81,000001.002,56960331.82
2021-09-25T04:00:02.605Z,-USD,000001.001,000001.005,00000001.0,2708467.95,000001.002,56994442.1
2021-09-25T05:00:02.68Z,-USD,000001.001,000001.005,00000001.0,2717968.86,000001.001,57017359.92
2021-09-25T06:00:02.668Z,-USD,000001.001,000001.005,00000001.0,2341182.76,000001.001,57041187.21
2021-09-25T07:00:01.846Z,-USD,000001.002,000001.005,00000001.0,2350750.07,000001.002,57055417.31
2021-09-25T08:00:01.884Z,-USD,000001.001,000001.005,00000001.0,2363425.88,000001.001,57070144.9
2021-09-25T09:00:02.034Z,-USD,00000001.0,000001.005,00000001.0,2733597.87,000001.001,57486658.5
2021-09-25T10:00:01.83Z,-USD,000001.001,000001.005,00000001.0,2677549.88,00000001.0,57502072.24
2021-09-25T11:00:02.586Z,-USD,000001.003,000001.005,00000001.0,2578837.86,000001.001,57520050.93
2021-09-25T12:00:02.497Z,-USD,00000001.0,000001.003,00000001.0,02486140.1,00000001.0,57648462.0
2021-09-25T13:00:02.182Z,-USD,00000001.0,000001.002,000000.999,2266013.39,000001.002,57804034.33
2021-09-25T14:00:02.678Z,-USD,00000001.0,000001.002,000000.999,2209903.44,000001.001,57822484.82
2021-09-25T15:00:02.678Z,-USD,000001.001,000001.002,000000.999,2230558.56,00000001.0,57918262.6
2021-09-25T16:00:01.769Z,-USD,000001.001,000001.002,000000.999,2082212.14,000001.001,57940702.64
2021-09-25T17:00:02.512Z,-USD,000001.002,000001.002,000000.999,2057217.94,000001.001,57972969.71
2021-09-25T18:00:01.743Z,-USD,000001.002,000001.002,000000.999,2025280.66,00000001.0,57997743.41
2021-09-25T19:00:01.831Z,-USD,000001.002,000001.002,000000.999,1985073.63,00000001.0,58013110.26
2021-09-25T20:00:02.078Z,-USD,000001.001,000001.002,000000.999,1754021.14,00000001.0,58016993.18
2021-09-25T21:00:02.047Z,-USD,000001.001,000001.002,000000.999,1650028.54,000001.002,58048295.13
2021-09-25T22:00:01.967Z,-USD,000001.001,000001.002,000000.999,1633819.73,000001.001,58108904.97
2021-09-25T23:00:02.555Z,-USD,000001.002,000001.002,000000.999,1444305.19,000001.001,58126880.23
2021-09-26T00:00:01.749Z,-USD,000001.002,000001.002,000000.999,1298140.18,000001.002,58139828.46
2021-09-26T01:00:01.825Z,-USD,000001.002,000001.002,000000.999,1361003.18,000001.001,57101999.13
2021-09-26T02:00:02.1Z,-USD,000001.001,000001.002,000000.999,1308730.39,000001.001,57106915.38
2021-09-26T03:00:01.99Z,-USD,000001.001,000001.002,000000.999,1409298.56,00000001.0,57256114.13
2021-09-26T04:00:02.515Z,-USD,000001.001,000001.002,000000.999,1401314.97,000001.001,57282536.7
2021-09-26T05:00:01.75Z,-USD,000001.002,000001.002,000000.999,01379710.3,00000001.0,57285420.36
2021-09-26T06:00:02.535Z,-USD,000001.001,000001.002,000000.999,1360685.73,00000001.0,57288505.68
2021-09-26T07:00:02.664Z,-USD,000001.002,000001.002,000000.999,1389860.88,00000001.0,57331774.08
2021-09-26T08:00:02.631Z,-USD,000001.002,000001.002,000000.999,01425152.0,000000.999,57383736.81
2021-09-26T09:00:02.674Z,-USD,00000001.0,000001.002,000000.999,1052538.56,000000.999,57425681.49
2021-09-26T10:00:01.845Z,-USD,00000001.0,000001.002,000000.999,1230003.91,000001.001,57618823.03
2021-09-26T11:00:01.798Z,-USD,000001.001,000001.002,000000.999,1245775.01,00000001.0,57652312.9
2021-09-26T12:00:02.079Z,-USD,00000001.0,000001.002,000000.999,1134337.69,00000001.0,57669427.11
2021-09-26T13:00:02.198Z,-USD,000001.002,000001.002,000000.999,1071418.73,000001.002,57761935.16
2021-09-26T14:00:02.218Z,-USD,00000001.0,000001.002,000000.999,1101017.91,000001.001,57810042.6
2021-09-26T15:00:02.375Z,-USD,000001.001,000001.002,000000.999,1160583.26,000001.002,57965328.48
2021-09-26T16:00:02.518Z,-USD,00000001.0,000001.002,000000.999,1164731.61,000001.002,57992297.11
2021-09-26T17:00:02.496Z,-USD,000001.002,000001.002,000000.999,1164283.28,000001.001,58023990.19
2021-09-26T18:00:01.767Z,-USD,000001.001,000001.002,000000.999,1172250.86,000001.002,58057641.47
2021-09-26T19:00:01.978Z,-USD,000001.001,000001.002,000000.999,1228344.67,000001.001,58127964.29
2021-09-26T20:00:02.12Z,-USD,000001.001,000001.002,000000.999,1358867.75,000001.001,58262342.45
2021-09-26T21:00:02.114Z,-USD,000001.002,000001.002,000000.999,1339308.48,000001.002,58274129.86
2021-09-26T22:00:02.208Z,-USD,00000001.0,000001.002,000000.999,1287106.12,000001.002,58282571.31
2021-09-26T23:00:02.421Z,-USD,000001.001,000001.002,000000.999,1280956.88,000001.001,58294317.16
2021-09-27T00:00:02.585Z,-USD,000001.002,000001.002,000000.999,1335174.38,000001.002,58361488.95
2021-09-27T01:00:01.792Z,-USD,000001.001,000001.002,000000.999,1277013.69,000001.002,58034725.29
2021-09-27T02:00:01.815Z,-USD,00000001.0,000001.002,000000.999,1359008.95,000001.001,58122112.65
2021-09-27T03:00:01.926Z,-USD,00000001.0,000001.002,000000.999,1282398.78,000001.002,58195234.07
2021-09-27T04:00:02.541Z,-USD,000001.001,000001.002,000000.999,1274089.27,000001.002,58212525.39
2021-09-27T05:00:02.144Z,-USD,00000001.0,000001.002,000000.999,1275629.04,000001.002,58216763.81
2021-09-27T06:00:02.117Z,-USD,000001.001,000001.002,000000.999,1286832.36,000001.001,58231628.2
2021-09-27T07:00:02.227Z,-USD,00000001.0,000001.002,000000.999,1283170.01,000001.001,58270937.19
2021-09-27T08:00:02.214Z,-USD,00000001.0,000001.002,000000.999,1238886.44,000001.001,58278912.37
2021-09-27T09:00:02.262Z,-USD,000000.999,000001.002,000000.999,1216463.82,00000001.0,58298135.41
2021-09-27T10:00:02.303Z,-USD,000001.001,000001.002,00000001.0,1045598.84,000001.002,58320245.71
2021-09-27T11:00:01.866Z,-USD,000001.001,000001.002,00000001.0,1031316.46,000001.001,58339346.88
2021-09-27T12:00:01.882Z,-USD,00000001.0,000001.002,00000001.0,1029112.54,00000001.0,58354249.24
2021-09-27T13:00:02.11Z,-USD,000001.002,000001.002,00000001.0,0984907.84,00000001.0,58402563.13
2021-09-27T14:00:02.199Z,-USD,000001.002,000001.002,00000001.0,0988779.28,000001.001,58455554.28
2021-09-27T15:00:02.738Z,-USD,000001.002,000001.002,00000001.0,1039104.55,000001.001,58660142.69
2021-09-27T16:00:02.049Z,-USD,000001.001,000001.002,00000001.0,1099822.47,000001.001,58747857.37
2021-09-27T17:00:02.063Z,-USD,000001.001,000001.002,00000001.0,1127650.13,00000001.0,58807358.68
2021-09-27T18:00:02.964Z,-USD,000001.001,000001.002,00000001.0,1313532.86,000001.002,59027084.42
2021-09-27T19:00:02.296Z,-USD,000001.002,000001.002,00000001.0,1299312.93,000001.001,59083052.13
2021-09-27T20:00:02.256Z,-USD,000001.002,000001.002,00000001.0,1214327.68,000001.001,59132380.94
2021-09-27T21:00:02.424Z,-USD,000001.001,000001.002,00000001.0,1248535.32,000001.001,59178393.36
2021-09-27T22:00:02.669Z,-USD,000001.001,000001.002,00000001.0,1258797.02,000001.001,59197154.17
2021-09-27T23:00:01.766Z,-USD,000001.001,000001.002,00000001.0,1265898.34,000001.001,59217161.78
2021-09-28T00:00:02.209Z,-USD,000001.001,000001.002,00000001.0,1206151.77,000001.001,59223351.28
2021-09-28T01:00:02.458Z,-USD,000001.002,000001.002,00000001.0,1216384.57,00000001.0,58325835.08
2021-09-28T02:00:01.85Z,-USD,000001.001,000001.002,00000001.0,1140515.72,00000001.0,58337363.28
2021-09-28T03:00:01.975Z,-USD,000001.002,000001.002,00000001.0,1213188.13,00000001.0,58483618.41
2021-09-28T04:00:02.216Z,-USD,000001.002,000001.002,00000001.0,1233225.08,00000001.0,58520505.46
2021-09-28T05:00:01.939Z,-USD,000001.001,000001.002,00000001.0,01241042.4,000001.001,58532530.65
2021-09-28T06:00:02.042Z,-USD,000001.001,000001.002,00000001.0,1232680.03,00000001.0,58539044.38
2021-09-28T07:00:02.341Z,-USD,000001.001,000001.002,00000001.0,1206132.58,000001.001,58551822.59
2021-09-28T08:00:02.528Z,-USD,000001.001,000001.002,00000001.0,1202547.94,000001.001,58556184.92
2021-09-28T09:00:02.378Z,-USD,000001.001,000001.002,00000001.0,1180144.25,000001.001,58568414.85
2021-09-28T10:00:02.386Z,-USD,000001.001,000001.002,00000001.0,01180199.0,00000001.0,58578616.64
2021-09-28T11:00:02.074Z,-USD,00000001.0,000001.002,00000001.0,1169246.24,000001.001,58583319.62
2021-09-28T12:00:02.338Z,-USD,000001.001,000001.002,00000001.0,01162287.0,000001.001,58611159.5
2021-09-28T13:00:02.449Z,-USD,000001.001,000001.002,00000001.0,1142218.34,00000001.0,58619774.67
2021-09-28T14:00:02.665Z,-USD,000001.001,000001.002,00000001.0,1103187.47,000001.001,58633530.47
2021-09-28T15:00:01.936Z,-USD,000001.001,000001.004,00000001.0,1466716.94,000001.001,59201594.82
2021-09-28T16:00:02.569Z,-USD,000001.001,000001.004,00000001.0,1515323.31,000001.001,59338773.24
2021-09-28T17:00:02.866Z,-USD,000001.001,000001.004,00000001.0,1496894.08,00000001.0,59378983.85
2021-09-28T18:00:02.31Z,-USD,000001.002,000001.004,00000001.0,1317381.04,00000001.0,59420722.91
2021-09-28T19:00:02.452Z,-USD,00000001.0,000001.004,00000001.0,1470248.83,000001.001,59628140.55
2021-09-28T20:00:02.524Z,-USD,00000001.0,000001.004,00000001.0,1455530.02,00000001.0,59662660.21
2021-09-28T21:00:02.277Z,-USD,00000001.0,000001.004,00000001.0,1666110.43,00000001.0,59919229.57
2021-09-28T22:00:01.703Z,-USD,00000001.0,000001.004,00000001.0,1663700.06,00000001.0,59935676.9
2021-09-28T23:00:02.446Z,-USD,00000001.0,000001.004,00000001.0,1658778.02,000001.001,59950666.06
2021-09-29T00:00:02.799Z,-USD,000001.001,000001.004,00000001.0,1664051.66,000001.002,59962899.46
2021-09-29T01:00:02.151Z,-USD,00000001.0,000001.004,00000001.0,1676745.77,000001.001,58822336.04
2021-09-29T02:00:01.875Z,-USD,000001.001,000001.004,00000001.0,1672371.51,00000001.0,58830526.21
2021-09-29T03:00:02.624Z,-USD,000001.001,000001.004,00000001.0,1532943.08,000001.001,58839286.12
2021-09-29T04:00:02.225Z,-USD,000001.001,000001.004,00000001.0,1506305.06,00000001.0,58846335.89
2021-09-29T05:00:01.856Z,-USD,00000001.0,000001.004,00000001.0,1517802.39,00000001.0,58869864.82
2021-09-29T06:00:02.48Z,-USD,00000001.0,000001.004,00000001.0,1515868.12,00000001.0,58874612.65
2021-09-29T07:00:02.046Z,-USD,000001.001,000001.004,00000001.0,1506425.02,00000001.0,58877918.91
2021-09-29T08:00:02.639Z,-USD,000001.001,000001.004,00000001.0,01512799.4,00000001.0,58888571.09
2021-09-29T09:00:02.32Z,-USD,000001.001,000001.004,00000001.0,1705428.69,000001.001,59093706.72
2021-09-29T10:00:02.706Z,-USD,000001.001,000001.004,00000001.0,1707226.16,000001.001,59106289.49
2021-09-29T11:00:03.436Z,-USD,00000001.0,000001.004,00000001.0,1781246.74,00000001.0,59184613.33
2021-09-29T12:00:02.427Z,-USD,00000001.0,000001.004,00000001.0,1759651.94,000001.001,59190313.44
2021-09-29T13:00:02.041Z,-USD,00000001.0,000001.004,00000001.0,1757548.48,000001.001,59196797.89
2021-09-29T14:00:02.192Z,-USD,000001.002,000001.004,00000001.0,1771404.16,00000001.0,59224453.71
2021-09-29T15:00:02.089Z,-USD,00000001.0,000001.004,00000001.0,1212477.47,000001.001,59234594.83
2021-09-29T16:00:01.756Z,-USD,000001.001,000001.004,00000001.0,1383269.73,00000001.0,59541737.03
2021-09-29T17:00:02.569Z,-USD,00000001.0,000001.004,00000001.0,1356891.36,000001.001,59555430.42
2021-09-29T18:00:02.127Z,-USD,00000001.0,000001.004,00000001.0,1806959.88,000001.001,60047159.19
2021-09-29T19:00:01.734Z,-USD,00000001.0,000001.004,00000001.0,1606625.59,000001.001,60054410.94
2021-09-29T20:00:02.534Z,-USD,00000001.0,000001.004,00000001.0,1587314.77,00000001.0,60071224.29
2021-09-29T21:00:02.245Z,-USD,000001.001,000001.003,00000001.0,1344173.76,00000001.0,60082877.67
2021-09-29T22:00:02.118Z,-USD,00000001.0,000001.003,00000001.0,1343973.31,00000001.0,60099122.61
2021-09-29T23:00:02.473Z,-USD,00000001.0,000001.003,00000001.0,1489789.42,00000001.0,60262650.12
2021-09-30T20:00:24.953Z,-USD,00000001.0,000001.002,000000.997,1120657.53,00000001.0,59505604.32
2021-09-30T21:00:01.877Z,-USD,000001.001,000001.002,000000.997,1231546.81,000000.999,59628144.98
2021-09-30T22:00:01.971Z,-USD,000001.001,000001.002,000000.997,1233118.14,000000.999,59645999.31
2021-09-30T23:00:01.898Z,-USD,00000001.0,000001.001,000000.997,1146760.14,00000001.0,59723184.48
2021-10-01T00:00:02.236Z,-USD,000001.001,000001.001,000000.997,1150903.17,00000001.0,59751012.07
2021-10-01T01:00:02.43Z,-USD,00000001.0,000001.001,000000.997,1164015.21,000001.001,57022176.63
2021-10-01T02:00:01.807Z,-USD,000001.001,000001.001,000000.997,1178565.86,000001.001,57046877.2
2021-10-01T03:00:02.143Z,-USD,000001.001,000001.001,000000.997,01186717.4,000000.999,57085284.99
2021-10-01T04:00:01.981Z,-USD,000001.001,000001.001,000000.997,1163384.75,000000.999,57097289.57
2021-10-01T05:00:01.806Z,-USD,000001.001,000001.001,000000.997,1140046.57,000001.001,57108267.54
2021-10-01T06:00:01.719Z,-USD,00000001.0,000001.001,000000.997,1108743.55,000001.001,57111489.81
2021-10-01T07:00:02.628Z,-USD,00000001.0,000001.001,000000.997,01105042.0,00000001.0,57115467.66
2021-10-01T08:00:02.645Z,-USD,000001.001,000001.001,000000.997,1101835.62,000001.001,57131203.21
2021-10-01T09:00:02.609Z,-USD,00000001.0,000001.001,000000.997,1069143.19,000001.001,57134696.07
2021-10-01T10:00:02.404Z,-USD,000000.999,000001.001,000000.997,0916172.81,000001.001,57168416.84
2021-10-01T11:00:02.164Z,-USD,00000001.0,000001.001,000000.997,1004112.05,000001.001,57260080.07
2021-10-01T12:00:02.314Z,-USD,00000001.0,000001.001,000000.997,1043568.33,00000001.0,57315027.21
2021-10-01T13:00:02.328Z,-USD,000000.999,000001.002,000000.997,1474594.71,000001.001,57792257.78
2021-10-01T14:00:02.419Z,-USD,00000001.0,000001.002,000000.997,1496426.21,000001.001,57845463.6
2021-10-01T15:00:02.422Z,-USD,000000.999,000001.002,000000.997,1524642.75,000001.002,57885861.43
2021-10-01T16:00:02.633Z,-USD,00000001.0,000001.002,000000.999,1376486.37,000001.001,57954939.93
2021-10-01T17:00:01.817Z,-USD,00000001.0,000001.002,000000.999,1505772.28,000001.001,58141359.4
2021-10-01T18:00:02.137Z,-USD,00000001.0,000001.003,000000.999,1718906.93,000001.002,58361046.39
2021-10-01T19:00:02.528Z,-USD,000000.999,000001.003,000000.999,1763188.91,000001.002,58482652.05
2021-10-01T20:00:02.642Z,-USD,00000001.0,000001.003,000000.999,1774463.31,000001.001,58557905.08
2021-10-01T21:00:01.797Z,-USD,00000001.0,000001.003,000000.999,1787903.72,000001.002,58671861.56
2021-10-01T22:00:01.864Z,-USD,00000001.0,000001.003,000000.999,1814304.36,000001.001,58707151.44
2021-10-01T23:00:01.744Z,-USD,000000.999,000001.003,000000.999,1880225.47,000001.002,58850314.14
2021-10-02T00:00:02.671Z,-USD,00000001.0,000001.003,000000.999,1883790.32,000001.001,58881720.78
2021-10-02T01:00:02.583Z,-USD,00000001.0,000001.003,000000.999,1898728.56,000001.002,56384636.35
2021-10-02T02:00:01.75Z,-USD,000001.001,000001.003,000000.999,1902733.72,000001.001,56413576.93
2021-10-02T03:00:01.917Z,-USD,000000.999,000001.003,000000.999,1920168.75,000001.001,56469191.89
2021-10-02T04:00:02.267Z,-USD,00000001.0,000001.003,000000.999,1937012.65,000001.002,56498040.39
2021-10-02T05:00:01.935Z,-USD,00000001.0,000001.003,000000.999,1934319.99,000001.001,56506421.79
2021-10-02T06:00:02.018Z,-USD,000001.001,000001.003,000000.999,1956578.52,000001.001,56532074.91
2021-10-02T07:00:02.099Z,-USD,000001.001,000001.003,000000.999,1960983.73,000001.001,56540181.04
2021-10-02T08:00:01.754Z,-USD,000001.001,000001.003,000000.999,1952680.47,000001.001,56547818.54
2021-10-02T09:00:02.683Z,-USD,00000001.0,000001.003,000000.999,01953234.4,000001.002,56551665.39
2021-10-02T10:00:02.272Z,-USD,00000001.0,000001.003,000000.999,1939395.09,000001.001,56571779.65
2021-10-02T11:00:02.409Z,-USD,00000001.0,000001.003,000000.999,1852919.37,000001.002,56576728.67
2021-10-02T12:00:02.429Z,-USD,000001.001,000001.003,000000.999,1831050.71,000001.002,56609836.65
2021-10-02T13:00:02.295Z,-USD,000001.002,000001.003,00000001.0,1396076.17,000001.001,56652606.85
2021-10-02T14:00:02.394Z,-USD,000001.002,000001.003,00000001.0,1436095.11,000001.001,56745492.53
2021-10-02T15:00:02.37Z,-USD,000001.002,000001.003,00000001.0,1637103.16,000001.002,56990698.91
2021-10-02T16:00:02.284Z,-USD,00000001.0,000001.003,00000001.0,1593940.74,000001.002,57019700.92
2021-10-02T17:00:01.853Z,-USD,000001.001,000001.003,00000001.0,1688402.91,000001.001,57294476.83
2021-10-02T18:00:01.996Z,-USD,000001.002,000001.003,00000001.0,1537810.75,000001.002,57362595.83
2021-10-02T19:00:03.21Z,-USD,000001.002,000001.003,00000001.0,1484491.35,000001.002,57456658.24
2021-10-02T20:00:02.449Z,-USD,000001.002,000001.003,00000001.0,1489495.59,000001.001,57511178.76
2021-10-02T21:00:02.484Z,-USD,000001.001,000001.003,00000001.0,1463281.53,000001.002,57598882.03
2021-10-02T22:00:02.619Z,-USD,000001.002,000001.003,00000001.0,1456298.69,000001.001,57627188.28
2021-10-02T23:00:02.232Z,-USD,000001.001,000001.003,00000001.0,1340204.18,000001.002,57654443.21
2021-10-03T00:00:02.159Z,-USD,000001.002,000001.009,00000001.0,2006979.66,000001.001,58352436.59
2021-10-03T01:00:02.643Z,-USD,000001.001,000001.009,00000001.0,2161834.15,000001.002,57116610.0
2021-10-03T02:00:02.455Z,-USD,000001.001,000001.009,00000001.0,2175376.37,000001.002,57179643.58
2021-10-03T03:00:02.212Z,-USD,000001.001,000001.009,00000001.0,2151219.25,000001.001,57190366.64
2021-10-03T04:00:02.056Z,-USD,000001.002,000001.009,00000001.0,2142727.21,000001.001,57210721.98
2021-10-03T05:00:02.271Z,-USD,000001.002,000001.009,00000001.0,2163376.96,000001.001,57239863.5
2021-10-03T06:00:01.704Z,-USD,000001.001,000001.009,00000001.0,2155990.49,000001.001,57258212.63
2021-10-03T07:00:02.137Z,-USD,000001.002,000001.009,00000001.0,2159465.17,000001.002,57272636.69
2021-10-03T08:00:01.747Z,-USD,000001.001,000001.009,00000001.0,2202944.15,000001.001,57321010.3
2021-10-03T09:00:02.23Z,-USD,000001.001,000001.009,00000001.0,2213637.96,000001.001,57335279.9
2021-10-03T10:00:01.83Z,-USD,000001.002,000001.009,00000001.0,2204269.68,000001.002,57346020.92
2021-10-03T11:00:02.311Z,-USD,000001.002,000001.009,00000001.0,2210225.09,000001.001,57356915.19
2021-10-03T12:00:02.605Z,-USD,000001.002,000001.009,00000001.0,2281967.51,000001.002,57462548.94
2021-10-03T13:00:02.294Z,-USD,000001.002,000001.009,00000001.0,2267860.89,000001.001,57490712.87
2021-10-03T14:00:02.107Z,-USD,000001.001,000001.009,000001.001,2210154.65,000001.002,57530503.43
2021-10-03T15:00:01.771Z,-USD,000001.002,000001.009,000001.001,1993520.99,000001.002,57554267.82
2021-10-03T16:00:02.635Z,-USD,000001.002,000001.009,000001.001,2159551.41,000001.003,57749233.88
2021-10-03T17:00:02.595Z,-USD,000001.002,000001.009,000001.001,2093515.14,000001.001,57958012.57
2021-10-03T18:00:02.164Z,-USD,000001.002,000001.009,000001.001,2085142.24,000001.002,58018001.32
2021-10-03T19:00:02.339Z,-USD,000001.002,000001.009,000001.001,2019597.24,000001.002,58047871.35
2021-10-03T20:00:02.394Z,-USD,000001.002,000001.009,000001.001,1974048.66,000001.002,58055539.69
2021-10-03T21:00:02.153Z,-USD,000001.002,000001.009,000001.001,1921512.82,000001.003,58090351.15
2021-10-03T22:00:02.068Z,-USD,000001.001,000001.009,000001.001,1958632.76,000001.003,58155904.36
2021-10-03T23:00:01.757Z,-USD,000001.002,000001.009,000001.001,2029604.78,000001.002,58256162.32
2021-10-04T00:00:01.766Z,-USD,000001.002,000001.003,000001.001,1509581.78,000001.001,58435456.97
2021-10-04T01:00:01.911Z,-USD,000001.002,000001.003,000001.001,1380803.76,000001.001,57375512.38
2021-10-04T02:00:02.161Z,-USD,000001.002,000001.003,000001.001,1398594.81,000001.001,57455852.14
2021-10-04T03:00:02.437Z,-USD,000001.002,000001.003,000001.001,1478711.96,000001.001,57546736.97
2021-10-04T04:00:02.577Z,-USD,000001.002,000001.003,000001.001,1546646.47,000001.002,57634988.21
2021-10-04T05:00:02.206Z,-USD,000001.002,000001.003,000001.001,1585701.79,000001.001,57703177.1
2021-10-04T06:00:02.478Z,-USD,000001.001,000001.003,000001.001,1617246.67,000001.001,57753071.11
2021-10-04T07:00:02.295Z,-USD,000001.001,000001.003,000001.001,01611823.7,000001.001,57766071.2
2021-10-04T08:00:02.455Z,-USD,000001.001,000001.003,000001.001,1728723.19,000001.001,57927489.0
2021-10-04T09:00:02.365Z,-USD,000001.002,000001.003,000001.001,1728403.81,000001.002,57941299.53
2021-10-04T10:00:02.176Z,-USD,000001.002,000001.003,000001.001,1753299.29,000001.001,57976932.08
2021-10-04T11:00:02.405Z,-USD,000001.002,000001.003,000001.001,01766499.1,000001.001,58004365.98
2021-10-04T12:00:02.181Z,-USD,000001.002,000001.003,000001.001,1680455.83,000001.002,58020762.83
2021-10-04T13:00:03.229Z,-USD,000001.002,000001.003,000001.001,1708632.98,000001.001,58077308.96
2021-10-04T14:00:02.249Z,-USD,000001.001,000001.003,000001.001,01780860.6,000001.002,58199955.12
2021-10-04T15:00:02.514Z,-USD,000001.002,000001.003,000001.001,1996329.11,000001.002,58428324.08
2021-10-04T16:00:01.811Z,-USD,000001.003,000001.003,000001.001,2080582.35,000001.001,58707450.3
2021-10-04T17:00:01.975Z,-USD,000001.002,000001.003,000001.001,1929320.66,000001.002,58764947.95
2021-10-04T18:00:02.628Z,-USD,000001.003,000001.004,000001.001,2479309.65,000001.002,59375474.95
2021-10-04T19:00:02.19Z,-USD,000001.002,000001.004,000001.001,2540271.29,000001.002,59465762.91
2021-10-04T20:00:02.612Z,-USD,000001.002,000001.004,000001.001,02683036.8,000001.001,59616426.57
2021-10-04T21:00:02.314Z,-USD,000001.003,000001.004,00000001.0,3709600.93,000001.002,60677566.87
2021-10-04T22:00:02.616Z,-USD,000001.003,000001.004,00000001.0,03742700.1,000001.002,60778065.52
2021-10-04T23:00:01.945Z,-USD,000001.002,000001.004,00000001.0,3884125.98,000001.002,61017949.05
2021-10-05T00:00:01.829Z,-USD,000001.001,000001.004,00000001.0,3769373.94,000001.002,61082549.66
2021-10-05T01:00:01.97Z,-USD,000001.002,000001.004,00000001.0,3887167.58,000001.003,60469271.15
2021-10-05T02:00:02.235Z,-USD,000001.002,000001.004,00000001.0,3929427.81,000001.001,60592512.14
2021-10-05T03:00:02.364Z,-USD,000001.001,000001.004,00000001.0,3855385.84,000001.002,60612705.12
2021-10-05T04:00:02.384Z,-USD,000001.002,000001.004,00000001.0,3810590.67,000001.001,60652671.09
2021-10-05T05:00:01.837Z,-USD,000001.001,000001.004,00000001.0,3816602.17,000001.002,60727322.33
2021-10-05T06:00:01.692Z,-USD,000001.002,000001.004,00000001.0,3806096.74,000001.001,60765762.43
2021-10-05T07:00:02.624Z,-USD,000001.002,000001.004,00000001.0,3815141.29,000001.002,60787807.74
2021-10-05T08:00:02.359Z,-USD,000001.002,000001.004,00000001.0,3716068.42,000001.002,60850192.54
2021-10-05T09:00:02.454Z,-USD,000001.002,000001.004,00000001.0,03738080.8,000001.002,60885997.62
2021-10-05T10:00:02.347Z,-USD,000001.002,000001.004,00000001.0,3720033.01,000001.001,60903837.61
2021-10-05T11:00:02.138Z,-USD,000001.001,000001.004,00000001.0,3708315.66,000001.001,60919386.15
2021-10-05T12:00:02.334Z,-USD,000001.002,000001.004,00000001.0,3715167.83,000001.001,60942636.77
2021-10-05T13:00:02.277Z,-USD,000001.002,000001.004,00000001.0,3726894.45,000001.001,61010825.84
2021-10-05T14:00:02.345Z,-USD,000001.001,000001.004,00000001.0,3713811.64,000001.002,61120427.62
2021-10-05T15:00:02.507Z,-USD,000001.002,000001.004,00000001.0,4386207.06,000001.002,62022338.75
2021-10-05T16:00:02.682Z,-USD,000001.001,000001.004,00000001.0,4191931.59,000001.001,62120001.2
2021-10-05T17:00:02.625Z,-USD,000001.002,000001.004,00000001.0,4302973.87,000001.002,62289707.95
2021-10-05T18:00:02.044Z,-USD,000001.001,000001.004,00000001.0,3915938.94,000001.002,62499456.39
2021-10-05T19:00:02.356Z,-USD,000001.002,000001.004,00000001.0,3899290.63,000001.001,62572183.13
2021-10-05T20:00:02.651Z,-USD,000001.002,000001.004,00000001.0,3871808.19,000001.001,62795685.55
2021-10-05T21:00:01.92Z,-USD,000001.002,000001.004,00000001.0,3082806.49,00000001.0,62970960.19
2021-10-05T22:00:02.228Z,-USD,000001.001,000001.004,00000001.0,3206425.09,000001.002,63192902.45
2021-10-05T23:00:02.554Z,-USD,000001.001,000001.004,00000001.0,3002004.84,000001.002,63226625.1
2021-10-06T00:00:02.48Z,-USD,000001.002,000001.004,00000001.0,3036989.64,000001.001,63326142.14
2021-10-06T01:00:03.848Z,-USD,000001.002,000001.004,00000001.0,2902558.43,000001.001,62556007.93
2021-10-06T02:00:02.558Z,-USD,000001.002,000001.004,00000001.0,2901546.19,000001.002,62676574.36
2021-10-06T03:00:02.558Z,-USD,000001.001,000001.004,00000001.0,2933654.06,000001.001,62729572.07
2021-10-06T04:00:02.525Z,-USD,000001.001,000001.004,00000001.0,2912848.46,000001.002,62748225.66
2021-10-06T05:00:02.242Z,-USD,000001.002,000001.004,00000001.0,2930445.19,000001.002,62840591.33
2021-10-06T06:00:02.1Z,-USD,000001.001,000001.004,00000001.0,2934711.76,000001.003,62889107.14
2021-10-06T07:00:01.857Z,-USD,000001.002,000001.004,00000001.0,2954605.68,000001.003,62925036.46
2021-10-06T08:00:01.881Z,-USD,000001.001,000001.004,00000001.0,2944093.27,000001.002,62976781.97
2021-10-06T09:00:01.785Z,-USD,000001.002,000001.004,00000001.0,2963509.05,000001.002,63032916.02
2021-10-06T10:00:01.918Z,-USD,000001.002,000001.004,00000001.0,3153096.01,000001.002,63241106.88
2021-10-06T11:00:02.583Z,-USD,000001.001,000001.004,00000001.0,3247412.26,000001.001,63349283.81
2021-10-06T12:00:02.527Z,-USD,000001.001,000001.004,00000001.0,3277882.34,000001.002,63403118.36
2021-10-06T13:00:02.795Z,-USD,000001.001,000001.004,00000001.0,3309830.73,000001.002,63503403.03
2021-10-06T14:00:02.037Z,-USD,000001.002,000001.004,00000001.0,03288899.8,000001.001,63591933.66
2021-10-06T15:00:01.789Z,-USD,000001.002,000001.004,00000001.0,2424758.48,000001.001,63629564.5
2021-10-06T16:00:02.198Z,-USD,000001.001,000001.004,00000001.0,2390720.44,000001.001,63693208.15
2021-10-06T17:00:02.432Z,-USD,000001.002,000001.004,00000001.0,2465773.32,000001.002,63937979.9
2021-10-06T18:00:02.61Z,-USD,000001.001,000001.003,00000001.0,2383429.86,000001.001,64070286.82
2021-10-06T19:00:02.044Z,-USD,000001.001,000001.003,00000001.0,2377479.45,000001.002,64132221.99
2021-10-06T20:00:02.302Z,-USD,000001.002,000001.003,00000001.0,2216211.13,000001.002,64194375.64
2021-10-06T21:00:02.267Z,-USD,000001.001,000001.003,00000001.0,2184186.08,000001.003,64338322.22
2021-10-06T22:00:02.387Z,-USD,000001.002,000001.003,00000001.0,2661846.42,000001.002,65037575.82
2021-10-06T23:00:02.252Z,-USD,000001.002,000001.003,00000001.0,2779244.89,000001.001,65193325.61
2021-10-07T00:00:02.344Z,-USD,000001.001,000001.003,00000001.0,2804112.86,000001.001,65312833.74
2021-10-07T01:00:02.619Z,-USD,000001.003,000001.003,00000001.0,3440049.49,000001.001,59966277.52
2021-10-07T02:00:01.765Z,-USD,000001.002,000001.003,00000001.0,3905111.04,000001.003,60546503.14
2021-10-07T03:00:01.924Z,-USD,000001.001,000001.003,00000001.0,03909983.0,000001.001,60604307.94
2021-10-07T04:00:01.977Z,-USD,000001.002,000001.003,00000001.0,4042569.01,000001.001,60755531.5
2021-10-07T05:00:01.982Z,-USD,000001.002,000001.003,00000001.0,4225616.53,000001.001,61030853.23
2021-10-07T06:00:02.06Z,-USD,000001.003,000001.003,00000001.0,4200009.49,000001.002,61053870.14
2021-10-07T07:00:02.06Z,-USD,000001.002,000001.003,00000001.0,4208617.43,000001.001,61099610.74
2021-10-07T08:00:01.954Z,-USD,000001.002,000001.003,00000001.0,4209569.47,000001.003,61151158.75
2021-10-07T09:00:02.462Z,-USD,000001.001,000001.003,00000001.0,4206042.98,000001.001,61204427.21
2021-10-07T10:00:01.882Z,-USD,000001.001,000001.003,00000001.0,4025861.51,000001.001,61231633.67
2021-10-07T11:00:02.552Z,-USD,000001.001,000001.003,00000001.0,3954286.89,000001.001,61269652.71
2021-10-07T12:00:02.381Z,-USD,000001.001,000001.003,00000001.0,4203045.49,000001.003,61570798.35
2021-10-07T13:00:02.003Z,-USD,000001.001,000001.003,00000001.0,4209361.86,000001.001,61677397.62
2021-10-07T14:00:02.354Z,-USD,000001.002,000001.003,00000001.0,4168468.83,000001.001,61725012.07
2021-10-07T15:00:02.174Z,-USD,000001.002,000001.003,00000001.0,4610429.26,00000001.0,62204625.78
2021-10-07T16:00:02.337Z,-USD,000001.002,000001.003,00000001.0,4926572.68,000001.001,62584564.36
2021-10-07T17:00:02.827Z,-USD,000001.002,000001.003,00000001.0,05116116.4,000001.002,63023264.55
2021-10-07T18:00:02.286Z,-USD,000001.001,000001.003,00000001.0,05180572.0,000001.001,63215468.21
2021-10-07T19:00:02.466Z,-USD,000001.001,000001.003,00000001.0,5248781.86,00000001.0,63345764.76
2021-10-07T20:00:02.612Z,-USD,000001.002,000001.003,00000001.0,5322624.75,00000001.0,63481671.84
2021-10-07T21:00:02.671Z,-USD,000001.002,000001.003,00000001.0,5268445.61,000001.001,63571413.44
2021-10-07T22:00:02.414Z,-USD,000001.002,000001.003,00000001.0,04632249.9,000001.001,63639457.5
2021-10-07T23:00:01.81Z,-USD,000001.001,000001.003,00000001.0,04597783.0,00000001.0,63763896.69
2021-10-08T00:00:02.056Z,-USD,000001.001,000001.003,000000.999,5168689.88,000001.002,64446214.3
2021-10-08T01:00:02.337Z,-USD,000001.002,000001.003,000000.999,4472445.43,000001.001,62360665.49
2021-10-08T02:00:02.461Z,-USD,000001.002,000001.003,000000.998,4462587.45,000000.999,62875545.94
2021-10-08T03:00:02.42Z,-USD,000001.002,000001.003,000000.998,4591826.34,000000.999,63078563.81
2021-10-08T04:00:02.64Z,-USD,000001.002,000001.003,000000.998,4521481.08,00000001.0,63143370.12
2021-10-08T05:00:02.097Z,-USD,000001.001,000001.003,000000.998,4266758.64,00000001.0,63160833.05
2021-10-08T06:00:02.779Z,-USD,000001.002,000001.003,000000.998,4255609.46,00000001.0,63173100.78
2021-10-08T07:00:01.68Z,-USD,000001.001,000001.003,000000.998,4227182.34,000000.999,63194850.3
2021-10-08T08:00:02.649Z,-USD,000001.002,000001.003,000000.998,04193936.0,000000.999,63208593.86
2021-10-08T09:00:01.806Z,-USD,000001.002,000001.003,000000.998,4227145.63,00000001.0,63294941.66
2021-10-08T10:00:02.664Z,-USD,000001.001,000001.003,000000.998,4250554.06,000001.001,63345731.58
2021-10-08T11:00:02.738Z,-USD,000001.001,000001.003,000000.998,4238695.09,00000001.0,63371700.99
2021-10-08T12:00:01.729Z,-USD,000001.002,000001.003,000000.998,3964681.13,00000001.0,63399317.63
2021-10-08T13:00:01.748Z,-USD,000001.002,000001.002,000000.998,4040802.65,00000001.0,63581545.69
2021-10-08T14:00:01.788Z,-USD,000001.001,000001.002,000000.998,4372032.59,000001.002,63960474.94
2021-10-08T15:00:01.932Z,-USD,00000001.0,000001.002,000000.998,3995956.36,000001.002,64065634.65
2021-10-08T16:00:01.733Z,-USD,00000001.0,000001.002,000000.998,3797951.99,000001.001,64253159.22
2021-10-08T17:00:02.074Z,-USD,000001.001,000001.002,000000.998,3462104.19,00000001.0,64349875.1
2021-10-08T18:00:02.349Z,-USD,000001.001,000001.002,000000.998,03515967.6,000001.001,64595838.99
2021-10-08T19:00:02.991Z,-USD,000001.001,000001.002,000000.996,3621503.23,00000001.0,64830514.72
2021-10-08T20:00:02.668Z,-USD,000001.001,000001.002,000000.996,03785888.4,000001.002,65132508.24
2021-10-08T21:00:01.935Z,-USD,000001.001,000001.002,000000.996,3780525.81,000001.001,65215535.89
2021-10-08T22:00:02.123Z,-USD,000001.001,000001.003,000000.996,3932812.37,000001.003,65437122.64
2021-10-08T23:00:02.58Z,-USD,000001.001,000001.003,000000.996,3882307.59,000001.003,65510065.87
2021-10-09T00:00:01.744Z,-USD,000001.002,000001.003,000000.996,03231296.6,000001.002,65540773.84
2021-10-09T01:00:01.779Z,-USD,000001.002,000001.003,000000.996,3242685.75,000001.002,62919469.68
2021-10-09T02:00:01.757Z,-USD,00000001.0,000001.003,000000.996,2754210.76,000001.002,62947678.08
2021-10-09T03:00:01.973Z,-USD,000000.999,000001.003,000000.996,2600024.06,000001.002,62996665.21
2021-10-09T04:00:02.461Z,-USD,000000.999,000001.003,000000.996,2615220.89,000001.002,63074676.41
2021-10-09T05:00:02.076Z,-USD,000000.999,000001.003,000000.996,2646639.41,000001.001,63123568.24
2021-10-09T06:00:02.058Z,-USD,000000.999,000001.003,000000.996,2677866.13,000001.002,63167041.6
2021-10-09T07:00:01.978Z,-USD,000000.999,000001.003,000000.996,2684727.05,000001.001,63195646.56
2021-10-09T08:00:01.965Z,-USD,000000.999,000001.003,000000.996,3023832.32,000001.001,63549855.65
2021-10-09T09:00:01.831Z,-USD,00000001.0,000001.003,000000.996,2931474.55,000001.001,63582446.32
2021-10-09T10:00:01.974Z,-USD,00000001.0,000001.003,000000.996,2942172.44,000001.002,63604144.26
2021-10-09T11:00:02.63Z,-USD,000001.001,000001.003,000000.996,02941092.5,00000001.0,63630875.07
2021-10-09T12:00:02.557Z,-USD,00000001.0,000001.003,000000.996,2927488.21,000001.001,63643138.2
2021-10-09T13:00:02.488Z,-USD,00000001.0,000001.003,000000.996,02827015.4,00000001.0,63724807.08
2021-10-09T14:00:02.565Z,-USD,000001.001,000001.003,000000.996,02512731.6,00000001.0,63789936.12
2021-10-09T15:00:02.382Z,-USD,000001.001,000001.003,000000.996,2479866.13,000001.002,63863018.95
2021-10-09T16:00:01.741Z,-USD,000001.001,000001.003,000000.996,2385151.67,000001.001,63954385.04
2021-10-09T17:00:02.433Z,-USD,000001.001,000001.003,000000.996,2420346.75,000001.001,64087868.77
2021-10-09T18:00:01.824Z,-USD,000001.001,000001.003,000000.996,2234167.63,00000001.0,64147299.68
2021-10-09T19:00:02.075Z,-USD,00000001.0,000001.003,00000001.0,2045900.78,00000001.0,64192696.64
2021-10-09T20:00:01.879Z,-USD,000001.002,000001.003,000000.999,2106068.77,00000001.0,64555403.5
2021-10-09T21:00:02.673Z,-USD,000001.002,000001.003,000000.999,2067611.58,000001.001,64599295.01
2021-10-09T22:00:02.583Z,-USD,000001.002,000001.003,000000.999,1953898.23,000000.999,64707089.37
2021-10-09T23:00:02.295Z,-USD,000001.002,000001.003,000000.999,1915046.97,00000001.0,64744552.37
2021-10-10T00:00:02.547Z,-USD,000001.001,000001.002,000000.999,1899287.55,00000001.0,64757225.32
2021-10-10T01:00:02.553Z,-USD,000001.001,000001.002,000000.999,2183975.54,000001.002,60993740.95
2021-10-10T02:00:02.552Z,-USD,000001.001,000001.002,000000.999,2200929.51,00000001.0,61038047.47
2021-10-10T03:00:01.861Z,-USD,000001.002,000001.002,000000.999,2165593.45,000001.001,61052136.34
2021-10-10T04:00:01.882Z,-USD,000001.002,000001.002,000000.999,2094280.58,00000001.0,61058065.53
2021-10-10T05:00:02.18Z,-USD,000001.002,000001.002,000000.999,2059663.78,00000001.0,61073345.6
2021-10-10T06:00:02.301Z,-USD,000001.002,000001.002,000000.999,2073350.48,000001.002,61138440.19
2021-10-10T07:00:02.218Z,-USD,000001.001,000001.002,000000.999,2088382.33,000001.001,61173304.57
2021-10-10T08:00:02.251Z,-USD,00000001.0,000001.002,000000.999,1762309.06,000001.001,61201282.91
2021-10-10T09:00:02.179Z,-USD,000001.001,000001.002,000000.999,1813187.08,00000001.0,61284741.01
2021-10-10T10:00:02.269Z,-USD,000001.001,000001.002,000000.999,1803813.98,00000001.0,61297076.25
2021-10-10T11:00:02.648Z,-USD,00000001.0,000001.002,000000.999,1780400.58,000001.001,61300375.46
2021-10-10T12:00:07.664Z,-USD,000001.001,000001.002,000000.999,1786642.39,00000001.0,61318958.43
2021-10-10T13:00:02.71Z,-USD,00000001.0,000001.002,000000.999,1733463.77,000001.001,61347761.41
2021-10-10T14:00:01.793Z,-USD,000001.001,000001.002,000000.999,1717474.74,000001.002,61398246.39
2021-10-10T15:00:02.025Z,-USD,000001.002,000001.002,000000.999,1694060.22,000001.002,61446528.85
2021-10-10T16:00:02.139Z,-USD,000001.001,000001.002,000000.999,1742512.67,00000001.0,61586020.48
2021-10-10T17:00:02.385Z,-USD,00000001.0,000001.002,000000.999,1624916.75,00000001.0,61603197.21
2021-10-10T18:00:02.252Z,-USD,00000001.0,000001.002,000000.999,1690750.92,000001.001,61727168.34
2021-10-10T19:00:02.349Z,-USD,00000001.0,000001.002,000000.999,1666521.96,000001.002,61755349.46
2021-10-10T20:00:02.364Z,-USD,00000001.0,000001.002,000000.999,1377368.47,000001.001,61822663.01
2021-10-10T21:00:02.48Z,-USD,00000001.0,000001.002,000000.999,01466323.4,000001.001,61957989.25
2021-10-10T22:00:02.666Z,-USD,000000.999,000001.002,000000.999,01690776.8,00000001.0,62287029.1
2021-10-10T23:00:02.191Z,-USD,000001.001,000001.002,00000001.0,1745282.21,00000001.0,62381733.49
2021-10-11T00:00:02.154Z,-USD,000001.001,000001.002,000000.999,1913952.45,00000001.0,62570076.84
2021-10-11T01:00:02.527Z,-USD,000001.002,000001.002,000000.999,1663138.31,000000.999,59611994.56
2021-10-11T02:00:02.635Z,-USD,00000001.0,000001.002,000000.999,1693072.79,00000001.0,59686296.74
2021-10-11T03:00:02.558Z,-USD,000001.001,000001.002,000000.999,1793002.51,00000001.0,59800212.63
2021-10-11T04:00:01.875Z,-USD,00000001.0,000001.002,000000.999,1845765.52,000001.001,59859556.77
2021-10-11T05:00:02.204Z,-USD,00000001.0,000001.002,000000.999,1897631.06,000001.001,59926193.41
2021-10-11T06:00:02.139Z,-USD,000001.001,000001.002,000000.999,1867609.11,00000001.0,59961537.62
2021-10-11T07:00:02.069Z,-USD,000001.001,000001.002,000000.999,1880686.96,00000001.0,60009188.83
2021-10-11T08:00:02.235Z,-USD,000001.002,000001.002,000000.999,1860248.18,000001.001,60028138.2
2021-10-11T09:00:02.208Z,-USD,00000001.0,000001.002,000000.999,1795255.49,000001.001,60037167.6
2021-10-11T10:00:02.067Z,-USD,000001.001,000001.002,000000.999,1806614.11,000001.001,60058861.37
2021-10-11T11:00:02.16Z,-USD,000001.001,000001.002,000000.999,1843975.73,000001.001,60099623.09
2021-10-11T12:00:02.145Z,-USD,000001.001,000001.002,000000.999,2047854.03,000000.999,60323506.5
2021-10-11T13:00:02.285Z,-USD,000001.001,000001.002,000000.999,2064688.17,00000001.0,60368012.84
2021-10-11T14:00:02.568Z,-USD,000001.001,000001.002,000000.999,2061853.25,000001.001,60415637.02
2021-10-11T15:00:01.913Z,-USD,000001.002,000001.002,000000.999,2248578.21,000000.999,60650853.53
2021-10-11T16:00:02.399Z,-USD,000001.001,000001.002,000000.999,2198003.26,00000001.0,60739251.79
2021-10-11T17:00:02.792Z,-USD,00000001.0,000001.002,000000.999,02225687.1,00000001.0,60784688.29
2021-10-11T18:00:02.105Z,-USD,000001.002,000001.002,000000.999,2183488.05,00000001.0,60866094.7
2021-10-11T19:00:02.186Z,-USD,000001.001,000001.002,000000.999,02229926.6,000001.001,60940502.84
2021-10-11T20:00:02.657Z,-USD,000001.002,000001.002,000000.999,2218400.34,00000001.0,60996120.62
2021-10-11T21:00:01.781Z,-USD,000001.001,000001.001,000000.999,2153384.08,000000.999,61066535.7
2021-10-11T22:00:02.029Z,-USD,00000001.0,000001.001,000000.999,1868671.32,000000.999,61111394.22
2021-10-11T23:00:02.517Z,-USD,000001.001,000001.001,000000.999,1977117.35,000001.001,61313938.34
2021-10-12T00:00:01.841Z,-USD,000000.999,000001.001,000000.999,1826249.49,00000001.0,61351530.64
2021-10-12T01:00:02.656Z,-USD,00000001.0,000001.001,000000.999,1772852.31,00000001.0,59740595.0
2021-10-12T02:00:02.318Z,-USD,000001.001,000001.001,000000.999,1775840.91,000001.001,59818034.6
2021-10-12T03:00:01.942Z,-USD,00000001.0,000001.001,000000.999,1765489.39,00000001.0,59921730.07
2021-10-12T04:00:02.146Z,-USD,00000001.0,000001.001,000000.999,1729558.66,000001.001,59944937.44
2021-10-12T05:00:02.04Z,-USD,000001.001,000001.001,000000.999,1705499.48,000001.001,59987518.27
2021-10-12T06:00:02.041Z,-USD,000001.001,000001.001,000000.999,1702000.33,00000001.0,60037679.94
2021-10-12T07:00:02.005Z,-USD,000001.001,000001.001,000000.999,1691092.15,00000001.0,60056039.86
2021-10-12T08:00:02.023Z,-USD,00000001.0,000001.001,000000.999,1778034.78,000001.001,60162169.75
2021-10-12T09:00:01.857Z,-USD,000001.001,000001.001,000000.999,1775327.47,000001.001,60168266.52
2021-10-12T10:00:02.173Z,-USD,000001.001,000001.001,000000.999,01779933.8,00000001.0,60194591.49
2021-10-12T11:00:02.102Z,-USD,000001.001,000001.001,000000.999,2198053.61,00000001.0,60653437.08
2021-10-12T12:00:04.158Z,-USD,000000.999,000001.001,000000.999,2029135.64,000000.999,60709389.69
2021-10-12T13:00:02.162Z,-USD,000001.001,000001.001,000000.998,2246248.38,00000001.0,60970030.88
2021-10-12T14:00:02.326Z,-USD,00000001.0,000001.001,000000.998,2262571.04,00000001.0,61035481.88
2021-10-12T15:00:02.526Z,-USD,000000.999,000001.001,000000.998,2119377.13,00000001.0,61127990.3
2021-10-12T16:00:02.687Z,-USD,000000.999,000001.001,000000.998,2116443.24,00000001.0,61211662.84
2021-10-12T17:00:02.293Z,-USD,00000001.0,000001.001,000000.998,2106091.85,000000.999,61246607.47
2021-10-12T18:00:02.619Z,-USD,000000.999,000001.001,000000.998,2259618.95,00000001.0,61482652.47
2021-10-12T19:00:01.827Z,-USD,000001.001,000001.001,000000.998,02246022.0,00000001.0,61542520.29
2021-10-12T20:00:02.18Z,-USD,00000001.0,000001.001,000000.998,2415867.42,000001.001,61768237.75
2021-10-12T21:00:02.512Z,-USD,00000001.0,000001.001,000000.998,2421476.85,00000001.0,61844060.84
2021-10-12T22:00:02.088Z,-USD,00000001.0,000001.001,000000.998,2478061.32,000001.001,61945450.71
2021-10-12T23:00:02.493Z,-USD,00000001.0,000001.001,000000.998,2340300.61,00000001.0,62010018.22
2021-10-13T00:00:01.744Z,-USD,00000001.0,000001.001,000000.998,2310032.03,00000001.0,62017319.72
2021-10-13T01:00:02.208Z,-USD,00000001.0,000001.001,000000.998,2343699.94,000001.001,59505981.83
2021-10-13T02:00:02.689Z,-USD,00000001.0,000001.001,000000.998,2303070.13,00000001.0,59542485.66
2021-10-13T03:00:01.885Z,-USD,00000001.0,000001.001,000000.998,2251219.12,000001.001,59595411.91
2021-10-13T04:00:01.985Z,-USD,000001.001,000001.001,000000.998,2252073.12,000001.001,59618658.34
2021-10-13T05:00:02.285Z,-USD,00000001.0,000001.001,000000.998,2226985.23,000001.001,59635899.94
2021-10-13T06:00:02.133Z,-USD,00000001.0,000001.001,000000.998,2191836.17,00000001.0,59650898.52
2021-10-13T07:00:02.124Z,-USD,000001.001,000001.001,000000.998,02183705.7,000001.001,59662117.47
2021-10-13T08:00:02.214Z,-USD,000001.001,000001.001,000000.998,2090393.07,00000001.0,59673991.86
2021-10-13T09:00:02.105Z,-USD,000001.001,000001.001,000000.998,2109024.55,000001.001,59698677.07
2021-10-13T10:00:02.579Z,-USD,00000001.0,000001.001,000000.998,02090647.3,000001.001,59706620.2
2021-10-13T11:00:02.093Z,-USD,00000001.0,000001.001,000000.998,1707541.71,000001.001,59783672.2
2021-10-13T12:00:02.298Z,-USD,000000.999,000001.001,000000.998,1660974.71,00000001.0,59793932.59
2021-10-13T13:00:01.833Z,-USD,00000001.0,000001.001,000000.999,1435815.39,000001.001,59827243.69
2021-10-13T14:00:01.99Z,-USD,000000.999,000001.001,000000.999,1379115.95,000001.001,59845886.3
2021-10-13T15:00:02.007Z,-USD,000000.999,000001.001,000000.999,1314221.72,00000001.0,59863620.56
2021-10-13T16:00:02.355Z,-USD,00000001.0,000001.001,000000.999,1358564.16,000001.001,59997302.94
2021-10-13T17:00:01.918Z,-USD,000000.999,000001.001,000000.999,1535286.18,000001.001,60203930.58
2021-10-13T18:00:02.304Z,-USD,000000.999,000001.001,000000.999,1322002.53,00000001.0,60226839.91
2021-10-13T19:00:02.617Z,-USD,000000.999,000001.001,000000.999,1289019.22,000001.001,60252968.44
2021-10-13T20:00:02.707Z,-USD,00000001.0,000001.001,00000001.0,1148697.37,00000001.0,60338323.26
2021-10-13T21:00:02.185Z,-USD,00000001.0,000001.001,00000001.0,1221489.12,00000001.0,60486967.35
2021-10-13T22:00:02.473Z,-USD,00000001.0,000001.001,00000001.0,1161711.75,00000001.0,60531936.28
2021-10-13T23:00:01.978Z,-USD,000001.001,000001.001,00000001.0,1126140.91,00000001.0,60557542.96
2021-10-14T00:00:02.046Z,-USD,00000001.0,000001.001,00000001.0,1140750.14,00000001.0,60579445.27
2021-10-14T01:00:05.243Z,-USD,000001.001,000001.002,00000001.0,01255607.3,000001.001,58885433.3
2021-10-14T02:00:03.006Z,-USD,00000001.0,000001.002,00000001.0,1346733.98,00000001.0,59012441.68
2021-10-14T03:00:02.7Z,-USD,000001.001,000001.002,00000001.0,1343811.92,000001.001,59062408.55
2021-10-14T04:00:02.047Z,-USD,000001.001,000001.002,00000001.0,1368631.17,00000001.0,59111565.76
2021-10-14T05:00:02.507Z,-USD,00000001.0,000001.002,00000001.0,1467051.32,00000001.0,59226222.34
2021-10-14T06:00:02.568Z,-USD,00000001.0,000001.002,00000001.0,1471365.93,000001.002,59245438.94
2021-10-14T07:00:02.595Z,-USD,00000001.0,000001.002,00000001.0,1467343.36,000001.002,59252655.19
2021-10-14T08:00:02.577Z,-USD,00000001.0,000001.002,00000001.0,1476783.43,000001.001,59274041.22
2021-10-14T09:00:02.551Z,-USD,00000001.0,000001.002,00000001.0,1458175.81,000001.001,59281988.17
2021-10-14T10:00:01.905Z,-USD,000001.001,000001.002,00000001.0,1487217.33,000001.001,59317014.41
2021-10-14T11:00:02.068Z,-USD,00000001.0,000001.002,00000001.0,1453362.95,000001.001,59360353.06
2021-10-14T12:00:02.265Z,-USD,00000001.0,000001.002,00000001.0,1480743.27,000001.002,59397943.51
2021-10-14T13:00:02.14Z,-USD,000001.001,000001.002,00000001.0,1470503.42,000001.001,59421079.62
2021-10-14T14:00:02.068Z,-USD,00000001.0,000001.002,00000001.0,1477830.28,000001.001,59446926.79
2021-10-14T15:00:02.441Z,-USD,000001.001,000001.002,00000001.0,1566074.05,000001.002,59553140.66
2021-10-14T16:00:04.16Z,-USD,00000001.0,000001.002,00000001.0,01745541.5,00000001.0,59866212.67
2021-10-14T17:00:02.106Z,-USD,00000001.0,000001.002,00000001.0,1750077.25,000001.001,60077226.77
2021-10-14T18:00:02.311Z,-USD,00000001.0,000001.002,00000001.0,2035141.15,00000001.0,60385193.1
2021-10-14T19:00:02.462Z,-USD,00000001.0,000001.002,00000001.0,02041411.4,000001.001,60417555.09
2021-10-14T20:00:07.559Z,-USD,00000001.0,000001.002,00000001.0,1979909.67,00000001.0,60441429.14
2021-10-14T21:00:10.523Z,-USD,000001.001,000001.002,00000001.0,2179198.57,000001.001,60789559.14
2021-10-14T22:00:14.151Z,-USD,000001.001,000001.002,00000001.0,02226932.6,000001.001,60882077.69
2021-10-14T23:00:12.339Z,-USD,000001.001,000001.002,00000001.0,2253779.67,000001.001,60934520.15
2021-10-15T00:00:17.239Z,-USD,000001.001,000001.002,00000001.0,2259493.15,00000001.0,60966398.66
2021-10-15T01:00:12.464Z,-USD,000001.001,000001.002,00000001.0,2174901.42,00000001.0,59101972.87
2021-10-15T02:00:12.334Z,-USD,00000001.0,000001.002,00000001.0,2123558.55,000001.001,59177795.85
2021-10-15T03:00:11.185Z,-USD,000001.001,000001.002,00000001.0,2130209.95,00000001.0,59234794.48
2021-10-15T04:00:22.641Z,-USD,00000001.0,000001.002,00000001.0,2223945.04,00000001.0,59377143.49
2021-10-15T05:00:10.149Z,-USD,000001.001,000001.002,00000001.0,2153158.02,00000001.0,59421598.72
2021-10-15T06:00:07.409Z,-USD,000001.002,000001.002,00000001.0,2257316.98,000001.001,59545097.82
2021-10-15T07:00:03.474Z,-USD,000001.002,000001.002,00000001.0,2315818.98,000001.001,59610116.47
2021-10-15T08:00:03.829Z,-USD,000001.001,000001.002,00000001.0,2360305.27,000001.001,59675984.64
2021-10-15T09:00:02.657Z,-USD,000001.001,000001.002,000000.999,03171691.4,00000001.0,60495423.28
2021-10-15T10:00:02.516Z,-USD,000001.001,000001.002,000000.999,03274208.3,00000001.0,60634488.99
2021-10-15T11:00:04.493Z,-USD,000001.001,000001.002,000000.999,3320384.33,00000001.0,60722508.13
2021-10-15T12:00:04.313Z,-USD,000001.002,000001.002,000000.999,3401876.29,00000001.0,60841460.49
2021-10-15T13:00:03.096Z,-USD,000001.002,000001.002,000000.999,3419566.62,00000001.0,60882939.28
2021-10-15T14:00:08.91Z,-USD,000001.002,000001.002,000000.999,3511965.68,00000001.0,61000541.38
2021-10-15T15:00:10.762Z,-USD,000001.001,000001.002,000000.999,03495721.9,000001.001,61090496.71
2021-10-15T16:00:10.703Z,-USD,00000001.0,000001.001,000000.999,3336535.05,000001.001,61245469.56
2021-10-15T17:00:09.903Z,-USD,000001.001,000001.001,000000.999,03503207.3,00000001.0,61650430.86
2021-10-15T18:00:08.961Z,-USD,000001.001,000001.001,000000.999,3324784.48,00000001.0,61751635.8
2021-10-15T19:00:02.023Z,-USD,000001.001,000001.001,000000.999,3352093.39,000001.001,61814027.21
2021-10-15T20:00:02.445Z,-USD,000001.001,000001.001,000000.999,3370163.27,000001.001,61853266.18
2021-10-15T21:00:02.621Z,-USD,000001.001,000001.001,000000.999,3069681.78,000001.001,61901989.78
2021-10-15T22:00:01.816Z,-USD,00000001.0,000001.001,000000.999,3028885.57,000001.001,61962245.49
2021-10-15T23:00:02.561Z,-USD,00000001.0,000001.001,000000.999,3035075.69,000001.001,62011726.54
2021-10-16T00:00:01.776Z,-USD,00000001.0,000001.001,000000.999,3067126.26,00000001.0,62075267.36
2021-10-16T01:00:10.841Z,-USD,000001.001,000001.001,000000.999,03048548.2,00000001.0,60493030.96
2021-10-16T02:00:11.121Z,-USD,00000001.0,000001.001,000000.999,3017057.45,00000001.0,60537275.03
2021-10-16T03:00:11.374Z,-USD,000001.001,000001.002,000000.999,3308264.89,000001.001,60885713.26
2021-10-16T04:00:23.43Z,-USD,000001.001,000001.002,000000.999,03182007.1,000001.001,60901702.93
2021-10-16T05:00:09.936Z,-USD,00000001.0,000001.002,000000.999,3423049.39,000001.002,61187781.82
2021-10-16T06:00:10.923Z,-USD,00000001.0,000001.002,000000.999,3402459.02,000001.001,61290490.53
2021-10-16T07:00:08.629Z,-USD,00000001.0,000001.002,000000.999,3447185.32,00000001.0,61400876.76
2021-10-16T08:00:02.213Z,-USD,00000001.0,000001.002,000000.999,3399526.34,000001.002,61419419.8
2021-10-16T09:00:02.128Z,-USD,000000.999,000001.002,000000.999,2639736.13,000001.001,61477901.82
2021-10-16T10:00:02.706Z,-USD,000000.999,000001.002,000000.999,2532424.68,000001.001,61509356.06
2021-10-16T11:00:03.731Z,-USD,00000001.0,000001.002,000000.999,2501285.18,000001.001,61566406.71
2021-10-16T12:00:02.202Z,-USD,000001.001,000001.002,00000001.0,02399132.6,000001.001,61583140.68
2021-10-16T13:00:11.501Z,-USD,000001.001,000001.002,000000.999,2751410.82,00000001.0,61979306.99
2021-10-16T14:00:11.199Z,-USD,000001.001,000001.002,000000.999,02649362.3,000001.001,61993139.28
2021-10-16T15:00:17.788Z,-USD,00000001.0,000001.002,000000.999,02559774.5,00000001.0,62021383.47
2021-10-16T16:00:11.248Z,-USD,000001.001,000001.002,000000.999,2524119.49,000001.001,62112006.45
2021-10-16T17:00:10.684Z,-USD,00000001.0,000001.002,000000.999,2273310.54,00000001.0,62272891.65
2021-10-16T18:00:10.018Z,-USD,000001.001,000001.002,000000.999,2250487.78,000001.001,62344535.38
2021-10-16T19:00:11.792Z,-USD,00000001.0,000001.002,000000.999,2222351.41,00000001.0,62378959.25
2021-10-16T20:00:10.055Z,-USD,00000001.0,000001.002,000000.999,2220279.27,00000001.0,62417302.08
2021-10-16T21:00:02.455Z,-USD,000001.001,000001.002,000000.999,2215030.61,00000001.0,62461353.76
2021-10-16T22:00:02.416Z,-USD,00000001.0,000001.002,000000.999,2183159.65,000001.001,62487827.41
2021-10-16T23:00:02.255Z,-USD,00000001.0,000001.002,000000.999,2161502.29,00000001.0,62516125.6
2021-10-17T00:00:01.695Z,-USD,000001.001,000001.002,000000.999,2106930.54,000001.001,62528861.04
2021-10-17T01:00:11.042Z,-USD,00000001.0,000001.002,000000.999,2072603.07,00000001.0,60732916.41
2021-10-17T02:00:11.159Z,-USD,000001.001,000001.002,000000.999,1823601.77,00000001.0,60775395.61
2021-10-17T03:00:11.036Z,-USD,000001.002,000001.002,000000.999,1782410.86,00000001.0,60835442.93
2021-10-17T04:00:42.256Z,-USD,000001.002,000001.002,000000.999,1620009.71,00000001.0,60975200.13
2021-10-17T05:00:08.356Z,-USD,000001.002,000001.002,000000.999,1670775.87,000001.001,61025966.29
2021-10-17T06:00:09.229Z,-USD,000001.001,000001.002,000000.999,1583878.31,000001.001,61041718.43
2021-10-17T07:00:09.424Z,-USD,000001.001,000001.002,000000.999,1488593.14,000001.001,61056763.93
2021-10-17T08:00:08.545Z,-USD,000001.002,000001.002,000000.999,1511815.19,00000001.0,61099189.95
2021-10-17T09:00:09.307Z,-USD,000001.001,000001.002,000000.999,1452972.21,000001.001,61100515.99
2021-10-17T10:00:09.766Z,-USD,000001.001,000001.002,000000.999,1427110.15,00000001.0,61104821.74
2021-10-17T11:00:10.085Z,-USD,000001.001,000001.002,000000.999,1371919.75,000001.001,61105658.86
2021-10-17T12:00:08.446Z,-USD,000001.001,000001.002,000000.999,01357008.6,00000001.0,61109728.9
2021-10-17T13:00:11.507Z,-USD,00000001.0,000001.001,000000.999,1005488.99,00000001.0,61152558.08
2021-10-17T14:00:09.855Z,-USD,000001.001,000001.001,000000.999,1015798.08,000001.001,61179306.75
2021-10-17T15:00:09.417Z,-USD,00000001.0,000001.001,000000.999,1012792.58,000001.001,61201458.04
2021-10-17T16:00:08.9Z,-USD,000001.001,000001.001,00000001.0,0954956.58,00000001.0,61235702.76
2021-10-17T17:00:02.403Z,-USD,000001.001,000001.001,00000001.0,0821328.14,000001.001,61271287.77
2021-10-17T18:00:03.747Z,-USD,00000001.0,000001.001,00000001.0,0779904.13,00000001.0,61291795.84
2021-10-17T19:00:01.935Z,-USD,000001.001,000001.001,00000001.0,0895977.17,00000001.0,61442230.46
2021-10-17T20:00:02.498Z,-USD,00000001.0,000001.001,00000001.0,1005651.69,00000001.0,61591440.25
2021-10-17T21:00:02.149Z,-USD,000001.001,000001.002,00000001.0,1616637.19,00000001.0,62245392.06
2021-10-17T22:00:02.532Z,-USD,00000001.0,000001.002,000000.999,1620125.06,000000.999,62287773.58
2021-10-17T23:00:01.82Z,-USD,00000001.0,000001.002,000000.999,1803730.03,000001.001,62487170.72
2021-10-18T00:00:08.546Z,-USD,00000001.0,000001.002,000000.999,1830177.94,00000001.0,62526453.31
2021-10-18T01:00:02.724Z,-USD,000001.001,000001.002,000000.999,2210960.79,000001.001,61385794.2
2021-10-18T02:00:01.902Z,-USD,00000001.0,000001.002,000000.999,2405692.47,000001.001,61623422.71
2021-10-18T03:00:01.983Z,-USD,000001.001,000001.002,000000.999,2391206.92,000001.001,61669096.09
2021-10-18T04:00:02.164Z,-USD,00000001.0,000001.002,000000.999,2299410.12,000001.001,61716579.95
2021-10-18T05:00:01.742Z,-USD,000001.001,000001.002,000000.999,2303958.16,000001.001,61772820.6
2021-10-18T06:00:01.777Z,-USD,00000001.0,000001.002,000000.999,2335927.55,00000001.0,61819589.85
2021-10-18T07:00:01.706Z,-USD,000001.001,000001.002,000000.999,2352763.47,00000001.0,61851454.9
2021-10-18T08:00:02.552Z,-USD,000001.001,000001.002,000000.999,2315117.67,00000001.0,61856288.66
2021-10-18T09:00:02.451Z,-USD,000001.001,000001.002,000000.999,2315334.93,000001.001,61857794.79
2021-10-18T10:00:02.248Z,-USD,000001.001,000001.002,000000.999,2318486.22,000001.001,61865285.81
2021-10-18T11:00:02.559Z,-USD,000001.001,000001.002,000000.999,2323554.03,000001.001,61871135.96
2021-10-18T12:00:02.461Z,-USD,000001.001,000001.002,000000.999,2333399.28,00000001.0,61885143.04
2021-10-18T13:00:02.581Z,-USD,00000001.0,000001.002,000000.999,2344539.17,000001.001,61939009.87
2021-10-18T14:00:01.943Z,-USD,000001.001,000001.002,000000.999,2474183.23,00000001.0,62096386.13
2021-10-18T15:00:02.116Z,-USD,000001.001,000001.002,000000.999,2492631.67,00000001.0,62137985.86
2021-10-18T16:00:02.353Z,-USD,000001.001,000001.002,000000.999,02466158.4,00000001.0,62154344.51
2021-10-18T17:00:01.827Z,-USD,000001.001,000001.002,000000.999,2598062.61,00000001.0,62311358.85
2021-10-18T18:00:02.355Z,-USD,000001.001,000001.002,000000.999,3187774.39,000001.001,62921765.41
2021-10-18T19:00:02.229Z,-USD,000001.001,000001.002,000000.999,3146624.84,00000001.0,63030756.37
2021-10-18T20:00:02.515Z,-USD,000001.002,000001.002,000000.999,3024556.04,000001.001,63066687.75
2021-10-18T21:00:01.852Z,-USD,00000001.0,000001.001,000000.999,2424961.54,000001.001,63113233.71
2021-10-18T22:00:02.585Z,-USD,000000.999,000001.001,000000.999,2398381.75,000001.001,63128063.81
2021-10-18T23:00:01.997Z,-USD,000001.001,000001.001,000000.999,2330051.21,00000001.0,63259407.78
2021-10-19T00:00:02.07Z,-USD,00000001.0,000001.001,000000.999,2325142.43,000001.001,63293499.62
2021-10-19T01:00:02.499Z,-USD,000001.001,000001.001,000000.999,1955875.54,00000001.0,62559135.39
2021-10-19T02:00:01.899Z,-USD,000001.001,000001.001,000000.999,01736362.9,000001.001,62578146.29
2021-10-19T03:00:02.276Z,-USD,00000001.0,000001.001,000000.999,1729786.73,000001.001,62616443.02
2021-10-19T04:00:02.483Z,-USD,00000001.0,000001.001,000000.999,1705515.16,000001.001,62639652.41
2021-10-19T05:00:01.823Z,-USD,000001.001,000001.001,000000.999,1665251.44,000001.001,62655605.31
2021-10-19T06:00:02.691Z,-USD,000001.001,000001.001,000000.999,1624862.98,000001.001,62661918.13
2021-10-19T07:00:01.891Z,-USD,00000001.0,000001.001,000000.999,1604281.85,00000001.0,62673199.26
2021-10-19T08:00:01.966Z,-USD,000001.001,000001.001,000000.999,1603600.72,00000001.0,62677516.11
2021-10-19T09:00:02.439Z,-USD,00000001.0,000001.001,000000.999,1603741.57,00000001.0,62679281.43
2021-10-19T10:00:02.336Z,-USD,000001.001,000001.001,000000.999,1597978.58,00000001.0,62680728.58
2021-10-19T11:00:02.348Z,-USD,00000001.0,000001.001,000000.999,1611420.92,000001.001,62700058.91
2021-10-19T12:00:02.418Z,-USD,00000001.0,000001.001,000000.999,1599866.64,00000001.0,62702493.64
2021-10-19T13:00:02.461Z,-USD,00000001.0,000001.001,000000.999,1556770.34,00000001.0,62713570.32
2021-10-19T14:00:02.569Z,-USD,00000001.0,000001.001,000000.999,1404119.94,00000001.0,62717971.36
2021-10-19T15:00:01.94Z,-USD,00000001.0,000001.001,000000.999,1380603.13,00000001.0,62736057.07
2021-10-19T16:00:02.246Z,-USD,000001.001,000001.001,000000.999,1524511.69,00000001.0,62896413.93
2021-10-19T17:00:02.619Z,-USD,00000001.0,000001.001,000000.999,1608326.22,00000001.0,63137326.37
2021-10-19T18:00:02.691Z,-USD,000001.001,000001.001,00000001.0,1020426.06,000001.001,63159945.87
2021-10-19T19:00:02.283Z,-USD,00000001.0,000001.001,00000001.0,0943449.22,00000001.0,63192460.07
2021-10-19T20:00:02.68Z,-USD,000001.001,000001.001,00000001.0,1017774.79,00000001.0,63304874.9
2021-10-19T21:00:02.531Z,-USD,000001.001,000001.001,00000001.0,0984359.62,000001.001,63318735.44
2021-10-19T22:00:02.312Z,-USD,000001.001,000001.001,00000001.0,0990841.22,00000001.0,63337246.31
2021-10-19T23:00:02.548Z,-USD,000001.001,000001.002,00000001.0,0983569.75,00000001.0,63460452.01
2021-10-20T00:00:02.423Z,-USD,00000001.0,000001.002,00000001.0,0954056.46,000001.001,63465245.12
2021-10-20T01:00:02.584Z,-USD,000001.001,000001.002,00000001.0,1346639.87,000001.001,60873468.69
2021-10-20T02:00:02.668Z,-USD,00000001.0,000001.002,00000001.0,1410755.49,000001.001,60956615.68
2021-10-20T03:00:02.542Z,-USD,00000001.0,000001.002,00000001.0,1384947.54,000001.001,60971098.05
2021-10-20T04:00:02.569Z,-USD,00000001.0,000001.002,00000001.0,1403307.66,00000001.0,61010492.66
2021-10-20T05:00:01.718Z,-USD,000001.001,000001.002,00000001.0,1436796.36,000001.001,61059926.33
2021-10-20T06:00:02.82Z,-USD,000001.001,000001.002,00000001.0,1437859.51,000001.001,61067293.59
2021-10-20T07:00:02.601Z,-USD,00000001.0,000001.002,00000001.0,1442033.79,000001.001,61082748.97
2021-10-20T08:00:02.315Z,-USD,00000001.0,000001.002,00000001.0,01663111.6,000001.001,61308231.45
2021-10-20T09:00:02.178Z,-USD,000001.001,000001.003,00000001.0,01677009.4,000001.001,61323871.55
2021-10-20T10:00:02.107Z,-USD,00000001.0,000001.003,00000001.0,1684313.62,000001.001,61332571.68
2021-10-20T11:00:04.304Z,-USD,00000001.0,000001.003,00000001.0,1679262.24,000001.002,61347558.57
2021-10-20T12:00:01.956Z,-USD,000001.001,000001.003,00000001.0,1688452.61,00000001.0,61359271.24
2021-10-20T13:00:01.795Z,-USD,000001.001,000001.003,00000001.0,1711887.44,000001.001,61392974.66
2021-10-20T14:00:02.204Z,-USD,000001.001,000001.003,00000001.0,1799853.55,000001.001,61487371.04
2021-10-20T15:00:02.133Z,-USD,000001.001,000001.003,00000001.0,01827933.3,000001.002,61531508.21
2021-10-20T16:00:02.191Z,-USD,000001.001,000001.003,00000001.0,1912597.23,000001.002,61776528.3
2021-10-20T17:00:01.752Z,-USD,000001.001,000001.003,00000001.0,1722269.58,000001.001,61827345.92
2021-10-20T18:00:02.711Z,-USD,000001.001,000001.003,00000001.0,1855178.72,000001.002,61982643.4
2021-10-20T19:00:02.04Z,-USD,00000001.0,000001.003,00000001.0,1900587.46,000001.002,62061086.74
2021-10-20T20:00:01.881Z,-USD,00000001.0,000001.003,00000001.0,1878525.89,000001.002,62150954.04
2021-10-20T21:00:02.216Z,-USD,000001.001,000001.003,00000001.0,1913062.44,000001.001,62199442.38
2021-10-20T22:00:02.297Z,-USD,000001.002,000001.003,00000001.0,1921820.83,000001.002,62304602.05
2021-10-20T23:00:01.822Z,-USD,000001.001,000001.003,00000001.0,1939658.31,000001.002,62367628.15
2021-10-21T00:00:02.66Z,-USD,000001.001,000001.003,00000001.0,01953930.3,000001.002,62386700.32
2021-10-21T01:00:02.187Z,-USD,000001.001,000001.003,00000001.0,1589743.28,000001.001,60963827.04
2021-10-21T02:00:02.795Z,-USD,000001.001,000001.003,00000001.0,1819217.36,000001.002,61276526.38
2021-10-21T03:00:02.201Z,-USD,00000001.0,000001.003,00000001.0,1964664.41,000001.001,61436339.53
2021-10-21T04:00:02.146Z,-USD,000001.001,000001.004,00000001.0,2054701.21,000001.004,61565877.41
2021-10-21T05:00:02.629Z,-USD,00000001.0,000001.004,00000001.0,2042335.84,000001.002,61602841.81
2021-10-21T06:00:02.524Z,-USD,00000001.0,000001.004,00000001.0,2057136.77,000001.001,61625015.55
2021-10-21T07:00:02.385Z,-USD,00000001.0,000001.004,00000001.0,2112250.31,000001.002,61695613.71
2021-10-21T08:00:02.232Z,-USD,000001.002,000001.004,00000001.0,1897974.92,000001.002,61706880.73
2021-10-21T09:00:02.008Z,-USD,000001.001,000001.004,00000001.0,1913065.15,000001.002,61737524.93
2021-10-21T10:00:01.763Z,-USD,000001.002,000001.004,00000001.0,1919876.96,000001.001,61753020.07
2021-10-21T11:00:02.084Z,-USD,000001.001,000001.004,00000001.0,2090315.91,000001.002,61938592.39
2021-10-21T12:00:01.931Z,-USD,00000001.0,000001.004,00000001.0,2410148.57,000001.002,62270048.76
2021-10-21T13:00:01.776Z,-USD,000001.002,000001.004,00000001.0,2436689.42,000001.003,62330237.58
2021-10-21T14:00:02.654Z,-USD,000001.001,000001.004,00000001.0,2738897.56,000001.002,62733420.27
2021-10-21T15:00:01.791Z,-USD,000001.002,000001.004,00000001.0,2965966.67,000001.002,62998829.66
2021-10-21T16:00:02.014Z,-USD,000001.001,000001.004,00000001.0,2939244.43,000001.002,63216380.01
2021-10-21T17:00:02.369Z,-USD,000001.001,000001.004,00000001.0,3143766.87,000001.003,63471780.98
2021-10-21T18:00:02.593Z,-USD,000001.001,000001.004,00000001.0,3093296.53,000001.001,63576548.85
2021-10-21T19:00:02.51Z,-USD,000001.002,000001.004,00000001.0,3380905.92,000001.002,63942801.46
2021-10-21T20:00:02.655Z,-USD,000001.001,000001.004,000001.001,3397027.72,000001.001,64048889.06
2021-10-21T21:00:01.929Z,-USD,000001.001,000001.004,000001.001,3506490.93,000001.002,64207264.7
2021-10-21T22:00:02.08Z,-USD,000001.002,000001.004,000001.001,3479377.45,000001.001,64284945.28
2021-10-21T23:00:02.468Z,-USD,000001.002,000001.004,000001.001,3505155.36,000001.002,64373453.25
2021-10-22T00:00:02.626Z,-USD,000001.001,000001.004,000001.001,3565873.52,000001.002,64458292.76
2021-10-22T01:00:09.309Z,-USD,000001.001,000001.004,000001.001,3637836.11,000001.001,63114694.53
2021-10-22T02:00:07.275Z,-USD,000001.002,000001.004,000001.001,3619924.01,000001.002,63409837.82
2021-10-22T03:00:02.234Z,-USD,000001.002,000001.004,000001.001,3534783.78,000001.002,63484801.04
2021-10-22T04:00:01.852Z,-USD,000001.002,000001.003,000001.001,3433623.56,000001.001,63512537.45
2021-10-22T05:00:02.652Z,-USD,000001.002,000001.003,000001.001,3412685.83,000001.001,63529286.41
2021-10-22T06:00:02.402Z,-USD,000001.002,000001.003,000001.001,3399966.97,000001.001,63538237.14
2021-10-22T07:00:02.05Z,-USD,000001.002,000001.003,000001.001,3358661.04,000001.002,63567291.94
2021-10-22T08:00:01.781Z,-USD,000001.002,000001.003,000001.001,03394729.3,000001.001,63614643.19
2021-10-22T09:00:02.57Z,-USD,000001.001,000001.003,000001.001,3533995.81,000001.001,63784687.03
2021-10-22T10:00:02.161Z,-USD,000001.001,000001.003,000001.001,3586944.39,000001.003,63852967.83
2021-10-22T11:00:02.351Z,-USD,000001.001,000001.003,000001.001,03416348.5,000001.003,63867951.18
2021-10-22T12:00:01.743Z,-USD,000001.002,000001.003,000001.001,3193966.82,000001.002,63977429.26
2021-10-22T13:00:02.639Z,-USD,000001.003,000001.003,000001.001,03142906.9,000001.003,63986209.68
2021-10-22T14:00:02.466Z,-USD,000001.001,000001.003,000001.001,2784825.94,000001.003,64031260.05
2021-10-22T15:00:01.819Z,-USD,000001.002,000001.003,000001.001,2700970.78,000001.002,64216991.12
2021-10-22T16:00:01.939Z,-USD,000001.002,000001.003,000001.001,2556567.46,000001.002,64286003.2
2021-10-22T17:00:02.393Z,-USD,000001.002,000001.003,000001.001,2429321.87,000001.002,64414721.6
2021-10-22T18:00:02.025Z,-USD,000001.002,000001.003,000001.001,2405921.18,000001.003,64498482.08
2021-10-22T19:00:02.161Z,-USD,000001.002,000001.003,000001.001,2185337.84,000001.001,64641229.71
2021-10-22T20:00:02.173Z,-USD,000001.002,000001.003,000001.001,2145153.18,000001.001,64707417.12
2021-10-22T21:00:02.418Z,-USD,000001.002,000001.003,000001.001,2059145.98,000001.002,64779825.19
2021-10-22T22:00:02.198Z,-USD,000001.002,000001.003,000001.001,2035608.78,000001.002,64833798.53
2021-10-22T23:00:02.568Z,-USD,000001.001,000001.003,000001.001,2054194.79,000001.002,64940845.89
2021-10-23T00:00:02.446Z,-USD,000001.002,000001.003,000001.001,1989992.53,000001.002,64961326.71
2021-10-23T01:00:02.283Z,-USD,000001.002,000001.003,000001.001,1921540.08,000001.002,63423334.37
2021-10-23T02:00:02.096Z,-USD,000001.002,000001.003,000001.001,1703490.71,000001.003,63500179.65
2021-10-23T03:00:02.102Z,-USD,000001.001,000001.003,000001.001,1663938.65,000001.003,63536869.5
2021-10-23T04:00:02.17Z,-USD,000001.001,000001.003,000001.001,1672918.16,000001.002,63572464.57
2021-10-23T05:00:02.322Z,-USD,000001.002,000001.003,000001.001,2309422.47,000001.002,64225716.78
2021-10-23T06:00:02.227Z,-USD,000001.001,000001.003,000001.001,2326821.77,000001.002,64252008.15
2021-10-23T07:00:02.1Z,-USD,000001.002,000001.003,000001.001,2306850.19,000001.002,64260994.26
2021-10-23T08:00:01.833Z,-USD,000001.002,000001.003,000001.001,2271079.19,000001.002,64272752.34
2021-10-23T09:00:01.76Z,-USD,000001.002,000001.003,000001.001,2105853.67,000001.001,64277894.14
2021-10-23T10:00:02.585Z,-USD,000001.002,000001.003,000001.001,2042593.39,000001.002,64282421.93
2021-10-23T11:00:01.767Z,-USD,000001.003,000001.003,000001.001,2118128.91,000001.003,64372969.93
2021-10-23T12:00:02.463Z,-USD,000001.003,000001.003,000001.001,2034302.83,000001.002,64398588.51
2021-10-23T13:00:02.387Z,-USD,000001.003,000001.003,000001.001,02084174.4,000001.003,64457361.32
2021-10-23T14:00:02.271Z,-USD,000001.003,000001.003,000001.001,2052025.32,000001.003,64471146.19
2021-10-31T18:00:08.706Z,-USD,000001.003,000001.005,000001.002,5730344.75,000001.003,91985103.8
2021-10-31T19:00:01.791Z,-USD,000001.004,000001.005,000001.002,5312479.02,000001.004,92088363.42
2021-10-31T20:00:01.778Z,-USD,000001.004,000001.005,000001.002,5295587.19,000001.003,92231747.67
2021-10-31T21:00:02.684Z,-USD,000001.003,000001.005,000001.002,5157895.35,000001.003,92290502.88
2021-10-31T22:00:01.709Z,-USD,000001.003,000001.005,000001.002,4924540.57,000001.003,92376351.19
2021-10-31T23:00:03.094Z,-USD,000001.002,000001.005,000001.002,04288396.3,000001.004,92440478.36
2021-11-01T00:00:04.868Z,-USD,000001.003,000001.005,000001.002,3725474.99,000001.003,92474595.8
2021-11-01T01:00:04.338Z,-USD,000001.003,000001.005,000001.002,3558940.26,000001.004,90506282.32
2021-11-01T02:00:03.854Z,-USD,000001.003,000001.005,000001.002,3405716.42,000001.004,90611920.0
2021-11-01T03:00:03.703Z,-USD,000001.003,000001.005,000001.002,3432485.52,000001.003,90975499.56
2021-11-01T04:00:13.388Z,-USD,000001.002,000001.005,000001.002,3373721.15,000001.003,91075023.07
2021-11-01T05:00:07.284Z,-USD,000001.003,000001.005,000001.002,3138019.05,000001.003,91130059.02
2021-11-01T06:00:06.049Z,-USD,000001.002,000001.005,000001.002,3282497.44,000001.003,91340672.98
2021-11-01T07:00:06.388Z,-USD,000001.002,000001.005,000001.002,3315845.61,000001.002,91431297.24
2021-11-01T08:00:02.266Z,-USD,000001.003,000001.005,000001.002,3393487.54,000001.003,91619231.69
2021-11-01T09:00:01.782Z,-USD,000001.003,000001.005,000001.002,3326178.29,000001.003,91660315.65
2021-11-01T10:00:02.202Z,-USD,000001.005,000001.005,000001.002,3366553.78,000001.002,91890405.43
2021-11-01T11:00:03.213Z,-USD,000001.003,000001.004,000001.002,3365093.66,000001.002,91947967.44
2021-11-01T12:00:02.513Z,-USD,000001.003,000001.004,000001.002,3354234.54,000001.002,91968798.38
2021-11-01T13:00:02.256Z,-USD,000001.003,000001.004,000001.002,3256412.22,000001.002,92095708.24
2021-11-01T14:00:02.194Z,-USD,000001.002,000001.004,000001.002,2921558.56,000001.003,92141739.11
2021-11-01T15:00:02.248Z,-USD,000001.003,000001.004,000001.002,2730108.66,000001.003,92208620.82
2021-11-01T16:00:01.801Z,-USD,000001.004,000001.004,000001.002,2580358.85,000001.003,92346415.46
2021-11-01T17:00:03.98Z,-USD,000001.003,000001.004,000001.002,2535683.79,000001.002,92447008.82
2021-11-01T18:00:02.944Z,-USD,000001.004,000001.004,000001.002,2613508.09,000001.003,92591260.12
2021-11-01T19:00:02.167Z,-USD,000001.004,000001.004,000001.002,2664848.53,000001.002,92742830.98
2021-11-01T20:00:02.283Z,-USD,000001.004,000001.004,000001.002,2600945.19,000001.002,92822305.91
2021-11-01T21:00:02.427Z,-USD,000001.004,000001.004,000001.002,2689917.75,000001.002,92970039.94
2021-11-01T22:00:02.478Z,-USD,000001.003,000001.004,000001.002,2872678.83,000001.004,93238567.47
2021-11-01T23:00:03.419Z,-USD,000001.004,000001.004,000001.002,2917170.98,000001.003,93348384.4
2021-11-02T00:00:01.929Z,-USD,000001.004,000001.004,000001.002,02913290.5,000001.003,93377518.77
2021-11-02T01:00:01.873Z,-USD,000001.003,000001.004,000001.002,02934911.2,000001.003,91931506.04
2021-11-02T02:00:01.986Z,-USD,000001.004,000001.004,000001.002,02951648.4,000001.003,92053885.41
2021-11-02T03:00:01.903Z,-USD,000001.002,000001.004,000001.002,2656980.99,000001.003,92222617.22
2021-11-02T04:00:02.082Z,-USD,000001.002,000001.004,000001.002,2755865.75,000001.002,92321501.98
2021-11-02T05:01:03.096Z,-USD,000001.002,000001.004,000001.002,2584274.71,000001.003,92415266.45
2021-11-02T06:00:02.166Z,-USD,000001.002,000001.004,000001.002,2619537.53,000001.003,92450529.27
2021-11-02T07:00:01.91Z,-USD,000001.003,000001.004,000001.002,2545812.94,000001.003,92468094.53
2021-11-02T08:00:01.852Z,-USD,000001.004,000001.004,000001.002,2435832.34,000001.004,92545557.36
2021-11-02T09:00:01.775Z,-USD,000001.003,000001.004,000001.002,2473312.51,000001.003,92624301.97
2021-11-02T10:00:01.714Z,-USD,000001.003,000001.004,000001.002,2303300.42,000001.004,92684017.99
2021-11-02T11:00:04.183Z,-USD,000001.003,000001.004,000001.002,2294475.93,000001.004,92732909.56
2021-11-02T12:00:01.711Z,-USD,000001.003,000001.004,000001.002,2399215.57,000001.003,92858328.56
2021-11-02T13:00:02.582Z,-USD,000001.003,000001.004,000001.002,02559592.3,000001.004,93145648.49
2021-11-02T14:00:02.686Z,-USD,000001.003,000001.004,000001.002,2956766.49,000001.003,93590203.52
2021-11-02T15:00:02.009Z,-USD,000001.002,000001.004,000001.002,3043818.73,000001.003,93743403.71
2021-11-02T16:00:02.22Z,-USD,000001.003,000001.004,000001.002,3073017.71,000001.003,93910034.98
2021-11-02T17:00:03.37Z,-USD,000001.002,000001.004,000001.002,3374347.54,000001.004,94314393.28
2021-11-02T18:00:02.126Z,-USD,000001.003,000001.004,000001.002,3347539.48,000001.003,94429142.0
2021-11-02T19:00:02.42Z,-USD,000001.003,000001.004,000001.002,3286019.21,000001.003,94525451.43
2021-11-02T20:00:01.771Z,-USD,000001.003,000001.004,000001.002,3358218.48,000001.003,94678309.8
2021-11-02T21:00:01.886Z,-USD,000001.003,000001.004,000001.002,3319329.86,000001.004,94781867.81
2021-11-02T22:00:02.016Z,-USD,000001.004,000001.004,000001.002,3452249.28,000001.002,95184014.23
2021-11-02T23:00:02.751Z,-USD,000001.004,000001.004,000001.002,3509613.83,000001.002,95349710.03
2021-11-03T00:00:02.489Z,-USD,000001.004,000001.004,000001.002,3580467.76,000001.004,95448613.81
2021-11-03T01:00:02.616Z,-USD,000001.003,000001.004,000001.002,3744049.51,000001.004,91906758.15
2021-11-03T02:00:02.352Z,-USD,000001.004,000001.004,000001.002,4045250.74,000001.004,92342215.14
2021-11-03T03:00:02.521Z,-USD,000001.004,000001.004,000001.002,4088880.11,000001.004,92543121.53
2021-11-03T04:00:02.703Z,-USD,000001.002,000001.004,000001.002,4149762.79,000001.003,92701928.1
2021-11-03T05:00:03.72Z,-USD,000001.004,000001.004,000001.002,4231592.17,000001.004,92877468.15
2021-11-03T06:00:02.825Z,-USD,000001.002,000001.004,000001.002,4383978.94,000001.004,93065187.7
2021-11-03T07:00:01.666Z,-USD,000001.003,000001.004,000001.002,4385365.98,000001.004,93084874.3
2021-11-03T08:00:02.667Z,-USD,000001.004,000001.004,000001.002,4396591.21,000001.003,93172766.39
2021-11-03T09:00:02.682Z,-USD,000001.003,000001.004,000001.002,4397482.35,000001.003,93254258.52
2021-11-03T10:00:02.489Z,-USD,000001.004,000001.004,000001.002,4410381.07,000001.004,93325018.56
2021-11-03T11:00:04.508Z,-USD,000001.004,000001.004,000001.002,4548928.93,000001.003,93512451.04
2021-11-03T12:00:01.942Z,-USD,000001.003,000001.004,000001.002,4494189.03,000001.003,93588011.53
2021-11-03T13:00:01.863Z,-USD,000001.004,000001.004,000001.002,4310905.26,000001.004,93687246.57
2021-11-03T14:00:01.998Z,-USD,000001.003,000001.004,000001.002,4284347.75,000001.003,94107288.36
2021-11-03T15:00:02.207Z,-USD,000001.003,000001.004,000001.002,4291304.99,000001.002,94266255.39
2021-11-03T16:00:01.68Z,-USD,000001.003,000001.004,000001.002,4297983.85,000001.003,94438743.41
2021-11-03T17:00:03.277Z,-USD,000001.003,000001.004,000001.002,4032130.97,000001.004,94580329.03
2021-11-03T18:00:01.882Z,-USD,000001.003,000001.004,000001.002,4302227.14,000001.003,94966037.03
2021-11-03T19:00:02.278Z,-USD,000001.003,000001.004,000001.002,04525152.1,000001.003,95283801.43
2021-11-03T20:00:02.568Z,-USD,000001.004,000001.004,000001.002,4731451.92,000001.003,95640557.46
2021-11-03T21:00:01.933Z,-USD,000001.004,000001.004,000001.002,5025964.08,000001.004,96048685.76
