Coin on file:	XLM
Created by:	chris
Created on:	09/18/2021T03:00:1631948402Z

Recorded,Currency,Open,High,Low,Volume,Last,Volume30day
2021-09-18T03:00:02.659Z,-USD,000.327189,0000.33314,000000.315,119605732.0,000.319632,4089648497.0
2021-09-18T04:00:01.983Z,-USD,000.330268,0000.33314,000000.315,110995483.0,000.323403,4091989023.0
2021-09-18T05:00:02.052Z,-USD,000.330982,0000.33314,000000.315,111231878.0,000.324679,4095265687.0
2021-09-18T06:00:02.083Z,-USD,0000.33184,000.332361,000000.315,114211359.0,000.325516,4100593291.0
2021-09-18T07:00:02.385Z,-USD,000.331252,000.332361,000000.315,113762468.0,000.325779,4101984868.0
2021-09-18T08:00:02.626Z,-USD,000.328665,000.331356,000000.315,112630777.0,000.325591,4103036620.0
2021-09-18T09:00:01.852Z,-USD,000.330257,000.331356,000000.315,112043645.0,000.325862,4104433801.0
2021-09-18T10:00:01.968Z,-USD,000.326508,000.327774,000000.315,110851886.0,000.326079,4105281619.0
2021-09-18T11:00:02.344Z,-USD,000.322223,000.327883,000000.315,102530709.0,000.325787,4106035359.0
2021-09-18T12:00:02.46Z,-USD,000.320408,000.327883,000000.315,99206826.0,000.323011,4107169001.0
2021-09-18T13:00:02.675Z,-USD,000.320579,000.327883,000000.315,94824096.0,000.325386,4109866137.0
2021-09-18T14:00:01.88Z,-USD,000.319002,000.327883,000000.315,96021247.0,000.326088,4114537128.0
2021-09-18T14:27:57.952Z,-USD,000.320584,000.327883,000000.315,80260538.0,000.326779,4116684656.0
2021-09-18T14:28:37.246Z,-USD,000.320584,000.327883,000000.315,80372828.0,0000.32671,4116796946.0
2021-09-18T14:31:17.504Z,-USD,000.320584,000.327883,000000.315,80578266.0,000.326646,4117002384.0
2021-09-18T15:00:02.118Z,-USD,000.320584,000.327883,000000.315,81695695.0,0000.32645,4118119813.0
2021-09-18T16:00:02.322Z,-USD,000000.322,000.327883,000000.315,75976485.0,000.325145,4120169927.0
2021-09-18T17:00:02.107Z,-USD,000.321998,000.327883,000000.315,71510163.0,000.320171,4125948876.0
2021-09-18T18:00:07.221Z,-USD,000.318665,000.327883,000000.315,65534328.0,000.322412,4128779855.0
2021-09-18T19:00:01.787Z,-USD,000.319579,000.327883,000.315047,63099398.0,000.321284,4130754413.0
2021-09-18T20:00:02.515Z,-USD,000.321109,000.327883,000.315047,62055034.0,000.322588,4132680131.0
2021-09-18T21:00:02.121Z,-USD,000.316898,000.327883,000.315047,64940498.0,000.319216,4138236141.0
2021-09-18T22:00:02.335Z,-USD,000.318631,000.327883,000.315047,65194581.0,000.320064,4140693439.0
2021-09-18T23:00:01.768Z,-USD,000.316594,000.327883,000.315047,63792739.0,000.321348,4142500986.0
2021-09-19T00:00:02.394Z,-USD,000.319579,000.327883,000.315047,63520925.0,000.322281,4144432016.0
2021-09-19T01:00:02.002Z,-USD,000.319497,000.327883,000.317608,61348842.0,000.319522,4020858235.0
2021-09-19T02:00:02.019Z,-USD,000.320585,000.327883,000.317608,61406713.0,0000.32166,4023952034.0
2021-09-19T03:00:02.664Z,-USD,000.319971,000.327883,000.317608,61830315.0,000.322984,4025984061.0
2021-09-19T04:00:02.654Z,-USD,000.323398,000.327883,000.317608,60671750.0,000.321688,4027165608.0
2021-09-19T05:00:02.407Z,-USD,0000.32468,000.327883,000.317608,59079135.0,000.321637,4028901840.0
2021-09-19T06:00:02.187Z,-USD,000.325886,000.327883,000.317608,54957103.0,000.323158,4030061736.0
2021-09-19T07:00:02.005Z,-USD,000.325788,000.327883,000.317608,54712993.0,000.322414,4031196464.0
2021-09-19T08:00:02.143Z,-USD,000.325613,000.327883,000.317608,54421495.0,000.323226,4031969589.0
2021-09-19T09:00:01.925Z,-USD,000.325982,000.327883,000.317608,53549592.0,000.324029,4032485953.0
2021-09-19T10:00:01.868Z,-USD,000.326226,000.327883,000.317608,54008729.0,000.323052,4033791001.0
2021-09-19T11:00:02.48Z,-USD,000.325861,000.327304,000.317608,53861231.0,000.322529,4034406074.0
2021-09-19T12:00:02.523Z,-USD,000.323265,000.327304,000000.315,55017834.0,000.316164,4036691471.0
2021-09-19T13:00:02.684Z,-USD,000.324981,000.327304,000.314742,55184869.0,000.316456,4039586407.0
2021-09-19T14:00:02.607Z,-USD,000.326231,000.327264,000.314742,53088361.0,000000.318,4042129692.0
2021-09-19T15:00:02.684Z,-USD,000.326249,000.326745,000.314742,51191211.0,000.319627,4043811507.0
2021-09-19T16:00:02.634Z,-USD,000.325113,0000.32565,000.314742,52752658.0,000.318195,4047429238.0
2021-09-19T17:00:02.62Z,-USD,000.320176,000.324779,000.314742,48753116.0,0000.31778,4049248979.0
2021-09-19T18:00:01.7Z,-USD,000.322213,000.324779,000.314742,47970055.0,0000.31668,4051255815.0
2021-09-19T19:00:01.839Z,-USD,000.321317,000.324779,000.314742,47819653.0,000.318099,4053100105.0
2021-09-19T20:00:01.841Z,-USD,000.322535,000.324779,000.314742,47907908.0,000.315391,4055129904.0
2021-09-19T21:00:02.299Z,-USD,000.318924,000.324779,000.314738,45696820.0,000.318425,4058446651.0
2021-09-19T22:00:02.24Z,-USD,000.319819,000.324779,000.314738,45308388.0,000.317327,4060502688.0
2021-09-19T23:00:02.396Z,-USD,000.321615,000.324779,000.310404,53719923.0,000.311601,4070721125.0
2021-09-20T00:00:01.696Z,-USD,0000.32215,000.324779,000.310404,55361496.0,000.313509,4074312494.0
2021-09-20T01:00:01.876Z,-USD,000.319557,000.324779,000.299988,72614161.0,000.307117,4015782568.0
2021-09-20T02:00:02.151Z,-USD,000.321881,000.324779,000.299988,72868935.0,000.309375,4019136171.0
2021-09-20T03:00:02.274Z,-USD,000.323051,000.324779,000.299988,82925246.0,000.300655,4031218515.0
2021-09-20T04:00:02.153Z,-USD,000.321495,000.324779,00000.2938,93273333.0,000.294096,4042749288.0
2021-09-20T05:00:01.965Z,-USD,000.321701,000.324779,0000.29211,102896515.0,000.297118,4054105762.0
2021-09-20T06:00:01.919Z,-USD,000.322858,000.324779,0000.29211,105436200.0,000.297163,4057814343.0
2021-09-20T07:00:02.042Z,-USD,000.322727,000.324779,0000.29211,107409338.0,000.295804,4060910047.0
2021-09-20T08:00:02.121Z,-USD,000.323333,000.324779,000.288889,120118477.0,0000.29034,4074392589.0
2021-09-20T09:00:01.892Z,-USD,000.323823,000.324779,000.288889,125093040.0,0000.29354,4079882669.0
2021-09-20T10:00:01.701Z,-USD,000.322835,000.323811,000.288889,130565292.0,000.289926,4086669116.0
2021-09-20T11:00:02.361Z,-USD,000.322408,0000.32247,000.286752,139667022.0,000.286752,4096376565.0
2021-09-20T12:00:02.361Z,-USD,000.316038,000.320832,0000.27579,158308054.0,000.279839,4117306521.0
2021-09-20T13:00:02.403Z,-USD,000.316604,000.320832,000.270809,181677021.0,000.278769,4143570383.0
2021-09-20T14:00:02.73Z,-USD,000.317753,000.320832,000.270809,194520570.0,000.285656,4158963488.0
2021-09-20T15:00:01.832Z,-USD,000.319528,000.320832,000.270809,202043331.0,0000.28372,4168161021.0
2021-09-20T16:00:02.357Z,-USD,000.317911,000.319361,000.270809,206548813.0,000.284072,4176374600.0
2021-09-20T17:00:02.536Z,-USD,000.317675,000.319361,000.270809,212122266.0,000.284546,4183679238.0
2021-09-20T18:00:02.544Z,-USD,00000.3169,000.319361,000.270809,214847454.0,000.286618,4188413379.0
2021-09-20T19:00:02.469Z,-USD,000.318192,000.319079,000.270809,221753755.0,000.280536,4197158621.0
2021-09-20T20:00:02.434Z,-USD,000.315352,000000.319,000.270809,230147626.0,000.282942,4207596568.0
2021-09-20T21:00:02.46Z,-USD,000.318177,000.318749,000.270809,234040928.0,000.280642,4214808034.0
2021-09-20T22:00:02.44Z,-USD,000.317231,000.318749,000.270809,237393663.0,000.284454,4220203345.0
2021-09-20T23:00:02.52Z,-USD,000.311572,000.314673,000.270809,239975524.0,000.284257,4233007541.0
2021-09-21T00:00:02.956Z,-USD,000.313528,000.314673,000.270809,246346871.0,000.281676,4242966560.0
2021-09-21T01:00:02.191Z,-USD,000.307191,000.309733,0000000.27,253436801.0,000.272112,4169630504.0
2021-09-21T02:00:01.777Z,-USD,000.309395,000.309593,0000000.27,263834772.0,000.282116,4183420652.0
2021-09-21T03:00:02.103Z,-USD,0000.30011,000.301248,0000000.27,261581775.0,000.283768,4193202951.0
2021-09-21T04:00:02.34Z,-USD,000.293541,000.297918,0000000.27,253902622.0,000.280222,4197075966.0
2021-09-21T05:00:02.612Z,-USD,000.296957,000.297802,0000000.27,250446864.0,0000.27847,4204938897.0
2021-09-21T06:00:02.518Z,-USD,0000.29742,000.297757,0000000.27,249876758.0,000.279082,4208150344.0
2021-09-21T07:00:02.272Z,-USD,000.295887,0000.29742,0000000.27,249244821.0,000.282136,4210544096.0
2021-09-21T08:00:02.419Z,-USD,000.290523,000.294593,0000000.27,243872864.0,0000.28401,4218678600.0
2021-09-21T09:00:02.545Z,-USD,000.293848,000.294593,0000000.27,240530364.0,000.285511,4221278908.0
2021-09-21T10:00:02.395Z,-USD,000.290105,000.293013,0000000.27,241184127.0,000.281574,4228272653.0
2021-09-21T11:00:02.6Z,-USD,000.286743,000.288875,0000000.27,233713315.0,000.284192,4230484337.0
2021-09-21T12:00:02.507Z,-USD,0000.27934,000.288875,0000000.27,215957703.0,000.284185,4233717008.0
2021-09-21T13:00:02.679Z,-USD,000.279261,000.288875,0000000.27,194674584.0,000.284068,4238667714.0
2021-09-21T14:00:01.857Z,-USD,000.285803,000.288875,0000000.27,183191547.0,000.283224,4242547965.0
2021-09-21T15:00:02.144Z,-USD,000.283762,000.288875,0000000.27,181954466.0,000.280087,4250525010.0
2021-09-21T16:00:02.617Z,-USD,0000.28382,000.288875,0000000.27,179875921.0,000.282913,4256717512.0
2021-09-21T17:00:03.462Z,-USD,00000.2845,000.288875,0000000.27,180474675.0,000.279207,4264546028.0
2021-09-21T18:00:01.824Z,-USD,000.286493,000.288875,0000000.27,181625974.0,000.274889,4270445100.0
2021-09-21T19:00:02.438Z,-USD,000.280614,000.288875,0000000.27,178298587.0,000.274699,4275860118.0
2021-09-21T20:00:02.298Z,-USD,000.283105,000.288875,0000000.27,172737239.0,000.274307,4280787940.0
2021-09-21T21:00:01.766Z,-USD,000.280891,000.288875,000.267529,181836820.0,000.268887,4297035111.0
2021-09-21T22:00:02.225Z,-USD,000.284454,000.288875,000000.262,195647914.0,000.270961,4316233892.0
2021-09-21T23:00:02.124Z,-USD,000.284316,000.287552,000000.262,193101897.0,000.264601,4326513885.0
2021-09-22T00:00:02.323Z,-USD,000.282214,000.287552,000000.262,190906840.0,000.265615,4334274552.0
2021-09-22T01:00:02.686Z,-USD,000.272244,000.287552,000.260781,173150912.0,000.264313,4236431328.0
2021-09-22T02:00:01.838Z,-USD,000.281863,000.287552,000.260781,172410620.0,0000.27236,4249395295.0
2021-09-22T03:00:02.496Z,-USD,000.283361,000.287552,000.260781,166796713.0,000.271662,4253568749.0
2021-09-22T04:00:01.855Z,-USD,000.280108,000.287552,000.260781,173082010.0,000.272596,4263716236.0
2021-09-22T05:00:01.961Z,-USD,000.278344,000.287552,000.260781,170812136.0,000.269453,4269296391.0
2021-09-22T06:00:02.356Z,-USD,000.279091,000.287552,000.260781,173749900.0,000.273167,4275450534.0
2021-09-22T07:00:02.359Z,-USD,000.282617,000.287552,000.260781,175579168.0,000.276771,4279667974.0
2021-09-22T08:00:02.458Z,-USD,000.284225,000.287552,000.260781,174454960.0,000.278698,4286777140.0
2021-09-22T09:00:03.657Z,-USD,000.285409,000.287552,000.260781,174189152.0,000.278083,4289013383.0
2021-09-22T10:00:01.805Z,-USD,000.281894,000.287552,000.260781,169028062.0,000.279808,4290842829.0
2021-09-22T11:00:02.368Z,-USD,000.284171,000.287552,000.260781,169236057.0,0000.27873,4293288622.0
2021-09-22T12:00:02.378Z,-USD,000.284425,000.287552,000.260781,169436951.0,000.275802,4296734713.0
2021-09-22T13:00:02.638Z,-USD,000.283748,000.285245,000.260781,167951250.0,000.277956,4300164440.0
2021-09-22T14:00:01.835Z,-USD,000.283176,000.284726,000.260781,168389066.0,000.278748,4304524496.0
2021-09-22T15:00:01.945Z,-USD,000.279939,000.284726,000.260781,164910599.0,000.280561,4309004401.0
2021-09-22T16:00:02.268Z,-USD,000.283111,000.285274,000.260781,171039535.0,000.284679,4321452813.0
2021-09-22T17:00:02.156Z,-USD,0000.27913,0000.28876,000.260781,171074719.0,0000.28871,4329175350.0
2021-09-22T18:00:02.557Z,-USD,000.275131,000.288888,000.260781,169731661.0,000.286984,4333726450.0
2021-09-22T19:00:02.158Z,-USD,000.274645,0000.29234,000.260781,176180803.0,0000.28683,4345597912.0
2021-09-22T20:00:02.676Z,-USD,000.273758,0000.29234,000.260781,175947754.0,000.289513,4350336049.0
2021-09-22T21:00:01.933Z,-USD,000.268877,0000.29234,000.260781,163575139.0,000.291702,4354166445.0
2021-09-22T22:00:02.514Z,-USD,000.270621,000.293103,000.260781,152297085.0,000.291384,4362088977.0
2021-09-22T23:00:02.005Z,-USD,000.264889,000.293103,000.260781,146007500.0,000.292403,4366421185.0
2021-09-23T00:00:03.545Z,-USD,000.266082,0000.29317,000.260781,142356428.0,000.292483,4370188303.0
2021-09-23T01:00:02.49Z,-USD,0000.26455,0000.29432,000.262298,137803512.0,000.290691,4263764657.0
2021-09-23T02:00:02.357Z,-USD,000.272686,0000.29432,000.268699,128383413.0,000.291902,4267320347.0
2021-09-23T03:00:02.712Z,-USD,000.271056,0000.29432,000.268699,126518077.0,000.292756,4269615996.0
2021-09-23T04:00:01.926Z,-USD,000.272169,000.295988,000.268699,119417031.0,000.295243,4272645900.0
2021-09-23T05:00:02.221Z,-USD,000.269533,000.296657,000.269533,116183546.0,0000.29487,4275013265.0
2021-09-23T06:00:02.32Z,-USD,000.273359,000.296657,000.270237,112052330.0,000.293881,4277066444.0
2021-09-23T07:00:03.134Z,-USD,000.276899,000.300149,000.274686,116217535.0,000.298882,4285479843.0
2021-09-23T08:00:02.122Z,-USD,00000.2787,000.302095,000.274686,117993182.0,000.300846,4294287161.0
2021-09-23T09:00:02.3Z,-USD,000.278141,000.302171,000.274686,120115467.0,000.297363,4298639428.0
2021-09-23T10:00:02.464Z,-USD,000.280068,000.302171,000.274686,122695534.0,0000.29737,4303049785.0
2021-09-23T11:00:05.825Z,-USD,000.278779,000.302171,000.274686,126383640.0,000.294972,4309186541.0
2021-09-23T12:00:02.063Z,-USD,000.275644,000.302171,000000.275,127713103.0,0000.29232,4313964890.0
2021-09-23T13:00:02.551Z,-USD,000.278098,000.302171,000.276899,128404428.0,000.291491,4318081581.0
2021-09-23T14:00:01.849Z,-USD,000.278746,000.302171,0000.27798,127513394.0,000.296366,4321550967.0
2021-09-23T15:00:02.469Z,-USD,000.280536,000.302171,000.280522,133435056.0,000.299786,4331949485.0
2021-09-23T16:00:01.835Z,-USD,0000.28472,000.302171,000.283983,124967035.0,000.296758,4335941664.0
2021-09-23T17:00:02.388Z,-USD,000.288683,000.302171,000.284827,119861797.0,000.298442,4338549239.0
2021-09-23T18:00:01.982Z,-USD,00000.2867,000.302929,000.285575,124741645.0,000.301911,4347978165.0
2021-09-23T19:00:01.805Z,-USD,000.286538,000.302929,000.285575,115997329.0,000.301655,4351114612.0
2021-09-23T20:00:02.516Z,-USD,000.289542,000.302929,000.287964,113375742.0,000.301475,4353235581.0
2021-09-23T21:00:02.25Z,-USD,000.291708,000.302929,0000.28868,111954373.0,00000.3005,4355800450.0
2021-09-23T22:00:02.175Z,-USD,000.291265,000.302929,0000.28868,105913740.0,000.298731,4357522659.0
2021-09-23T23:00:01.951Z,-USD,000.292291,000.302929,0000.28868,104518220.0,0000.29942,4360451899.0
2021-09-24T00:00:02.48Z,-USD,000.292401,000.303255,0000.28868,103524573.0,000.303095,4363235475.0
2021-09-24T01:00:02.228Z,-USD,000.290668,000.305799,0000.28868,103366201.0,00000.3018,4230992480.0
2021-09-24T02:00:02.084Z,-USD,000.292118,000.305799,000.290233,102651484.0,000.300058,4233831533.0
2021-09-24T03:00:01.973Z,-USD,000.292759,000.305799,000.290233,103182452.0,000.298295,4236657219.0
2021-09-24T04:00:02.45Z,-USD,000.295182,000.305799,000.290233,105899517.0,000.297303,4242406879.0
2021-09-24T05:00:02.206Z,-USD,000.294941,000.305799,000.290233,106871665.0,000.296299,4245759343.0
2021-09-24T06:00:02.643Z,-USD,000.293876,000.305799,000.290233,110108452.0,000.296143,4251033095.0
2021-09-24T07:00:02.623Z,-USD,000.299463,000.305799,000.290233,102647723.0,000000.294,4252302063.0
2021-09-24T08:00:01.884Z,-USD,000.300905,000.305799,000.290233,95939024.0,000.297517,4254096932.0
2021-09-24T09:00:02.126Z,-USD,000.297363,000.305799,000.290233,92867776.0,000.293471,4255398080.0
2021-09-24T10:00:02.248Z,-USD,000.297371,000.305799,000.279914,113254180.0,000.280875,4280202459.0
2021-09-24T11:00:02.663Z,-USD,000.294748,000.305799,000.276187,121768829.0,000.276691,4294816639.0
2021-09-24T12:00:02.133Z,-USD,0000.29253,000.305799,0000.27092,135427395.0,000.276072,4313288079.0
2021-09-24T13:00:02.817Z,-USD,000.291575,000.305799,0000.27092,140413879.0,000.271929,4322356446.0
2021-09-24T14:00:02.591Z,-USD,000.296514,000.305799,000.269832,146356881.0,0000.27642,4331778060.0
2021-09-24T15:00:02.124Z,-USD,000.299786,000.305799,000.269832,148352582.0,000.278576,4344195694.0
2021-09-24T16:00:01.961Z,-USD,000.296772,000.305799,000.269832,153412658.0,000.278021,4353352042.0
2021-09-24T17:00:02.316Z,-USD,000.298458,000.305799,000.269832,156046242.0,000.279146,4358457510.0
2021-09-24T18:00:02.431Z,-USD,000.302452,000.305799,000.269832,151557802.0,000.276703,4363400560.0
2021-09-24T19:00:02.41Z,-USD,000.301699,000.305799,000.269832,154280891.0,000.278745,4369256595.0
2021-09-24T20:00:01.732Z,-USD,000.301609,000.305799,000.269832,157229126.0,0000.27963,4374326566.0
2021-09-24T21:00:02.101Z,-USD,000.300485,000.305799,000.269832,158319251.0,0000.28418,4377981632.0
2021-09-24T22:00:02.204Z,-USD,000.298753,000.305799,000.269832,160501815.0,000.284572,4381883295.0
2021-09-24T23:00:01.997Z,-USD,000.298994,000.305799,000.269832,159646559.0,000.284608,4383964960.0
2021-09-25T00:00:02.169Z,-USD,0000.30309,000.305799,000.269832,160951314.0,000.281273,4388045235.0
2021-09-25T01:00:02.578Z,-USD,000.301767,000.304144,000.269832,161493966.0,0000.28423,4253023693.0
2021-09-25T02:00:01.928Z,-USD,000.300328,000.301844,000.269832,162438914.0,000.283087,4256796665.0
2021-09-25T03:00:01.987Z,-USD,000.298592,0000.29963,000.269832,162617060.0,000.281232,4259795288.0
2021-09-25T04:00:02.605Z,-USD,000.297284,0000.29963,000.269832,160283842.0,000.282256,4263228444.0
2021-09-25T05:00:02.68Z,-USD,000.296294,0000.29963,000.269832,159321388.0,000.283125,4265604913.0
2021-09-25T06:00:02.668Z,-USD,000.296074,0000.29963,000.269832,155701128.0,000.280653,4267255714.0
2021-09-25T07:00:01.846Z,-USD,000.293959,0000.29963,000.269832,156016802.0,000.283781,4268843687.0
2021-09-25T08:00:01.884Z,-USD,000.297107,000.299474,000.269832,156240533.0,0000.27697,4270904278.0
2021-09-25T09:00:02.034Z,-USD,000.293712,000.293712,000.269832,168847093.0,000.276557,4284767553.0
2021-09-25T10:00:01.83Z,-USD,000.281065,0000.28636,000.269832,149383784.0,000.280271,4290336839.0
2021-09-25T11:00:02.586Z,-USD,000.276691,0000.28636,000.269832,137250676.0,000.280058,4292668366.0
2021-09-25T12:00:02.497Z,-USD,0000.27575,0000.28636,000.269832,121881258.0,000.277223,4295727408.0
2021-09-25T13:00:02.182Z,-USD,000.272487,0000.28636,000.269832,114592722.0,000.277786,4297496771.0
2021-09-25T14:00:02.678Z,-USD,000.276498,0000.28636,000.271035,106962969.0,000.278774,4299290084.0
2021-09-25T15:00:02.678Z,-USD,000.278824,0000.28636,000.271035,98868539.0,000.275318,4303600736.0
2021-09-25T16:00:01.769Z,-USD,0000.27767,0000.28636,000.271035,93392330.0,000.278303,4307318541.0
2021-09-25T17:00:02.512Z,-USD,000.279011,0000.28636,000.271035,92163940.0,000.277639,4311151077.0
2021-09-25T18:00:01.743Z,-USD,000.277289,0000.28636,000.271035,89118876.0,00000.2777,4313064296.0
2021-09-25T19:00:01.831Z,-USD,000.278411,0000.28636,000.271035,85654281.0,0000.27603,4315459495.0
2021-09-25T20:00:02.078Z,-USD,000.279951,0000.28636,000.271035,82715958.0,000.277642,4317578432.0
2021-09-25T21:00:02.047Z,-USD,000.284288,0000.28636,000.271035,81607057.0,000.276184,4320112642.0
2021-09-25T22:00:01.967Z,-USD,000.284642,000.285891,000.271035,79949608.0,000.277007,4322373613.0
2021-09-25T23:00:02.555Z,-USD,000.284283,000.285891,000.271035,80473768.0,000.277862,4324968942.0
2021-09-26T00:00:01.749Z,-USD,000.281152,000.285891,000.271035,78395316.0,000.277233,4326963161.0
2021-09-26T01:00:01.825Z,-USD,000.284108,000.285891,000.271035,79740269.0,000.272888,4204223900.0
2021-09-26T02:00:02.1Z,-USD,000.282792,000.285891,000.271035,82943253.0,000.273136,4211194035.0
2021-09-26T03:00:01.99Z,-USD,0000.28137,000.285891,00000.2692,83208146.0,000.271112,4214475017.0
2021-09-26T04:00:02.515Z,-USD,000.282448,000.285891,00000.2692,81744457.0,000.272678,4216427948.0
2021-09-26T05:00:01.75Z,-USD,000.283338,000.284189,000.269161,81448438.0,000.272352,4218504623.0
2021-09-26T06:00:02.535Z,-USD,000.280704,000.284189,000.269161,81284056.0,000.271098,4219989975.0
2021-09-26T07:00:02.664Z,-USD,000.283819,000.284189,00000.2687,81129374.0,00000.2687,4221427090.0
2021-09-26T08:00:02.631Z,-USD,000.277226,000.281936,0000.26169,90220861.0,0000.26375,4232760738.0
2021-09-26T09:00:02.674Z,-USD,000.276786,000.281936,000.261323,81082088.0,000.265039,4237401127.0
2021-09-26T10:00:01.845Z,-USD,000.280085,000.281936,000.261323,89831151.0,000.273585,4251623910.0
2021-09-26T11:00:01.798Z,-USD,000.279891,000.280784,000.261323,89644279.0,000000.273,4254171549.0
2021-09-26T12:00:02.079Z,-USD,000.277133,000.280784,000.261323,88097096.0,000.274813,4255284451.0
2021-09-26T13:00:02.198Z,-USD,000.277708,000.280784,000.261323,95379549.0,000.277032,4264344160.0
2021-09-26T14:00:02.218Z,-USD,000.278471,000.279593,000.261323,95561420.0,000.276368,4266313680.0
2021-09-26T15:00:02.375Z,-USD,000.275122,000.280352,000.261323,93566043.0,000.277437,4268675302.0
2021-09-26T16:00:02.518Z,-USD,000.278269,000.280352,000.261323,94286914.0,000.280212,4273075252.0
2021-09-26T17:00:02.496Z,-USD,000.277575,000.281233,000.261323,92790878.0,000.278592,4275395538.0
2021-09-26T18:00:01.767Z,-USD,000.277516,000.281233,000.261323,92158516.0,000.278695,4276677659.0
2021-09-26T19:00:01.978Z,-USD,000.276121,000.281233,000.261323,91216683.0,000.278476,4278131448.0
2021-09-26T20:00:02.12Z,-USD,000.277724,000.281233,000.261323,90567853.0,000.278165,4279601476.0
2021-09-26T21:00:02.114Z,-USD,000.276168,000.281233,000.261323,90257379.0,000.279865,4281833213.0
2021-09-26T22:00:02.208Z,-USD,000.277144,000.281233,000.261323,89178711.0,000.278714,4283024416.0
2021-09-26T23:00:02.421Z,-USD,000.277928,000.283149,000.261323,92411357.0,000.274077,4288839251.0
2021-09-27T00:00:02.585Z,-USD,0000.27711,000.283149,000.261323,93089776.0,000.276247,4291505255.0
2021-09-27T01:00:01.792Z,-USD,000.273349,000.283149,000.261323,90234879.0,000.279821,4211742475.0
2021-09-27T02:00:01.815Z,-USD,000.273274,000.283149,000.261323,92448090.0,000.282845,4220823285.0
2021-09-27T03:00:01.926Z,-USD,000.270895,000.283316,000.261323,91853860.0,000.281724,4223508349.0
2021-09-27T04:00:02.541Z,-USD,000.272841,000.283316,000.261323,92603533.0,000.279121,4226212000.0
2021-09-27T05:00:02.144Z,-USD,000.272354,000.283316,000.261323,92075993.0,000.278279,4227759001.0
2021-09-27T06:00:02.117Z,-USD,000.271113,000.283316,000.261323,91525475.0,000.279713,4228697408.0
2021-09-27T07:00:02.227Z,-USD,000.268621,000.283316,000.261323,93660702.0,000.277217,4232270821.0
2021-09-27T08:00:02.214Z,-USD,000.263507,000.283316,000.261323,86066611.0,000.278282,4236042597.0
2021-09-27T09:00:02.262Z,-USD,0000.26494,000.283316,000.264491,84065531.0,000.277686,4238657541.0
2021-09-27T10:00:02.303Z,-USD,000.273623,000.283316,000.271408,71813657.0,0000.27627,4240632831.0
2021-09-27T11:00:01.866Z,-USD,000.272355,000.283316,0000.27162,70781548.0,000.277704,4242134364.0
2021-09-27T12:00:01.882Z,-USD,000.274848,000.283316,0000.27162,70938033.0,000.277417,4243400892.0
2021-09-27T13:00:02.11Z,-USD,000.277089,000.283316,0000.27162,64005670.0,000.275786,4245533630.0
2021-09-27T14:00:02.199Z,-USD,00000.2764,000.283316,0000.27162,65770621.0,000.274461,4249261859.0
2021-09-27T15:00:02.738Z,-USD,000.277556,000.283316,0000.27162,70018862.0,000.272117,4255873935.0
2021-09-27T16:00:02.049Z,-USD,0000.28058,000.283316,0000.27129,68420020.0,00000.2728,4258681773.0
2021-09-27T17:00:02.063Z,-USD,000.278674,000.283316,000.269513,69820349.0,000.270746,4262417817.0
2021-09-27T18:00:02.964Z,-USD,000.278508,000.283316,000.269513,72546742.0,000.270671,4266415988.0
2021-09-27T19:00:02.296Z,-USD,000.278567,000.283316,000.269513,74023692.0,000.271243,4269334930.0
2021-09-27T20:00:02.256Z,-USD,000.278242,000.283316,000.269513,84711568.0,000.272555,4281490795.0
2021-09-27T21:00:02.424Z,-USD,000.279844,000.283316,000.268199,88867802.0,0000.26844,4287893695.0
2021-09-27T22:00:02.669Z,-USD,000.278778,000.283316,000.268148,91746791.0,000.271081,4291961335.0
2021-09-27T23:00:01.766Z,-USD,000.273016,000.283316,000.268148,87517636.0,000.271003,4293540900.0
2021-09-28T00:00:02.209Z,-USD,000.276036,000.283316,000.264862,89693196.0,000.265006,4298410710.0
2021-09-28T01:00:02.458Z,-USD,000.279736,000.283316,000.263363,90509576.0,000.266013,4217412410.0
2021-09-28T02:00:01.85Z,-USD,000.282935,000.283316,000.263363,84332102.0,000.268003,4220302644.0
2021-09-28T03:00:01.975Z,-USD,000.281706,000.281959,000.263363,84895523.0,000.268228,4223546882.0
2021-09-28T04:00:02.216Z,-USD,000.279379,0000.28156,000.263363,84241203.0,000.268399,4225601705.0
2021-09-28T05:00:01.939Z,-USD,000.278104,0000.28156,000.263363,84082638.0,000.268902,4226991668.0
2021-09-28T06:00:02.042Z,-USD,000.279792,0000.28156,000.263363,85285656.0,000.266475,4229125631.0
2021-09-28T07:00:02.341Z,-USD,000.277109,0000.28156,000.263363,87014418.0,000.264848,4234613481.0
2021-09-28T08:00:02.528Z,-USD,000.278026,0000.28156,000.261769,88031368.0,000.262359,4239220329.0
2021-09-28T09:00:02.378Z,-USD,0000.27777,0000.28156,000.261738,87498657.0,000.263666,4241300320.0
2021-09-28T10:00:02.386Z,-USD,000.276502,0000.28156,000.261738,87681868.0,000.262017,4243462185.0
2021-09-28T11:00:02.074Z,-USD,000.277798,0000.28156,000.260843,88714728.0,0000.26259,4245997006.0
2021-09-28T12:00:02.338Z,-USD,000.277254,0000.28156,000.260843,90020667.0,000.265982,4248569186.0
2021-09-28T13:00:02.449Z,-USD,000.275481,0000.28156,000.260843,91303133.0,000.264499,4251983451.0
2021-09-28T14:00:02.665Z,-USD,000.274422,0000.28156,000.260843,92405482.0,000.264134,4256824145.0
2021-09-28T15:00:01.936Z,-USD,000.272444,0000.28156,000.259232,93770291.0,000.261366,4264805683.0
2021-09-28T16:00:02.569Z,-USD,000.272723,0000.28156,000.259232,94868979.0,000.259862,4268700258.0
2021-09-28T17:00:02.866Z,-USD,000.270964,0000.28156,000.259087,95957168.0,000.259445,4273525393.0
2021-09-28T18:00:02.31Z,-USD,000.270651,0000.28156,000000.257,95810285.0,000.259102,4277373469.0
2021-09-28T19:00:02.452Z,-USD,000.271518,0000.28156,000.256744,95954612.0,000.260333,4280440920.0
2021-09-28T20:00:02.524Z,-USD,00000.2725,000.272749,000.256744,85782510.0,000.260442,4282598566.0
2021-09-28T21:00:02.277Z,-USD,000.268491,0000.27271,000.256744,81868891.0,000.261927,4284934633.0
2021-09-28T22:00:01.703Z,-USD,000.271134,0000.27271,000.256744,79367204.0,000.263995,4286486201.0
2021-09-28T23:00:02.446Z,-USD,000.270877,000.271296,000.256744,79446325.0,000.259936,4288129746.0
2021-09-29T00:00:02.799Z,-USD,000000.265,000.270145,0000.25508,76659289.0,000.256737,4290439410.0
2021-09-29T01:00:02.151Z,-USD,000.266331,000.270145,0000.25508,76807549.0,000.259472,4181033143.0
2021-09-29T02:00:01.875Z,-USD,000.267961,000.270145,0000.25508,81862106.0,000.261176,4188954857.0
2021-09-29T03:00:02.624Z,-USD,000.267952,000.270145,0000.25508,84928203.0,000.262218,4195309501.0
2021-09-29T04:00:02.225Z,-USD,000.268413,000.270145,0000.25508,85537065.0,000.264631,4197929019.0
2021-09-29T05:00:01.856Z,-USD,000.268756,0000.26958,0000.25508,86351906.0,000.266428,4200136196.0
2021-09-29T06:00:02.48Z,-USD,000.266316,0000.26958,0000.25508,85946915.0,0000.26694,4201872153.0
2021-09-29T07:00:02.046Z,-USD,000.265056,0000.26958,0000.25508,87034095.0,000.268966,4208485611.0
2021-09-29T08:00:02.639Z,-USD,000.262488,0000.26958,0000.25508,83610183.0,000.268942,4209625511.0
2021-09-29T09:00:02.32Z,-USD,000.264037,0000.26958,0000.25508,83307718.0,000.268852,4211411754.0
2021-09-29T10:00:02.706Z,-USD,000.262004,0000.26958,0000.25508,83775924.0,000.266372,4214032962.0
2021-09-29T11:00:03.436Z,-USD,000.262821,000.270507,0000.25508,83641067.0,000.270454,4216430417.0
2021-09-29T12:00:02.427Z,-USD,000.265879,000.270731,0000.25508,84843140.0,000.270553,4220208356.0
2021-09-29T13:00:02.041Z,-USD,000.264665,000.274096,0000.25508,96721239.0,000.273564,4235503353.0
2021-09-29T14:00:02.192Z,-USD,000.264094,000.279223,0000.25508,108365721.0,000.273674,4252011752.0
2021-09-29T15:00:02.089Z,-USD,000.261319,000.279223,0000.25508,104501413.0,000.274604,4256108395.0
2021-09-29T16:00:01.756Z,-USD,000.259935,000.279223,0000.25508,104404106.0,0000.27114,4259909219.0
2021-09-29T17:00:02.569Z,-USD,0000.25941,000.279223,0000.25508,103865907.0,000.270029,4264195982.0
2021-09-29T18:00:02.127Z,-USD,000.258956,000.279223,0000.25508,104315440.0,000.269094,4268504123.0
2021-09-29T19:00:01.734Z,-USD,000.260111,000.279223,0000.25508,105255476.0,000.270884,4272518631.0
2021-09-29T20:00:02.534Z,-USD,000.260737,000.279223,0000.25508,106645382.0,000.269604,4276051860.0
2021-09-29T21:00:02.245Z,-USD,000.261802,000.279223,0000.25508,109632678.0,000.266641,4281358116.0
2021-09-29T22:00:02.118Z,-USD,000.263846,000.279223,0000.25508,111570486.0,000.267762,4284874229.0
2021-09-29T23:00:02.473Z,-USD,000.259647,000.279223,0000.25508,112019560.0,000.266559,4286942558.0
2021-09-30T20:00:24.953Z,-USD,000.270324,000.280721,000000.265,86056498.0,000.277955,4213925793.0
2021-09-30T21:00:01.877Z,-USD,000.266781,000.280721,000000.265,87264547.0,000.275697,4220757866.0
2021-09-30T22:00:01.971Z,-USD,000.267751,000.280721,000000.265,86961528.0,000.277339,4223575971.0
2021-09-30T23:00:01.898Z,-USD,000.266465,000.280721,000.265747,89271996.0,000.277568,4227958605.0
2021-10-01T00:00:02.236Z,-USD,000.269729,000.280721,000.268406,86530985.0,000.278939,4231022406.0
2021-10-01T01:00:02.43Z,-USD,000.274482,000.281859,000.271482,82117985.0,0000.27962,4118984183.0
2021-10-01T02:00:01.807Z,-USD,000.277828,000.281859,000.271482,77740518.0,000.279659,4121273484.0
2021-10-01T03:00:02.143Z,-USD,000.279374,0000.28368,000.271482,84921597.0,000.276919,4133377847.0
2021-10-01T04:00:01.981Z,-USD,000.279387,0000.28368,000.271482,83176250.0,000.276793,4135797538.0
2021-10-01T05:00:01.806Z,-USD,000.277539,0000.28368,000.271482,83628106.0,000.276571,4138024581.0
2021-10-01T06:00:01.719Z,-USD,000.276551,0000.28368,000.271482,84146728.0,000.277623,4139636664.0
2021-10-01T07:00:02.628Z,-USD,000.275803,0000.28368,000.271482,83749713.0,000.277809,4140874492.0
2021-10-01T08:00:02.645Z,-USD,0000.27516,0000.28368,000.271482,84504926.0,0000.28179,4143067187.0
2021-10-01T09:00:02.609Z,-USD,000.273795,0000.28368,000.271482,85649881.0,000.283219,4148845914.0
2021-10-01T10:00:02.404Z,-USD,0000.27406,0000.28387,000.271482,85230696.0,000.283089,4150236642.0
2021-10-01T11:00:02.164Z,-USD,000.272099,0000.29488,000.271777,102892381.0,000.291347,4170191123.0
2021-10-01T12:00:02.314Z,-USD,000.275528,000.295588,000.274821,104143325.0,000.294328,4174725286.0
2021-10-01T13:00:02.328Z,-USD,000.276759,000.297477,000.274821,111563913.0,000.292344,4187265276.0
2021-10-01T14:00:02.419Z,-USD,000.276811,000.297477,000.274821,113323897.0,000.292244,4195611025.0
2021-10-01T15:00:02.422Z,-USD,000.276174,000.297477,000.274821,117466812.0,000.293459,4202044483.0
2021-10-01T16:00:02.633Z,-USD,000.278101,0000.29762,000.274821,124520878.0,000.296262,4211328768.0
2021-10-01T17:00:01.817Z,-USD,000.276325,000.299329,000.274821,127712325.0,000.297976,4217008314.0
2021-10-01T18:00:02.137Z,-USD,0000.27654,00000000.3,000.274821,130408498.0,00000000.3,4221944981.0
2021-10-01T19:00:02.528Z,-USD,000.280301,000.300258,000.274821,130451298.0,000.298531,4225939921.0
2021-10-01T20:00:02.642Z,-USD,0000.27785,0000.30026,000.274821,130907787.0,000.299018,4229738091.0
2021-10-01T21:00:01.797Z,-USD,000.275737,0000.30026,000.275451,126820673.0,000.297595,4232487628.0
2021-10-01T22:00:01.864Z,-USD,000.277344,0000.30026,000.275461,126361819.0,000.298552,4234890251.0
2021-10-01T23:00:01.744Z,-USD,000.277668,000.300486,000.275461,126452897.0,000.297504,4239319243.0
2021-10-02T00:00:02.671Z,-USD,000.278801,000.300664,000.275461,125830096.0,000.300306,4241762202.0
2021-10-02T01:00:02.583Z,-USD,000.279316,0000.30108,000.275461,131401049.0,000.298368,4108438088.0
2021-10-02T02:00:01.75Z,-USD,000.279737,0000.30108,000.275461,132333543.0,000.296708,4111663427.0
2021-10-02T03:00:01.917Z,-USD,000.276927,0000.30108,000.275461,125310924.0,000.296048,4116735349.0
2021-10-02T04:00:02.267Z,-USD,000.276864,0000.30108,000.275461,125552346.0,000.294067,4119410754.0
2021-10-02T05:00:01.935Z,-USD,000.276326,0000.30108,000.275495,124903072.0,000.294556,4120999203.0
2021-10-02T06:00:02.018Z,-USD,000.277622,0000.30108,000.276233,125688956.0,000.295236,4123369430.0
2021-10-02T07:00:02.099Z,-USD,000.277753,0000.30108,000.276994,125913317.0,000.296074,4124832587.0
2021-10-02T08:00:01.754Z,-USD,000.281764,0000.30108,000.281198,124971522.0,000.295287,4126099582.0
2021-10-02T09:00:02.683Z,-USD,000.283438,0000.30108,000.282077,121066456.0,000.294116,4127977417.0
2021-10-02T10:00:02.272Z,-USD,000.283089,0000.30108,000.282759,120687642.0,000.295735,4128970786.0
2021-10-02T11:00:02.409Z,-USD,000.291706,0000.30108,000.290394,102594183.0,000.294561,4130831021.0
2021-10-02T12:00:02.429Z,-USD,000.293996,0000.30108,000.291308,100423040.0,0000.29621,4133199589.0
2021-10-02T13:00:02.295Z,-USD,0000.29244,0000.30108,000.291815,90554971.0,000.298163,4135973622.0
2021-10-02T14:00:02.394Z,-USD,000.292229,0000.30108,000.291815,88576279.0,000.298042,4142284438.0
2021-10-02T15:00:02.37Z,-USD,000.293685,000.302892,000.292616,89325202.0,000.302711,4149440244.0
2021-10-02T16:00:02.284Z,-USD,0000.29646,0000.30935,000.292616,89483865.0,0000.30806,4158918379.0
2021-10-02T17:00:01.853Z,-USD,000.298078,000.311278,000.292616,94371791.0,000.310648,4169424395.0
2021-10-02T18:00:01.996Z,-USD,000.300094,000.313563,000.292616,94803359.0,000.313177,4174974725.0
2021-10-02T19:00:03.21Z,-USD,000.298569,000.314954,000.292616,99626078.0,000.314662,4183610703.0
2021-10-02T20:00:02.449Z,-USD,000.299338,000.318718,000.292616,101108702.0,000.318619,4188908110.0
2021-10-02T21:00:02.484Z,-USD,000.297372,000.319671,000.292616,106465340.0,000.318422,4197005230.0
2021-10-02T22:00:02.619Z,-USD,000.298789,000000.326,000.292616,113869206.0,000.324793,4206836317.0
2021-10-02T23:00:02.232Z,-USD,000.297644,000.326573,000.292616,114619648.0,000.320673,4211982770.0
2021-10-03T00:00:02.159Z,-USD,0000.30059,000.326573,000.292616,121689748.0,000.316898,4221498522.0
2021-10-03T01:00:02.643Z,-USD,0000.29904,000.326573,000.292616,122228800.0,000.314022,4083915653.0
2021-10-03T02:00:02.455Z,-USD,000.296605,000.326573,000.292616,123049777.0,000.316795,4087959667.0
2021-10-03T03:00:02.212Z,-USD,000.296024,000.326573,000.292616,123107026.0,000.318214,4093071641.0
2021-10-03T04:00:02.056Z,-USD,000.293739,000.326573,000.292616,124761593.0,000.317346,4097437679.0
2021-10-03T05:00:02.271Z,-USD,000.294513,000.326573,000.292616,125445552.0,00000.3146,4099794964.0
2021-10-03T06:00:01.704Z,-USD,000.295255,000.326573,000.292616,125203770.0,000.316419,4101800687.0
2021-10-03T07:00:02.137Z,-USD,000.296011,000.326573,000.292616,125959432.0,000.314572,4104027266.0
2021-10-03T08:00:01.747Z,-USD,000.295041,000.326573,000.292616,128010333.0,000.313451,4107337794.0
2021-10-03T09:00:02.23Z,-USD,000.293802,000.326573,0000.29279,129039971.0,000.315452,4110255150.0
2021-10-03T10:00:01.83Z,-USD,000.295659,000.326573,0000.29279,132511298.0,000.312466,4114729246.0
2021-10-03T11:00:02.311Z,-USD,000.294354,000.326573,0000.29279,135110198.0,000.315449,4119202533.0
2021-10-03T12:00:02.605Z,-USD,000.296471,000.326573,000.295503,138693510.0,000.318653,4125168916.0
2021-10-03T13:00:02.294Z,-USD,000.298072,000.326573,000.297457,140928620.0,0000.31887,4130144349.0
2021-10-03T14:00:02.107Z,-USD,000.298511,000.326573,000.298396,140464983.0,000.321578,4136034031.0
2021-10-03T15:00:01.771Z,-USD,000.302984,000.326573,000.302585,137700703.0,000.318404,4140412339.0
2021-10-03T16:00:02.635Z,-USD,000.307794,000.326573,0000.30742,133406329.0,000.314152,4145562256.0
2021-10-03T17:00:02.595Z,-USD,000.311113,000.326573,000.308618,126558249.0,000.315911,4149248301.0
2021-10-03T18:00:02.164Z,-USD,000.313111,000.326573,000.311701,126368757.0,000.317712,4154712430.0
2021-10-03T19:00:02.339Z,-USD,000.314917,000.326573,000.311701,123873226.0,000.319086,4160820258.0
2021-10-03T20:00:02.394Z,-USD,000.318628,000.326573,000.311701,121939994.0,000.319072,4164339124.0
2021-10-03T21:00:02.153Z,-USD,000.318306,000.326573,000.311701,116643522.0,000.316268,4167034427.0
2021-10-03T22:00:02.068Z,-USD,000.325037,000.326573,000.310441,116395910.0,0000.31088,4176733159.0
2021-10-03T23:00:01.757Z,-USD,000.321337,000.323146,000.310441,115240108.0,000.314878,4180637974.0
2021-10-04T00:00:01.766Z,-USD,000.316442,000.322976,000.310441,107682360.0,000.315031,4182484851.0
2021-10-04T01:00:01.911Z,-USD,000.313595,000.322976,000.309015,104309675.0,000.309745,4051256651.0
2021-10-04T02:00:02.161Z,-USD,000.316573,000.322976,000.307159,108039817.0,000.307447,4058636729.0
2021-10-04T03:00:02.437Z,-USD,000.318075,000.322976,000.305057,107422425.0,000.305318,4063125487.0
2021-10-04T04:00:02.577Z,-USD,000.318269,000.322976,000.302847,111040021.0,000.302847,4071250498.0
2021-10-04T05:00:02.206Z,-USD,0000.31481,000.322976,000.300471,114618764.0,000.302262,4077051086.0
2021-10-04T06:00:02.478Z,-USD,000.316815,000.322976,000.300471,115343569.0,0000.30241,4079834001.0
2021-10-04T07:00:02.295Z,-USD,000.314755,000.322976,000.300303,118812196.0,000.301934,4085464514.0
2021-10-04T08:00:02.455Z,-USD,000.313304,000.322976,0000.30021,116893021.0,000.304118,4086913362.0
2021-10-04T09:00:02.365Z,-USD,000.315363,000.322976,0000.30021,117727585.0,000.301807,4090622452.0
2021-10-04T10:00:02.176Z,-USD,000.313242,000.322976,0000.30021,114215344.0,000.303824,4091672245.0
2021-10-04T11:00:02.405Z,-USD,000.315077,000.322976,0000.30021,110995195.0,000.302688,4093442342.0
2021-10-04T12:00:02.181Z,-USD,000.318105,000.322976,0000.29811,111762068.0,000.301211,4099731616.0
2021-10-04T13:00:03.229Z,-USD,000.318312,000.322976,0000.29811,111462209.0,000.302848,4104298468.0
2021-10-04T14:00:02.249Z,-USD,000.321581,0000.32204,0000.29811,114382293.0,000.306059,4113044796.0
2021-10-04T15:00:02.514Z,-USD,000.318608,0000.32144,0000.29811,119673744.0,000.300822,4122714876.0
2021-10-04T16:00:01.811Z,-USD,000.314295,0000.32144,0000.29678,121189825.0,000.300608,4129434114.0
2021-10-04T17:00:01.975Z,-USD,000.315305,0000.32144,0000.29678,128223464.0,000.303471,4140158180.0
2021-10-04T18:00:02.628Z,-USD,000.317803,0000.32144,0000.29678,128425239.0,000.305886,4145765254.0
2021-10-04T19:00:02.19Z,-USD,000.318841,0000.32144,0000.29678,127776745.0,000.305065,4151232849.0
2021-10-04T20:00:02.612Z,-USD,000.319188,000.319899,0000.29678,132784728.0,000.304306,4159751084.0
2021-10-04T21:00:02.314Z,-USD,000.315064,000.316534,0000.29678,134430130.0,000.305429,4164369454.0
2021-10-04T22:00:02.616Z,-USD,000.310607,000.316534,0000.29678,131084997.0,000.307166,4170452515.0
2021-10-04T23:00:01.945Z,-USD,000.314537,000.315781,0000.29678,132428880.0,000.306584,4175729810.0
2021-10-05T00:00:01.829Z,-USD,000.315048,000.315511,0000.29678,141899333.0,000.310028,4187091355.0
2021-10-05T01:00:01.97Z,-USD,000.309272,000.313683,0000.29678,140094844.0,000.312182,4043093753.0
2021-10-05T02:00:02.235Z,-USD,000.307867,000.313683,0000.29678,139897847.0,000.311172,4048447586.0
2021-10-05T03:00:02.364Z,-USD,000.305373,000.314839,0000.29678,139290599.0,000.314395,4052609067.0
2021-10-05T04:00:02.384Z,-USD,000.302813,000.316483,0000.29678,138363034.0,000.315624,4059522620.0
2021-10-05T05:00:01.837Z,-USD,000.302033,000.316483,0000.29678,137315078.0,000.313228,4064362019.0
2021-10-05T06:00:01.692Z,-USD,0000.30219,000.318649,0000.29678,139788788.0,000.318649,4069547885.0
2021-10-05T07:00:02.624Z,-USD,000.301242,0000.31935,0000.29678,136040849.0,000.316939,4071462959.0
2021-10-05T08:00:02.359Z,-USD,000.304615,0000.31935,0000.29678,137100728.0,000.317275,4074414684.0
2021-10-05T09:00:02.454Z,-USD,000.302016,0000.31935,0000.29678,135660479.0,000.316074,4076191850.0
2021-10-05T10:00:02.347Z,-USD,0000.30435,0000.31935,0000.29678,136361297.0,0000.31612,4077988255.0
2021-10-05T11:00:02.138Z,-USD,0000.30263,0000.31935,0000.29678,137021696.0,000.316366,4080394283.0
2021-10-05T12:00:02.334Z,-USD,000.301034,0000.31935,0000.29678,133226320.0,000.316234,4083042268.0
2021-10-05T13:00:02.277Z,-USD,000.303107,0000.31935,0000.29678,133491765.0,0000.31539,4087744716.0
2021-10-05T14:00:02.345Z,-USD,000.306635,0000.31935,0000.29678,129786057.0,000.317421,4092849692.0
2021-10-05T15:00:02.507Z,-USD,0000.30091,0000.31935,0000.29678,137950759.0,000.312071,4111001268.0
2021-10-05T16:00:02.682Z,-USD,000.301341,0000.31935,000.301038,136601920.0,000.311032,4116009672.0
2021-10-05T17:00:02.625Z,-USD,000.303172,0000.31935,000.301142,131222502.0,000.313611,4121352062.0
2021-10-05T18:00:02.044Z,-USD,0000.30641,0000.31935,0000.30302,129762537.0,000.313615,4125493626.0
2021-10-05T19:00:02.356Z,-USD,000.304917,0000.31935,0000.30302,129844806.0,000.315393,4131080360.0
2021-10-05T20:00:02.651Z,-USD,000.304211,0000.31935,000.303264,128261445.0,000.315113,4138006282.0
2021-10-05T21:00:01.92Z,-USD,000.305296,0000.31935,000.304268,127882249.0,00000.3174,4142204577.0
2021-10-05T22:00:02.228Z,-USD,0000.30747,0000.32035,000.304268,126360992.0,000.318798,4146892037.0
2021-10-05T23:00:02.554Z,-USD,000.306564,0000.32035,000.306234,125008918.0,000.317238,4150682357.0
2021-10-06T00:00:02.48Z,-USD,000.310491,0000.32035,000.308286,116713216.0,000.319097,4153796013.0
2021-10-06T01:00:03.848Z,-USD,000000.312,0000.32035,000.308286,114717543.0,000.319479,3923643775.0
2021-10-06T02:00:02.558Z,-USD,000.310773,0000.32035,000.308286,114128786.0,000.318172,3928373802.0
2021-10-06T03:00:02.558Z,-USD,000.314662,0000.32167,000.308286,118880085.0,000.321619,3937252713.0
2021-10-06T04:00:02.525Z,-USD,0000.31584,0000.32172,000.308286,115473727.0,000.319501,3941217217.0
2021-10-06T05:00:02.242Z,-USD,000.313758,0000.32172,000.308286,118589829.0,000.317437,3948727391.0
2021-10-06T06:00:02.1Z,-USD,000.318366,0000.32172,000.308286,117403189.0,000.319624,3952865898.0
2021-10-06T07:00:01.857Z,-USD,0000.31753,000.325564,000.308286,122465770.0,0000.32308,3959840607.0
2021-10-06T08:00:01.881Z,-USD,000.317394,000.325564,000.308286,124718011.0,000.317009,3964865681.0
2021-10-06T09:00:01.785Z,-USD,000.316513,000.325564,000.306723,137914824.0,000.308508,3979882129.0
2021-10-06T10:00:01.918Z,-USD,000.316613,000.325564,000.305703,143506205.0,000.308722,3987253019.0
2021-10-06T11:00:02.583Z,-USD,000.316826,000.325564,000.305703,148298635.0,000.310114,3994433518.0
2021-10-06T12:00:02.527Z,-USD,000000.316,000.325564,000.305703,149659191.0,0000.31146,3998520118.0
2021-10-06T13:00:02.795Z,-USD,000.315662,000.325564,000.305703,159160967.0,000.315707,4012702966.0
2021-10-06T14:00:02.037Z,-USD,000.317555,000000.326,000.305703,174081415.0,00000.3217,4032884486.0
2021-10-06T15:00:01.789Z,-USD,0000.31198,000.326342,000.305703,163871984.0,0000.32587,4040714263.0
2021-10-06T16:00:02.198Z,-USD,0000.31119,000.328743,000.305703,168687620.0,000.325962,4050478978.0
2021-10-06T17:00:02.432Z,-USD,000.314044,000.328743,000.305703,169868912.0,000.325786,4057024969.0
2021-10-06T18:00:02.61Z,-USD,000.313655,000.328743,000.305703,170882365.0,000.326078,4062160839.0
2021-10-06T19:00:02.044Z,-USD,000.315505,000.328743,000.305703,168102579.0,000.326241,4065165417.0
2021-10-06T20:00:02.302Z,-USD,000.314917,000.330049,000.305703,166705438.0,000.327974,4070500601.0
2021-10-06T21:00:02.267Z,-USD,000.317561,0000.34595,000.305703,204180886.0,000.340002,4112261619.0
2021-10-06T22:00:02.387Z,-USD,000.318744,0000.34595,000.305703,214944229.0,000.340252,4127591691.0
2021-10-06T23:00:02.252Z,-USD,000.317512,000000.349,000.305703,233161969.0,000.348096,4149599428.0
2021-10-07T00:00:02.344Z,-USD,000.319091,000.364763,000.305703,269404477.0,000.354211,4188955288.0
2021-10-07T01:00:02.619Z,-USD,000.319557,000.369982,000.305703,301342955.0,000.357154,3881391816.0
2021-10-07T02:00:01.765Z,-USD,000.318132,000.369982,000.305703,320000618.0,000.352891,3904817535.0
2021-10-07T03:00:01.924Z,-USD,000.321459,000.369982,000.305703,327148729.0,000.353329,3920934650.0
2021-10-07T04:00:01.977Z,-USD,000.318493,000.369982,000.305703,336989078.0,0000.36023,3935093924.0
2021-10-07T05:00:01.982Z,-USD,000.317469,000.369982,000.305703,348023412.0,000.362791,3953195708.0
2021-10-07T06:00:02.06Z,-USD,000.319907,000.369982,000.305703,360563583.0,000.363065,3969880672.0
2021-10-07T07:00:02.06Z,-USD,0000.32257,000.369982,000.305703,368136895.0,0000.35785,3984510795.0
2021-10-07T08:00:01.954Z,-USD,000.317337,000.369982,000.305703,370615756.0,000.363799,3991915498.0
2021-10-07T09:00:02.462Z,-USD,000.308343,000.369982,000.305703,361478247.0,000.359656,3997796098.0
2021-10-07T10:00:01.882Z,-USD,000.308839,000.369982,000.306707,363208429.0,000.353918,4006868127.0
2021-10-07T11:00:02.552Z,-USD,000.309969,000.369982,000.309248,360359288.0,0000.35187,4011221241.0
2021-10-07T12:00:02.381Z,-USD,000.311559,000.369982,000.310525,361992839.0,000.358103,4016914412.0
2021-10-07T13:00:02.003Z,-USD,000.315824,000.369982,000.315421,357751009.0,000.355053,4027088222.0
2021-10-07T14:00:02.354Z,-USD,000.321984,000.369982,0000.32035,344502180.0,000.356636,4033796849.0
2021-10-07T15:00:02.174Z,-USD,000.326379,000.369982,000.322163,352850448.0,0000.34484,4050167125.0
2021-10-07T16:00:02.337Z,-USD,000.325418,000.369982,000.322163,350928459.0,000.347168,4058358565.0
2021-10-07T17:00:02.827Z,-USD,0000.32607,000.369982,000000.324,354603167.0,000.349563,4068075034.0
2021-10-07T18:00:02.286Z,-USD,000.325831,000.369982,000.325251,364779834.0,0000000.35,4083390915.0
2021-10-07T19:00:02.466Z,-USD,000.325804,000.369982,000.325251,368894194.0,000.349238,4090617376.0
2021-10-07T20:00:02.612Z,-USD,000.327704,000.369982,000.326107,372059960.0,000.348159,4099048569.0
2021-10-07T21:00:02.671Z,-USD,000.342238,000.369982,0000.33688,335338572.0,000.350503,4104603590.0
2021-10-07T22:00:02.414Z,-USD,000.341215,000.369982,000.339213,325002900.0,000.350375,4109163968.0
2021-10-07T23:00:01.81Z,-USD,000.348957,000.369982,000.342192,309777274.0,000.345329,4117604753.0
2021-10-08T00:00:02.056Z,-USD,000.358047,000.369982,0000.34132,278041997.0,000.343687,4123633862.0
2021-10-08T01:00:02.337Z,-USD,000.359423,000.367899,000.340757,247886260.0,000.347022,3872231121.0
2021-10-08T02:00:02.461Z,-USD,000.353528,000.367899,000.340757,229521885.0,000.344573,3877213655.0
2021-10-08T03:00:02.42Z,-USD,000.353672,000.367899,0000.33772,226931784.0,000.338147,3890416253.0
2021-10-08T04:00:02.64Z,-USD,000.359834,000.367899,000.334297,220075189.0,000.337207,3897891041.0
2021-10-08T05:00:02.097Z,-USD,000.365995,000.367899,000.334297,204776727.0,0000.33898,3900949231.0
2021-10-08T06:00:02.779Z,-USD,000.364423,000.366008,000.334297,192688727.0,0000.34132,3905879130.0
2021-10-08T07:00:01.68Z,-USD,000.358471,000.366008,000.334297,191389077.0,000.345328,3918440016.0
2021-10-08T08:00:02.649Z,-USD,000.364853,000.365178,000.334297,191593484.0,00000.3464,3925836902.0
2021-10-08T09:00:01.806Z,-USD,000.359257,000.360018,000.334297,190770484.0,000.349771,3930899724.0
2021-10-08T10:00:02.664Z,-USD,000.354025,000.359511,000.334297,185384493.0,00000.3455,3934671036.0
2021-10-08T11:00:02.738Z,-USD,0000.35214,000.359511,000.334297,184526687.0,000.345783,3938119837.0
2021-10-08T12:00:01.729Z,-USD,000.357471,000.359511,000.334297,184150267.0,000.342837,3943459894.0
2021-10-08T13:00:01.748Z,-USD,00000.3549,000.357962,000.334297,186537862.0,000.341034,3956028362.0
2021-10-08T14:00:01.788Z,-USD,000.356487,000.356787,000.334297,185197072.0,000.337722,3961325964.0
2021-10-08T15:00:01.932Z,-USD,000.343986,000.355019,000.334297,175812419.0,000.342477,3968570370.0
2021-10-08T16:00:01.733Z,-USD,0000.34749,000.355019,000.334297,173622408.0,000.338875,3974634587.0
2021-10-08T17:00:02.074Z,-USD,0000.34839,000.355019,000.334297,169637733.0,000.340319,3980098793.0
2021-10-08T18:00:02.349Z,-USD,000.349761,000.352296,000.334297,159691548.0,000.338464,3985639265.0
2021-10-08T19:00:02.991Z,-USD,000.349154,000.352296,000.334297,158015105.0,000.340843,3991066247.0
2021-10-08T20:00:02.668Z,-USD,000.348329,00000.3512,000.334297,158049455.0,000.341644,3999551613.0
2021-10-08T21:00:01.935Z,-USD,000.349246,00000.3512,0000.33336,163509259.0,0000.33537,4010488875.0
2021-10-08T22:00:02.123Z,-USD,0000.34926,000.349788,0000.33336,164362077.0,000.335983,4016100985.0
2021-10-08T23:00:02.58Z,-USD,000.344443,000.349788,0000.33336,163187541.0,00000.3378,4023281570.0
2021-10-09T00:00:01.744Z,-USD,00000.3438,000.349788,0000.33336,164981928.0,000.335506,4031024260.0
2021-10-09T01:00:01.779Z,-USD,0000.34618,000.349788,000000.333,170600412.0,000.335641,3867125063.0
2021-10-09T02:00:01.757Z,-USD,000.343451,000.349788,000000.333,171185081.0,000.336248,3872670675.0
2021-10-09T03:00:01.973Z,-USD,000.336866,000.349788,000000.333,163542286.0,000.338791,3878584887.0
2021-10-09T04:00:02.461Z,-USD,000.336527,000.349788,000000.333,160213845.0,000.344228,3882365056.0
2021-10-09T05:00:02.076Z,-USD,000.338281,000.349788,000000.333,166527274.0,000.345833,3891766622.0
2021-10-09T06:00:02.058Z,-USD,000.341318,000.349788,000000.333,166306624.0,000.344253,3897151097.0
2021-10-09T07:00:01.978Z,-USD,000.344602,000.349788,000000.333,159476881.0,000.345896,3902252308.0
2021-10-09T08:00:01.965Z,-USD,000.345606,000.349788,000000.333,155743605.0,000.348956,3905815572.0
2021-10-09T09:00:01.831Z,-USD,000.348411,000.350785,000000.333,154959517.0,000.348062,3910046961.0
2021-10-09T10:00:01.974Z,-USD,000.344345,000.351351,000000.333,156993068.0,000.351083,3915849624.0
2021-10-09T11:00:02.63Z,-USD,000.345411,000.353756,000000.333,163290485.0,000.353611,3925662523.0
2021-10-09T12:00:02.557Z,-USD,000.342547,000000.358,000000.333,174334838.0,000.355085,3941995156.0
2021-10-09T13:00:02.488Z,-USD,000.341217,0000.36087,000000.333,171331411.0,000.358947,3951483293.0
2021-10-09T14:00:02.565Z,-USD,0000.33803,000.363036,000000.333,174621148.0,0000.36045,3960210976.0
2021-10-09T15:00:02.382Z,-USD,000.341428,000000.365,000000.333,185253841.0,000.362225,3978057706.0
2021-10-09T16:00:01.741Z,-USD,000.339168,000000.365,000000.333,186498912.0,000.360753,3985360581.0
2021-10-09T17:00:02.433Z,-USD,000.340869,000.366887,000000.333,198246668.0,000.366732,4002501243.0
2021-10-09T18:00:01.824Z,-USD,0000.33855,000.367797,000000.333,206118053.0,000.359361,4015964688.0
2021-10-09T19:00:02.075Z,-USD,000.341474,000.367797,000000.333,208744618.0,0000.35882,4023993472.0
2021-10-09T20:00:01.879Z,-USD,000.342193,000.367797,000000.333,210720862.0,0000.35498,4034413423.0
2021-10-09T21:00:02.673Z,-USD,000.335737,000.367797,000000.333,204149869.0,000.355684,4039040155.0
2021-10-09T22:00:02.583Z,-USD,000.337039,000.367797,000000.333,202015459.0,000.355168,4042314582.0
2021-10-09T23:00:02.295Z,-USD,000.338268,000.367797,000000.333,198349206.0,000.352119,4046034579.0
2021-10-10T00:00:02.547Z,-USD,000.336338,000.367797,000000.333,193006286.0,000.352832,4048626082.0
2021-10-10T01:00:02.553Z,-USD,000.337637,000.367797,000.334501,190019146.0,000.347776,3852203710.0
2021-10-10T02:00:02.552Z,-USD,000.337112,000.367797,000.334501,193144566.0,000.346917,3860484695.0
2021-10-10T03:00:01.861Z,-USD,000.340011,000.367797,000.339418,191743696.0,000.347734,3865041671.0
2021-10-10T04:00:01.882Z,-USD,0000.34416,000.367797,000.342936,191237927.0,000.350864,3868684480.0
2021-10-10T05:00:02.18Z,-USD,000.346138,000.367797,000.342936,190361399.0,000.355135,3876785005.0
2021-10-10T06:00:02.301Z,-USD,0000.34413,000.367797,0000.34325,187626327.0,000.352089,3879386299.0
2021-10-10T07:00:02.218Z,-USD,000.346948,000.367797,0000.34325,188388771.0,000.356839,3885353320.0
2021-10-10T08:00:02.251Z,-USD,000.350442,000.367797,0000.34325,186918676.0,000.355246,3887718893.0
2021-10-10T09:00:02.179Z,-USD,000.348079,000.367797,0000.34325,186209259.0,000.357126,3890929276.0
2021-10-10T10:00:02.269Z,-USD,000.351121,000.367797,0000.34325,182716674.0,000.351368,3894036713.0
2021-10-10T11:00:02.648Z,-USD,000.354927,000.367797,0000.34325,177699660.0,000.350613,3898204179.0
2021-10-10T12:00:07.664Z,-USD,000.354398,000.367797,0000.34325,163395549.0,000.349805,3900693821.0
2021-10-10T13:00:02.71Z,-USD,000.359944,000.367797,0000.34325,156440207.0,000.345982,3902688933.0
2021-10-10T14:00:01.793Z,-USD,000.361198,000.367797,0000.34325,150681356.0,000.345899,3905737364.0
2021-10-10T15:00:02.025Z,-USD,000.361961,000.367797,0000.34325,135727338.0,000.348427,3908485327.0
2021-10-10T16:00:02.139Z,-USD,000.360911,000.367797,0000.34325,131606031.0,000.348435,3911701463.0
2021-10-10T17:00:02.385Z,-USD,000.366651,000.367419,0000.34325,117232348.0,000.345694,3914662308.0
2021-10-10T18:00:02.252Z,-USD,00000.3599,000.361714,0000.34165,111112323.0,000.344565,3921845548.0
2021-10-10T19:00:02.349Z,-USD,000.358581,000.358884,0000.34165,106251872.0,000.346692,3924874955.0
2021-10-10T20:00:02.364Z,-USD,000.354722,000.357923,0000.34165,98275030.0,000.347126,3927440721.0
2021-10-10T21:00:02.48Z,-USD,000.355688,000.357923,0000.34165,98034621.0,000.345981,3931649022.0
2021-10-10T22:00:02.666Z,-USD,000.354771,000.357923,0000.33468,104735606.0,000.337823,3941777671.0
2021-10-10T23:00:02.191Z,-USD,000.352613,000.357923,000.334048,104452254.0,000.338017,3945074602.0
2021-10-11T00:00:02.154Z,-USD,00000.3532,000.357923,000.329124,111278004.0,000.331856,3954501332.0
2021-10-11T01:00:02.527Z,-USD,000.346871,000.357923,0000.32561,110158907.0,000.333349,3837356716.0
2021-10-11T02:00:02.635Z,-USD,000.346133,000.357923,0000.32561,106753803.0,000.336086,3842272342.0
2021-10-11T03:00:02.558Z,-USD,000.347044,000.357923,0000.32561,104806184.0,000.338468,3844921801.0
2021-10-11T04:00:01.875Z,-USD,000.349697,000.357923,0000.32561,108741793.0,00000.3423,3852441656.0
2021-10-11T05:00:02.204Z,-USD,000.354858,000.357923,0000.32561,104141501.0,000.344751,3855949393.0
2021-10-11T06:00:02.139Z,-USD,000.351677,000.357923,0000.32561,103793681.0,000.343401,3858190628.0
2021-10-11T07:00:02.069Z,-USD,000.356886,000.357595,0000.32561,100071137.0,000.344701,3860480712.0
2021-10-11T08:00:02.235Z,-USD,0000.35548,000.357595,0000.32561,103530233.0,000.350778,3866299351.0
2021-10-11T09:00:02.208Z,-USD,000.356852,000.357096,0000.32561,107996900.0,000.350861,3873950626.0
2021-10-11T10:00:02.067Z,-USD,000.351128,0000.35365,0000.32561,107259518.0,000.349195,3876679554.0
2021-10-11T11:00:02.16Z,-USD,000.350423,000.352038,0000.32561,106325207.0,000.346512,3879548432.0
2021-10-11T12:00:02.145Z,-USD,000.349832,000.352038,0000.32561,111106571.0,000.348544,3886768786.0
2021-10-11T13:00:02.285Z,-USD,000.346104,000.357471,0000.32561,121379915.0,000.353808,3899091774.0
2021-10-11T14:00:02.568Z,-USD,000.346662,000.357471,0000.32561,124023290.0,000.354722,3904769188.0
2021-10-11T15:00:01.913Z,-USD,000.348265,000.357471,0000.32561,126552954.0,000.354112,3910047910.0
2021-10-11T16:00:02.399Z,-USD,000.348011,000.357471,0000.32561,132043678.0,000.350783,3918801493.0
2021-10-11T17:00:02.792Z,-USD,000.345546,000.357471,0000.32561,135158831.0,000.350597,3924839864.0
2021-10-11T18:00:02.105Z,-USD,0000.34437,000.357471,0000.32561,132211457.0,000.349499,3929081502.0
2021-10-11T19:00:02.186Z,-USD,000.346599,000.357471,0000.32561,135733055.0,000.345985,3935607095.0
2021-10-11T20:00:02.657Z,-USD,000.346716,000.357471,0000.32561,142283077.0,000.343347,3944726653.0
2021-10-11T21:00:01.781Z,-USD,000.346124,000.357471,0000.32561,148806256.0,000.336779,3955597125.0
2021-10-11T22:00:02.029Z,-USD,0000.33718,000.357471,0000.32561,143008396.0,000.338735,3959766136.0
2021-10-11T23:00:02.517Z,-USD,0000.33784,000.357471,0000.32561,142953881.0,000.341647,3963046092.0
2021-10-12T00:00:01.841Z,-USD,000.331267,000.357471,0000.32561,137387421.0,000.344514,3966901995.0
2021-10-12T01:00:02.656Z,-USD,000.333488,000.357471,000.332437,133791751.0,000.339147,3874552295.0
2021-10-12T02:00:02.318Z,-USD,000.335644,000.357471,0000.33363,134563587.0,000.341038,3879433611.0
2021-10-12T03:00:01.942Z,-USD,000.339043,000.357471,0000.33363,136728852.0,000.335256,3884458010.0
2021-10-12T04:00:02.146Z,-USD,000.342516,000.357471,000.331608,140054197.0,000.332984,3895056270.0
2021-10-12T05:00:02.04Z,-USD,000.344718,000.357471,0000.33146,141156975.0,000.336034,3899857683.0
2021-10-12T06:00:02.041Z,-USD,000.343869,000.357471,000.329421,145137372.0,000.335375,3905914687.0
2021-10-12T07:00:02.005Z,-USD,0000.34493,000.357471,000.329421,145987156.0,000.331169,3909311527.0
2021-10-12T08:00:02.023Z,-USD,000.350521,000.357471,000.329421,143241915.0,000.333066,3912078865.0
2021-10-12T09:00:01.857Z,-USD,000.350674,000.357471,000.329421,138136953.0,000.333351,3914634679.0
2021-10-12T10:00:02.173Z,-USD,000.349203,000.357471,000000.323,144946985.0,000.324775,3924156514.0
2021-10-12T11:00:02.102Z,-USD,000.345683,000.357471,0000.32253,150164115.0,000.325005,3932280265.0
2021-10-12T12:00:04.158Z,-USD,000.348164,000.357471,0000.32253,149155055.0,0000.32717,3938460359.0
2021-10-12T13:00:02.162Z,-USD,000.354147,00000.3566,000.320036,145687716.0,000.322129,3947352312.0
2021-10-12T14:00:02.326Z,-USD,000.355144,0000.35596,000.320036,149238554.0,000.330324,3956563316.0
2021-10-12T15:00:02.526Z,-USD,000.354289,000.355158,000.320036,149033862.0,000.326322,3961645604.0
2021-10-12T16:00:02.687Z,-USD,000.350671,000.352413,000.320036,149066146.0,000.329884,3970686955.0
2021-10-12T17:00:02.293Z,-USD,000.350079,000.352413,000.320036,148670542.0,0000.33183,3976231213.0
2021-10-12T18:00:02.619Z,-USD,000.350218,000.350974,000.320036,153435329.0,000.329478,3985082013.0
2021-10-12T19:00:01.827Z,-USD,000.345621,000.348108,000.320036,150612417.0,0000.33131,3988820471.0
2021-10-12T20:00:02.18Z,-USD,000.342946,0000.34504,000.320036,145880626.0,000.329552,3993204080.0
2021-10-12T21:00:02.512Z,-USD,000.336232,0000.34504,000.320036,142525362.0,0000.33354,4000691398.0
2021-10-12T22:00:02.088Z,-USD,00000.3392,0000.34504,000.320036,141562890.0,000.333766,4003883131.0
2021-10-12T23:00:02.493Z,-USD,000.341551,0000.34504,000.320036,140614874.0,000.334308,4006371533.0
2021-10-13T00:00:01.744Z,-USD,000.344422,000.344826,000.320036,140592874.0,000.332429,4010132902.0
2021-10-13T01:00:02.208Z,-USD,000.339122,000.342271,000.320036,139249919.0,0000.33696,3880708633.0
2021-10-13T02:00:02.689Z,-USD,000.341265,0000.34213,000.320036,140992225.0,000.338918,3887188860.0
2021-10-13T03:00:01.885Z,-USD,0000.33555,000000.344,000.320036,141331497.0,0000.34376,3892566128.0
2021-10-13T04:00:01.985Z,-USD,0000.33354,000.345029,000.320036,136301415.0,0000.34464,3898147503.0
2021-10-13T05:00:02.285Z,-USD,000.335995,000.346705,000.320036,136506850.0,000.345793,3903125229.0
2021-10-13T06:00:02.133Z,-USD,000.335226,000.349645,000.320036,140298218.0,000.336619,3912973988.0
2021-10-13T07:00:02.124Z,-USD,0000.33125,000.349645,000.320036,145545522.0,0000.34121,3921607099.0
2021-10-13T08:00:02.214Z,-USD,000.332511,000.349645,000.320036,145670934.0,000.340969,3924512727.0
2021-10-13T09:00:02.105Z,-USD,000.333554,000.349645,000.320036,150849085.0,000.346068,3932239251.0
2021-10-13T10:00:02.579Z,-USD,000.325176,000.357835,000.320036,158143915.0,000.353068,3949164581.0
2021-10-13T11:00:02.093Z,-USD,000.324928,000.358223,000.320036,158045115.0,000.357035,3957081832.0
2021-10-13T12:00:02.298Z,-USD,000.327153,000.363369,000.320036,167730300.0,00000.3618,3972982111.0
2021-10-13T13:00:01.833Z,-USD,000.321595,000.364648,000.321595,168673250.0,000.361681,3982838275.0
2021-10-13T14:00:01.99Z,-USD,000.329711,000.364648,000.324245,168882425.0,000.358433,3992284713.0
2021-10-13T15:00:02.007Z,-USD,000.326958,000.376284,000.324245,186663601.0,000.370617,4015153500.0
2021-10-13T16:00:02.355Z,-USD,00000.3297,000.376284,000.327102,192625146.0,000.368133,4030394694.0
2021-10-13T17:00:01.918Z,-USD,000.331391,000.376284,000.327102,198120109.0,000.366534,4041087446.0
2021-10-13T18:00:02.304Z,-USD,000.329614,000.376284,000.327102,199916826.0,0000.36005,4051776551.0
2021-10-13T19:00:02.617Z,-USD,000.330648,000.376284,000.327102,205568238.0,000.358075,4061130555.0
2021-10-13T20:00:02.707Z,-USD,000.329705,000.376284,000.327102,206014082.0,000.360421,4065996561.0
2021-10-13T21:00:02.185Z,-USD,000.333366,000.376284,000.330153,205070861.0,000.359624,4072538522.0
2021-10-13T22:00:02.473Z,-USD,000.333637,000.376284,000.330153,206086786.0,000.361756,4076702770.0
2021-10-13T23:00:01.978Z,-USD,000.333979,000.376284,000.330153,212451056.0,000.364637,4085870024.0
2021-10-14T00:00:02.046Z,-USD,000.332525,000.376284,000.330153,219943798.0,000000.368,4096822480.0
2021-10-14T01:00:05.243Z,-USD,0000.33746,000.376284,000.334226,227638587.0,000.371392,4014063247.0
2021-10-14T02:00:03.006Z,-USD,000.338952,0000000.38,000.334226,242567934.0,000.379911,4035600584.0
2021-10-14T03:00:02.7Z,-USD,000.343989,000.381246,000.334226,248105789.0,000.374816,4046463144.0
2021-10-14T04:00:02.047Z,-USD,000.344593,000.381246,000.334226,252280664.0,000000.371,4056453366.0
2021-10-14T05:00:02.507Z,-USD,000.345971,000.381246,000.334226,253130989.0,000.375753,4061998718.0
2021-10-14T06:00:02.568Z,-USD,000.335322,000.381246,000.334226,252662317.0,000.375319,4071459817.0
2021-10-14T07:00:02.595Z,-USD,000.341023,000.381246,000.338962,249221851.0,0000.37544,4076692364.0
2021-10-14T08:00:02.577Z,-USD,000.340849,000.381246,000.340556,250048949.0,000.374513,4080314213.0
2021-10-14T09:00:02.551Z,-USD,000.345898,000.381246,000.344993,245042193.0,0000.37559,4083025500.0
2021-10-14T10:00:01.905Z,-USD,000.354076,000.381246,0000.35307,230580666.0,000.377583,4085602928.0
2021-10-14T11:00:02.068Z,-USD,0000.36004,000.381246,000.355638,228581766.0,000.377486,4092954362.0
2021-10-14T12:00:02.265Z,-USD,000.362113,000.382033,000.355638,219327036.0,000.379388,4098498931.0
2021-10-14T13:00:02.14Z,-USD,000.361569,000.382033,000.355638,215673410.0,0000.37319,4104402187.0
2021-10-14T14:00:02.068Z,-USD,000.358488,000.382033,000.355638,216783704.0,000.368162,4114855151.0
2021-10-14T15:00:02.441Z,-USD,000.369576,000.382033,000.355638,200937062.0,0000.36864,4121991671.0
2021-10-14T16:00:04.16Z,-USD,000.367661,000.382033,000.355638,193699744.0,000.367007,4130410615.0
2021-10-14T17:00:02.106Z,-USD,0000.36722,000.382033,000.355638,187980637.0,0000.36621,4134988953.0
2021-10-14T18:00:02.311Z,-USD,0000.35925,000.382033,000.355638,181587744.0,000.367534,4139201681.0
2021-10-14T19:00:02.462Z,-USD,000.357798,000.382033,000.356256,176303523.0,000.369893,4143200802.0
2021-10-14T20:00:07.559Z,-USD,000.359632,000.382033,000.356256,178944952.0,000.367027,4150712826.0
2021-10-14T21:00:10.523Z,-USD,000.359785,000.382033,00000.3592,176150836.0,000.365745,4154414577.0
2021-10-14T22:00:14.151Z,-USD,000.361443,000.382033,000.361001,174963630.0,000.366596,4157402310.0
2021-10-14T23:00:12.339Z,-USD,000.364523,000.382033,000.361714,168828170.0,000.365766,4160694801.0
2021-10-15T00:00:17.239Z,-USD,000.368236,000.382033,000.364048,161647865.0,0000.36884,4164303623.0
2021-10-15T01:00:12.464Z,-USD,000.371246,000.382033,000.361432,157565217.0,000.361535,4088311723.0
2021-10-15T02:00:12.334Z,-USD,000.380362,000.382033,0000.35821,143418722.0,000.360266,4095554242.0
2021-10-15T03:00:11.185Z,-USD,000.374799,000.382033,0000.35821,140234458.0,000.368162,4102761895.0
2021-10-15T04:00:22.641Z,-USD,0000.37092,000.382033,0000.35821,140829617.0,000.369224,4113953662.0
2021-10-15T05:00:10.149Z,-USD,000.375106,000.382033,0000.35821,146545191.0,000.367785,4124633598.0
2021-10-15T06:00:07.409Z,-USD,000.374639,000.382033,0000.35821,141625404.0,000.369464,4129118898.0
2021-10-15T07:00:03.474Z,-USD,000.375058,000.382033,0000.35821,144339233.0,000.365051,4137073593.0
2021-10-15T08:00:03.829Z,-USD,000.373139,000.382033,0000.35821,147149989.0,000.362877,4143506886.0
2021-10-15T09:00:02.657Z,-USD,000.375761,000.382033,000.353121,155461883.0,000.353302,4154512424.0
2021-10-15T10:00:02.516Z,-USD,000.376903,000.382033,000.350916,160149345.0,0000.35432,4161926963.0
2021-10-15T11:00:04.493Z,-USD,000.377312,000.382033,000.350916,162348532.0,000.354948,4171663900.0
2021-10-15T12:00:04.313Z,-USD,000.379637,000.379673,000.350916,160553475.0,0000.35627,4175115744.0
2021-10-15T13:00:03.096Z,-USD,000.372724,000.374763,000.350916,159391732.0,000.357412,4179913437.0
2021-10-15T14:00:08.91Z,-USD,0000.36819,000.373143,000.350916,155945572.0,000.355627,4187504388.0
2021-10-15T15:00:10.762Z,-USD,0000.36775,000.373143,000.350916,155535312.0,0000.35636,4193651818.0
2021-10-15T16:00:10.703Z,-USD,000.367758,000.373143,000.350916,153129521.0,000000.355,4199629392.0
2021-10-15T17:00:09.903Z,-USD,000.365784,000.373143,000.350916,155835015.0,000.361378,4206953992.0
2021-10-15T18:00:08.961Z,-USD,000.368438,000.373143,000.350916,163586882.0,000.361302,4218919696.0
2021-10-15T19:00:02.023Z,-USD,000.370514,000.373143,000.350916,165009383.0,000.365178,4224357758.0
2021-10-15T20:00:02.445Z,-USD,0000.36793,000.373143,000.350916,164441666.0,000.364545,4231180674.0
2021-10-15T21:00:02.621Z,-USD,000.366107,000.373143,000.350916,173067910.0,000.367354,4243510634.0
2021-10-15T22:00:01.816Z,-USD,0000.36675,000.373143,000.350916,176242758.0,000.362135,4249694826.0
2021-10-15T23:00:02.561Z,-USD,000.366506,000.373143,000.350916,181809359.0,000.364541,4258523891.0
2021-10-16T00:00:01.776Z,-USD,000.369491,000.373143,000.350916,188849982.0,000000.361,4269236954.0
2021-10-16T01:00:10.841Z,-USD,0000.36159,000.373143,000.350916,187954649.0,000.367646,4138038881.0
2021-10-16T02:00:11.121Z,-USD,000.360893,000.373564,000.350916,188096892.0,000.371702,4145412071.0
2021-10-16T03:00:11.374Z,-USD,000.368375,000.375515,000.350916,188749369.0,0000.37356,4153309621.0
2021-10-16T04:00:23.43Z,-USD,000.369553,000.375515,000.350916,181136368.0,000.368875,4157218279.0
2021-10-16T05:00:09.936Z,-USD,00000.3676,000.375515,000.350916,174567456.0,000.372636,4161006768.0
2021-10-16T06:00:10.923Z,-USD,000.369631,000.375992,000.350916,174095771.0,000.375909,4164966459.0
2021-10-16T07:00:08.629Z,-USD,000.364599,000.379338,000.350916,170041200.0,0000.37832,4169130379.0
2021-10-16T08:00:02.213Z,-USD,000.362029,000.384125,000.350916,172478079.0,000.383711,4177728274.0
2021-10-16T09:00:02.128Z,-USD,000.353485,000.386966,000.350916,169296101.0,000.384685,4185918241.0
2021-10-16T10:00:02.706Z,-USD,0000.35364,000000.389,0000.35267,168993478.0,0000.38859,4192678852.0
2021-10-16T11:00:03.731Z,-USD,000.355535,00000.3908,0000.35307,163395946.0,0000.38896,4196810576.0
2021-10-16T12:00:02.202Z,-USD,000.356914,000.401839,0000.35307,171099319.0,0000.40136,4208002379.0
2021-10-16T13:00:11.501Z,-USD,000.357535,000.417264,0000.35307,196373696.0,000.396699,4238021105.0
2021-10-16T14:00:11.199Z,-USD,000.355445,000.417264,000.353663,202874641.0,000.402042,4252155278.0
2021-10-16T15:00:17.788Z,-USD,000.356346,000.417264,000.354483,219307462.0,000.410696,4274672752.0
2021-10-16T16:00:11.248Z,-USD,000.355866,000.418976,000.354483,237640642.0,000.407712,4299623441.0
2021-10-16T17:00:10.684Z,-USD,000.361335,000.418976,0000.35954,241092184.0,000.408921,4310247703.0
2021-10-16T18:00:10.018Z,-USD,000.361007,000.418976,000.359996,242298627.0,000.408883,4323035033.0
2021-10-16T19:00:11.792Z,-USD,000.365203,000.418976,000.359996,248952258.0,000.413844,4335110492.0
2021-10-16T20:00:10.055Z,-USD,000.364273,0000000.42,000.359996,257746333.0,000.418296,4350655257.0
2021-10-16T21:00:02.455Z,-USD,000.367115,0000000.42,000.359996,257323890.0,000.411387,4362676334.0
2021-10-16T22:00:02.416Z,-USD,000.362168,0000000.42,000.359996,258591440.0,000.407063,4370046191.0
2021-10-16T23:00:02.255Z,-USD,000.364923,0000000.42,000.359996,262568127.0,000.404631,4382841636.0
2021-10-17T00:00:01.695Z,-USD,000.361493,0000000.42,00000.3614,262130369.0,0000.39622,4393114174.0
2021-10-17T01:00:11.042Z,-USD,000.367602,0000000.42,0000.36632,267961864.0,000.397294,4258822818.0
2021-10-17T02:00:11.159Z,-USD,000.371896,0000000.42,0000.36682,268891514.0,000.400705,4267136357.0
2021-10-17T03:00:11.036Z,-USD,000.373529,0000000.42,0000.36682,265561518.0,00000.3965,4272013805.0
2021-10-17T04:00:42.256Z,-USD,000.371933,0000000.42,000.371652,261930793.0,000.395966,4275802815.0
2021-10-17T05:00:08.356Z,-USD,000.371933,0000000.42,000.371652,267271299.0,000.393094,4281143321.0
2021-10-17T06:00:09.229Z,-USD,000.376069,0000000.42,0000.37528,267897798.0,000.386494,4285731241.0
2021-10-17T07:00:09.424Z,-USD,000.378565,0000000.42,000.377376,266331252.0,000.387694,4288327245.0
2021-10-17T08:00:08.545Z,-USD,000.382919,0000000.42,000.380292,265095476.0,000.383291,4295701022.0
2021-10-17T09:00:09.307Z,-USD,000.383718,0000000.42,000.381202,262005851.0,000.381425,4300790800.0
2021-10-17T10:00:09.766Z,-USD,000.388385,0000000.42,000.381202,258462756.0,000.385599,4304021725.0
2021-10-17T11:00:10.085Z,-USD,000.388862,0000000.42,000.381202,256765756.0,000.385283,4306564016.0
2021-10-17T12:00:08.446Z,-USD,000.402841,0000000.42,000.381202,247322861.0,0000.38366,4308719109.0
2021-10-17T13:00:11.507Z,-USD,0000.39597,0000000.42,000.381202,220742572.0,000.382963,4311640815.0
2021-10-17T14:00:09.855Z,-USD,000.402844,0000000.42,000.381202,211071199.0,0000.38568,4317142874.0
2021-10-17T15:00:09.417Z,-USD,000.408623,0000000.42,000.381202,192713353.0,000.383001,4320569310.0
2021-10-17T16:00:08.9Z,-USD,000.407621,0000000.42,000.377198,174521742.0,000.379079,4327196576.0
2021-10-17T17:00:02.403Z,-USD,000.409345,0000000.42,000.377198,169347831.0,000.381153,4332474632.0
2021-10-17T18:00:03.747Z,-USD,000.409704,0000000.42,000.377198,160242368.0,000.381074,4336402976.0
2021-10-17T19:00:01.935Z,-USD,000.415984,0000000.42,000.377198,152524429.0,000.383682,4341574483.0
2021-10-17T20:00:02.498Z,-USD,000.416063,000.416995,000.377198,142514353.0,000.378374,4346323093.0
2021-10-17T21:00:02.149Z,-USD,000.411934,000.413473,000.368001,150405759.0,000.372234,4366105934.0
2021-10-17T22:00:02.532Z,-USD,000.406473,000.407694,000.368001,154317643.0,000.382999,4377203409.0
2021-10-17T23:00:01.82Z,-USD,000.405675,000.405676,000.368001,146760343.0,000.381382,4382580809.0
2021-10-18T00:00:08.546Z,-USD,000.396558,000.403145,000.368001,145394585.0,000.382403,4391340463.0
2021-10-18T01:00:02.724Z,-USD,000.396451,000.403145,000.368001,142929640.0,000.388217,4338241901.0
2021-10-18T02:00:01.902Z,-USD,000.400568,000.401801,000.368001,140291814.0,000.390725,4343903218.0
2021-10-18T03:00:01.983Z,-USD,000.396181,000.399065,000.368001,142086562.0,000.393795,4350657276.0
2021-10-18T04:00:02.164Z,-USD,0000.39587,000.396285,000.368001,145859812.0,000.391523,4357997425.0
2021-10-18T05:00:01.742Z,-USD,000.391875,000.394479,000.368001,143654826.0,000.388555,4361333789.0
2021-10-18T06:00:01.777Z,-USD,000.386924,000.394479,000.368001,141379238.0,000.389532,4363750630.0
2021-10-18T07:00:01.706Z,-USD,000.387566,000.394479,000.368001,140701341.0,000.389412,4365607929.0
2021-10-18T08:00:02.552Z,-USD,000.383565,000.394649,000.368001,136386791.0,000.389167,4370151210.0
2021-10-18T09:00:02.451Z,-USD,000.384156,000.394649,000.368001,136024267.0,000.388296,4373421164.0
2021-10-18T10:00:02.248Z,-USD,000.386442,000.394649,000.368001,140543164.0,000.385055,4381096663.0
2021-10-18T11:00:02.559Z,-USD,000.385962,000.394649,000.368001,142732955.0,000.386758,4385969095.0
2021-10-18T12:00:02.461Z,-USD,000.383418,000.394649,000.368001,147103615.0,000.382085,4392371850.0
2021-10-18T13:00:02.581Z,-USD,0000.38334,000.395172,000.368001,161950529.0,000.385471,4410078969.0
2021-10-18T14:00:01.943Z,-USD,000.385728,000.395172,000.368001,164157516.0,000.387816,4417893801.0
2021-10-18T15:00:02.116Z,-USD,000.383509,000.395172,000.368001,165779724.0,000.388167,4422867894.0
2021-10-18T16:00:02.353Z,-USD,000.378692,000.395172,000.368001,164550886.0,000.382883,4428301521.0
2021-10-18T17:00:01.827Z,-USD,000.381477,000.395172,000.368001,164671675.0,000.380908,4433697367.0
2021-10-18T18:00:02.355Z,-USD,000.382075,000.395172,000.368001,164398210.0,000.379993,4437355399.0
2021-10-18T19:00:02.229Z,-USD,000.384846,000.395172,000.368001,163168550.0,0000.37942,4441282344.0
2021-10-18T20:00:02.515Z,-USD,000.378917,000.395172,000.368001,162722036.0,000.380475,4445577774.0
2021-10-18T21:00:01.852Z,-USD,000.371885,000.395172,000.371395,147312423.0,0000.37994,4449895686.0
2021-10-18T22:00:02.585Z,-USD,000.383271,000.395172,000.376216,139210200.0,000.378679,4452970124.0
2021-10-18T23:00:01.997Z,-USD,000.380541,000.395172,000.376216,137130067.0,000.378628,4456228156.0
2021-10-19T00:00:02.07Z,-USD,000.383442,000.395172,000.376216,131938170.0,000.379672,4459796262.0
2021-10-19T01:00:02.499Z,-USD,000.388743,000.395172,000.375026,126333760.0,0000.37596,4409297727.0
2021-10-19T02:00:01.899Z,-USD,000.390894,000.395172,000.375026,129033200.0,000.378129,4417649412.0
2021-10-19T03:00:02.276Z,-USD,000.393355,000.395172,000.375026,127408259.0,0000.37984,4423183398.0
2021-10-19T04:00:02.483Z,-USD,000.391313,000.395172,000.375026,127232790.0,000.382833,4429926580.0
2021-10-19T05:00:01.823Z,-USD,000.389847,000.395172,000.375026,127615233.0,000.381476,4433647745.0
2021-10-19T06:00:02.691Z,-USD,0000.38872,000.395172,000.375026,127339140.0,000.380315,4435762324.0
2021-10-19T07:00:01.891Z,-USD,000.389498,000.395172,000.375026,127755416.0,000.376201,4438031173.0
2021-10-19T08:00:01.966Z,-USD,000.388815,000.395172,000.375026,126375218.0,000.377145,4441207728.0
2021-10-19T09:00:02.439Z,-USD,000.387832,000.395172,000.370545,129107033.0,00000.3727,4447193468.0
2021-10-19T10:00:02.336Z,-USD,000.384234,000.395172,000.370545,123533146.0,0000.37215,4449277204.0
2021-10-19T11:00:02.348Z,-USD,00000.3863,000.395172,000.370545,120531953.0,000.372072,4451202642.0
2021-10-19T12:00:02.418Z,-USD,000.382418,000.395172,000.370545,116390844.0,000000.373,4453453729.0
2021-10-19T13:00:02.461Z,-USD,000.384682,000.390208,000.370545,101702704.0,000.374325,4456464846.0
2021-10-19T14:00:02.569Z,-USD,00000.3882,000.390208,000.370545,98546387.0,000.374488,4461119128.0
2021-10-19T15:00:01.94Z,-USD,0000.38661,000.387034,000.366666,103888855.0,000.370295,4471464439.0
2021-10-19T16:00:02.246Z,-USD,000.383239,000.384783,000.366666,102643852.0,000.368237,4475630563.0
2021-10-19T17:00:02.619Z,-USD,000.380824,000.383751,000.366666,102655131.0,000.371806,4481030521.0
2021-10-19T18:00:02.691Z,-USD,000.379504,000.383751,000.366666,104030733.0,000.371967,4486045946.0
2021-10-19T19:00:02.283Z,-USD,000.379155,000.383751,000.366666,104289269.0,000.371218,4490226634.0
2021-10-19T20:00:02.68Z,-USD,000.380541,000.383751,000.366666,103180514.0,000.371882,4493453404.0
2021-10-19T21:00:02.531Z,-USD,000.379491,000.383751,000.366666,103096625.0,000.369105,4497663938.0
2021-10-19T22:00:02.312Z,-USD,000.379286,000.383751,000.366666,103390813.0,000.371695,4501067962.0
2021-10-19T23:00:02.548Z,-USD,000.378466,000.383751,000.366666,104592502.0,000.374438,4505489354.0
2021-10-20T00:00:02.423Z,-USD,000.379539,000.383751,000.366666,106718535.0,000.374111,4511176724.0
2021-10-20T01:00:02.584Z,-USD,000.375408,000.383751,000.366666,106708527.0,000.370256,4269779148.0
2021-10-20T02:00:02.668Z,-USD,000.378459,000.383751,000.366666,103939116.0,000.369174,4275323139.0
2021-10-20T03:00:02.542Z,-USD,000.379446,000.383751,000.366666,102452304.0,000.368761,4279315987.0
2021-10-20T04:00:02.569Z,-USD,000.382335,000.383751,000.366666,99057054.0,0000.36935,4282675713.0
2021-10-20T05:00:01.718Z,-USD,000.381363,000.382071,000.366666,98368385.0,000.372305,4285661719.0
2021-10-20T06:00:02.82Z,-USD,000.380014,000.381549,000.366666,99718056.0,000.372664,4289189483.0
2021-10-20T07:00:02.601Z,-USD,00000.3763,000.379306,000.366666,101111075.0,000.374608,4292868982.0
2021-10-20T08:00:02.315Z,-USD,000.376839,000.379306,000.366666,99775287.0,000.374083,4294646554.0
2021-10-20T09:00:02.178Z,-USD,0000.37275,000.379306,000.366666,96783899.0,000.374299,4297633708.0
2021-10-20T10:00:02.107Z,-USD,000.371659,000.379306,000.366666,98277245.0,000.372903,4301201298.0
2021-10-20T11:00:04.304Z,-USD,000.372174,000.379306,000.366666,98195148.0,000.371053,4303042424.0
2021-10-20T12:00:01.956Z,-USD,000.373212,000.379306,000.366666,97479779.0,000.370277,4304617548.0
2021-10-20T13:00:01.795Z,-USD,000.374387,000.379306,000.366666,98090930.0,0000.37473,4308202649.0
2021-10-20T14:00:02.204Z,-USD,000.374389,000.379962,000.366666,100119772.0,000.379433,4314971686.0
2021-10-20T15:00:02.133Z,-USD,000.370366,000000.385,000.367632,102214127.0,000.383203,4327328546.0
2021-10-20T16:00:02.191Z,-USD,000.368275,000.389655,000.367632,113995691.0,000.385797,4343335764.0
2021-10-20T17:00:01.752Z,-USD,000.371584,000.389989,0000.36783,116187337.0,000.388194,4350940402.0
2021-10-20T18:00:02.711Z,-USD,000.372116,000.389989,0000.36783,117017253.0,0000.38692,4356720574.0
2021-10-20T19:00:02.04Z,-USD,000.371198,0000000.39,0000.36783,117707915.0,000.389569,4361610091.0
2021-10-20T20:00:01.881Z,-USD,000.371497,000.392362,0000.36783,121988820.0,000.389658,4369109373.0
2021-10-20T21:00:02.216Z,-USD,000.370098,000.392362,0000.36783,123121060.0,0000.38772,4374557702.0
2021-10-20T22:00:02.297Z,-USD,000.371585,000.392362,0000.36783,124661354.0,00000.3882,4379377662.0
2021-10-20T23:00:01.822Z,-USD,000.374374,000.392362,0000.36783,123873390.0,000.386252,4383013919.0
2021-10-21T00:00:02.66Z,-USD,0000.37383,000.392362,0000.36783,122406096.0,000.392085,4387226948.0
2021-10-21T01:00:02.187Z,-USD,000.369749,000.395446,0000.36783,127888484.0,000.393548,4206815529.0
2021-10-21T02:00:02.795Z,-USD,000.369385,000.397287,000.368292,128975098.0,000.392396,4213456556.0
2021-10-21T03:00:02.201Z,-USD,0000.36859,000.397287,000.368511,131881281.0,000.391494,4220334574.0
2021-10-21T04:00:02.146Z,-USD,000.368921,000.397287,000.368514,133538713.0,000.391545,4225317005.0
2021-10-21T05:00:02.629Z,-USD,000.372421,000.397287,000.370184,135742668.0,000.393145,4230496092.0
2021-10-21T06:00:02.524Z,-USD,000.372791,000.397287,000.370184,135976208.0,000.392773,4234254712.0
2021-10-21T07:00:02.385Z,-USD,000.374403,000.397287,000.370184,135632251.0,000.391047,4237718790.0
2021-10-21T08:00:02.232Z,-USD,000.374114,000.397287,000.370184,136154923.0,000.390719,4239882991.0
2021-10-21T09:00:02.008Z,-USD,000.374256,000.397287,000.370184,134985558.0,000.394501,4241721847.0
2021-10-21T10:00:01.763Z,-USD,000.372715,0000.39788,000.370184,134347583.0,000.396493,4244632765.0
2021-10-21T11:00:02.084Z,-USD,000.371199,0000.39788,000.370184,135502754.0,000.394014,4247623711.0
2021-10-21T12:00:01.931Z,-USD,000.370299,0000.39788,000.370219,150163192.0,0000.38692,4263880544.0
2021-10-21T13:00:01.776Z,-USD,000.374717,0000.39788,000.374717,154243114.0,0000.38679,4271558280.0
2021-10-21T14:00:02.654Z,-USD,000.379253,0000.39788,000.378362,152937381.0,000.385001,4277014206.0
2021-10-21T15:00:01.791Z,-USD,000.382662,0000.39788,000.376252,156946935.0,000.379333,4293386489.0
2021-10-21T16:00:02.014Z,-USD,000.386782,0000.39788,000.372445,156585996.0,000.377574,4309427740.0
2021-10-21T17:00:02.369Z,-USD,000.388852,0000.39788,000.372445,157227197.0,000.374351,4317289858.0
2021-10-21T18:00:02.593Z,-USD,000.386846,0000.39788,000.372445,159344731.0,000.374012,4325197134.0
2021-10-21T19:00:02.51Z,-USD,000.390006,0000.39788,000.372445,158609573.0,0000.37413,4329383458.0
2021-10-21T20:00:02.655Z,-USD,000.389485,0000.39788,000.372445,156759786.0,000.373563,4334981310.0
2021-10-21T21:00:01.929Z,-USD,000.387895,0000.39788,000.372011,155797961.0,000.375486,4339471732.0
2021-10-21T22:00:02.08Z,-USD,000.388585,0000.39788,000.372011,154121102.0,000.377605,4342604174.0
2021-10-21T23:00:02.468Z,-USD,000.386349,0000.39788,000.372011,156013437.0,000.373926,4348120119.0
2021-10-22T00:00:02.626Z,-USD,0000.39175,0000.39788,000.372011,156247474.0,000.372908,4352611087.0
2021-10-22T01:00:09.309Z,-USD,0000.39359,0000.39788,000.372011,154334095.0,000.377708,4218806156.0
2021-10-22T02:00:07.275Z,-USD,000.392615,0000.39788,000.372011,152648825.0,000.377242,4223902194.0
2021-10-22T03:00:02.234Z,-USD,000.392749,0000.39788,000.372011,150052751.0,00000.3776,4228120742.0
2021-10-22T04:00:01.852Z,-USD,000.392069,0000.39788,000.372011,149523246.0,000.379301,4232602659.0
2021-10-22T05:00:02.652Z,-USD,000.393267,0000.39788,000.372011,147920692.0,000.378099,4236047905.0
2021-10-22T06:00:02.402Z,-USD,000.393182,0000.39788,000.372011,146369076.0,000.378479,4238294682.0
2021-10-22T07:00:02.05Z,-USD,000.390712,0000.39788,000.372011,144968705.0,000.376324,4240330663.0
2021-10-22T08:00:01.781Z,-USD,0000.39078,0000.39788,000.372011,145037559.0,000.377343,4242558067.0
2021-10-22T09:00:02.57Z,-USD,000.394488,0000.39788,000.372011,144939919.0,000.379606,4244301528.0
2021-10-22T10:00:02.161Z,-USD,000.396733,000.396835,000.372011,144076668.0,0000.37758,4246371564.0
2021-10-22T11:00:02.351Z,-USD,000.394219,000.396563,000.372011,143421430.0,000.377548,4248731025.0
2021-10-22T12:00:01.743Z,-USD,000.386533,000.390265,000.372011,128870335.0,0000.37868,4250516351.0
2021-10-22T13:00:02.639Z,-USD,000.386835,000.390265,000.372011,124563187.0,000.380261,4253785715.0
2021-10-22T14:00:02.466Z,-USD,000.385232,000.387261,000.372011,123814807.0,000.375445,4258527281.0
2021-10-22T15:00:01.819Z,-USD,000.378672,000.381408,000.367966,122126776.0,000.373076,4273260287.0
2021-10-22T16:00:01.939Z,-USD,000.377729,000.380609,000.367966,112332389.0,000.370164,4279416685.0
2021-10-22T17:00:02.393Z,-USD,000.374188,000.380609,000.365399,111603736.0,000.373505,4286648497.0
2021-10-22T18:00:02.025Z,-USD,000.374033,000.380609,000.365399,108722384.0,000.368337,4291636766.0
2021-10-22T19:00:02.161Z,-USD,000.374443,000.380609,000.365399,108769609.0,000.369879,4295796133.0
2021-10-22T20:00:02.173Z,-USD,000.374235,000.380609,000.365399,107384406.0,000.371499,4300013984.0
2021-10-22T21:00:02.418Z,-USD,000.375826,000.380609,000.365399,105092214.0,0000.37122,4302204371.0
2021-10-22T22:00:02.198Z,-USD,000.377921,000.380609,000.365399,104148669.0,000.367909,4304403497.0
2021-10-22T23:00:02.568Z,-USD,000.373857,000.380609,000.365399,102405080.0,000.371473,4308177877.0
2021-10-23T00:00:02.446Z,-USD,000.373446,000.380609,000.365399,99939208.0,000.372327,4310347083.0
2021-10-23T01:00:02.283Z,-USD,000.377795,000.380609,000.365399,97445957.0,000.372863,4212734251.0
2021-10-23T02:00:02.096Z,-USD,000.376713,000.380579,000.365399,95342343.0,000.372115,4215939309.0
2021-10-23T03:00:02.102Z,-USD,000.377547,000.380579,000.365399,93615276.0,000.371842,4218325936.0
2021-10-23T04:00:02.17Z,-USD,000.380184,0000.38056,000.365399,94172614.0,000.374587,4223313573.0
2021-10-23T05:00:02.322Z,-USD,00000.3784,0000.38056,000.365399,93002577.0,0000.37596,4225562857.0
2021-10-23T06:00:02.227Z,-USD,000.378681,0000.38056,000.365399,93836997.0,000.374126,4228606549.0
2021-10-23T07:00:02.1Z,-USD,000.376431,0000.38056,000.365399,94139985.0,00000.3758,4230953569.0
2021-10-23T08:00:01.833Z,-USD,000.378148,0000.38056,000.365399,94051897.0,000.375633,4233101745.0
2021-10-23T09:00:01.76Z,-USD,000.379398,0000.38056,000.365399,94190709.0,000.376063,4234988051.0
2021-10-23T10:00:02.585Z,-USD,000.377163,0000.38056,000.365399,93722603.0,000.373293,4236574409.0
2021-10-23T11:00:01.767Z,-USD,000.377385,0000.38056,000.365399,94092048.0,000.370522,4239299352.0
2021-10-23T12:00:02.463Z,-USD,0000.37892,0000.38056,000.365399,95965690.0,000.375174,4242968731.0
2021-10-23T13:00:02.387Z,-USD,000.380137,0000.38031,000.365399,94382960.0,000.375072,4244672625.0
2021-10-23T14:00:02.271Z,-USD,000.375099,000.376577,000.365399,91825139.0,000.373393,4246831949.0
2021-10-31T18:00:08.706Z,-USD,000.358017,0000000.39,000.352678,276855307.0,0000.36851,4849239833.0
2021-10-31T19:00:01.791Z,-USD,000.360524,0000000.39,000.352678,276703525.0,000.369612,4856829857.0
2021-10-31T20:00:01.778Z,-USD,000.362349,0000000.39,000.352678,278896533.0,000.368907,4864147833.0
2021-10-31T21:00:02.684Z,-USD,000.361633,0000000.39,000.352678,279672660.0,000.369441,4870354184.0
2021-10-31T22:00:01.709Z,-USD,000.359932,0000000.39,000.352678,274816025.0,00000.3734,4874727672.0
2021-10-31T23:00:03.094Z,-USD,000.356359,0000000.39,000.354693,264634133.0,000.373904,4879597492.0
2021-11-01T00:00:04.868Z,-USD,000.358709,0000000.39,000.357066,255594297.0,000.373281,4885271317.0
2021-11-01T01:00:04.338Z,-USD,000.361447,0000000.39,000.357518,250087720.0,000000.374,4770543642.0
2021-11-01T02:00:03.854Z,-USD,000.358579,0000000.39,000.358193,246356029.0,000.369596,4775418173.0
2021-11-01T03:00:03.703Z,-USD,0000.36834,0000000.39,000.361613,231075048.0,000.364988,4789066735.0
2021-11-01T04:00:13.388Z,-USD,000.370908,0000000.39,00000.3611,223501061.0,00000.3611,4796840227.0
2021-11-01T05:00:07.284Z,-USD,0000.37067,0000000.39,000.357687,220120290.0,000.363147,4804181468.0
2021-11-01T06:00:06.049Z,-USD,00000.3793,0000000.39,000.357687,215001429.0,000.367324,4811699503.0
2021-11-01T07:00:06.388Z,-USD,000.384635,000.386347,000.357687,202015133.0,00000.3661,4815579829.0
2021-11-01T08:00:02.266Z,-USD,000.384304,000.384332,000.357687,201584412.0,000.370856,4821854823.0
2021-11-01T09:00:01.782Z,-USD,000.378766,000.379999,000.357687,195446118.0,000.369201,4824339372.0
2021-11-01T10:00:02.202Z,-USD,000.379172,000.379999,000.357687,192408068.0,000.371224,4826215081.0
2021-11-01T11:00:03.213Z,-USD,000.377529,000.377866,000.357687,184880522.0,000.369274,4829204707.0
2021-11-01T12:00:02.513Z,-USD,00000.3717,000.375922,000.357687,178447746.0,000.368275,4832268714.0
2021-11-01T13:00:02.256Z,-USD,000.366162,000.375922,000.357687,172159795.0,000.366503,4837476551.0
2021-11-01T14:00:02.194Z,-USD,000.368358,000.375922,000.357687,160766003.0,000.366045,4844773963.0
2021-11-01T15:00:02.248Z,-USD,000.369386,000.375922,000.357687,147021457.0,000.364408,4848463622.0
2021-11-01T16:00:01.801Z,-USD,000.369458,000.375922,000.357687,140835967.0,000.365938,4854127512.0
2021-11-01T17:00:03.98Z,-USD,000.367774,000.375922,000.357687,137403042.0,0000.36383,4859906672.0
2021-11-01T18:00:02.944Z,-USD,000.367942,000.375922,000.357687,143139630.0,000.362609,4870774964.0
2021-11-01T19:00:02.167Z,-USD,000.369135,000.375922,000.357687,141575695.0,000.362117,4876724063.0
2021-11-01T20:00:02.283Z,-USD,000.369723,000.375922,000.357687,141293516.0,000.365175,4883733035.0
2021-11-01T21:00:02.427Z,-USD,000.369918,000.375922,000.357687,140117723.0,000.363812,4889179837.0
2021-11-01T22:00:02.478Z,-USD,000.373396,000.375922,000.357687,141641580.0,000.364785,4894632138.0
2021-11-01T23:00:03.419Z,-USD,000.374149,000.375922,000.357687,144615805.0,000.365423,4902478003.0
2021-11-02T00:00:01.929Z,-USD,000.373137,000.375922,000.357687,144555498.0,000.366481,4908135852.0
2021-11-02T01:00:01.873Z,-USD,0000.37415,000.375922,000.357687,144410546.0,000.364409,4807201288.0
2021-11-02T02:00:01.986Z,-USD,000.368954,0000.37264,000.357687,145490743.0,0000.36796,4813306761.0
2021-11-02T03:00:01.903Z,-USD,000.359889,0000.37264,000.357687,130200238.0,000.366441,4819613562.0
2021-11-02T04:00:02.082Z,-USD,000.359889,0000.37264,000.357687,134953419.0,000.366363,4824366743.0
2021-11-02T05:01:03.096Z,-USD,0000.36888,0000.37264,0000.36066,122625024.0,000.368154,4827643926.0
2021-11-02T06:00:02.166Z,-USD,0000.36888,0000.37264,0000.36066,125434737.0,000.368359,4830453639.0
2021-11-02T07:00:01.91Z,-USD,000.365496,0000.37264,0000.36066,127068074.0,000.368196,4834903330.0
2021-11-02T08:00:01.852Z,-USD,000.370621,0000.37264,0000.36066,124254342.0,000.367219,4838355719.0
2021-11-02T09:00:01.775Z,-USD,000.369415,0000.37264,0000.36066,126226999.0,000.366475,4842891485.0
2021-11-02T10:00:01.714Z,-USD,000.370113,000.372008,0000.36066,128328921.0,000.371879,4846923583.0
2021-11-02T11:00:04.183Z,-USD,000.369057,000.372527,0000.36066,131271805.0,000.370375,4852749463.0
2021-11-02T12:00:01.711Z,-USD,000.367806,000.372527,0000.36066,135232851.0,000.369931,4859798293.0
2021-11-02T13:00:02.582Z,-USD,000.366249,000.372527,0000.36066,134256280.0,00000.3697,4864018775.0
2021-11-02T14:00:02.686Z,-USD,000.366198,000.372527,0000.36066,132599646.0,000.371647,4869640349.0
2021-11-02T15:00:02.009Z,-USD,000.364648,000.373742,0000.36066,136630913.0,000.373694,4877349499.0
2021-11-02T16:00:02.22Z,-USD,000.366736,000.374672,0000.36066,140192815.0,000.373783,4886686461.0
2021-11-02T17:00:03.37Z,-USD,000.363937,000.380419,0000.36066,152952944.0,000.378447,4905298338.0
2021-11-02T18:00:02.126Z,-USD,000.362281,000.380542,0000.36066,149394470.0,000.377982,4912650504.0
2021-11-02T19:00:02.42Z,-USD,000.362313,000.380542,0000.36138,152662964.0,000.379706,4921674423.0
2021-11-02T20:00:01.771Z,-USD,000.365092,000.381991,000.361813,157817265.0,000.380175,4933800283.0
2021-11-02T21:00:01.886Z,-USD,000.364339,000.381991,000.361813,159709266.0,000.376861,4941172255.0
2021-11-02T22:00:02.016Z,-USD,0000.36488,000.381991,000.363128,162257980.0,000.378558,4949153124.0
2021-11-02T23:00:02.751Z,-USD,000.365382,000.381991,000.363128,166415056.0,000.378318,4961169994.0
2021-11-03T00:00:02.489Z,-USD,000.366216,000.382076,000.363128,168143147.0,000.382034,4968617430.0
2021-11-03T01:00:02.616Z,-USD,000.364476,000.382928,000.363128,170719093.0,000.381776,4835995823.0
2021-11-03T02:00:02.352Z,-USD,000.367916,000.382928,000.364627,176136459.0,000.380742,4847507397.0
2021-11-03T03:00:02.521Z,-USD,000.365964,000.382928,000.364627,183067091.0,000.380163,4860651719.0
2021-11-03T04:00:02.703Z,-USD,0000.36657,000.382928,000.364627,186894054.0,000.377763,4869301618.0
2021-11-03T05:00:03.72Z,-USD,000.368138,000.397559,000.364627,211079867.0,000.395807,4896741121.0
2021-11-03T06:00:02.825Z,-USD,000.368378,000000.399,000.364627,231433999.0,000.388203,4919942186.0
2021-11-03T07:00:01.666Z,-USD,000.367938,000000.399,000.364627,235891649.0,000.389006,4928819906.0
2021-11-03T08:00:02.667Z,-USD,000.366971,000000.399,000.364627,236098283.0,000.392334,4932531243.0
2021-11-03T09:00:02.682Z,-USD,000.366151,000000.399,000.364627,236317928.0,000.389013,4937264871.0
2021-11-03T10:00:02.489Z,-USD,000.371843,000000.399,000.369331,237132617.0,000.392946,4942116282.0
2021-11-03T11:00:04.508Z,-USD,000.370476,000000.399,000.369331,236039663.0,000.390534,4946822787.0
2021-11-03T12:00:01.942Z,-USD,000.370002,000000.399,000.369369,236928798.0,000.388191,4954786956.0
2021-11-03T13:00:01.863Z,-USD,0000000.37,000000.399,000.369723,259894370.0,0000.37553,4981971222.0
2021-11-03T14:00:01.998Z,-USD,000.371639,000000.399,000.370786,265469134.0,000.375095,4993176469.0
2021-11-03T15:00:02.207Z,-USD,000.373809,000000.399,000.370945,265266927.0,000.375429,5000722605.0
2021-11-03T16:00:01.68Z,-USD,0000.37415,000000.399,000.370945,265469417.0,000.377856,5010614464.0
2021-11-03T17:00:03.277Z,-USD,000.379353,000000.399,000.370945,254219565.0,000.375218,5017684342.0
2021-11-03T18:00:01.882Z,-USD,000.377935,000000.399,000.370945,251646442.0,0000.37703,5022484193.0
2021-11-03T19:00:02.278Z,-USD,000.379212,000000.399,000.370945,256439861.0,000.382089,5036348400.0
2021-11-03T20:00:02.568Z,-USD,000.379475,000000.399,000.370945,252414626.0,000.380719,5044286447.0
2021-11-03T21:00:01.933Z,-USD,000.376612,000000.399,000.370945,251413636.0,000.382385,5050762870.0
