Coin on file:	ZEC
Created by:	chris
Created on:	09/18/2021T03:00:1631948402Z

Recorded,Currency,Open,High,Low,Volume,Last,Volume30day
2021-09-18T03:00:02.659Z,-USD,0000137.45,0000140.21,00000132.6,19515.97397517,0000135.17,770048.76359016
2021-09-18T04:00:01.983Z,-USD,0000138.23,0000140.21,00000132.6,19471.66821507,0000137.09,771737.40996869
2021-09-18T05:00:02.052Z,-USD,0000138.47,0000143.56,00000132.6,21402.58404195,00000141.1,774523.52635968
2021-09-18T06:00:02.083Z,-USD,0000138.28,0000143.83,00000132.6,23826.34837518,0000143.24,777159.09452796
2021-09-18T07:00:02.385Z,-USD,00000139.2,0000143.92,00000132.6,24481.64149453,0000140.54,777928.44484728
2021-09-18T08:00:02.626Z,-USD,0000137.09,0000143.92,00000132.6,25351.91868919,0000140.64,779345.36062731
2021-09-18T09:00:01.852Z,-USD,0000138.47,0000143.92,00000132.6,27657.75225047,0000141.08,781785.54210859
2021-09-18T10:00:01.968Z,-USD,0000137.19,0000143.92,00000132.6,26002.06302219,0000140.05,781918.34775859
2021-09-18T11:00:02.344Z,-USD,0000134.72,0000143.92,00000132.6,25763.39389794,0000140.47,782336.06176361
2021-09-18T12:00:02.46Z,-USD,0000133.68,0000143.92,00000132.6,25083.37176078,0000138.98,782575.22354557
2021-09-18T13:00:02.675Z,-USD,0000134.89,0000143.92,00000132.6,23862.37561064,0000139.64,783120.49045113
2021-09-18T14:00:01.88Z,-USD,0000134.63,0000143.92,00000132.6,22391.34059827,0000139.49,783460.96641977
2021-09-18T14:27:57.952Z,-USD,0000136.03,0000143.92,00000132.6,20475.45552205,0000141.24,783869.81563922
2021-09-18T14:28:37.246Z,-USD,0000136.03,0000143.92,00000132.6,20499.37257205,0000141.36,783893.73268922
2021-09-18T14:31:17.504Z,-USD,0000136.03,0000143.92,00000132.6,20505.58905205,0000141.32,783899.94916922
2021-09-18T15:00:02.118Z,-USD,0000136.03,0000143.92,00000132.6,20640.93328118,0000140.67,784035.29339835
2021-09-18T16:00:02.322Z,-USD,00000136.5,0000143.92,00000132.6,20637.5428996,00000140.3,784399.57526951
2021-09-18T17:00:02.107Z,-USD,0000137.01,0000143.92,00000132.6,20886.1806745,00000138.6,784883.61690934
2021-09-18T18:00:07.221Z,-USD,0000134.81,0000143.92,00000132.6,20326.3643742,0000139.37,785104.59928963
2021-09-18T19:00:01.787Z,-USD,0000134.81,0000143.92,00000132.6,19748.50650425,0000138.92,785253.17820411
2021-09-18T20:00:02.515Z,-USD,0000135.14,0000143.92,00000132.6,20008.64020063,0000138.96,785821.69630424
2021-09-18T21:00:02.121Z,-USD,00000133.0,0000143.92,00000132.6,20977.5737028,0000137.37,787016.56652834
2021-09-18T22:00:02.335Z,-USD,0000133.77,0000143.92,00000132.6,20862.77257251,0000136.99,787447.22195248
2021-09-18T23:00:01.768Z,-USD,0000132.76,0000143.92,00000132.6,20790.03692771,0000137.64,787664.42050247
2021-09-19T00:00:02.394Z,-USD,0000133.65,0000143.92,00000132.6,21201.71272804,0000138.86,788580.56577409
2021-09-19T01:00:02.002Z,-USD,0000135.02,0000143.92,0000133.65,21101.38590834,0000137.56,764497.89530926
2021-09-19T02:00:02.019Z,-USD,0000135.05,0000143.92,0000134.76,21122.22439053,0000138.78,766177.34354906
2021-09-19T03:00:02.664Z,-USD,00000135.3,0000143.92,0000135.24,20998.97904258,0000138.64,766688.12782349
2021-09-19T04:00:02.654Z,-USD,0000137.04,0000143.92,0000136.52,19466.56570187,0000137.86,766826.47086131
2021-09-19T05:00:02.407Z,-USD,0000141.74,0000143.92,0000136.52,16719.03156196,0000138.39,766932.21205239
2021-09-19T06:00:02.187Z,-USD,0000143.71,0000143.92,0000136.52,14522.24098139,0000139.53,767297.9574001
2021-09-19T07:00:02.005Z,-USD,0000141.01,0000142.11,0000136.52,14164.6710327,0000139.72,767720.40492073
2021-09-19T08:00:02.143Z,-USD,0000141.01,0000142.11,0000136.52,13000.94497494,0000139.82,767969.901253
2021-09-19T09:00:01.925Z,-USD,0000141.06,0000141.79,0000136.52,10749.79557366,0000140.27,768151.832873
2021-09-19T10:00:01.868Z,-USD,0000139.98,0000141.79,0000136.52,10660.04648871,0000140.91,768195.14454805
2021-09-19T11:00:02.48Z,-USD,0000140.89,0000141.79,0000136.52,10445.68547176,0000140.54,768398.78334832
2021-09-19T12:00:02.523Z,-USD,0000139.62,0000141.79,0000135.81,10560.48487992,0000136.37,768767.96186624
2021-09-19T13:00:02.684Z,-USD,0000139.65,0000141.79,0000135.79,10264.64496062,0000136.65,769002.3512525
2021-09-19T14:00:02.607Z,-USD,0000139.52,0000141.79,0000135.79,10727.78022669,0000137.26,769805.3918425
2021-09-19T15:00:02.684Z,-USD,0000140.87,0000141.46,0000135.79,10277.11823894,0000137.66,769929.01750804
2021-09-19T16:00:02.634Z,-USD,0000140.88,0000141.46,0000135.79,10090.32717922,0000137.25,770131.75736948
2021-09-19T17:00:02.62Z,-USD,0000138.76,0000141.46,0000135.79,9883.69458939,0000136.67,770385.40842948
2021-09-19T18:00:01.7Z,-USD,0000139.16,0000141.46,0000135.73,10158.7552891,0000136.21,770879.98348948
2021-09-19T19:00:01.839Z,-USD,0000139.12,0000141.46,0000135.73,10336.20988712,0000136.62,771205.91269198
2021-09-19T20:00:01.841Z,-USD,0000139.22,0000141.46,0000135.08,11012.58609601,0000135.18,772451.121811
2021-09-19T21:00:02.299Z,-USD,0000137.04,0000141.46,0000134.76,10453.65959668,00000136.1,773088.16851577
2021-09-19T22:00:02.24Z,-USD,0000136.52,0000141.46,0000134.76,10310.94519254,0000135.55,773375.92768577
2021-09-19T23:00:02.396Z,-USD,0000138.18,0000141.46,0000132.06,10653.13924679,0000132.55,773935.35622001
2021-09-20T00:00:01.696Z,-USD,0000138.63,0000141.46,0000132.06,10052.23758539,0000133.53,774251.75062023
2021-09-20T01:00:01.876Z,-USD,0000137.18,0000141.46,0000129.61,11284.80685006,0000130.54,759112.28855244
2021-09-20T02:00:02.151Z,-USD,0000138.53,0000141.46,0000129.61,10155.59262696,0000132.16,759661.97061914
2021-09-20T03:00:02.274Z,-USD,0000138.65,0000141.46,0000126.45,13673.67750797,0000126.67,763690.90394458
2021-09-20T04:00:02.153Z,-USD,0000137.77,0000141.46,0000124.73,16204.07508617,0000126.72,766359.4642006
2021-09-20T05:00:01.965Z,-USD,0000138.35,0000141.46,0000124.73,16957.37277496,0000126.96,767218.50308047
2021-09-20T06:00:01.919Z,-USD,0000139.68,0000141.46,0000124.73,17524.42536923,0000127.16,768158.30402245
2021-09-20T07:00:02.042Z,-USD,0000140.09,0000141.46,0000124.73,17561.41493102,00000126.3,768638.63827487
2021-09-20T08:00:02.121Z,-USD,00000139.9,0000141.46,0000121.45,19777.99125528,0000122.42,771076.8723514
2021-09-20T09:00:01.892Z,-USD,00000140.6,0000141.46,0000121.45,21967.51640491,0000124.96,773448.43561103
2021-09-20T10:00:01.701Z,-USD,0000140.96,0000141.46,0000121.45,22815.65438334,0000123.78,774339.88471451
2021-09-20T11:00:02.361Z,-USD,0000140.71,0000140.71,0000121.45,25302.55823488,0000122.31,777030.78034648
2021-09-20T12:00:02.361Z,-USD,0000136.02,00000138.2,0000117.15,30904.39458203,0000118.83,783030.93252139
2021-09-20T13:00:02.403Z,-USD,0000136.39,00000138.2,0000115.16,34926.78683748,0000119.03,787258.0563431
2021-09-20T14:00:02.73Z,-USD,0000137.22,00000138.2,0000115.16,35674.51359029,0000120.17,788808.82404622
2021-09-20T15:00:01.832Z,-USD,0000137.47,0000137.87,0000115.16,43012.27239607,0000120.05,796271.19815723
2021-09-20T16:00:02.357Z,-USD,00000137.6,00000137.6,0000115.16,48047.09212977,0000120.95,801551.95093237
2021-09-20T17:00:02.536Z,-USD,0000136.82,0000137.32,0000115.16,49541.82556346,00000120.5,803256.31342606
2021-09-20T18:00:02.544Z,-USD,00000136.1,0000137.32,0000115.16,50737.84465405,0000121.16,804947.80697665
2021-09-20T19:00:02.469Z,-USD,0000136.63,0000136.95,0000115.16,54325.88128585,0000118.66,808879.63497095
2021-09-20T20:00:02.434Z,-USD,0000134.86,0000136.37,0000115.16,56012.61417308,0000119.83,811815.0220772
2021-09-20T21:00:02.46Z,-USD,0000136.17,0000136.37,0000115.16,59269.21707449,0000119.63,815686.38163338
2021-09-20T22:00:02.44Z,-USD,0000136.22,0000136.37,0000115.16,60512.97166858,0000120.01,817226.23865747
2021-09-20T23:00:02.52Z,-USD,0000132.62,0000133.91,0000115.16,61417.1439849,0000118.34,818681.61240803
2021-09-21T00:00:02.956Z,-USD,0000133.56,0000133.91,0000115.16,62042.77644717,0000118.64,819636.75413482
2021-09-21T01:00:02.191Z,-USD,0000130.73,0000132.41,0000112.22,67915.40122403,0000114.37,807365.72043862
2021-09-21T02:00:01.777Z,-USD,0000132.21,0000132.21,0000112.22,70028.24572273,00000118.0,810020.54389402
2021-09-21T03:00:02.103Z,-USD,0000126.26,0000128.54,0000112.22,66607.18028762,0000118.92,810619.40746435
2021-09-21T04:00:02.34Z,-USD,0000126.25,0000127.67,0000112.22,64397.0718225,0000117.97,811083.90521525
2021-09-21T05:00:02.612Z,-USD,0000127.21,0000127.67,0000112.22,63832.27224145,00000116.5,811366.75506407
2021-09-21T06:00:02.518Z,-USD,0000127.37,0000127.59,0000112.22,63335.06031011,0000117.51,811808.92329471
2021-09-21T07:00:02.272Z,-USD,0000126.65,0000127.03,0000112.22,63419.61601717,0000117.68,812376.22826419
2021-09-21T08:00:02.419Z,-USD,0000123.33,0000126.84,0000112.22,61333.82284424,0000119.28,812746.77166779
2021-09-21T09:00:02.545Z,-USD,0000124.76,0000125.43,0000112.22,59228.59138807,0000120.19,812991.98008125
2021-09-21T10:00:02.395Z,-USD,0000123.96,0000125.43,0000112.22,58729.74369934,0000119.09,813385.190536
2021-09-21T11:00:02.6Z,-USD,0000122.49,0000124.03,0000112.22,56314.34640174,0000120.02,813662.296406
2021-09-21T12:00:02.507Z,-USD,0000118.56,0000124.03,0000112.22,50595.06595034,0000119.65,813950.65285388
2021-09-21T13:00:02.679Z,-USD,00000118.7,0000124.03,0000112.22,46940.09251484,0000119.62,814514.29985009
2021-09-21T14:00:01.857Z,-USD,0000120.14,0000124.03,0000112.22,46184.53884614,0000119.43,815308.59809451
2021-09-21T15:00:02.144Z,-USD,0000119.91,0000122.57,0000112.22,43191.70089403,0000118.37,819871.75090341
2021-09-21T16:00:02.617Z,-USD,00000120.8,0000122.26,0000112.22,39048.77443835,0000119.53,820949.30751287
2021-09-21T17:00:03.462Z,-USD,00000120.8,0000122.03,0000112.22,38160.01884196,00000116.4,821731.21524017
2021-09-21T18:00:01.824Z,-USD,0000121.38,0000121.75,0000112.22,38336.98424673,0000113.26,823601.66327553
2021-09-21T19:00:02.438Z,-USD,0000118.91,0000121.09,0000112.22,35812.62482847,0000113.46,825007.16646157
2021-09-21T20:00:02.298Z,-USD,00000119.8,0000121.09,0000112.22,34032.26684508,0000113.37,826244.68300443
2021-09-21T21:00:01.766Z,-USD,00000120.0,0000121.09,0000110.38,33186.05110791,0000111.03,829199.00390344
2021-09-21T22:00:02.225Z,-USD,0000120.21,0000121.09,0000108.22,35253.16721892,0000113.08,832814.40394854
2021-09-21T23:00:02.124Z,-USD,0000118.79,0000120.82,0000108.22,35185.12398143,0000110.05,834183.18932161
2021-09-22T00:00:02.323Z,-USD,0000118.92,0000120.82,0000108.22,34982.1086468,0000111.58,834943.65244377
2021-09-22T01:00:02.686Z,-USD,0000114.64,0000120.82,0000108.22,28828.34834025,0000112.19,799868.4296675
2021-09-22T02:00:01.838Z,-USD,0000117.75,0000120.82,0000108.22,27367.69820092,0000115.33,801053.16118357
2021-09-22T03:00:02.496Z,-USD,0000118.76,0000120.82,0000108.22,27041.65954971,0000115.09,801326.37949269
2021-09-22T04:00:01.855Z,-USD,0000117.52,0000120.82,0000108.22,26930.73523027,0000114.52,801679.23340415
2021-09-22T05:00:01.961Z,-USD,0000116.75,0000120.82,0000108.22,26867.41087893,0000114.03,801898.33362163
2021-09-22T06:00:02.356Z,-USD,0000117.13,0000120.82,0000108.22,27325.55613266,0000115.22,802798.647106
2021-09-22T07:00:02.359Z,-USD,0000117.89,0000120.82,0000108.22,27035.48927436,0000116.01,803076.60561718
2021-09-22T08:00:02.458Z,-USD,0000119.09,0000120.82,0000108.22,27378.7452666,0000117.96,803820.48461302
2021-09-22T09:00:03.657Z,-USD,0000120.32,0000120.82,0000108.22,27744.52526314,0000116.46,804402.18302302
2021-09-22T10:00:01.805Z,-USD,0000119.43,0000120.82,0000108.22,27540.46214839,0000116.73,804590.81036302
2021-09-22T11:00:02.368Z,-USD,0000120.17,0000120.82,0000108.22,27379.36330839,0000115.84,804706.10930302
2021-09-22T12:00:02.378Z,-USD,0000119.24,0000120.82,0000108.22,27479.29354828,0000114.51,805094.50303079
2021-09-22T13:00:02.638Z,-USD,00000119.7,0000120.63,0000108.22,27153.54624192,0000116.17,805364.19896064
2021-09-22T14:00:01.835Z,-USD,0000119.51,0000119.98,0000108.22,27119.20298216,0000116.68,806096.17242048
2021-09-22T15:00:01.945Z,-USD,0000118.41,0000119.98,0000108.22,22892.23206758,0000116.98,806435.49729962
2021-09-22T16:00:02.268Z,-USD,00000119.4,0000119.86,0000108.22,22523.48072103,0000118.99,807139.51310253
2021-09-22T17:00:02.156Z,-USD,0000116.59,0000119.98,0000108.22,22482.39684571,0000119.78,807885.26706451
2021-09-22T18:00:02.557Z,-USD,0000113.45,00000120.0,0000108.22,21376.42449049,0000119.12,808642.26275465
2021-09-22T19:00:02.158Z,-USD,00000113.7,0000121.22,0000108.22,20931.51188874,0000118.87,809648.13531894
2021-09-22T20:00:02.676Z,-USD,0000112.84,0000121.22,0000108.22,21059.9672192,0000120.14,810969.12567226
2021-09-22T21:00:01.933Z,-USD,0000111.31,0000121.22,0000108.22,19204.94124217,0000121.13,812073.31678424
2021-09-22T22:00:02.514Z,-USD,0000112.71,0000121.73,0000109.27,15864.23826846,0000120.59,812342.81368563
2021-09-22T23:00:02.005Z,-USD,0000110.37,0000121.73,0000109.27,14954.05174356,0000121.13,812801.9556538
2021-09-23T00:00:03.545Z,-USD,0000111.88,0000121.73,00000110.6,14544.81223235,0000121.44,813181.73394475
2021-09-23T01:00:02.49Z,-USD,0000111.94,00000121.9,0000111.72,13859.90480272,0000119.99,783137.91367964
2021-09-23T02:00:02.357Z,-USD,0000115.37,00000121.9,0000113.68,13016.19228665,0000120.78,783454.81033964
2021-09-23T03:00:02.712Z,-USD,0000114.94,00000121.9,0000113.68,13502.16563778,0000121.11,784213.35199989
2021-09-23T04:00:01.926Z,-USD,0000114.44,0000122.46,0000113.68,14049.35349269,00000122.3,785117.91172236
2021-09-23T05:00:02.221Z,-USD,0000114.29,0000122.46,0000114.27,14235.62562693,0000121.48,785525.69001124
2021-09-23T06:00:02.32Z,-USD,0000114.71,0000122.46,0000114.27,14295.68159428,0000120.63,786480.5555697
2021-09-23T07:00:03.134Z,-USD,0000116.62,0000122.46,0000114.27,14211.7514331,0000121.79,786673.2500197
2021-09-23T08:00:02.122Z,-USD,0000118.09,0000122.46,0000114.27,13543.97798675,0000121.79,786760.37793919
2021-09-23T09:00:02.3Z,-USD,0000116.63,0000122.46,0000114.27,13345.92937675,0000121.18,787133.88875919
2021-09-23T10:00:02.464Z,-USD,0000117.29,0000122.46,0000114.27,13359.8918451,0000121.06,787335.22037754
2021-09-23T11:00:05.825Z,-USD,00000116.0,0000122.46,0000114.27,15184.77658502,0000120.48,789275.42905746
2021-09-23T12:00:02.063Z,-USD,0000114.67,0000122.46,0000114.28,15269.79386541,0000118.93,789750.08392562
2021-09-23T13:00:02.551Z,-USD,0000115.72,0000122.46,0000115.59,15429.14802758,00000118.8,790182.03490764
2021-09-23T14:00:01.849Z,-USD,0000116.94,0000122.46,0000116.55,15648.81782076,0000120.98,791131.98421066
2021-09-23T15:00:02.469Z,-USD,0000117.18,0000122.46,0000117.15,16216.54943586,0000121.91,792038.2036049
2021-09-23T16:00:01.835Z,-USD,0000118.88,0000122.46,0000118.06,16627.25686644,0000120.74,793158.82683839
2021-09-23T17:00:02.388Z,-USD,0000119.79,0000122.46,0000118.06,16120.33151421,0000121.76,793390.20544814
2021-09-23T18:00:01.982Z,-USD,0000118.78,0000123.48,0000118.17,17089.01611449,0000123.02,795136.70495856
2021-09-23T19:00:01.805Z,-USD,0000119.08,0000123.48,0000118.17,16953.30691697,0000122.85,796009.51364267
2021-09-23T20:00:02.516Z,-USD,0000119.85,00000123.5,0000118.17,16412.64864176,0000123.12,796797.51044372
2021-09-23T21:00:02.25Z,-USD,0000120.41,00000123.5,0000118.17,15935.17563619,0000122.49,797402.23068985
2021-09-23T22:00:02.175Z,-USD,0000120.93,00000123.5,0000118.17,16217.1426192,0000121.77,797947.41317425
2021-09-23T23:00:01.951Z,-USD,0000121.34,00000123.5,0000118.17,16043.64772103,0000121.97,798231.01406425
2021-09-24T00:00:02.48Z,-USD,00000121.3,00000123.5,0000118.17,15987.81133139,0000122.54,798565.04113556
2021-09-24T01:00:02.228Z,-USD,0000119.51,00000123.5,0000118.17,16744.85960844,0000121.81,787336.78802163
2021-09-24T02:00:02.084Z,-USD,0000120.74,00000123.5,0000118.17,17253.4222995,0000120.88,788155.05537269
2021-09-24T03:00:01.973Z,-USD,0000120.87,00000123.5,0000118.17,16877.37820328,0000120.44,788536.55268672
2021-09-24T04:00:02.45Z,-USD,0000121.94,00000123.5,0000118.17,16424.69026249,0000120.05,788996.5378684
2021-09-24T05:00:02.206Z,-USD,0000121.34,00000123.5,0000118.17,16467.20823195,0000119.74,789441.47254674
2021-09-24T06:00:02.643Z,-USD,0000120.69,00000123.5,0000118.17,15705.85775323,0000119.67,789632.31280648
2021-09-24T07:00:02.623Z,-USD,0000121.59,00000123.5,0000118.17,16591.79842323,00000118.8,790746.23345648
2021-09-24T08:00:01.884Z,-USD,0000121.86,00000123.5,0000118.17,17129.79825108,0000120.35,791336.02975382
2021-09-24T09:00:02.126Z,-USD,0000121.29,00000123.5,0000118.17,17093.17496108,0000118.87,791675.58844382
2021-09-24T10:00:02.248Z,-USD,0000120.74,00000123.5,0000110.68,19342.68907483,0000110.68,794125.88041592
2021-09-24T11:00:02.663Z,-USD,0000120.28,00000123.5,0000108.87,20329.84755067,0000109.41,797051.50444168
2021-09-24T12:00:02.133Z,-USD,0000118.81,00000123.5,0000105.26,24418.59233996,0000109.03,801624.20297913
2021-09-24T13:00:02.817Z,-USD,00000119.0,00000123.5,0000105.26,28060.64028934,0000107.04,805718.87850053
2021-09-24T14:00:02.591Z,-USD,0000120.65,00000123.5,0000105.26,30131.08209116,0000109.29,808709.5783935
2021-09-24T15:00:02.124Z,-USD,0000121.96,00000123.5,0000105.26,31409.73782365,0000110.19,810897.2116621
2021-09-24T16:00:01.961Z,-USD,0000120.54,00000123.5,0000105.26,31210.69018589,0000109.19,811823.58664354
2021-09-24T17:00:02.316Z,-USD,0000121.98,00000123.5,0000105.26,33221.36267675,0000109.73,814059.47568844
2021-09-24T18:00:02.431Z,-USD,0000123.25,00000123.5,0000105.26,33016.52216426,0000108.72,815635.89261637
2021-09-24T19:00:02.41Z,-USD,0000122.97,00000123.5,0000105.26,32723.66161029,0000109.68,816181.33363651
2021-09-24T20:00:01.732Z,-USD,0000123.45,0000123.48,0000105.26,34009.07819736,0000109.87,818289.24090463
2021-09-24T21:00:02.101Z,-USD,0000122.45,0000123.48,0000105.26,34549.39905812,0000111.84,819397.60583152
2021-09-24T22:00:02.204Z,-USD,0000121.95,0000123.48,0000105.26,35674.86220655,0000111.23,821068.27983435
2021-09-24T23:00:01.997Z,-USD,0000121.62,0000123.48,0000105.26,35685.23676289,0000112.22,821362.07774069
2021-09-25T00:00:02.169Z,-USD,0000122.57,0000123.48,0000105.26,37270.90378896,0000110.74,823306.23021807
2021-09-25T01:00:02.578Z,-USD,00000121.9,0000122.42,0000105.26,36303.01043597,0000111.63,802660.43152032
2021-09-25T02:00:01.928Z,-USD,0000121.13,0000121.17,0000105.26,35868.93242167,0000111.21,803048.71649708
2021-09-25T03:00:01.987Z,-USD,0000120.74,0000121.05,0000105.26,35914.44313764,0000110.89,803511.40561708
2021-09-25T04:00:02.605Z,-USD,00000120.1,0000120.99,0000105.26,36581.46808919,0000111.61,804596.09908874
2021-09-25T05:00:02.68Z,-USD,0000119.72,0000120.99,0000105.26,36551.70463118,0000111.34,805011.55343064
2021-09-25T06:00:02.668Z,-USD,00000120.2,0000120.99,0000105.26,36661.37391686,0000110.31,805315.46106606
2021-09-25T07:00:01.846Z,-USD,0000119.13,0000120.99,0000105.26,35616.3957006,00000112.0,805382.4074898
2021-09-25T08:00:01.884Z,-USD,0000119.95,0000120.99,0000105.26,35069.908591,0000109.81,805442.96585754
2021-09-25T09:00:02.034Z,-USD,0000118.92,0000118.92,0000105.26,35567.7943756,0000110.06,806271.03974214
2021-09-25T10:00:01.83Z,-USD,0000110.34,00000112.8,0000105.26,33436.18175836,0000111.68,806603.814107
2021-09-25T11:00:02.586Z,-USD,0000109.41,0000112.88,0000105.26,30828.78009829,0000111.86,806902.88060269
2021-09-25T12:00:02.497Z,-USD,0000108.86,0000112.88,0000105.63,26895.28680336,0000109.98,807549.36568521
2021-09-25T13:00:02.182Z,-USD,0000107.14,0000112.88,0000105.63,22905.26721779,0000110.44,807660.8732501
2021-09-25T14:00:02.678Z,-USD,0000109.21,0000112.88,00000107.2,20327.20816865,00000110.7,808080.27889487
2021-09-25T15:00:02.678Z,-USD,00000110.1,0000112.88,00000107.2,18670.0617044,0000109.18,808589.21021922
2021-09-25T16:00:01.769Z,-USD,0000108.97,0000112.88,00000107.2,17683.11767125,0000110.18,808967.43734751
2021-09-25T17:00:02.512Z,-USD,0000109.49,0000112.88,00000107.2,16677.01853407,0000109.77,809754.84903523
2021-09-25T18:00:01.743Z,-USD,0000108.74,0000112.88,00000107.2,16315.63395789,0000109.89,810971.33003698
2021-09-25T19:00:01.831Z,-USD,0000109.44,0000112.88,00000107.2,16324.63498119,0000109.17,811524.11223042
2021-09-25T20:00:02.078Z,-USD,00000110.2,0000112.88,00000107.2,14566.41518246,0000109.75,811921.92301981
2021-09-25T21:00:02.047Z,-USD,0000111.82,0000112.88,00000107.2,13646.27862317,0000110.18,812061.92804741
2021-09-25T22:00:01.967Z,-USD,0000111.49,0000112.88,00000107.2,13157.21367553,00000109.5,813244.1648626
2021-09-25T23:00:02.555Z,-USD,0000111.99,0000112.88,00000107.2,13996.74240235,0000110.47,814385.54588576
2021-09-26T00:00:01.749Z,-USD,0000110.91,0000112.88,00000107.2,14063.99500054,00000110.9,816392.64470133
2021-09-26T01:00:01.825Z,-USD,00000111.8,0000112.88,00000107.2,17855.82384918,0000109.28,806592.80041879
2021-09-26T02:00:02.1Z,-USD,0000111.36,0000112.88,00000107.2,18014.07519304,0000108.45,807154.26624941
2021-09-26T03:00:01.99Z,-USD,0000110.68,0000112.88,00000107.2,18019.65399287,0000108.21,807644.62187924
2021-09-26T04:00:02.515Z,-USD,0000111.95,0000112.88,00000107.2,17718.41717967,00000109.6,808395.5569477
2021-09-26T05:00:01.75Z,-USD,0000111.28,0000112.88,00000107.2,18617.88259792,0000109.39,809697.01125785
2021-09-26T06:00:02.535Z,-USD,0000110.67,0000112.88,00000107.2,19020.74544007,00000110.4,810406.27993542
2021-09-26T07:00:02.664Z,-USD,0000112.33,0000112.88,00000107.2,19532.54337539,00000109.0,810982.63694448
2021-09-26T08:00:02.631Z,-USD,0000110.01,0000112.88,0000103.08,22679.99256851,0000104.63,814190.73860534
2021-09-26T09:00:02.674Z,-USD,0000109.92,0000112.88,0000102.21,23850.56133096,00000103.1,816213.44060239
2021-09-26T10:00:01.845Z,-USD,0000111.93,0000112.88,0000102.21,25031.14549701,0000108.95,817702.6458133
2021-09-26T11:00:01.798Z,-USD,0000111.84,0000111.84,0000102.21,26412.00140753,0000109.04,819382.47221951
2021-09-26T12:00:02.079Z,-USD,0000110.91,0000111.54,0000102.21,25877.27933838,00000110.3,819494.40269288
2021-09-26T13:00:02.198Z,-USD,00000110.4,0000111.81,0000102.21,26470.10692833,0000111.26,820198.73755772
2021-09-26T14:00:02.218Z,-USD,0000110.24,0000111.97,0000102.21,26606.78244825,0000111.76,820757.53585241
2021-09-26T15:00:02.375Z,-USD,0000108.66,0000113.14,0000102.21,27083.25084693,0000111.77,821756.75502544
2021-09-26T16:00:02.518Z,-USD,0000110.23,0000113.14,0000102.21,28429.14641154,0000112.09,823478.75565834
2021-09-26T17:00:02.496Z,-USD,0000109.67,0000113.14,0000102.21,28318.43998361,0000110.73,824145.29480813
2021-09-26T18:00:01.767Z,-USD,00000109.6,0000113.14,0000102.21,27383.09046243,0000110.96,824428.0105687
2021-09-26T19:00:01.978Z,-USD,0000108.73,0000113.14,0000102.21,27957.29263038,00000112.0,825560.19454009
2021-09-26T20:00:02.12Z,-USD,0000110.07,0000113.14,0000102.21,27958.77779995,0000112.09,825949.24642905
2021-09-26T21:00:02.114Z,-USD,00000109.6,0000113.14,0000102.21,28289.41781525,0000112.21,826419.33875195
2021-09-26T22:00:02.208Z,-USD,0000109.64,0000113.14,0000102.21,27433.14903863,0000112.03,826745.4530068
2021-09-26T23:00:02.421Z,-USD,0000110.98,0000113.14,0000102.21,27259.47004552,0000110.64,827712.77249057
2021-09-27T00:00:02.585Z,-USD,0000110.75,0000113.14,0000102.21,25938.80289898,00000111.0,828399.5078996
2021-09-27T01:00:01.792Z,-USD,0000109.42,0000113.14,0000102.21,22640.92780541,0000112.49,817554.6700056
2021-09-27T02:00:01.815Z,-USD,0000107.96,0000113.85,0000102.21,22983.63213004,0000113.76,818472.25346085
2021-09-27T03:00:01.926Z,-USD,0000108.28,0000113.85,0000102.21,22897.56603188,00000112.6,818889.82054252
2021-09-27T04:00:02.541Z,-USD,0000109.25,0000113.85,0000102.21,22718.25430921,0000111.58,819419.09177831
2021-09-27T05:00:02.144Z,-USD,0000109.51,0000113.85,0000102.21,21662.70344785,00000111.2,819684.2549271
2021-09-27T06:00:02.117Z,-USD,0000110.04,0000113.85,0000102.21,21092.34406405,0000112.08,819807.46837087
2021-09-27T07:00:02.227Z,-USD,00000109.2,0000113.85,0000102.21,20814.38500538,0000110.77,820140.32366126
2021-09-27T08:00:02.214Z,-USD,0000104.57,0000113.85,0000102.21,17655.76662013,0000111.07,820294.09676687
2021-09-27T09:00:02.262Z,-USD,0000103.11,0000113.85,0000103.11,15925.93813171,0000111.04,820444.7247455
2021-09-27T10:00:02.303Z,-USD,0000109.07,0000113.85,0000107.38,14980.1925608,0000111.02,820993.6010755
2021-09-27T11:00:01.866Z,-USD,0000108.94,0000113.85,0000108.94,13495.1700766,0000111.39,821184.88492751
2021-09-27T12:00:01.882Z,-USD,0000110.58,0000113.85,0000109.53,13731.82050454,0000112.49,821531.50095882
2021-09-27T13:00:02.11Z,-USD,0000111.48,0000113.85,0000109.53,13311.7163434,0000111.66,821825.68653252
2021-09-27T14:00:02.199Z,-USD,0000111.96,0000113.85,0000109.41,13541.53064208,0000109.91,822606.00590589
2021-09-27T15:00:02.738Z,-USD,0000112.02,0000113.85,0000108.04,13931.87727173,0000108.11,823993.90949857
2021-09-27T16:00:02.049Z,-USD,0000112.68,0000113.85,0000107.63,12748.68951465,0000108.65,824596.92350831
2021-09-27T17:00:02.063Z,-USD,0000111.21,0000113.85,0000106.56,13072.34896635,0000107.19,825527.28317588
2021-09-27T18:00:02.964Z,-USD,0000111.13,0000113.85,0000106.56,14360.67725849,0000106.94,827094.34860859
2021-09-27T19:00:02.296Z,-USD,0000111.86,0000113.85,0000105.38,14416.53325906,0000106.47,828297.63328055
2021-09-27T20:00:02.256Z,-USD,0000112.63,0000113.85,0000105.38,14901.58051421,0000106.89,829171.41257466
2021-09-27T21:00:02.424Z,-USD,0000112.29,0000113.85,0000105.26,14851.32870746,0000105.45,829575.96040081
2021-09-27T22:00:02.669Z,-USD,0000112.07,0000113.85,0000105.26,14941.31050859,0000106.84,829993.06614679
2021-09-27T23:00:01.766Z,-USD,0000110.34,0000113.85,0000105.26,14312.78789239,0000107.06,830332.61141436
2021-09-28T00:00:02.209Z,-USD,0000111.18,0000113.85,0000104.51,14039.03856468,0000104.58,830745.63721568
2021-09-28T01:00:02.458Z,-USD,0000112.67,0000113.85,0000104.06,14458.80625384,0000105.57,814358.44409857
2021-09-28T02:00:01.85Z,-USD,00000113.5,0000113.61,0000104.06,14470.04387782,0000106.15,815304.9154078
2021-09-28T03:00:01.975Z,-USD,0000112.45,0000112.86,0000104.06,15602.74862955,0000105.97,816842.48519771
2021-09-28T04:00:02.216Z,-USD,0000111.66,0000112.86,0000104.06,16188.11863116,0000106.22,817979.1183586
2021-09-28T05:00:01.939Z,-USD,0000111.52,0000112.86,0000104.06,16191.06873658,0000106.49,818220.09255281
2021-09-28T06:00:02.042Z,-USD,0000112.09,0000112.86,0000104.06,16760.27382079,0000105.86,818918.21887087
2021-09-28T07:00:02.341Z,-USD,0000111.37,0000112.86,0000104.06,17231.42412081,0000105.75,819719.9973812
2021-09-28T08:00:02.528Z,-USD,0000111.07,0000112.86,0000104.06,17590.44400529,0000104.41,820234.18148129
2021-09-28T09:00:02.378Z,-USD,0000111.16,0000112.86,0000104.06,17796.01413666,0000105.65,820586.24500129
2021-09-28T10:00:02.386Z,-USD,0000111.03,0000112.86,0000104.06,18119.72199666,0000106.15,821458.27093129
2021-09-28T11:00:02.074Z,-USD,0000111.73,0000112.86,0000104.06,18402.26482865,0000105.75,821933.56890529
2021-09-28T12:00:02.338Z,-USD,0000112.86,0000112.86,0000104.06,18353.41319701,0000106.89,822249.29284496
2021-09-28T13:00:02.449Z,-USD,0000111.27,0000111.87,0000104.06,18816.26452674,0000105.21,823038.53162839
2021-09-28T14:00:02.665Z,-USD,0000109.84,0000111.48,0000104.06,19843.40098498,0000105.26,824794.2878
2021-09-28T15:00:01.936Z,-USD,0000108.36,0000108.96,0000103.53,20739.50488667,0000103.83,827079.89313437
2021-09-28T16:00:02.569Z,-USD,0000108.54,0000108.96,0000102.87,21196.71964483,0000102.93,828152.33468227
2021-09-28T17:00:02.866Z,-USD,0000107.53,0000108.11,0000101.69,22928.83710452,0000101.98,830801.42610953
2021-09-28T18:00:02.31Z,-USD,0000106.97,0000107.63,0000101.18,22988.13512976,0000101.93,832428.99388748
2021-09-28T19:00:02.452Z,-USD,0000106.51,0000107.63,00000100.9,22990.25769758,0000102.21,833634.70184726
2021-09-28T20:00:02.524Z,-USD,0000106.73,0000107.63,00000100.9,22670.3199714,0000101.83,834217.22452519
2021-09-28T21:00:02.277Z,-USD,0000105.89,0000107.63,00000100.9,23093.01988358,0000102.99,835013.94661352
2021-09-28T22:00:01.703Z,-USD,0000106.84,0000107.63,00000100.9,23102.67099943,0000103.64,835455.92823535
2021-09-28T23:00:02.446Z,-USD,0000106.89,0000107.63,00000100.9,23438.33503628,0000101.79,836127.43640698
2021-09-29T00:00:02.799Z,-USD,0000104.63,0000107.63,0000100.29,24578.1534755,0000100.83,837675.10638031
2021-09-29T01:00:02.151Z,-USD,0000105.43,0000107.63,0000100.29,24760.57784873,0000102.94,824341.29882324
2021-09-29T02:00:01.875Z,-USD,0000106.46,0000107.63,0000100.29,24262.23786101,0000102.86,824798.73534475
2021-09-29T03:00:02.624Z,-USD,0000105.83,0000107.63,0000100.29,23217.92146987,0000104.07,825278.14587352
2021-09-29T04:00:02.225Z,-USD,0000106.08,0000107.63,0000100.29,22499.55043155,00000104.5,825696.71778609
2021-09-29T05:00:01.856Z,-USD,0000106.45,0000107.63,0000100.29,22708.55377918,0000104.92,826170.45702793
2021-09-29T06:00:02.48Z,-USD,0000105.97,0000107.63,0000100.29,22445.50102112,0000105.04,826581.47358793
2021-09-29T07:00:02.046Z,-USD,0000105.59,0000107.63,0000100.29,21779.67877446,0000106.21,826717.6541116
2021-09-29T08:00:02.639Z,-USD,0000104.42,0000107.63,0000100.29,21357.95169381,0000106.18,826809.92104104
2021-09-29T09:00:02.32Z,-USD,0000106.23,0000107.63,0000100.29,23210.90128092,0000105.48,829038.34834815
2021-09-29T10:00:02.706Z,-USD,0000106.09,0000107.15,0000100.29,23477.53779358,0000104.65,830153.55178081
2021-09-29T11:00:03.436Z,-USD,0000105.59,0000107.15,0000100.29,23658.15253162,0000106.85,830817.12872285
2021-09-29T12:00:02.427Z,-USD,0000106.76,0000107.15,0000100.29,23766.91125226,0000106.69,831256.86356316
2021-09-29T13:00:02.041Z,-USD,0000105.43,0000107.88,0000100.29,24536.14011019,0000106.37,832796.98108452
2021-09-29T14:00:02.192Z,-USD,0000105.05,0000108.33,0000100.29,23690.92123857,0000107.95,833704.87626646
2021-09-29T15:00:02.089Z,-USD,0000103.79,0000108.33,0000100.29,23762.50716453,0000105.87,836083.59763484
2021-09-29T16:00:01.756Z,-USD,00000102.7,0000108.33,0000100.29,23990.10124422,0000103.87,837414.33554243
2021-09-29T17:00:02.569Z,-USD,0000101.98,0000108.33,0000100.29,21782.67820467,0000103.97,837801.43801014
2021-09-29T18:00:02.127Z,-USD,0000101.71,0000108.33,0000100.29,21102.36328719,0000103.01,838758.12584061
2021-09-29T19:00:01.734Z,-USD,0000102.37,0000108.33,0000100.29,21037.47454147,0000102.63,839889.63610467
2021-09-29T20:00:02.534Z,-USD,0000101.99,0000108.33,0000100.29,20970.36150291,0000102.44,840417.39144404
2021-09-29T21:00:02.245Z,-USD,00000102.9,0000108.33,0000100.29,21225.02634461,0000102.25,841459.15765407
2021-09-29T22:00:02.118Z,-USD,0000103.54,0000108.33,0000100.29,21018.47479969,0000102.69,841691.73198098
2021-09-29T23:00:02.473Z,-USD,0000101.68,0000108.33,0000100.29,20503.71012516,0000103.43,841854.59216808
2021-09-30T20:00:24.953Z,-USD,0000102.42,0000108.04,0000101.24,24172.67944266,0000105.76,847453.92668793
2021-09-30T21:00:01.877Z,-USD,0000102.28,0000108.04,00000101.6,23886.32341951,0000105.33,848204.87687481
2021-09-30T22:00:01.971Z,-USD,0000102.79,0000108.04,0000102.32,24140.34074638,0000106.45,848691.38403859
2021-09-30T23:00:01.898Z,-USD,0000103.18,0000108.04,0000102.94,24860.89676338,0000106.24,849576.93701269
2021-10-01T00:00:02.236Z,-USD,0000103.33,0000108.04,0000103.18,25570.62760395,0000107.13,850747.64124824
2021-10-01T01:00:02.43Z,-USD,00000105.7,0000108.64,0000104.68,25832.13074873,0000107.98,824590.02459175
2021-10-01T02:00:01.807Z,-USD,0000106.69,0000108.64,0000104.68,25579.58827273,0000108.59,825479.91919708
2021-10-01T03:00:02.143Z,-USD,0000107.28,0000108.64,0000104.68,24784.13688207,0000106.75,825812.59905187
2021-10-01T04:00:01.981Z,-USD,0000107.81,0000108.64,0000104.68,24465.5138794,0000106.89,826000.8164089
2021-10-01T05:00:01.806Z,-USD,0000107.18,0000108.64,0000104.68,24051.53848389,0000107.02,826150.90444242
2021-10-01T06:00:01.719Z,-USD,0000106.94,0000108.64,0000104.68,23320.5202066,0000107.73,826273.11972515
2021-10-01T07:00:02.628Z,-USD,00000106.4,0000108.64,0000104.68,23470.19260736,0000107.78,826735.60288986
2021-10-01T08:00:02.645Z,-USD,0000106.11,0000109.38,0000104.68,22852.17796966,0000109.24,827309.2203876
2021-10-01T09:00:02.609Z,-USD,0000105.52,0000109.89,0000104.72,22221.39575754,0000109.73,828100.37112548
2021-10-01T10:00:02.404Z,-USD,0000105.78,00000110.1,0000104.72,21637.35314455,0000109.63,828374.90049764
2021-10-01T11:00:02.164Z,-USD,00000105.2,0000113.66,0000104.72,25369.98181397,0000111.95,832590.2493185
2021-10-01T12:00:02.314Z,-USD,0000106.16,0000114.78,0000104.72,25437.09510807,0000113.75,834772.02346325
2021-10-01T13:00:02.328Z,-USD,0000106.75,0000114.81,0000104.72,24979.19784416,0000112.48,836195.52534147
2021-10-01T14:00:02.419Z,-USD,00000106.2,0000114.81,0000104.72,25372.15755001,0000112.37,838020.0831986
2021-10-01T15:00:02.422Z,-USD,0000106.01,0000114.81,0000104.72,24867.51741539,0000113.45,838993.62239641
2021-10-01T16:00:02.633Z,-USD,0000106.51,0000114.81,0000104.72,26904.70252694,0000113.47,841662.69145241
2021-10-01T17:00:01.817Z,-USD,0000105.44,0000114.81,0000104.72,27673.75633872,0000113.44,843956.06582054
2021-10-01T18:00:02.137Z,-USD,0000105.56,0000114.81,0000104.72,26816.83555875,0000113.87,845140.80782333
2021-10-01T19:00:02.528Z,-USD,0000107.42,0000114.81,0000104.72,26675.2666893,0000113.83,846214.61509708
2021-10-01T20:00:02.642Z,-USD,0000105.71,0000114.81,0000104.72,26582.51682504,0000114.45,846862.13675123
2021-10-01T21:00:01.797Z,-USD,0000105.24,0000114.81,0000105.24,26245.15020246,0000114.07,847296.73021628
2021-10-01T22:00:01.864Z,-USD,0000106.46,0000114.91,0000105.84,26138.57603578,0000114.14,847656.04064263
2021-10-01T23:00:01.744Z,-USD,0000106.33,0000115.04,0000105.84,26241.37419336,0000113.24,848649.08899431
2021-10-02T00:00:02.671Z,-USD,0000107.17,0000115.04,0000106.28,25807.2776756,0000114.92,849388.8886421
2021-10-02T01:00:02.583Z,-USD,0000107.74,0000115.44,0000106.28,25459.89063022,0000113.88,819363.97644074
2021-10-02T02:00:01.75Z,-USD,0000108.36,0000115.44,0000106.28,24932.68452171,0000113.56,819723.05365756
2021-10-02T03:00:01.917Z,-USD,0000106.92,0000115.44,0000106.28,25440.4795997,00000113.3,820563.38728034
2021-10-02T04:00:02.267Z,-USD,0000107.24,0000115.44,0000106.73,25988.54999212,0000112.29,821299.92989979
2021-10-02T05:00:01.935Z,-USD,0000106.98,0000115.44,0000106.85,26548.3739386,0000112.28,822010.49698979
2021-10-02T06:00:02.018Z,-USD,0000107.87,0000115.44,0000107.09,26632.87280785,0000113.08,822218.06053177
2021-10-02T07:00:02.099Z,-USD,0000107.87,0000115.44,0000107.58,26417.6746635,0000113.67,822477.88763213
2021-10-02T08:00:01.754Z,-USD,0000109.15,0000115.44,0000109.15,25944.13360314,0000113.72,822566.72164951
2021-10-02T09:00:02.683Z,-USD,0000109.93,0000115.44,0000109.49,25254.90661526,0000112.81,822665.63368951
2021-10-02T10:00:02.272Z,-USD,0000109.79,0000115.44,0000109.49,25086.22731601,0000113.43,822771.39282242
2021-10-02T11:00:02.409Z,-USD,0000112.23,0000115.44,0000111.91,21248.84891298,0000113.57,823151.88757025
2021-10-02T12:00:02.429Z,-USD,0000113.77,0000115.44,0000111.95,19350.99709243,0000114.19,823434.31683445
2021-10-02T13:00:02.295Z,-USD,0000112.72,0000115.44,0000111.95,18091.83014409,0000114.45,823597.96198433
2021-10-02T14:00:02.394Z,-USD,0000112.31,0000115.89,0000111.95,17209.67273093,0000114.93,824639.5233883
2021-10-02T15:00:02.37Z,-USD,0000113.45,00000116.0,0000111.95,17190.44687933,0000115.74,825514.81115451
2021-10-02T16:00:02.284Z,-USD,0000113.76,0000116.83,0000111.95,16198.28221112,0000116.38,827186.1535523
2021-10-02T17:00:01.853Z,-USD,00000113.4,00000117.1,0000111.95,14606.70210354,0000116.89,827891.03196285
2021-10-02T18:00:01.996Z,-USD,0000113.72,00000117.1,0000111.95,13619.48856421,0000116.54,828092.19411631
2021-10-02T19:00:03.21Z,-USD,0000113.87,0000117.58,0000111.95,14123.9293785,0000116.98,829651.00051435
2021-10-02T20:00:02.449Z,-USD,0000114.39,0000117.59,0000111.95,14588.89526755,0000117.07,830772.76986755
2021-10-02T21:00:02.484Z,-USD,0000114.13,0000117.59,0000111.95,15033.48516497,0000116.05,831643.92754002
2021-10-02T22:00:02.619Z,-USD,0000114.29,0000117.59,0000111.95,16194.28690743,0000116.39,833162.37685883
2021-10-02T23:00:02.232Z,-USD,0000113.39,0000117.59,0000111.95,15493.19970797,00000115.9,833457.17247105
2021-10-03T00:00:02.159Z,-USD,0000114.82,0000117.59,0000111.95,16300.62577621,0000114.34,835010.62229708
2021-10-03T01:00:02.643Z,-USD,0000114.09,0000117.59,0000111.95,17315.7928386,0000113.56,807287.51033599
2021-10-03T02:00:02.455Z,-USD,0000113.64,0000117.59,0000111.95,17306.90905418,0000113.68,807632.96358839
2021-10-03T03:00:02.212Z,-USD,00000113.2,0000117.59,0000111.95,18971.62039464,0000114.06,810138.02427163
2021-10-03T04:00:02.056Z,-USD,0000112.18,0000117.59,0000111.95,18897.55964601,0000115.23,810800.80756245
2021-10-03T05:00:02.271Z,-USD,0000112.24,0000117.59,0000112.24,18432.08543661,00000115.0,811048.39938305
2021-10-03T06:00:01.704Z,-USD,0000112.65,0000117.59,0000112.57,18715.74822222,0000116.02,811545.53878064
2021-10-03T07:00:02.137Z,-USD,0000113.18,0000117.59,0000112.57,18896.07510186,00000116.0,811977.38307064
2021-10-03T08:00:01.747Z,-USD,0000113.07,0000117.59,0000112.57,18970.46221789,0000115.21,812143.90088405
2021-10-03T09:00:02.23Z,-USD,0000113.29,0000117.59,0000112.57,19291.35000821,0000115.33,812560.04424437
2021-10-03T10:00:01.83Z,-USD,0000113.14,0000117.59,0000112.57,19669.3506753,0000114.51,813047.07315437
2021-10-03T11:00:02.311Z,-USD,0000113.62,0000117.59,0000112.57,19665.91218213,0000115.26,813425.21713903
2021-10-03T12:00:02.605Z,-USD,0000114.42,0000117.59,0000112.57,20794.25963304,0000117.02,814831.56784414
2021-10-03T13:00:02.294Z,-USD,0000114.45,0000117.59,0000112.57,20998.37207428,0000116.86,815201.06261526
2021-10-03T14:00:02.107Z,-USD,0000115.15,0000118.13,0000112.57,21254.56969697,0000117.89,816514.55257192
2021-10-03T15:00:01.771Z,-USD,0000115.86,0000118.13,0000112.57,22622.2353724,0000116.86,818753.16642356
2021-10-03T16:00:02.635Z,-USD,0000116.75,0000118.13,0000112.57,21835.6045261,0000115.93,819687.53214505
2021-10-03T17:00:02.595Z,-USD,0000117.04,0000118.13,0000112.57,21380.18241308,0000116.95,819882.88687683
2021-10-03T18:00:02.164Z,-USD,0000116.56,0000118.69,0000112.57,22127.83322845,0000117.62,820842.23899141
2021-10-03T19:00:02.339Z,-USD,0000117.04,0000118.69,0000112.57,21711.37449246,0000117.97,821967.92093346
2021-10-03T20:00:02.394Z,-USD,0000117.03,0000118.69,0000112.57,21365.14576288,00000118.2,822743.03910708
2021-10-03T21:00:02.153Z,-USD,0000116.38,0000118.69,0000112.57,21758.78171458,0000117.37,824005.74619125
2021-10-03T22:00:02.068Z,-USD,0000116.52,0000118.69,0000112.57,21320.57604571,0000116.69,825087.77749119
2021-10-03T23:00:01.757Z,-USD,0000115.74,00000118.7,0000112.57,21302.7885703,0000118.26,825364.942578
2021-10-04T00:00:01.766Z,-USD,0000114.52,0000119.59,0000112.57,23051.5081546,0000118.83,828798.17848833
2021-10-04T01:00:01.911Z,-USD,0000113.19,0000119.59,0000112.57,22440.60153254,0000117.51,808429.29262239
2021-10-04T02:00:02.161Z,-USD,00000113.5,0000119.59,00000113.5,23081.42423654,0000117.32,809415.91651879
2021-10-04T03:00:02.437Z,-USD,0000114.01,0000119.59,0000113.71,22531.92594347,0000115.31,811359.21692896
2021-10-04T04:00:02.577Z,-USD,0000115.26,0000119.59,0000113.71,25700.00026988,0000114.28,815190.12166619
2021-10-04T05:00:02.206Z,-USD,0000115.08,0000119.59,0000113.09,28056.76118151,00000114.7,817794.10823842
2021-10-04T06:00:02.478Z,-USD,0000115.89,0000119.59,0000113.09,27854.66133192,0000114.74,818088.44449642
2021-10-04T07:00:02.295Z,-USD,0000115.86,0000119.59,0000113.09,27759.45333192,0000114.48,818429.40641642
2021-10-04T08:00:02.455Z,-USD,0000115.31,0000119.59,0000113.09,28253.20868295,00000115.6,819085.33130086
2021-10-04T09:00:02.365Z,-USD,0000115.03,0000119.59,0000113.09,28625.89272556,0000114.96,819874.36378379
2021-10-04T10:00:02.176Z,-USD,0000114.45,0000119.59,0000113.09,28486.74430656,0000115.13,820222.07489479
2021-10-04T11:00:02.405Z,-USD,0000115.67,0000119.59,0000113.09,28494.16103199,0000115.65,820609.06062033
2021-10-04T12:00:02.181Z,-USD,0000116.88,0000119.59,0000113.09,27430.92078273,0000114.56,820959.77334073
2021-10-04T13:00:03.229Z,-USD,0000116.88,0000119.59,0000113.09,27409.91647811,0000115.95,821329.8186288
2021-10-04T14:00:02.249Z,-USD,0000117.96,0000119.59,0000113.09,27922.75624486,0000117.01,823125.53073878
2021-10-04T15:00:02.514Z,-USD,0000117.11,0000119.59,0000113.09,27320.07055187,0000114.85,824761.57438929
2021-10-04T16:00:01.811Z,-USD,00000116.2,0000119.59,0000112.71,28040.949178,0000114.25,826446.09119691
2021-10-04T17:00:01.975Z,-USD,0000116.85,0000119.59,0000112.71,28900.58853245,00000116.3,827475.87797314
2021-10-04T18:00:02.628Z,-USD,0000118.12,0000119.59,0000112.71,28542.95412071,00000117.0,828086.14480598
2021-10-04T19:00:02.19Z,-USD,0000118.01,0000119.59,0000112.71,28781.29573179,0000117.84,829454.61336875
2021-10-04T20:00:02.612Z,-USD,0000118.28,0000119.59,0000112.71,29184.98028547,00000117.2,830625.91125641
2021-10-04T21:00:02.314Z,-USD,00000117.1,0000119.59,0000112.71,28355.97287846,00000115.9,831133.96223357
2021-10-04T22:00:02.616Z,-USD,0000117.02,0000119.59,0000112.71,27742.51739282,0000115.84,831518.75629787
2021-10-04T23:00:01.945Z,-USD,0000118.73,0000119.59,0000112.71,28819.07185597,0000115.39,832917.95342783
2021-10-05T00:00:01.829Z,-USD,0000118.83,0000119.16,0000112.71,26656.10382225,0000116.44,834150.90684444
2021-10-05T01:00:01.97Z,-USD,0000117.28,0000118.78,0000112.71,28144.13140679,0000117.43,802080.32595571
2021-10-05T02:00:02.235Z,-USD,00000117.0,0000118.78,0000112.71,28249.33534213,00000117.0,803171.85175745
2021-10-05T03:00:02.364Z,-USD,0000114.97,0000118.78,0000112.71,26200.95192471,0000117.29,803846.1762602
2021-10-05T04:00:02.384Z,-USD,0000114.02,0000118.78,0000112.71,23623.22262343,0000117.86,804319.98377615
2021-10-05T05:00:01.837Z,-USD,0000114.62,0000118.78,0000112.71,21232.0999574,0000116.69,804541.59348235
2021-10-05T06:00:01.692Z,-USD,0000114.44,0000118.78,0000112.71,21524.74086124,0000118.14,805120.16289419
2021-10-05T07:00:02.624Z,-USD,0000114.07,0000118.79,0000112.71,21633.96417083,0000117.97,805578.80013378
2021-10-05T08:00:02.359Z,-USD,00000115.8,0000118.79,0000112.71,20949.17369789,0000117.94,805791.39644528
2021-10-05T09:00:02.454Z,-USD,00000114.9,0000118.79,0000112.71,20584.62599653,0000118.54,806070.61407685
2021-10-05T10:00:02.347Z,-USD,0000115.52,0000118.99,0000112.71,21231.43009611,0000118.97,806961.21331743
2021-10-05T11:00:02.138Z,-USD,0000115.64,0000119.82,0000112.71,21644.02402487,0000118.63,807759.74551173
2021-10-05T12:00:02.334Z,-USD,0000114.42,0000119.89,0000112.71,21877.09613636,0000119.19,808352.14660362
2021-10-05T13:00:02.277Z,-USD,0000115.91,0000119.89,0000112.71,21785.91990788,0000119.27,808653.12966321
2021-10-05T14:00:02.345Z,-USD,0000117.56,0000120.11,0000112.71,20984.29702149,0000119.76,809659.9742268
2021-10-05T15:00:02.507Z,-USD,0000114.92,0000120.14,0000112.71,21204.21367667,0000117.85,811473.32601249
2021-10-05T16:00:02.682Z,-USD,0000114.66,0000121.71,0000114.37,22424.16185569,0000120.59,814423.19259913
2021-10-05T17:00:02.625Z,-USD,0000116.39,0000122.15,0000114.93,24821.25635377,0000120.52,817806.52311344
2021-10-05T18:00:02.044Z,-USD,0000117.08,0000122.15,0000114.93,25126.47568582,0000120.55,818725.26742833
2021-10-05T19:00:02.356Z,-USD,0000117.96,0000122.15,0000114.93,24712.81232731,0000120.36,819688.02002259
2021-10-05T20:00:02.651Z,-USD,0000117.34,0000122.15,0000114.93,25141.38744771,00000121.0,821273.90221065
2021-10-05T21:00:01.92Z,-USD,0000115.93,0000122.15,0000114.93,26842.02411443,0000121.64,823484.11534453
2021-10-05T22:00:02.228Z,-USD,00000116.0,0000122.78,0000114.93,27525.94379847,0000122.26,824560.00253287
2021-10-05T23:00:02.554Z,-USD,0000115.24,0000123.58,0000115.23,27377.24192539,0000123.13,825821.04251975
2021-10-06T00:00:02.48Z,-USD,0000117.06,0000124.28,0000115.39,28472.34316947,0000123.29,828158.06323044
2021-10-06T01:00:03.848Z,-USD,0000117.66,0000124.28,0000116.28,27651.84646162,0000122.43,801225.87597659
2021-10-06T02:00:02.558Z,-USD,0000117.15,0000124.28,0000116.28,27982.01682392,0000121.79,802627.77733063
2021-10-06T03:00:02.558Z,-USD,0000117.21,0000124.28,0000116.51,29747.95062114,0000122.27,805061.5616506
2021-10-06T04:00:02.525Z,-USD,0000117.75,0000124.28,0000116.51,30061.15410503,0000121.88,805849.62819044
2021-10-06T05:00:02.242Z,-USD,0000116.83,0000124.28,0000116.83,31210.10611883,0000121.01,807238.26759044
2021-10-06T06:00:02.1Z,-USD,0000118.21,0000124.28,0000117.34,31075.32364931,0000120.56,807693.24069276
2021-10-06T07:00:01.857Z,-USD,0000118.15,0000124.28,0000117.34,32385.11522079,0000121.57,809433.80013383
2021-10-06T08:00:01.881Z,-USD,0000117.83,0000124.28,0000117.34,33815.61428163,0000120.53,811075.35330617
2021-10-06T09:00:01.785Z,-USD,0000118.37,0000124.28,0000116.08,35031.16551336,0000116.39,812663.91395947
2021-10-06T10:00:01.918Z,-USD,0000118.93,0000124.28,0000114.78,35703.29977797,00000116.3,814158.86297466
2021-10-06T11:00:02.583Z,-USD,0000118.93,0000124.28,0000114.78,36394.34410042,0000117.37,815633.31487021
2021-10-06T12:00:02.527Z,-USD,0000119.36,0000124.28,0000114.78,36835.44075926,0000117.55,816655.94260214
2021-10-06T13:00:02.795Z,-USD,0000119.18,0000124.28,0000114.78,37587.73517941,0000120.03,817707.21836188
2021-10-06T14:00:02.037Z,-USD,0000119.48,0000124.96,0000114.78,43466.73971172,0000124.21,824598.61524778
2021-10-06T15:00:01.789Z,-USD,0000117.87,0000125.02,0000114.78,45543.40969818,0000124.84,828484.36315993
2021-10-06T16:00:02.198Z,-USD,0000120.58,0000125.31,0000114.78,45554.4752685,0000125.12,831458.29255689
2021-10-06T17:00:02.432Z,-USD,0000120.71,0000126.23,0000114.78,44927.25842077,0000125.23,834217.21665347
2021-10-06T18:00:02.61Z,-USD,0000120.67,0000126.91,0000114.78,46272.09082735,0000126.49,836465.16334494
2021-10-06T19:00:02.044Z,-USD,0000120.32,0000127.05,0000114.78,48141.90802986,0000125.87,839306.68875171
2021-10-06T20:00:02.302Z,-USD,0000121.07,0000127.05,0000114.78,47070.00544958,0000125.84,839945.82035949
2021-10-06T21:00:02.267Z,-USD,0000121.75,0000127.05,0000114.78,45834.3457136,0000124.31,840804.63078739
2021-10-06T22:00:02.387Z,-USD,0000122.19,0000127.05,0000114.78,45608.8178292,0000125.06,841639.36621133
2021-10-06T23:00:02.252Z,-USD,0000123.24,0000127.05,0000114.78,45312.94822786,0000124.73,842609.95412687
2021-10-07T00:00:02.344Z,-USD,0000123.29,0000127.05,0000114.78,46178.87516807,00000125.5,845832.70314777
2021-10-07T01:00:02.619Z,-USD,0000122.25,0000127.05,0000114.78,48601.20638146,0000123.73,793876.64256078
2021-10-07T02:00:01.765Z,-USD,0000121.86,0000127.05,0000114.78,48710.89039876,00000123.4,795386.51305212
2021-10-07T03:00:01.924Z,-USD,0000121.95,0000127.05,0000114.78,47017.76214824,0000122.95,796111.50132157
2021-10-07T04:00:01.977Z,-USD,0000121.79,0000127.05,0000114.78,48270.21128818,0000122.67,798173.34358135
2021-10-07T05:00:01.982Z,-USD,0000120.75,00000129.6,0000114.78,50340.42873604,0000127.75,801610.28305921
2021-10-07T06:00:02.06Z,-USD,0000120.62,00000129.6,0000114.78,51970.9461235,0000126.98,803756.34262899
2021-10-07T07:00:02.06Z,-USD,0000121.53,00000129.6,0000114.78,51057.53790053,00000128.4,804599.50615709
2021-10-07T08:00:01.954Z,-USD,00000120.5,00000129.6,0000114.78,51478.39972443,0000127.32,806581.90013333
2021-10-07T09:00:02.462Z,-USD,0000115.92,00000129.6,0000114.78,50620.80783419,0000127.84,807316.37412639
2021-10-07T10:00:01.882Z,-USD,0000116.22,00000129.6,0000116.05,49765.56268748,0000125.57,807965.44524487
2021-10-07T11:00:02.552Z,-USD,00000117.1,00000129.6,00000117.1,48757.74037193,00000125.4,808419.25264487
2021-10-07T12:00:02.381Z,-USD,0000117.17,00000129.6,0000117.17,48166.61812434,0000126.39,808850.91460921
2021-10-07T13:00:02.003Z,-USD,0000120.05,00000129.6,0000119.71,48339.4679106,0000124.58,810078.36138521
2021-10-07T14:00:02.354Z,-USD,0000124.13,00000129.6,0000121.58,42615.99447067,0000125.82,811278.69413118
2021-10-07T15:00:02.174Z,-USD,0000125.06,00000129.6,0000121.58,41981.56842764,0000123.58,814515.0372503
2021-10-07T16:00:02.337Z,-USD,00000124.6,00000129.6,0000121.58,40065.80826868,0000124.91,815704.0810983
2021-10-07T17:00:02.827Z,-USD,0000125.27,00000129.6,0000121.58,38279.27272511,0000125.73,816665.52908131
2021-10-07T18:00:02.286Z,-USD,0000126.75,00000129.6,0000121.58,38248.05470928,00000125.0,818773.67248695
2021-10-07T19:00:02.466Z,-USD,0000125.95,00000129.6,0000121.58,36760.48423354,0000125.14,820161.25257798
2021-10-07T20:00:02.612Z,-USD,0000125.77,00000129.6,0000121.58,37484.75760164,0000124.69,821502.34933386
2021-10-07T21:00:02.671Z,-USD,0000124.51,00000129.6,0000121.58,37304.61097205,0000125.45,822169.81136217
2021-10-07T22:00:02.414Z,-USD,0000125.28,00000129.6,0000121.58,36727.83272584,0000125.82,822400.8884299
2021-10-07T23:00:01.81Z,-USD,0000124.87,00000129.6,0000121.58,36462.04389728,00000124.7,823100.28692688
2021-10-08T00:00:02.056Z,-USD,00000125.5,00000129.6,0000121.58,33988.26424061,0000125.22,824067.63006111
2021-10-08T01:00:02.337Z,-USD,00000123.4,00000129.6,0000121.58,31272.75657829,00000126.1,778861.34240438
2021-10-08T02:00:02.461Z,-USD,0000123.33,00000129.6,0000121.74,30028.11844458,0000126.05,779116.09811201
2021-10-08T03:00:02.42Z,-USD,0000122.95,00000129.6,0000121.74,29697.28224304,0000124.43,779512.43422992
2021-10-08T04:00:02.64Z,-USD,0000122.54,00000129.6,0000122.48,28160.72885065,0000125.16,780037.20497731
2021-10-08T05:00:02.097Z,-USD,0000127.33,0000129.39,00000122.8,26088.52908499,0000125.87,781465.73806951
2021-10-08T06:00:02.779Z,-USD,00000126.9,0000129.39,00000122.8,24325.67561521,0000125.95,781792.13709951
2021-10-08T07:00:01.68Z,-USD,0000128.21,0000129.39,00000122.8,24188.60563756,0000126.04,782492.26332996
2021-10-08T08:00:02.649Z,-USD,0000127.46,0000128.29,00000122.8,22890.03498397,0000126.59,783171.78171437
2021-10-08T09:00:01.806Z,-USD,0000127.74,0000127.82,00000122.8,23999.79514032,0000127.64,785016.19822202
2021-10-08T10:00:02.664Z,-USD,0000125.82,0000127.64,00000122.8,23748.9041135,0000126.95,785415.44266368
2021-10-08T11:00:02.738Z,-USD,0000125.53,0000127.64,00000122.8,23780.25623159,0000126.88,785899.46157177
2021-10-08T12:00:01.729Z,-USD,0000126.13,0000127.64,00000122.8,23993.59423267,0000126.58,786849.66579719
2021-10-08T13:00:01.748Z,-USD,0000124.76,0000127.64,00000122.8,24737.8099914,0000125.03,788603.31146192
2021-10-08T14:00:01.788Z,-USD,0000126.01,0000127.64,00000122.8,25707.26499294,00000124.6,790691.95484943
2021-10-08T15:00:01.932Z,-USD,00000123.3,0000127.64,00000123.3,22979.12894794,0000126.22,791296.23596355
2021-10-08T16:00:01.733Z,-USD,0000125.09,0000127.64,0000123.78,22476.81577244,0000125.45,791888.63586605
2021-10-08T17:00:02.074Z,-USD,0000125.61,0000127.64,0000123.78,21928.06064894,0000125.49,792295.27263556
2021-10-08T18:00:02.349Z,-USD,0000125.28,0000127.64,0000123.78,21350.83925125,0000125.09,793836.10664351
2021-10-08T19:00:02.991Z,-USD,0000125.13,0000127.64,0000123.78,20209.83112941,0000125.29,794190.9672327
2021-10-08T20:00:02.668Z,-USD,0000125.22,0000127.64,0000123.78,19684.78378353,00000125.0,794887.0719927
2021-10-08T21:00:01.935Z,-USD,0000125.48,0000127.64,0000123.29,20760.97438492,0000123.52,796634.8554624
2021-10-08T22:00:02.123Z,-USD,0000125.15,0000127.64,0000123.21,20833.41955636,0000123.54,796934.83107157
2021-10-08T23:00:02.58Z,-USD,0000124.92,0000127.64,0000123.21,20310.72380857,0000124.19,797112.52111076
2021-10-09T00:00:01.744Z,-USD,0000125.36,0000127.64,0000122.95,19819.27526448,0000123.49,797587.2755509
2021-10-09T01:00:01.779Z,-USD,0000126.18,0000127.64,0000122.16,19313.28688721,0000123.38,754057.86928769
2021-10-09T02:00:01.757Z,-USD,0000126.18,0000127.64,0000122.16,19365.01179958,0000122.95,754354.32306769
2021-10-09T03:00:01.973Z,-USD,0000124.31,0000127.64,0000122.16,19211.4112341,0000123.69,754596.41963012
2021-10-09T04:00:02.461Z,-USD,0000125.96,0000127.64,0000122.16,18698.28888274,0000124.18,755011.67003615
2021-10-09T05:00:02.076Z,-USD,0000125.69,0000127.64,0000122.16,18378.08646293,0000124.92,755720.63577854
2021-10-09T06:00:02.058Z,-USD,0000126.59,0000127.64,0000122.16,19395.79629693,0000124.63,757078.25101254
2021-10-09T07:00:01.978Z,-USD,0000126.11,0000127.64,0000122.16,19517.36035337,0000124.91,757921.38465943
2021-10-09T08:00:01.965Z,-USD,0000126.72,0000127.64,0000122.16,18896.39181148,0000125.38,758177.13900195
2021-10-09T09:00:01.831Z,-USD,0000127.43,0000127.54,0000122.16,17963.91235383,0000124.78,758852.76248195
2021-10-09T10:00:01.974Z,-USD,0000126.77,0000127.36,0000122.16,17803.32318302,0000125.79,759161.2772828
2021-10-09T11:00:02.63Z,-USD,0000126.92,0000127.11,0000122.16,17669.16653269,0000126.78,759496.00446056
2021-10-09T12:00:02.557Z,-USD,0000126.39,0000126.93,0000122.16,17454.8938289,0000125.95,760209.68199219
2021-10-09T13:00:02.488Z,-USD,0000125.22,0000126.96,0000122.16,16189.48269935,0000126.21,760688.41837737
2021-10-09T14:00:02.565Z,-USD,0000124.81,0000128.07,0000122.16,16030.52881019,0000127.58,762602.4060443
2021-10-09T15:00:02.382Z,-USD,00000126.1,0000128.08,0000122.16,16020.53907156,00000127.8,763205.36318121
2021-10-09T16:00:01.741Z,-USD,0000125.44,00000128.1,0000122.16,16971.88471727,0000127.57,764733.23934791
2021-10-09T17:00:02.433Z,-USD,0000125.56,0000128.13,0000122.16,18662.07322404,0000126.83,766835.1776257
2021-10-09T18:00:01.824Z,-USD,0000124.99,0000128.13,0000122.16,17908.23293084,0000127.62,767617.08798045
2021-10-09T19:00:02.075Z,-USD,0000125.13,0000128.24,0000122.16,18286.53446719,0000128.01,768354.14691599
2021-10-09T20:00:01.879Z,-USD,0000125.09,0000128.24,0000122.16,17798.3154655,0000127.05,768575.2661343
2021-10-09T21:00:02.673Z,-USD,0000123.59,0000128.24,0000122.16,16690.68605762,00000127.2,769234.43180612
2021-10-09T22:00:02.583Z,-USD,0000123.43,0000128.24,0000122.16,16639.21342708,0000127.34,769446.51033408
2021-10-09T23:00:02.295Z,-USD,0000123.99,0000128.24,0000122.16,16802.10827423,00000127.8,769787.24554109
2021-10-10T00:00:02.547Z,-USD,0000123.73,0000128.24,0000122.16,16946.47098834,0000127.27,770418.94396534
2021-10-10T01:00:02.553Z,-USD,0000124.02,0000128.24,0000122.37,16755.36829488,0000126.59,740174.60188894
2021-10-10T02:00:02.552Z,-USD,00000122.9,0000128.24,0000122.37,16840.71969064,0000125.15,740561.4340647
2021-10-10T03:00:01.861Z,-USD,0000123.78,0000128.24,0000123.46,17037.3274359,0000125.22,740995.50493239
2021-10-10T04:00:01.882Z,-USD,0000124.44,0000128.24,0000124.08,16928.25081188,0000126.93,741317.7368044
2021-10-10T05:00:02.18Z,-USD,0000125.06,0000128.24,0000124.08,16658.96368765,0000127.15,741776.67521117
2021-10-10T06:00:02.301Z,-USD,0000124.56,0000128.24,0000124.41,15710.90867917,0000127.38,742151.30816808
2021-10-10T07:00:02.218Z,-USD,0000125.17,0000128.24,0000124.41,15166.22527228,0000127.45,742449.25411808
2021-10-10T08:00:02.251Z,-USD,0000125.71,0000128.24,0000124.41,15007.53864469,00000126.6,742577.79023301
2021-10-10T09:00:02.179Z,-USD,0000124.91,0000128.24,0000124.41,14917.99558791,0000126.65,743140.76586623
2021-10-10T10:00:02.269Z,-USD,0000125.97,0000128.24,0000124.41,15759.44567191,0000125.77,744299.24919108
2021-10-10T11:00:02.648Z,-USD,0000126.67,0000128.24,0000124.41,15483.09891787,0000125.36,744380.8164748
2021-10-10T12:00:07.664Z,-USD,0000126.27,0000128.24,0000124.41,14887.0344921,0000125.89,744504.72061066
2021-10-10T13:00:02.71Z,-USD,00000126.4,0000128.24,0000124.41,14585.94907566,0000125.45,744648.8921394
2021-10-10T14:00:01.793Z,-USD,00000127.9,0000128.24,0000124.41,13104.51901873,0000125.04,745080.6732194
2021-10-10T15:00:02.025Z,-USD,00000127.8,0000128.24,0000124.41,13444.62440632,0000124.98,746011.4616839
2021-10-10T16:00:02.139Z,-USD,0000127.43,0000128.24,0000124.41,13198.74511807,0000125.52,747304.52927235
2021-10-10T17:00:02.385Z,-USD,00000127.0,0000128.24,0000123.93,11867.54622074,0000124.16,748196.94030281
2021-10-10T18:00:02.252Z,-USD,0000127.35,0000128.24,0000122.83,12358.68017366,0000123.97,749343.97307048
2021-10-10T19:00:02.349Z,-USD,0000127.86,0000127.99,0000122.83,11847.15505899,0000124.23,749566.10632135
2021-10-10T20:00:02.364Z,-USD,0000127.08,0000127.98,0000122.83,11910.21218118,0000123.42,749855.76836185
2021-10-10T21:00:02.48Z,-USD,0000127.24,0000127.98,0000122.65,12206.14487357,0000122.66,750835.18606606
2021-10-10T22:00:02.666Z,-USD,0000127.18,0000127.98,00000119.6,14601.61634328,0000120.96,753409.50469373
2021-10-10T23:00:02.191Z,-USD,0000127.83,0000127.98,00000119.6,14315.8085847,0000121.49,753866.42315216
2021-10-11T00:00:02.154Z,-USD,0000127.43,0000127.98,00000119.3,14791.55802947,0000119.64,754673.06457118
2021-10-11T01:00:02.527Z,-USD,0000126.48,0000127.98,0000118.22,15289.56871461,0000120.13,738875.89733708
2021-10-11T02:00:02.635Z,-USD,0000124.71,0000127.98,0000118.22,15165.50511352,0000120.49,739182.40639175
2021-10-11T03:00:02.558Z,-USD,0000125.21,0000127.98,0000118.22,15307.4826583,0000120.86,739714.50978422
2021-10-11T04:00:01.875Z,-USD,0000126.43,0000127.98,0000118.22,15315.42508279,0000121.73,740044.69742072
2021-10-11T05:00:02.204Z,-USD,0000127.13,0000127.98,0000118.22,15134.29860771,0000122.68,740322.49103241
2021-10-11T06:00:02.139Z,-USD,0000127.42,0000127.64,0000118.22,15240.2221108,0000122.55,740804.46047241
2021-10-11T07:00:02.069Z,-USD,0000127.34,0000127.34,0000118.22,15070.16419429,0000122.66,740930.9647659
2021-10-11T08:00:02.235Z,-USD,0000126.92,0000126.92,0000118.22,15308.13223602,0000124.09,741306.92968256
2021-10-11T09:00:02.208Z,-USD,0000126.79,0000126.79,0000118.22,15486.35817328,0000124.92,742074.74843304
2021-10-11T10:00:02.067Z,-USD,0000125.66,0000126.21,0000118.22,14701.74143751,0000123.68,742412.56126212
2021-10-11T11:00:02.16Z,-USD,0000125.25,0000126.21,0000118.22,14850.64500993,00000122.9,742643.72237212
2021-10-11T12:00:02.145Z,-USD,0000125.73,0000126.21,0000118.22,15187.71221844,0000122.35,743106.64004263
2021-10-11T13:00:02.285Z,-USD,0000125.68,0000126.21,0000118.22,15329.7924297,0000122.48,743397.29203263
2021-10-11T14:00:02.568Z,-USD,0000125.04,0000126.21,0000118.22,15487.47312016,0000122.58,744250.98600309
2021-10-11T15:00:01.913Z,-USD,0000124.91,0000126.21,0000118.22,16038.57328068,0000123.24,745468.37798811
2021-10-11T16:00:02.399Z,-USD,0000125.34,0000125.85,0000118.22,15069.61545223,0000122.64,745984.18659811
2021-10-11T17:00:02.792Z,-USD,0000124.16,0000125.85,0000118.22,15381.24009177,0000122.26,746990.46479811
2021-10-11T18:00:02.105Z,-USD,0000123.63,0000125.85,0000118.22,15315.55231191,0000121.42,748071.11498592
2021-10-11T19:00:02.186Z,-USD,0000124.13,0000125.85,0000118.22,15386.41456068,0000120.97,748366.02809556
2021-10-11T20:00:02.657Z,-USD,0000123.23,0000125.85,0000118.22,17823.06858958,0000119.07,751097.25590496
2021-10-11T21:00:01.781Z,-USD,0000122.52,0000125.85,00000116.9,19486.15941025,0000117.02,753733.01588984
2021-10-11T22:00:02.029Z,-USD,00000120.6,0000125.85,0000116.56,17089.77454358,0000118.79,753971.39403084
2021-10-11T23:00:02.517Z,-USD,0000121.49,0000125.85,0000116.56,16976.18652594,0000119.26,754276.88115163
2021-10-12T00:00:01.841Z,-USD,0000119.43,0000125.85,0000116.56,16608.91790188,0000119.66,754695.04162659
2021-10-12T01:00:02.656Z,-USD,0000119.65,0000125.85,0000116.56,16097.04870989,0000117.84,738049.54546241
2021-10-12T02:00:02.318Z,-USD,0000120.44,0000125.85,0000116.56,16309.42958219,0000118.42,738563.70269938
2021-10-12T03:00:01.942Z,-USD,0000120.91,0000125.85,0000115.68,16659.34889202,00000115.9,739457.39287168
2021-10-12T04:00:02.146Z,-USD,0000121.79,0000125.85,0000114.32,16828.43561359,0000114.94,739968.92058687
2021-10-12T05:00:02.04Z,-USD,0000122.75,0000125.85,0000114.32,17352.00143047,0000115.79,740748.65387832
2021-10-12T06:00:02.041Z,-USD,0000122.97,0000125.85,0000113.67,17527.37949273,00000115.9,741403.76333058
2021-10-12T07:00:02.005Z,-USD,0000122.66,0000125.85,0000113.67,18000.04848038,0000114.68,742002.57744172
2021-10-12T08:00:02.023Z,-USD,0000124.29,0000125.85,0000113.67,18920.74579505,0000114.84,743301.01912305
2021-10-12T09:00:01.857Z,-USD,0000125.14,0000125.14,0000113.67,18320.15461617,0000115.41,743493.36519742
2021-10-12T10:00:02.173Z,-USD,0000123.99,0000124.27,0000111.72,20650.07925442,0000112.24,746146.04420198
2021-10-12T11:00:02.102Z,-USD,0000122.61,00000123.6,00000111.6,20940.26204232,0000113.03,746656.06254988
2021-10-12T12:00:04.158Z,-USD,0000122.25,00000123.6,00000111.6,21522.84012185,0000113.81,747708.83555992
2021-10-12T13:00:02.162Z,-USD,0000122.42,00000123.6,00000111.6,21931.84471957,0000112.34,748402.37723764
2021-10-12T14:00:02.326Z,-USD,0000122.76,00000123.6,00000111.6,22127.78723142,0000116.13,749487.60473995
2021-10-12T15:00:02.526Z,-USD,0000122.84,0000123.24,00000111.6,21830.51171928,00000114.5,750374.12906283
2021-10-12T16:00:02.687Z,-USD,0000122.57,00000122.9,00000111.6,21821.10559976,0000115.95,751079.02639331
2021-10-12T17:00:02.293Z,-USD,0000122.05,0000122.49,00000111.6,21468.91657343,0000116.33,751532.25054698
2021-10-12T18:00:02.619Z,-USD,0000121.41,0000121.67,00000111.6,20874.61482694,00000114.9,752036.8911183
2021-10-12T19:00:01.827Z,-USD,0000120.78,0000121.18,00000111.6,20843.98781484,0000115.79,752281.63180584
2021-10-12T20:00:02.18Z,-USD,0000118.87,0000119.71,00000111.6,18431.3762718,0000115.27,752600.4565022
2021-10-12T21:00:02.512Z,-USD,0000117.08,0000119.71,00000111.6,16366.12707928,0000116.03,753190.12785456
2021-10-12T22:00:02.088Z,-USD,0000118.66,0000119.71,00000111.6,16343.08447822,0000116.16,753388.1819545
2021-10-12T23:00:02.493Z,-USD,00000119.0,0000119.71,00000111.6,16296.00118169,0000116.39,753649.51008876
2021-10-13T00:00:01.744Z,-USD,0000119.61,0000119.61,00000111.6,16224.39757173,0000116.17,754046.66454376
2021-10-13T01:00:02.208Z,-USD,0000118.02,0000118.82,00000111.6,16479.21271347,0000117.26,729519.33776057
2021-10-13T02:00:02.689Z,-USD,0000118.44,0000118.55,00000111.6,16479.32486528,0000116.64,730032.88826935
2021-10-13T03:00:01.885Z,-USD,0000115.67,0000119.69,00000111.6,17544.02820979,0000118.14,732011.93768616
2021-10-13T04:00:01.985Z,-USD,0000114.61,0000119.69,00000111.6,17263.41545965,0000117.86,732221.33677121
2021-10-13T05:00:02.285Z,-USD,0000115.87,0000119.69,00000111.6,16716.96247651,0000117.42,732456.59317015
2021-10-13T06:00:02.133Z,-USD,0000115.87,0000119.69,00000111.6,16662.3880299,0000114.99,733113.21840517
2021-10-13T07:00:02.124Z,-USD,0000114.88,0000119.69,00000111.6,16545.51208231,0000114.85,733546.83932872
2021-10-13T08:00:02.214Z,-USD,0000114.97,0000119.69,00000111.6,15471.71545209,0000113.97,733761.64859983
2021-10-13T09:00:02.105Z,-USD,0000115.33,0000119.69,00000111.6,15496.93706772,0000113.69,733979.16418983
2021-10-13T10:00:02.579Z,-USD,0000112.15,0000119.69,00000111.6,12938.61427316,0000114.43,734123.31622983
2021-10-13T11:00:02.093Z,-USD,0000113.05,0000119.69,0000111.84,12535.40484526,00000113.8,734180.44052983
2021-10-13T12:00:02.298Z,-USD,0000113.74,0000119.69,0000111.84,11626.21869994,0000114.97,734323.94745455
2021-10-13T13:00:01.833Z,-USD,0000112.54,0000119.69,0000112.54,11332.64498352,0000115.51,734726.90039585
2021-10-13T14:00:01.99Z,-USD,0000116.17,0000119.69,0000113.11,11084.43085207,0000114.22,735560.90238671
2021-10-13T15:00:02.007Z,-USD,0000114.81,0000119.69,0000113.11,11018.2112275,0000115.36,736382.52332502
2021-10-13T16:00:02.355Z,-USD,0000115.98,0000119.69,0000113.11,10643.28933256,0000116.52,736727.32755056
2021-10-13T17:00:01.918Z,-USD,0000116.14,0000119.69,0000113.11,10478.17423303,0000116.03,736999.74857061
2021-10-13T18:00:02.304Z,-USD,00000115.2,0000119.69,0000113.11,10349.11271642,0000117.06,737380.40464941
2021-10-13T19:00:02.617Z,-USD,0000115.67,0000119.69,0000113.11,10859.7054908,0000116.64,738130.24883133
2021-10-13T20:00:02.707Z,-USD,0000115.34,0000119.69,0000113.11,12345.21393507,0000117.59,739961.91735196
2021-10-13T21:00:02.185Z,-USD,0000116.34,0000119.69,0000113.11,12201.70363814,0000118.08,740383.50018739
2021-10-13T22:00:02.473Z,-USD,0000116.31,0000119.69,0000113.11,12691.7349618,0000118.87,741086.63930099
2021-10-13T23:00:01.978Z,-USD,00000116.2,0000119.69,0000113.11,12945.7729619,0000119.29,741584.30104535
2021-10-14T00:00:02.046Z,-USD,0000115.99,0000119.69,0000113.11,12803.15262585,00000119.3,741858.0738443
2021-10-14T01:00:05.243Z,-USD,0000117.45,0000119.69,0000113.11,13168.68875433,0000119.27,722840.57793276
2021-10-14T02:00:03.006Z,-USD,0000116.69,0000120.26,0000113.11,13025.09456156,0000120.05,723218.39314877
2021-10-14T03:00:02.7Z,-USD,0000118.33,0000120.57,0000113.11,15051.42127769,0000120.26,727213.39551171
2021-10-14T04:00:02.047Z,-USD,0000117.57,0000121.19,0000113.11,15584.76283808,0000120.59,727957.12669715
2021-10-14T05:00:02.507Z,-USD,0000117.52,0000121.19,0000113.11,15578.47003313,0000120.42,728193.61234114
2021-10-14T06:00:02.568Z,-USD,0000114.44,0000121.19,0000113.11,15023.92639427,0000120.78,728300.6629473
2021-10-14T07:00:02.595Z,-USD,0000115.02,0000121.44,0000113.11,14898.98857596,00000120.9,728624.21729254
2021-10-14T08:00:02.577Z,-USD,0000113.54,0000121.44,0000113.11,15463.28904024,0000120.83,729375.45199793
2021-10-14T09:00:02.551Z,-USD,0000113.86,0000122.21,0000113.11,15504.78826435,0000121.67,729639.11822204
2021-10-14T10:00:01.905Z,-USD,0000114.63,0000122.21,0000113.42,15598.55354435,0000121.52,729873.63827204
2021-10-14T11:00:02.068Z,-USD,0000113.83,0000122.21,0000113.42,15940.75195847,0000121.27,730271.22398616
2021-10-14T12:00:02.265Z,-USD,0000114.69,0000122.67,0000113.42,16679.91042439,00000121.8,731155.3675768
2021-10-14T13:00:02.14Z,-USD,0000115.42,0000122.67,0000113.42,16902.66553152,0000121.27,731779.75328523
2021-10-14T14:00:02.068Z,-USD,0000114.04,0000122.67,0000113.42,16293.85074035,0000120.95,732004.77994342
2021-10-14T15:00:02.441Z,-USD,0000115.84,0000122.67,0000115.44,15903.17580567,0000121.64,732478.53144855
2021-10-14T16:00:04.16Z,-USD,0000116.52,0000122.67,0000115.87,16340.80858544,0000121.01,733225.15049386
2021-10-14T17:00:02.106Z,-USD,0000116.52,0000122.67,00000116.2,17009.40011295,0000120.57,734162.94001142
2021-10-14T18:00:02.311Z,-USD,00000117.3,0000122.67,00000116.2,17184.02441058,0000121.85,734731.54585785
2021-10-14T19:00:02.462Z,-USD,0000116.78,0000122.67,0000116.64,16803.36206985,0000122.04,735084.48675904
2021-10-14T20:00:07.559Z,-USD,0000117.47,0000122.67,0000117.26,15600.40006771,0000121.15,735750.63177753
2021-10-14T21:00:10.523Z,-USD,0000118.08,0000122.67,0000118.08,15636.93168773,0000120.47,736191.91850298
2021-10-14T22:00:14.151Z,-USD,0000118.88,0000122.67,0000118.44,15158.89264041,0000121.14,736397.25742926
2021-10-14T23:00:12.339Z,-USD,0000119.18,0000122.67,0000118.44,14832.03040239,00000121.1,736566.8954556
2021-10-15T00:00:17.239Z,-USD,0000119.41,0000122.67,0000118.95,14727.01766411,0000121.39,736735.53400627
2021-10-15T01:00:12.464Z,-USD,0000119.22,0000122.67,0000119.22,14412.01173351,00000120.7,714703.48808833
2021-10-15T02:00:12.334Z,-USD,0000119.89,0000122.67,0000119.46,14780.58103314,0000119.93,715458.78606833
2021-10-15T03:00:11.185Z,-USD,0000120.16,0000122.67,00000119.2,11595.24801943,00000121.9,716259.2433032
2021-10-15T04:00:22.641Z,-USD,00000120.6,0000123.17,00000119.2,12592.97494968,0000122.07,718002.26560889
2021-10-15T05:00:10.149Z,-USD,0000120.57,0000123.17,00000119.2,13129.66873732,0000122.97,718773.76541052
2021-10-15T06:00:07.409Z,-USD,0000120.85,0000123.54,00000119.2,13698.55645996,0000123.31,719449.88769932
2021-10-15T07:00:03.474Z,-USD,0000121.17,0000123.62,00000119.2,13695.44694724,00000123.0,719770.65693184
2021-10-15T08:00:03.829Z,-USD,0000120.64,0000123.79,00000119.2,13319.71148256,0000123.22,720153.67421255
2021-10-15T09:00:02.657Z,-USD,0000121.55,0000123.79,00000119.2,14125.99664918,0000120.58,721215.99649328
2021-10-15T10:00:02.516Z,-USD,0000121.37,0000123.79,00000119.2,14445.3045438,0000120.49,721769.5993779
2021-10-15T11:00:04.493Z,-USD,0000121.31,0000123.79,00000119.2,14322.07487678,0000120.43,722043.877545
2021-10-15T12:00:04.313Z,-USD,0000121.84,0000123.79,00000119.2,15275.65364624,0000120.96,723892.4181251
2021-10-15T13:00:03.096Z,-USD,0000121.34,0000123.79,00000119.2,15146.23281697,0000120.99,724376.46101426
2021-10-15T14:00:08.91Z,-USD,0000121.17,0000123.79,00000119.2,16075.85121817,0000121.49,725531.09945878
2021-10-15T15:00:10.762Z,-USD,0000121.52,0000123.79,00000119.2,17065.69824976,0000121.92,727000.77671886
2021-10-15T16:00:10.703Z,-USD,0000121.24,0000123.79,00000119.2,17816.02820101,0000122.95,728491.70255693
2021-10-15T17:00:09.903Z,-USD,0000120.55,0000125.24,00000119.2,18750.77476523,0000124.88,730364.56728871
2021-10-15T18:00:08.961Z,-USD,0000121.69,0000125.89,00000119.2,21477.54401766,0000124.38,733660.35185757
2021-10-15T19:00:02.023Z,-USD,0000122.02,0000125.89,00000119.2,21933.39925745,0000124.98,734475.46350855
2021-10-15T20:00:02.445Z,-USD,0000121.46,0000125.97,00000119.2,21660.8928756,0000125.95,734942.74621519
2021-10-15T21:00:02.621Z,-USD,0000120.81,0000126.88,00000119.2,24813.53763986,0000126.26,738456.2701249
2021-10-15T22:00:01.816Z,-USD,00000121.0,00000126.9,00000119.2,26154.62452086,0000125.21,740002.34851218
2021-10-15T23:00:02.561Z,-USD,0000120.81,00000126.9,00000119.2,26468.03351943,0000126.04,740486.46819709
2021-10-16T00:00:01.776Z,-USD,0000121.82,00000126.9,00000119.2,26715.52639404,0000126.17,740904.22747237
2021-10-16T01:00:10.841Z,-USD,0000121.11,00000126.9,00000119.2,26780.20051766,0000125.43,678185.85740941
2021-10-16T02:00:11.121Z,-USD,0000120.15,00000126.9,00000119.2,27139.23333147,0000125.42,679295.48512322
2021-10-16T03:00:11.374Z,-USD,0000121.94,00000126.9,0000119.29,27115.86056275,0000125.96,680074.11810937
2021-10-16T04:00:23.43Z,-USD,0000122.49,00000126.9,0000119.29,25466.48199706,00000124.9,680334.60878937
2021-10-16T05:00:09.936Z,-USD,0000123.07,00000126.9,0000119.29,25255.1572903,0000125.06,680738.13231818
2021-10-16T06:00:10.923Z,-USD,0000123.62,00000126.9,0000119.29,24796.83329915,0000125.24,680944.19633189
2021-10-16T07:00:08.629Z,-USD,0000123.07,00000126.9,0000119.29,24853.06242252,0000125.38,681321.23750778
2021-10-16T08:00:02.213Z,-USD,0000122.79,00000126.9,0000119.29,24570.35812607,0000125.21,681421.47779204
2021-10-16T09:00:02.128Z,-USD,0000120.28,0000127.01,0000119.29,25834.7437187,0000126.88,683759.5637354
2021-10-16T10:00:02.706Z,-USD,0000120.16,0000128.07,0000119.29,25821.30556141,0000127.58,684369.01524273
2021-10-16T11:00:03.731Z,-USD,0000120.43,0000128.07,0000120.28,25975.92703188,0000127.46,684718.0122603
2021-10-16T12:00:02.202Z,-USD,0000120.71,0000128.07,0000120.37,24407.88325827,0000127.34,684999.06921679
2021-10-16T13:00:11.501Z,-USD,0000120.73,0000128.07,0000120.58,24733.82382107,0000123.86,685820.40080875
2021-10-16T14:00:11.199Z,-USD,0000121.39,0000128.07,0000120.61,25329.26408111,0000125.46,687585.03343331
2021-10-16T15:00:17.788Z,-USD,00000121.9,0000128.07,0000121.82,24540.54548341,0000125.83,688240.07129768
2021-10-16T16:00:11.248Z,-USD,0000123.41,0000128.07,0000122.67,23488.59269095,0000125.34,688704.9151713
2021-10-16T17:00:10.684Z,-USD,00000125.1,0000128.07,0000123.53,22104.94498786,0000126.13,689171.47478892
2021-10-16T18:00:10.018Z,-USD,0000124.68,0000128.07,0000123.53,19267.95780321,0000126.34,689761.5960442
2021-10-16T19:00:11.792Z,-USD,0000125.37,0000128.07,0000123.53,18754.28461303,0000126.02,689944.119295
2021-10-16T20:00:10.055Z,-USD,0000125.95,0000128.07,0000123.53,18840.27639149,0000126.37,690492.4553601
2021-10-16T21:00:02.455Z,-USD,0000126.45,0000128.07,0000123.53,15607.66709119,0000126.56,690766.47596951
2021-10-16T22:00:02.416Z,-USD,0000125.36,0000128.07,0000123.53,14271.77565628,0000125.63,690972.68530188
2021-10-16T23:00:02.255Z,-USD,00000125.9,0000128.07,0000123.53,13969.59058632,0000126.09,691153.89507683
2021-10-17T00:00:01.695Z,-USD,0000126.21,0000128.07,0000123.53,13922.49405259,0000125.97,691525.26663838
2021-10-17T01:00:11.042Z,-USD,0000125.52,0000128.07,0000123.53,13694.77961977,0000125.75,673805.80228496
2021-10-17T02:00:11.159Z,-USD,0000125.32,0000128.07,0000123.53,12784.71205046,0000126.29,674118.82842946
2021-10-17T03:00:11.036Z,-USD,0000126.04,0000128.07,0000123.53,12401.72844924,0000125.73,674404.26554439
2021-10-17T04:00:42.256Z,-USD,00000124.8,0000128.07,0000123.53,11988.43353534,0000126.04,674650.7772993
2021-10-17T05:00:08.356Z,-USD,00000124.8,0000128.07,0000123.53,12494.03623154,0000126.57,675156.3799955
2021-10-17T06:00:09.229Z,-USD,00000125.1,0000128.07,0000123.53,13823.17829278,00000126.1,676769.74150045
2021-10-17T07:00:09.424Z,-USD,0000125.27,0000128.07,0000123.53,13783.47151445,0000126.35,677028.91829801
2021-10-17T08:00:08.545Z,-USD,00000125.3,0000128.07,0000123.53,13746.68708762,0000126.39,677092.78483544
2021-10-17T09:00:09.307Z,-USD,0000126.78,0000128.07,0000123.53,11616.98016426,0000126.68,677300.72043544
2021-10-17T10:00:09.766Z,-USD,0000127.67,0000127.78,0000123.53,11536.5421445,0000126.52,677830.39422301
2021-10-17T11:00:10.085Z,-USD,0000127.61,0000127.61,0000123.53,11512.63607208,0000126.96,678169.67512816
2021-10-17T12:00:08.446Z,-USD,0000127.45,00000132.7,0000123.53,18619.79868795,0000130.22,685545.05492052
2021-10-17T13:00:11.507Z,-USD,0000124.82,00000132.7,0000124.11,17544.10343405,0000129.91,686029.83356858
2021-10-17T14:00:09.855Z,-USD,0000125.44,00000132.7,0000124.28,17118.67120153,00000130.0,686638.01406062
2021-10-17T15:00:09.417Z,-USD,0000125.67,00000132.7,0000124.28,17228.14766608,0000128.81,687406.64515954
2021-10-17T16:00:08.9Z,-USD,0000125.49,00000132.7,0000124.28,18128.35202414,0000127.38,688760.82993443
2021-10-17T17:00:02.403Z,-USD,0000126.13,00000132.7,0000124.28,18437.67776878,0000127.69,689533.71183348
2021-10-17T18:00:03.747Z,-USD,00000126.3,0000136.15,0000124.28,24044.03689917,0000135.39,695730.14877915
2021-10-17T19:00:01.935Z,-USD,0000126.11,00000138.5,0000124.28,34171.46579584,0000137.87,706047.66455662
2021-10-17T20:00:02.498Z,-USD,0000126.43,00000138.5,0000124.28,40679.60995907,0000135.65,713103.00274495
2021-10-17T21:00:02.149Z,-USD,0000126.29,00000138.5,0000124.28,44916.99731937,0000133.43,717610.71604466
2021-10-17T22:00:02.532Z,-USD,0000125.42,00000138.5,0000124.28,50415.05412648,0000137.44,723316.58767414
2021-10-17T23:00:01.82Z,-USD,0000125.85,0000141.47,0000124.28,60052.45230924,0000137.72,733130.59003185
2021-10-18T00:00:08.546Z,-USD,00000126.2,0000141.47,0000124.28,65632.79859858,0000137.42,739181.95405274
2021-10-18T01:00:02.724Z,-USD,0000125.98,0000141.78,00000125.5,74082.7316588,0000140.39,726685.35914572
2021-10-18T02:00:01.902Z,-USD,00000126.1,0000141.78,00000125.5,80242.39208043,00000141.0,733172.50286185
2021-10-18T03:00:01.983Z,-USD,0000125.75,0000145.35,00000125.6,86774.30376246,0000141.06,739986.66303881
2021-10-18T04:00:02.164Z,-USD,0000126.05,0000145.35,0000125.93,91166.62405028,0000137.48,744613.22655154
2021-10-18T05:00:01.742Z,-USD,0000126.88,0000145.35,0000125.93,92441.56692221,0000136.35,746393.77999967
2021-10-18T06:00:01.777Z,-USD,0000126.18,0000145.35,0000125.93,91859.79072409,0000137.01,747428.4488965
2021-10-18T07:00:01.706Z,-USD,0000126.21,0000145.35,0000125.93,95307.25377079,0000137.24,751132.08467076
2021-10-18T08:00:02.552Z,-USD,0000126.55,0000145.35,0000125.93,96698.61564809,0000136.98,752587.30488549
2021-10-18T09:00:02.451Z,-USD,0000126.54,0000145.35,0000125.93,96763.43013027,0000137.07,752867.86468767
2021-10-18T10:00:02.248Z,-USD,0000126.73,0000145.35,0000125.93,97302.16746683,0000136.54,753929.0129618
2021-10-18T11:00:02.559Z,-USD,0000127.36,0000145.35,0000126.76,97736.13980929,0000137.63,754702.42263773
2021-10-18T12:00:02.461Z,-USD,0000130.42,0000145.35,0000126.76,91401.05659567,0000135.78,755743.62739815
2021-10-18T13:00:02.581Z,-USD,0000130.08,0000145.35,0000126.76,92546.96619081,0000137.13,757372.79116135
2021-10-18T14:00:01.943Z,-USD,0000129.83,00000146.9,0000126.76,97819.52111125,0000144.15,763256.63912383
2021-10-18T15:00:02.116Z,-USD,0000129.11,00000146.9,0000126.76,100262.58979452,0000141.64,766521.34057602
2021-10-18T16:00:02.353Z,-USD,0000127.39,00000146.9,0000127.11,101584.06514205,0000139.93,769179.61956844
2021-10-18T17:00:01.827Z,-USD,0000127.65,00000146.9,00000127.6,102572.23982639,0000136.98,770904.02577183
2021-10-18T18:00:02.355Z,-USD,00000135.5,00000146.9,0000130.35,97723.61326204,0000136.99,772314.15713315
2021-10-18T19:00:02.229Z,-USD,0000137.38,00000146.9,0000130.35,88430.24412935,00000137.5,773303.6119516
2021-10-18T20:00:02.515Z,-USD,0000135.69,00000146.9,0000130.35,82468.40296609,0000137.75,774368.66500621
2021-10-18T21:00:01.852Z,-USD,0000133.38,00000146.9,0000132.84,78274.83700081,0000138.46,774713.68572743
2021-10-18T22:00:02.585Z,-USD,0000137.29,00000146.9,0000135.01,72866.29445244,0000139.38,775097.16541988
2021-10-18T23:00:01.997Z,-USD,0000137.59,00000146.9,0000135.01,64627.44667752,0000139.94,776565.27105133
2021-10-19T00:00:02.07Z,-USD,00000137.9,00000146.9,0000135.01,59702.07628454,0000140.87,777742.02644924
2021-10-19T01:00:02.499Z,-USD,0000140.45,00000146.9,0000135.01,51873.41724419,0000140.25,768514.81535177
2021-10-19T02:00:01.899Z,-USD,00000141.0,00000146.9,0000135.01,47028.16502368,0000142.03,770358.22386584
2021-10-19T03:00:02.276Z,-USD,0000140.78,00000146.9,0000135.01,41387.63558463,0000143.58,771320.12231599
2021-10-19T04:00:02.483Z,-USD,0000137.73,00000146.9,0000135.01,39219.29797476,0000144.37,773767.96430661
2021-10-19T05:00:01.823Z,-USD,0000136.39,00000146.9,0000135.01,38305.79932692,0000143.64,775102.8725469
2021-10-19T06:00:02.691Z,-USD,0000136.95,00000146.9,0000135.01,39372.46348472,0000142.37,776735.88383153
2021-10-19T07:00:01.891Z,-USD,0000137.29,00000146.9,0000135.01,36846.46576038,0000141.88,777915.08333145
2021-10-19T08:00:01.966Z,-USD,0000136.92,00000146.9,0000135.01,36395.03964452,0000144.25,778917.11197032
2021-10-19T09:00:02.439Z,-USD,0000136.99,00000146.9,0000135.01,36610.87158219,0000144.26,779414.95723017
2021-10-19T10:00:02.336Z,-USD,00000136.3,0000147.62,0000135.01,40696.53366426,0000145.95,784560.93693637
2021-10-19T11:00:02.348Z,-USD,0000137.54,0000147.62,0000135.16,42273.80385688,0000145.36,786912.07018808
2021-10-19T12:00:02.418Z,-USD,0000136.05,0000147.62,0000135.16,41916.61584264,0000144.96,787595.9095611
2021-10-19T13:00:02.461Z,-USD,0000136.86,0000147.62,0000135.81,41290.2390899,0000143.22,788597.67532156
2021-10-19T14:00:02.569Z,-USD,0000144.12,0000147.62,0000136.44,36888.24158438,0000143.18,790119.52235852
2021-10-19T15:00:01.94Z,-USD,0000141.46,0000147.62,0000136.44,35881.54570268,0000142.43,792340.91567901
2021-10-19T16:00:02.246Z,-USD,0000139.84,0000147.62,0000136.44,33875.52238428,0000141.05,792989.63493303
2021-10-19T17:00:02.619Z,-USD,0000136.99,0000147.62,0000136.44,32548.32168818,00000142.1,793396.91308032
2021-10-19T18:00:02.691Z,-USD,0000136.67,0000147.62,0000136.44,32805.64617577,00000142.0,795129.85786923
2021-10-19T19:00:02.283Z,-USD,0000137.35,0000147.62,0000136.44,32302.27518977,0000141.38,795551.70379168
2021-10-19T20:00:02.68Z,-USD,0000137.61,0000147.62,0000137.29,31915.01363826,0000140.85,796218.27089478
2021-10-19T21:00:02.531Z,-USD,0000137.97,0000147.62,0000137.65,32575.88744213,00000140.3,797224.11339987
2021-10-19T22:00:02.312Z,-USD,00000139.1,0000147.62,0000138.52,32670.61770256,0000141.28,797702.23490275
2021-10-19T23:00:02.548Z,-USD,0000139.95,0000147.62,0000139.55,32014.91307285,0000142.59,798515.62772449
2021-10-20T00:00:02.423Z,-USD,00000140.6,0000147.62,0000139.92,32054.83655534,0000144.43,799731.31890489
2021-10-20T01:00:02.584Z,-USD,00000140.3,0000147.62,0000139.92,32472.85780042,0000144.54,738934.92760502
2021-10-20T02:00:02.668Z,-USD,0000142.32,0000147.62,0000139.92,31666.03720765,0000144.45,739971.68646632
2021-10-20T03:00:02.542Z,-USD,0000143.87,0000147.62,0000139.92,31579.79033157,0000145.67,740850.90977039
2021-10-20T04:00:02.569Z,-USD,0000144.17,0000147.62,0000139.92,29916.98979395,0000145.38,741668.28241962
2021-10-20T05:00:01.718Z,-USD,0000143.77,0000147.62,0000139.92,29415.62239589,0000146.15,742691.98427019
2021-10-20T06:00:02.82Z,-USD,0000142.33,0000147.62,0000139.92,28672.82631387,0000145.58,743356.72211823
2021-10-20T07:00:02.601Z,-USD,00000142.0,0000148.68,0000139.92,28787.16948921,00000146.7,744649.48387349
2021-10-20T08:00:02.315Z,-USD,0000144.38,0000148.68,0000139.92,29159.26247044,0000146.94,746023.81867359
2021-10-20T09:00:02.178Z,-USD,0000144.36,0000148.68,0000139.92,29104.32685882,0000145.82,746469.63905182
2021-10-20T10:00:02.107Z,-USD,00000146.0,0000148.68,0000139.92,24055.08701262,00000146.0,746566.59303182
2021-10-20T11:00:04.304Z,-USD,0000145.28,0000148.68,0000139.92,22018.68963129,0000146.17,746878.1482322
2021-10-20T12:00:01.956Z,-USD,0000144.81,0000148.68,0000139.92,21981.12494353,0000146.75,747544.13521746
2021-10-20T13:00:01.795Z,-USD,0000143.52,0000149.21,0000139.92,22066.85917603,0000148.38,748614.07099042
2021-10-20T14:00:02.204Z,-USD,0000143.18,0000149.21,0000139.92,22387.01337837,0000148.53,750453.86973972
2021-10-20T15:00:02.133Z,-USD,0000142.44,0000149.89,0000139.92,21711.59367866,0000148.54,751999.8166405
2021-10-20T16:00:02.191Z,-USD,0000141.01,0000150.93,0000139.92,24054.16750796,0000150.71,754995.82535382
2021-10-20T17:00:01.752Z,-USD,0000142.34,0000151.16,0000139.92,25185.41984576,0000150.59,756537.80824593
2021-10-20T18:00:02.711Z,-USD,0000141.71,00000151.2,0000139.92,26886.70220562,0000149.75,759965.21529768
2021-10-20T19:00:02.04Z,-USD,0000141.51,0000151.23,0000139.92,27527.75664548,00000150.9,761026.91033999
2021-10-20T20:00:01.881Z,-USD,00000140.7,0000151.26,0000139.92,28155.43842962,0000150.26,762432.86399723
2021-10-20T21:00:02.216Z,-USD,0000140.18,0000151.26,0000140.09,29578.88291801,00000149.4,764753.88488071
2021-10-20T22:00:02.297Z,-USD,0000141.44,0000151.26,0000141.28,30404.44897905,0000149.27,766053.97937463
2021-10-20T23:00:01.822Z,-USD,0000142.73,0000151.26,0000142.53,30179.94564819,0000148.62,766674.41639029
2021-10-21T00:00:02.66Z,-USD,0000144.18,0000151.26,0000143.98,30137.00862065,0000149.82,767815.59616837
2021-10-21T01:00:02.187Z,-USD,0000144.21,00000151.4,0000143.98,30392.80630764,0000150.95,734481.19080447
2021-10-21T02:00:02.795Z,-USD,0000144.31,0000152.58,0000143.98,31931.60277923,0000149.95,736892.52585875
2021-10-21T03:00:02.201Z,-USD,0000146.06,0000152.58,0000144.82,32534.99233874,0000149.64,738375.01765233
2021-10-21T04:00:02.146Z,-USD,0000145.13,0000152.58,0000144.82,32902.88028158,0000149.59,739596.8824644
2021-10-21T05:00:02.629Z,-USD,0000146.16,0000152.58,0000145.15,32367.69094682,0000149.46,740048.48480021
2021-10-21T06:00:02.524Z,-USD,0000146.32,0000152.58,0000145.46,33375.37535466,0000150.82,741720.88828609
2021-10-21T07:00:02.385Z,-USD,0000146.92,0000152.58,0000145.46,32839.24016075,0000149.58,742477.56484744
2021-10-21T08:00:02.232Z,-USD,0000146.95,0000152.58,0000145.46,32705.61982753,0000151.23,743723.86759432
2021-10-21T09:00:02.008Z,-USD,0000145.78,0000154.18,0000145.65,34871.14455509,0000152.98,746349.32541011
2021-10-21T10:00:01.763Z,-USD,0000146.18,0000155.27,0000145.95,38279.87885315,00000154.8,749842.85855817
2021-10-21T11:00:02.084Z,-USD,0000146.28,0000155.35,0000146.08,40448.05756689,0000154.12,752377.02159229
2021-10-21T12:00:01.931Z,-USD,0000146.92,00000157.0,0000146.86,49104.93928008,0000150.01,761638.65418074
2021-10-21T13:00:01.776Z,-USD,0000148.25,00000157.0,00000147.4,50029.56052624,0000153.85,763666.27556986
2021-10-21T14:00:02.654Z,-USD,0000148.36,00000157.0,0000147.99,50322.96082704,0000155.62,765771.40601996
2021-10-21T15:00:01.791Z,-USD,0000148.68,00000157.0,0000147.99,56670.84864219,0000150.81,773668.47507589
2021-10-21T16:00:02.014Z,-USD,0000150.67,00000157.0,0000146.29,59858.13678276,0000150.43,779842.79980978
2021-10-21T17:00:02.369Z,-USD,0000150.62,00000157.0,0000146.29,59868.23854612,0000151.71,781560.75657525
2021-10-21T18:00:02.593Z,-USD,0000149.92,00000157.0,0000146.29,58359.59054237,00000151.2,783316.31948325
2021-10-21T19:00:02.51Z,-USD,0000150.97,00000157.0,0000146.29,58821.43995142,0000151.05,784837.39325461
2021-10-21T20:00:02.655Z,-USD,0000150.34,00000157.0,0000146.29,58964.73455303,00000153.4,786386.44789346
2021-10-21T21:00:01.929Z,-USD,0000149.32,00000157.0,0000146.29,58153.00819264,0000155.32,787936.62463655
2021-10-21T22:00:02.08Z,-USD,0000149.17,0000158.83,0000146.29,63745.0967749,0000158.12,794791.98894273
2021-10-21T23:00:02.468Z,-USD,0000148.46,0000158.83,0000146.29,65635.13037271,0000158.37,797298.7931162
2021-10-22T00:00:02.626Z,-USD,0000149.89,0000158.83,0000146.29,67557.57324214,0000154.94,800381.30751371
2021-10-22T01:00:09.309Z,-USD,0000150.92,0000162.91,0000146.29,76431.3098513,0000161.51,796356.71575342
2021-10-22T02:00:07.275Z,-USD,0000150.09,0000162.91,0000146.29,77754.9026578,0000159.27,800116.1066742
2021-10-22T03:00:02.234Z,-USD,0000149.23,0000162.91,0000146.29,77279.21500375,0000159.67,801099.64904373
2021-10-22T04:00:01.852Z,-USD,0000149.31,0000162.91,0000146.29,78857.76900528,00000160.6,803899.92339733
2021-10-22T05:00:02.652Z,-USD,00000149.2,0000162.91,0000146.29,80167.14033932,0000160.22,805666.64261718
2021-10-22T06:00:02.402Z,-USD,0000150.96,0000162.91,0000146.29,80536.02378058,0000160.61,807745.91850432
2021-10-22T07:00:02.05Z,-USD,0000149.43,0000162.91,0000146.29,80466.36131088,0000158.78,808388.23130597
2021-10-22T08:00:01.781Z,-USD,0000150.99,0000162.91,0000146.29,79471.75120544,0000160.81,808641.79007741
2021-10-22T09:00:02.57Z,-USD,0000153.47,0000162.91,0000146.29,77357.80684172,0000161.15,809151.37084948
2021-10-22T10:00:02.161Z,-USD,0000154.62,0000162.91,0000146.29,74532.32624971,0000160.47,809819.49508553
2021-10-22T11:00:02.351Z,-USD,0000154.23,0000162.91,0000146.29,72429.22148661,0000161.59,810251.60330655
2021-10-22T12:00:01.743Z,-USD,0000150.92,00000163.2,0000146.29,64992.00364038,00000162.1,812089.97600877
2021-10-22T13:00:02.639Z,-USD,0000153.93,00000163.2,0000146.29,64255.5327677,00000162.0,813368.52317521
2021-10-22T14:00:02.466Z,-USD,0000155.56,00000163.2,0000146.29,63672.45587232,0000159.04,814908.28693993
2021-10-22T15:00:01.819Z,-USD,0000150.54,0000166.71,0000146.29,65449.29038023,0000164.26,824567.91423377
2021-10-22T16:00:01.939Z,-USD,0000150.43,0000166.71,0000150.18,63752.65825867,0000161.93,829177.5613561
2021-10-22T17:00:02.393Z,-USD,0000151.66,0000166.71,0000150.51,65312.25215859,0000161.02,832317.18717149
2021-10-22T18:00:02.025Z,-USD,0000151.45,0000166.71,0000150.51,65166.377839,0000158.48,833936.0837299
2021-10-22T19:00:02.161Z,-USD,0000151.52,0000166.71,0000151.52,65982.1471195,0000160.57,836281.17666266
2021-10-22T20:00:02.173Z,-USD,0000153.95,0000166.71,00000153.5,65595.86993469,0000161.54,837455.47436887
2021-10-22T21:00:02.418Z,-USD,0000155.33,0000166.71,0000154.77,67219.32447571,0000162.63,840653.09659991
2021-10-22T22:00:02.198Z,-USD,0000157.99,0000166.71,0000154.77,63703.67676902,0000164.57,843940.4469294
2021-10-22T23:00:02.568Z,-USD,0000158.29,0000166.71,0000154.77,62367.25033477,0000164.63,845116.42255654
2021-10-23T00:00:02.446Z,-USD,0000154.87,0000166.71,0000154.86,61053.67409846,0000164.13,846879.40405982
2021-10-23T01:00:02.283Z,-USD,0000161.63,0000169.95,0000156.57,57733.79849732,0000169.07,838255.73406502
2021-10-23T02:00:02.096Z,-USD,0000159.19,00000170.0,0000156.57,57657.46334526,0000168.66,841763.77977556
2021-10-23T03:00:02.102Z,-USD,0000159.89,00000170.9,0000156.57,58497.15735236,0000170.72,843584.5592747
2021-10-23T04:00:02.17Z,-USD,0000160.63,0000170.94,0000156.57,58279.5144103,0000170.55,846172.13366624
2021-10-23T05:00:02.322Z,-USD,0000160.59,0000173.69,0000156.57,62623.76562997,0000171.93,852279.27278576
2021-10-23T06:00:02.227Z,-USD,0000160.45,0000174.15,0000156.57,64144.85173763,0000170.86,855911.49277056
2021-10-23T07:00:02.1Z,-USD,0000159.09,0000174.15,0000156.57,64904.06982842,0000171.37,857280.304713
2021-10-23T08:00:01.833Z,-USD,0000160.96,0000174.15,0000156.57,67379.17989839,0000170.12,860016.41670441
2021-10-23T09:00:01.76Z,-USD,0000161.23,0000174.15,0000156.57,68363.75417632,00000170.1,861502.85884441
2021-10-23T10:00:02.585Z,-USD,0000160.56,0000174.15,0000156.57,69783.8909077,0000168.36,863591.32759184
2021-10-23T11:00:01.767Z,-USD,0000161.65,0000174.15,0000156.57,70228.1023487,0000166.25,864474.21693386
2021-10-23T12:00:02.463Z,-USD,0000162.37,0000174.15,0000156.57,70713.79825409,0000168.56,866807.54027147
2021-10-23T13:00:02.387Z,-USD,0000162.14,0000174.15,0000156.57,76464.28086432,00000170.9,873820.55538814
2021-10-23T14:00:02.271Z,-USD,0000158.94,0000174.15,0000156.57,77122.37881391,0000171.47,876022.92026245
2021-10-31T18:00:08.706Z,-USD,0000153.49,0000187.98,0000149.98,105399.5591811,0000177.49,1215352.33908006
2021-10-31T19:00:01.791Z,-USD,0000154.81,0000187.98,0000149.98,107241.18198956,0000179.05,1218696.42710018
2021-10-31T20:00:01.778Z,-USD,0000154.97,0000187.98,0000149.98,113476.57032085,0000171.66,1225652.26406897
2021-10-31T21:00:02.684Z,-USD,0000153.93,0000187.98,0000149.98,114457.70599571,0000171.63,1227067.84998212
2021-10-31T22:00:01.709Z,-USD,0000153.41,0000187.98,0000149.98,114563.06348395,0000170.55,1227956.20363787
2021-10-31T23:00:03.094Z,-USD,0000151.92,0000187.98,0000149.98,107261.02312123,0000169.38,1229304.92382619
2021-11-01T00:00:04.868Z,-USD,0000153.26,0000187.98,00000151.8,87185.75144646,00000167.0,1230193.43022455
2021-11-01T01:00:04.338Z,-USD,0000153.92,0000187.98,0000152.74,86784.38729523,0000170.78,1215150.58747385
2021-11-01T02:00:03.854Z,-USD,0000154.12,0000187.98,0000153.45,87693.69928805,0000167.91,1216749.30418323
2021-11-01T03:00:03.703Z,-USD,0000169.79,0000187.98,0000163.75,79277.25458658,00000165.4,1219629.01798573
2021-11-01T04:00:13.388Z,-USD,0000166.43,0000187.98,0000162.11,76063.61907303,0000162.11,1220244.7985353
2021-11-01T05:00:07.284Z,-USD,0000167.07,0000187.98,0000161.61,72906.69690579,0000166.18,1222448.57538324
2021-11-01T06:00:06.049Z,-USD,0000169.05,0000187.98,0000161.61,71649.24288095,0000165.37,1222697.54656388
2021-11-01T07:00:06.388Z,-USD,0000172.69,0000187.98,0000161.61,70826.43781809,0000166.13,1223028.05969535
2021-11-01T08:00:02.266Z,-USD,0000185.36,0000187.75,0000161.61,63322.05008389,0000168.72,1223499.81712679
2021-11-01T09:00:01.782Z,-USD,0000182.07,0000184.23,0000161.61,59122.71309936,0000167.97,1224307.37240052
2021-11-01T10:00:02.202Z,-USD,0000177.76,0000184.23,0000161.61,57044.60157612,0000167.95,1224793.63372089
2021-11-01T11:00:03.213Z,-USD,0000178.47,0000184.23,0000161.61,56267.53061444,0000167.73,1225179.59329262
2021-11-01T12:00:02.513Z,-USD,0000180.75,0000184.23,0000161.61,53545.77132197,0000167.46,1225873.82654364
2021-11-01T13:00:02.256Z,-USD,0000175.42,0000179.99,0000161.61,51172.60953318,00000170.4,1226912.13735814
2021-11-01T14:00:02.194Z,-USD,0000173.81,0000179.99,0000161.61,51942.10869004,0000172.79,1230745.4163474
2021-11-01T15:00:02.248Z,-USD,0000175.25,0000179.99,0000161.61,48945.28777424,0000171.17,1232584.32105428
2021-11-01T16:00:01.801Z,-USD,0000173.78,0000179.99,0000161.61,51843.3738407,0000171.16,1237247.88488985
2021-11-01T17:00:03.98Z,-USD,0000177.48,0000179.99,0000161.61,42785.11315563,0000168.02,1238823.12250963
2021-11-01T18:00:02.944Z,-USD,0000176.73,0000179.99,0000161.61,44490.1167848,00000166.3,1243416.86278133
2021-11-01T19:00:02.167Z,-USD,0000178.07,0000178.37,0000161.61,42681.52882587,0000166.57,1244962.49429984
2021-11-01T20:00:02.283Z,-USD,0000171.47,0000173.31,0000161.61,36406.03167197,0000168.94,1245649.98379473
2021-11-01T21:00:02.427Z,-USD,0000171.51,0000173.31,0000161.61,35598.65148047,0000167.45,1246244.14047638
2021-11-01T22:00:02.478Z,-USD,0000170.96,0000173.31,0000161.61,35448.76792637,0000168.33,1246972.92850803
2021-11-01T23:00:03.419Z,-USD,0000168.69,0000173.31,0000161.61,35145.56146301,0000169.03,1248026.07725299
2021-11-02T00:00:01.929Z,-USD,0000167.42,0000173.31,0000161.61,35145.0338267,0000169.29,1248961.73694504
2021-11-02T01:00:01.873Z,-USD,0000170.97,0000173.31,0000161.61,37291.01218487,0000171.06,1229405.22011463
2021-11-02T02:00:01.986Z,-USD,00000167.8,0000173.35,0000161.61,39021.08812669,0000172.09,1232772.70756532
2021-11-02T03:00:01.903Z,-USD,0000161.97,0000173.35,0000161.71,36469.29739849,0000170.55,1233803.82126919
2021-11-02T04:00:02.082Z,-USD,0000161.97,0000176.75,0000161.71,41037.82562539,0000175.95,1238372.34949609
2021-11-02T05:01:03.096Z,-USD,0000165.19,0000178.93,0000163.46,41142.49141605,0000178.81,1240780.34087533
2021-11-02T06:00:02.166Z,-USD,0000165.19,00000180.0,0000163.46,43588.14806556,00000180.0,1243225.99752484
2021-11-02T07:00:01.91Z,-USD,0000166.16,0000180.44,0000165.41,44995.86354627,0000178.53,1244964.16295702
2021-11-02T08:00:01.852Z,-USD,0000168.37,0000180.44,0000165.41,45489.3207031,0000177.25,1246034.98191529
2021-11-02T09:00:01.775Z,-USD,0000168.25,0000180.44,0000165.41,45836.51138662,0000177.19,1247084.48058254
2021-11-02T10:00:01.714Z,-USD,0000168.22,0000180.44,0000165.41,46668.4456896,0000177.51,1248406.63350589
2021-11-02T11:00:04.183Z,-USD,00000167.7,0000180.44,0000165.41,46635.18351978,0000176.25,1248762.7003378
2021-11-02T12:00:01.711Z,-USD,0000167.68,0000180.44,0000165.41,48682.4981682,0000172.26,1251500.23203724
2021-11-02T13:00:02.582Z,-USD,0000170.59,0000180.44,0000165.41,51191.60516579,0000171.98,1255326.46441786
2021-11-02T14:00:02.686Z,-USD,0000172.75,0000180.44,0000165.41,48684.38029681,0000173.27,1256371.06184961
2021-11-02T15:00:02.009Z,-USD,0000171.11,0000180.44,0000165.41,51131.97147822,0000172.87,1260931.7568879
2021-11-02T16:00:02.22Z,-USD,0000171.27,0000180.44,0000165.41,49561.20352573,00000173.3,1263754.42000098
2021-11-02T17:00:03.37Z,-USD,0000167.83,0000180.44,0000165.41,49230.17026538,0000173.17,1265002.96461041
2021-11-02T18:00:02.126Z,-USD,0000166.46,0000180.44,0000165.49,45343.79844231,0000172.72,1265720.17885904
2021-11-02T19:00:02.42Z,-USD,00000166.2,0000180.44,0000166.09,44975.44381627,0000172.07,1266882.65370151
2021-11-02T20:00:01.771Z,-USD,0000168.81,0000180.44,0000166.66,45407.79502098,0000172.91,1268000.30219111
2021-11-02T21:00:01.886Z,-USD,0000167.91,0000180.44,0000166.66,46543.88393976,0000172.56,1269728.60756154
2021-11-02T22:00:02.016Z,-USD,0000168.34,0000180.44,0000167.37,47003.46125978,0000172.57,1270929.48303321
2021-11-02T23:00:02.751Z,-USD,0000169.28,0000180.44,0000167.37,46589.05476656,0000171.99,1271567.15022495
2021-11-03T00:00:02.489Z,-USD,0000169.55,0000180.44,0000167.37,46195.33017312,0000171.43,1272279.76711356
2021-11-03T01:00:02.616Z,-USD,0000171.25,0000180.44,0000169.22,44716.861715,0000170.37,1247446.60262738
2021-11-03T02:00:02.352Z,-USD,0000171.84,0000180.44,0000169.22,42372.15888735,00000169.3,1248537.22509042
2021-11-03T03:00:02.521Z,-USD,0000170.29,0000180.44,00000167.4,42552.33378149,0000168.88,1249671.79887843
2021-11-03T04:00:02.703Z,-USD,0000176.13,0000180.44,00000167.4,39290.85919082,0000168.93,1251010.74050466
2021-11-03T05:00:03.72Z,-USD,0000178.47,0000180.44,0000163.78,39257.55901174,0000163.99,1253353.54371482
2021-11-03T06:00:02.825Z,-USD,0000179.99,0000179.99,0000163.64,38687.52180974,0000165.75,1255718.34905719
2021-11-03T07:00:01.666Z,-USD,0000178.93,0000179.95,0000163.64,38178.93113766,0000166.38,1256460.94492243
2021-11-03T08:00:02.667Z,-USD,0000177.59,0000179.95,0000163.64,37416.58415022,0000166.94,1256822.21331326
2021-11-03T09:00:02.682Z,-USD,0000178.66,0000178.79,0000163.64,37944.1574069,0000167.15,1258440.01777719
2021-11-03T10:00:02.489Z,-USD,0000177.46,00000177.7,0000163.64,37065.02790764,0000167.88,1258787.33791128
2021-11-03T11:00:04.508Z,-USD,0000176.41,00000176.6,0000163.64,37466.73011828,0000168.17,1259547.75829847
2021-11-03T12:00:01.942Z,-USD,0000172.24,0000174.53,0000163.64,35929.84070033,0000167.01,1260921.68293532
2021-11-03T13:00:01.863Z,-USD,0000172.02,0000174.53,0000160.02,34359.76169546,0000161.97,1263058.93776107
2021-11-03T14:00:01.998Z,-USD,0000173.24,0000174.53,0000160.02,36473.62812832,0000163.72,1266180.41991568
2021-11-03T15:00:02.207Z,-USD,0000172.74,0000174.53,0000160.02,32687.48977751,0000165.29,1267086.42721316
2021-11-03T16:00:01.68Z,-USD,0000173.76,0000174.53,0000160.02,30953.87158343,0000165.04,1268132.69181216
2021-11-03T17:00:03.277Z,-USD,0000173.16,0000174.53,0000160.02,30573.33451312,0000163.68,1268894.61295128
2021-11-03T18:00:01.882Z,-USD,00000172.6,0000174.53,0000160.02,31660.55541401,0000165.99,1270697.4301408
2021-11-03T19:00:02.278Z,-USD,0000172.33,0000174.53,0000160.02,32659.31779209,0000168.43,1272861.96502135
2021-11-03T20:00:02.568Z,-USD,0000172.75,0000174.53,0000160.02,32573.15640516,0000168.24,1273892.02922402
2021-11-03T21:00:01.933Z,-USD,0000172.31,0000172.89,0000160.02,32469.60186841,0000168.11,1275688.0502377
